motif_id	motif_alt_id	sequence_name	start	stop	strand	score	p-value	q-value	matched_sequence
M323_0.6	NOVA2	hsa_circ_0001812_Extracellular	9334	9346	+	16.3846	1.48e-06	0.497	ACAGAGTCATAGC
M323_0.6	NOVA2	hsa_circ_0001812_Extracellular	9334	9346	+	16.3846	1.48e-06	0.497	ACAGAGTCATAGC
M323_0.6	NOVA2	hsa_circ_0101533_Extracellular	379	391	+	16	1.85e-06	0.497	GAAGAGTCATCAC
M323_0.6	NOVA2	hsa_circ_0101533_Extracellular	379	391	+	16	1.85e-06	0.497	GAAGAGTCATCAC
M323_0.6	NOVA2	hsa_circ_0000658_Extracellular	1352	1364	+	15.8639	2.03e-06	0.497	AAAGAGTCATTGC
M323_0.6	NOVA2	hsa_circ_0000658_Extracellular	1352	1364	+	15.8639	2.03e-06	0.497	AAAGAGTCATTGC
M323_0.6	NOVA2	hsa_circ_0000065_Extracellular	1352	1364	+	15.0414	3.5e-06	0.597	GGGGAGTCATAAT
M323_0.6	NOVA2	hsa_circ_0000065_Extracellular	1352	1364	+	15.0414	3.5e-06	0.597	GGGGAGTCATAAT
M323_0.6	NOVA2	mmu_circ_0000250_Extracellular	2097	2109	+	14.8402	3.83e-06	0.597	GGAGAGTCATTCA
M323_0.6	NOVA2	hsa_circ_0000323_Extracellular	503	515	+	14.5917	4.47e-06	0.597	GGAGAGTCATTGG
M323_0.6	NOVA2	hsa_circ_0000323_Extracellular	503	515	+	14.5917	4.47e-06	0.597	GGAGAGTCATTGG
M323_0.6	NOVA2	hsa_circ_0001387_Extracellular	1538	1550	+	14.5858	5.28e-06	0.597	GGAGAGTCACCCC
M323_0.6	NOVA2	hsa_circ_0001387_Extracellular	1538	1550	+	14.5858	5.28e-06	0.597	GGAGAGTCACCCC
M323_0.6	NOVA2	mmu_circ_0000250_Extracellular	431	443	+	13.6864	1.01e-05	0.791	AGAGAGTCATGGC
M323_0.6	NOVA2	hsa_circ_0003139_Extracellular	64	76	+	13.645	1.04e-05	0.791	ACAGAGACATCCC
M323_0.6	NOVA2	hsa_circ_0003139_Extracellular	64	76	+	13.645	1.04e-05	0.791	ACAGAGACATCCC
M323_0.6	NOVA2	hsa_circ_0102394_Extracellular	16	28	+	13.4438	1.07e-05	0.791	GCAGAGCCATCGC
M323_0.6	NOVA2	hsa_circ_0102394_Extracellular	16	28	+	13.4438	1.07e-05	0.791	GCAGAGCCATCGC
M323_0.6	NOVA2	hsa_circ_0103045_Extracellular	1623	1635	+	13.4438	1.07e-05	0.791	TCAGAGTCATTGC
M323_0.6	NOVA2	hsa_circ_0103045_Extracellular	1623	1635	+	13.4438	1.07e-05	0.791	TCAGAGTCATTGC
M323_0.6	NOVA2	hsa_circ_0005962_Extracellular	393	405	+	13.1716	1.39e-05	0.832	GAAGAGTCATACA
M323_0.6	NOVA2	hsa_circ_0005962_Extracellular	393	405	+	13.1716	1.39e-05	0.832	GAAGAGTCATACA
M071_0.6	SRSF7	hsa_circ_0001380_Extracellular	91	98	+	12.0941	1.53e-05	1	GACGACGG
M071_0.6	SRSF7	hsa_circ_0001380_Extracellular	91	98	+	12.0941	1.53e-05	1	GACGACGG
M071_0.6	SRSF7	hsa_circ_0054229_Extracellular	150	157	+	12.0941	1.53e-05	1	GACGACGG
M071_0.6	SRSF7	hsa_circ_0054229_Extracellular	210	217	+	12.0941	1.53e-05	1	GACGACGG
M323_0.6	NOVA2	hsa_circ_0026102_Extracellular	7145	7157	+	12.9763	1.54e-05	0.832	GCGGAGTCTTACC
M323_0.6	NOVA2	hsa_circ_0026102_Extracellular	1693	1705	+	12.9172	1.7e-05	0.832	GAAGAGTCACCCC
M323_0.6	NOVA2	hsa_circ_0101491_Extracellular	71	83	+	12.7278	1.81e-05	0.832	GCGGATTCATTGC
M323_0.6	NOVA2	hsa_circ_0101491_Extracellular	71	83	+	12.7278	1.81e-05	0.832	GCGGATTCATTGC
M323_0.6	NOVA2	hsa_circ_0069313_Extracellular	795	807	+	12.6686	1.95e-05	0.832	GAACAGTCATTGC
M323_0.6	NOVA2	hsa_circ_0069313_Extracellular	795	807	+	12.6686	1.95e-05	0.832	GAACAGTCATTGC
M323_0.6	NOVA2	hsa_circ_0043110_Extracellular	546	558	+	12.6272	1.98e-05	0.832	AGAGAGGCATTCT
M323_0.6	NOVA2	hsa_circ_0100190_Extracellular	210	222	+	12.4556	2.15e-05	0.832	GAGGAGTCACACC
M323_0.6	NOVA2	hsa_circ_0100190_Extracellular	210	222	+	12.4556	2.15e-05	0.832	GAGGAGTCACACC
M323_0.6	NOVA2	hsa_circ_0026102_Extracellular	1404	1416	+	12.4556	2.15e-05	0.832	GAGGAGTCACCCC
M323_0.6	NOVA2	hsa_circ_0026102_Extracellular	2414	2426	+	12.4556	2.15e-05	0.832	GAGGAGTCACCCC
M323_0.6	NOVA2	hsa_circ_0103735_Extracellular	466	478	+	12.4201	2.34e-05	0.832	GGAGAGTCAAACT
M323_0.6	NOVA2	hsa_circ_0103735_Extracellular	466	478	+	12.4201	2.34e-05	0.832	GGAGAGTCAAACT
M323_0.6	NOVA2	hsa_circ_0000442_Extracellular	780	792	+	12.3077	2.48e-05	0.832	GGAGAGTGATAAC
M323_0.6	NOVA2	hsa_circ_0000443_Extracellular	780	792	+	12.3077	2.48e-05	0.832	GGAGAGTGATAAC
M323_0.6	NOVA2	hsa_circ_0000442_Extracellular	780	792	+	12.3077	2.48e-05	0.832	GGAGAGTGATAAC
M323_0.6	NOVA2	hsa_circ_0000443_Extracellular	780	792	+	12.3077	2.48e-05	0.832	GGAGAGTGATAAC
M323_0.6	NOVA2	hsa_circ_0000443_Extracellular	780	792	+	12.3077	2.48e-05	0.832	GGAGAGTGATAAC
M323_0.6	NOVA2	hsa_circ_0101796_Extracellular	1502	1514	+	12.213	2.52e-05	0.832	TGGGAGTCATTCT
M323_0.6	NOVA2	hsa_circ_0101796_Extracellular	1502	1514	+	12.213	2.52e-05	0.832	TGGGAGTCATTCT
M323_0.6	NOVA2	hsa_circ_0026102_Extracellular	3144	3156	+	12.213	2.52e-05	0.832	GGGGAGCCATCCT
M323_0.6	NOVA2	hsa_circ_0100190_Extracellular	150	162	+	12.2071	2.6e-05	0.832	GAGGAGTCACTGC
M323_0.6	NOVA2	hsa_circ_0100190_Extracellular	150	162	+	12.2071	2.6e-05	0.832	GAGGAGTCACTGC
M323_0.6	NOVA2	hsa_circ_0080220_Extracellular	274	286	+	12.2071	2.6e-05	0.832	GAGGAATCATTGC
M323_0.6	NOVA2	hsa_circ_0091103_Extracellular	1295	1307	+	12.1716	2.77e-05	0.832	GGAGAGTCAGAGT
M323_0.6	NOVA2	hsa_circ_0000246_Extracellular	2630	2642	+	12.1716	2.77e-05	0.832	AGACAGTCATAGC
M323_0.6	NOVA2	hsa_circ_0000246_Extracellular	2630	2642	+	12.1716	2.77e-05	0.832	AGACAGTCATAGC
M071_0.6	SRSF7	hsa_circ_0001451_Extracellular	917	924	+	11.8941	3.05e-05	1	GACGACGA
M071_0.6	SRSF7	hsa_circ_0001451_Extracellular	917	924	+	11.8941	3.05e-05	1	GACGACGA
M323_0.6	NOVA2	hsa_circ_0008450_Extracellular	399	411	+	11.9586	3.07e-05	0.904	AGGGAGTCAGCCC
M323_0.6	NOVA2	hsa_circ_0000323_Extracellular	443	455	+	11.7041	3.42e-05	0.928	GGAGAGTCATGTC
M323_0.6	NOVA2	hsa_circ_0000323_Extracellular	443	455	+	11.7041	3.42e-05	0.928	GGAGAGTCATGTC
M323_0.6	NOVA2	hsa_circ_0100718_Extracellular	578	590	+	11.5266	3.67e-05	0.928	CCAGAGTCATCCT
M323_0.6	NOVA2	hsa_circ_0100718_Extracellular	578	590	+	11.5266	3.67e-05	0.928	CCAGAGTCATCCT
M323_0.6	NOVA2	hsa_circ_0102481_Extracellular	6371	6383	+	11.5266	3.67e-05	0.928	ACAGAGTCATCCA
M323_0.6	NOVA2	hsa_circ_0102481_Extracellular	6371	6383	+	11.5266	3.67e-05	0.928	ACAGAGTCATCCA
M323_0.6	NOVA2	hsa_circ_0001776_Extracellular	154	166	+	11.4142	3.74e-05	0.928	GCAGAGTCATCAA
M323_0.6	NOVA2	hsa_circ_0001776_Extracellular	154	166	+	11.4142	3.74e-05	0.928	GCAGAGTCATCAA
M323_0.6	NOVA2	hsa_circ_0104980_Extracellular	138	150	+	11.3905	3.78e-05	0.928	TGGGAGGCATTCC
M323_0.6	NOVA2	hsa_circ_0104980_Extracellular	138	150	+	11.3905	3.78e-05	0.928	TGGGAGGCATTCC
M323_0.6	NOVA2	mmu_circ_0000905_Extracellular	2272	2284	+	11.3491	3.96e-05	0.956	GGAGAGGTATTGC
M323_0.6	NOVA2	hsa_circ_0026611_Extracellular	1809	1821	+	11.2722	4.15e-05	0.97	GCATAGTCATCCT
M323_0.6	NOVA2	hsa_circ_0026611_Extracellular	1809	1821	+	11.2722	4.15e-05	0.97	GCATAGTCATCCT
M323_0.6	NOVA2	hsa_circ_0102481_Extracellular	4950	4962	+	11.1361	4.5e-05	0.982	GGGGAGACTTTCC
M323_0.6	NOVA2	hsa_circ_0102481_Extracellular	4950	4962	+	11.1361	4.5e-05	0.982	GGGGAGACTTTCC
M071_0.6	SRSF7	hsa_circ_0087783_Extracellular	141	148	+	10.7765	4.58e-05	1	AACGACGG
M071_0.6	SRSF7	hsa_circ_0048677_Extracellular	692	699	+	10.7765	4.58e-05	1	AACGACGG
M323_0.6	NOVA2	hsa_circ_0002474_Extracellular	113	125	+	11.0237	4.7e-05	0.982	GCAGAGTCCTCGT
M323_0.6	NOVA2	hsa_circ_0002474_Extracellular	113	125	+	11.0237	4.7e-05	0.982	GCAGAGTCCTCGT
M323_0.6	NOVA2	hsa_circ_0102762_Extracellular	1454	1466	+	11.0059	4.74e-05	0.982	TAAGAGTCATTCT
M323_0.6	NOVA2	hsa_circ_0102762_Extracellular	1454	1466	+	11.0059	4.74e-05	0.982	TAAGAGTCATTCT
M323_0.6	NOVA2	hsa_circ_0091741_Extracellular	1431	1443	+	10.8876	5.07e-05	0.982	GGGGAGGCAGAGC
M323_0.6	NOVA2	hsa_circ_0103348_Extracellular	493	505	+	10.7515	5.49e-05	0.982	AAAGAATCATACC
M323_0.6	NOVA2	hsa_circ_0103348_Extracellular	493	505	+	10.7515	5.49e-05	0.982	AAAGAATCATACC
M323_0.6	NOVA2	hsa_circ_0000284_Extracellular	829	841	+	10.7515	5.49e-05	0.982	GAAGAATCATCCT
M323_0.6	NOVA2	hsa_circ_0000284_Extracellular	829	841	+	10.7515	5.49e-05	0.982	GAAGAATCATCCT
M323_0.6	NOVA2	hsa_circ_0000284_Extracellular	829	841	+	10.7515	5.49e-05	0.982	GAAGAATCATCCT
M323_0.6	NOVA2	hsa_circ_0000284_Extracellular	829	841	+	10.7515	5.49e-05	0.982	GAAGAATCATCCT
M323_0.6	NOVA2	hsa_circ_0000284_Extracellular	829	841	+	10.7515	5.49e-05	0.982	GAAGAATCATCCT
M323_0.6	NOVA2	hsa_circ_0000284_Extracellular	829	841	+	10.7515	5.49e-05	0.982	GAAGAATCATCCT
M323_0.6	NOVA2	hsa_circ_0000284_Extracellular	829	841	+	10.7515	5.49e-05	0.982	GAAGAATCATCCT
M323_0.6	NOVA2	hsa_circ_0000284_Extracellular	829	841	+	10.7515	5.49e-05	0.982	GAAGAATCATCCT
M323_0.6	NOVA2	hsa_circ_0000284_Extracellular	829	841	+	10.7515	5.49e-05	0.982	GAAGAATCATCCT
M323_0.6	NOVA2	hsa_circ_0100199_Extracellular	313	325	+	10.7101	5.55e-05	0.982	AAAGAGACATTGT
M323_0.6	NOVA2	hsa_circ_0100199_Extracellular	313	325	+	10.7101	5.55e-05	0.982	AAAGAGACATTGT
M323_0.6	NOVA2	hsa_circ_0000322_Extracellular	305	317	+	10.6982	5.67e-05	0.982	AGAGAGACATGGC
M323_0.6	NOVA2	hsa_circ_0000322_Extracellular	305	317	+	10.6982	5.67e-05	0.982	AGAGAGACATGGC
M323_0.6	NOVA2	mmu_circ_0001355_Extracellular	461	473	+	10.5444	5.96e-05	0.998	CAGGAGTCATTCT
M323_0.6	NOVA2	hsa_circ_0000090_Extracellular	3041	3053	+	10.5444	5.96e-05	0.998	CAGGAGTCATTCT
M323_0.6	NOVA2	hsa_circ_0000090_Extracellular	3041	3053	+	10.5444	5.96e-05	0.998	CAGGAGTCATTCT
M209_0.6	(RBM45)_(Mus_musculus)_(RBD_0.94)	hsa_circ_0063476_Extracellular	29	35	+	10.0114	6.1e-05	1	GACGACA
M209_0.6	(RBM45)_(Mus_musculus)_(RBD_0.94)	hsa_circ_0006411_Extracellular	36	42	+	10.0114	6.1e-05	1	GACGACA
M209_0.6	(RBM45)_(Mus_musculus)_(RBD_0.94)	hsa_circ_0006411_Extracellular	36	42	+	10.0114	6.1e-05	1	GACGACA
M209_0.6	(RBM45)_(Mus_musculus)_(RBD_0.94)	hsa_circ_0040929_Extracellular	56	62	+	10.0114	6.1e-05	1	GACGACA
M209_0.6	(RBM45)_(Mus_musculus)_(RBD_0.94)	hsa_circ_0004089_Extracellular	84	90	+	10.0114	6.1e-05	1	GACGACA
M209_0.6	(RBM45)_(Mus_musculus)_(RBD_0.94)	hsa_circ_0004089_Extracellular	84	90	+	10.0114	6.1e-05	1	GACGACA
M209_0.6	(RBM45)_(Mus_musculus)_(RBD_0.94)	hsa_circ_0008285_Extracellular	95	101	+	10.0114	6.1e-05	1	GACGACA
M209_0.6	(RBM45)_(Mus_musculus)_(RBD_0.94)	hsa_circ_0008285_Extracellular	95	101	+	10.0114	6.1e-05	1	GACGACA
M209_0.6	(RBM45)_(Mus_musculus)_(RBD_0.94)	hsa_circ_0008285_Extracellular	95	101	+	10.0114	6.1e-05	1	GACGACA
M209_0.6	(RBM45)_(Mus_musculus)_(RBD_0.94)	mmu_circ_0008061_Extracellular	113	119	+	10.0114	6.1e-05	1	GACGACA
M209_0.6	(RBM45)_(Mus_musculus)_(RBD_0.94)	hsa_circ_0104980_Extracellular	308	314	+	10.0114	6.1e-05	1	GACGACA
M209_0.6	(RBM45)_(Mus_musculus)_(RBD_0.94)	hsa_circ_0104980_Extracellular	308	314	+	10.0114	6.1e-05	1	GACGACA
M209_0.6	(RBM45)_(Mus_musculus)_(RBD_0.94)	hsa_circ_0104791_Extracellular	327	333	+	10.0114	6.1e-05	1	GACGACA
M209_0.6	(RBM45)_(Mus_musculus)_(RBD_0.94)	hsa_circ_0104791_Extracellular	327	333	+	10.0114	6.1e-05	1	GACGACA
M209_0.6	(RBM45)_(Mus_musculus)_(RBD_0.94)	hsa_circ_0104706_Extracellular	341	347	+	10.0114	6.1e-05	1	GACGACA
M209_0.6	(RBM45)_(Mus_musculus)_(RBD_0.94)	hsa_circ_0104706_Extracellular	341	347	+	10.0114	6.1e-05	1	GACGACA
M209_0.6	(RBM45)_(Mus_musculus)_(RBD_0.94)	hsa_circ_0087783_Extracellular	397	403	+	10.0114	6.1e-05	1	GACGACA
M209_0.6	(RBM45)_(Mus_musculus)_(RBD_0.94)	hsa_circ_0091803_Extracellular	1898	1904	+	10.0114	6.1e-05	1	GACGACA
M209_0.6	(RBM45)_(Mus_musculus)_(RBD_0.94)	hsa_circ_0091803_Extracellular	1958	1964	+	10.0114	6.1e-05	1	GACGACA
M209_0.6	(RBM45)_(Mus_musculus)_(RBD_0.94)	hsa_circ_0042003_Extracellular	2639	2645	+	10.0114	6.1e-05	1	GACGACA
M209_0.6	(RBM45)_(Mus_musculus)_(RBD_0.94)	hsa_circ_0070762_Extracellular	2724	2730	+	10.0114	6.1e-05	1	GACGACA
M169_0.6	hnRNPLL	hsa_circ_0003601_Extracellular	2	8	+	11.2	6.1e-05	0.221	ACACACA
M169_0.6	hnRNPLL	hsa_circ_0003601_Extracellular	2	8	+	11.2	6.1e-05	0.221	ACACACA
M169_0.6	hnRNPLL	hsa_circ_0005944_Extracellular	4	10	+	11.2	6.1e-05	0.221	ACACACA
M169_0.6	hnRNPLL	hsa_circ_0005944_Extracellular	4	10	+	11.2	6.1e-05	0.221	ACACACA
M169_0.6	hnRNPLL	hsa_circ_0042882_Extracellular	26	32	+	11.2	6.1e-05	0.221	ACACACA
M169_0.6	hnRNPLL	hsa_circ_0003601_Extracellular	62	68	+	11.2	6.1e-05	0.221	ACACACA
M169_0.6	hnRNPLL	hsa_circ_0003601_Extracellular	62	68	+	11.2	6.1e-05	0.221	ACACACA
M169_0.6	hnRNPLL	hsa_circ_0005944_Extracellular	64	70	+	11.2	6.1e-05	0.221	ACACACA
M169_0.6	hnRNPLL	hsa_circ_0005944_Extracellular	64	70	+	11.2	6.1e-05	0.221	ACACACA
M169_0.6	hnRNPLL	hsa_circ_0000406_Extracellular	89	95	+	11.2	6.1e-05	0.221	ACACACA
M169_0.6	hnRNPLL	hsa_circ_0000406_Extracellular	89	95	+	11.2	6.1e-05	0.221	ACACACA
M169_0.6	hnRNPLL	hsa_circ_0077833_Extracellular	98	104	+	11.2	6.1e-05	0.221	ACACACA
M169_0.6	hnRNPLL	hsa_circ_0077833_Extracellular	98	104	+	11.2	6.1e-05	0.221	ACACACA
M169_0.6	hnRNPLL	hsa_circ_0100720_Extracellular	119	125	+	11.2	6.1e-05	0.221	ACACACA
M169_0.6	hnRNPLL	hsa_circ_0100720_Extracellular	119	125	+	11.2	6.1e-05	0.221	ACACACA
M169_0.6	hnRNPLL	hsa_circ_0125310_Extracellular	129	135	+	11.2	6.1e-05	0.221	ACACACA
M169_0.6	hnRNPLL	hsa_circ_0000782_Extracellular	176	182	+	11.2	6.1e-05	0.221	ACACACA
M169_0.6	hnRNPLL	hsa_circ_0000782_Extracellular	176	182	+	11.2	6.1e-05	0.221	ACACACA
M169_0.6	hnRNPLL	hsa_circ_0003203_Extracellular	198	204	+	11.2	6.1e-05	0.221	ACACACA
M169_0.6	hnRNPLL	hsa_circ_0003203_Extracellular	198	204	+	11.2	6.1e-05	0.221	ACACACA
M169_0.6	hnRNPLL	hsa_circ_0003203_Extracellular	200	206	+	11.2	6.1e-05	0.221	ACACACA
M169_0.6	hnRNPLL	hsa_circ_0003203_Extracellular	200	206	+	11.2	6.1e-05	0.221	ACACACA
M169_0.6	hnRNPLL	hsa_circ_0100836_Extracellular	206	212	+	11.2	6.1e-05	0.221	ACACACA
M169_0.6	hnRNPLL	hsa_circ_0100836_Extracellular	206	212	+	11.2	6.1e-05	0.221	ACACACA
M169_0.6	hnRNPLL	hsa_circ_0005627_Extracellular	219	225	+	11.2	6.1e-05	0.221	ACACACA
M169_0.6	hnRNPLL	hsa_circ_0005627_Extracellular	219	225	+	11.2	6.1e-05	0.221	ACACACA
M169_0.6	hnRNPLL	hsa_circ_0020256_Extracellular	226	232	+	11.2	6.1e-05	0.221	ACACACA
M169_0.6	hnRNPLL	hsa_circ_0104649_Extracellular	236	242	+	11.2	6.1e-05	0.221	ACACACA
M169_0.6	hnRNPLL	hsa_circ_0104649_Extracellular	236	242	+	11.2	6.1e-05	0.221	ACACACA
M169_0.6	hnRNPLL	hsa_circ_0060551_Extracellular	269	275	+	11.2	6.1e-05	0.221	ACACACA
M169_0.6	hnRNPLL	hsa_circ_0060551_Extracellular	269	275	+	11.2	6.1e-05	0.221	ACACACA
M169_0.6	hnRNPLL	hsa_circ_0020256_Extracellular	286	292	+	11.2	6.1e-05	0.221	ACACACA
M169_0.6	hnRNPLL	hsa_circ_0097011_Extracellular	360	366	+	11.2	6.1e-05	0.221	ACACACA
M169_0.6	hnRNPLL	hsa_circ_0005262_Extracellular	369	375	+	11.2	6.1e-05	0.221	ACACACA
M169_0.6	hnRNPLL	hsa_circ_0059639_Extracellular	373	379	+	11.2	6.1e-05	0.221	ACACACA
M169_0.6	hnRNPLL	hsa_circ_0021553_Extracellular	380	386	+	11.2	6.1e-05	0.221	ACACACA
M169_0.6	hnRNPLL	hsa_circ_0000774_Extracellular	390	396	+	11.2	6.1e-05	0.221	ACACACA
M169_0.6	hnRNPLL	hsa_circ_0005262_Extracellular	395	401	+	11.2	6.1e-05	0.221	ACACACA
M169_0.6	hnRNPLL	hsa_circ_0125310_Extracellular	413	419	+	11.2	6.1e-05	0.221	ACACACA
M169_0.6	hnRNPLL	hsa_circ_0059639_Extracellular	433	439	+	11.2	6.1e-05	0.221	ACACACA
M169_0.6	hnRNPLL	hsa_circ_0000053_Extracellular	437	443	+	11.2	6.1e-05	0.221	ACACACA
M169_0.6	hnRNPLL	hsa_circ_0000053_Extracellular	437	443	+	11.2	6.1e-05	0.221	ACACACA
M169_0.6	hnRNPLL	hsa_circ_0100422_Extracellular	465	471	+	11.2	6.1e-05	0.221	ACACACA
M169_0.6	hnRNPLL	hsa_circ_0100422_Extracellular	465	471	+	11.2	6.1e-05	0.221	ACACACA
M169_0.6	hnRNPLL	hsa_circ_0000782_Extracellular	478	484	+	11.2	6.1e-05	0.221	ACACACA
M169_0.6	hnRNPLL	hsa_circ_0000782_Extracellular	478	484	+	11.2	6.1e-05	0.221	ACACACA
M169_0.6	hnRNPLL	hsa_circ_0004623_Extracellular	488	494	+	11.2	6.1e-05	0.221	ACACACA
M169_0.6	hnRNPLL	hsa_circ_0006913_Extracellular	514	520	+	11.2	6.1e-05	0.221	ACACACA
M169_0.6	hnRNPLL	hsa_circ_0004623_Extracellular	541	547	+	11.2	6.1e-05	0.221	ACACACA
M169_0.6	hnRNPLL	hsa_circ_0104700_Extracellular	562	568	+	11.2	6.1e-05	0.221	ACACACA
M169_0.6	hnRNPLL	hsa_circ_0104700_Extracellular	562	568	+	11.2	6.1e-05	0.221	ACACACA
M169_0.6	hnRNPLL	hsa_circ_0006913_Extracellular	574	580	+	11.2	6.1e-05	0.221	ACACACA
M169_0.6	hnRNPLL	hsa_circ_0104534_Extracellular	584	590	+	11.2	6.1e-05	0.221	ACACACA
M169_0.6	hnRNPLL	hsa_circ_0104534_Extracellular	584	590	+	11.2	6.1e-05	0.221	ACACACA
M169_0.6	hnRNPLL	hsa_circ_0116061_Extracellular	736	742	+	11.2	6.1e-05	0.221	ACACACA
M169_0.6	hnRNPLL	hsa_circ_0116061_Extracellular	796	802	+	11.2	6.1e-05	0.221	ACACACA
M169_0.6	hnRNPLL	hsa_circ_0061395_Extracellular	900	906	+	11.2	6.1e-05	0.221	ACACACA
M169_0.6	hnRNPLL	hsa_circ_0103491_Extracellular	907	913	+	11.2	6.1e-05	0.221	ACACACA
M169_0.6	hnRNPLL	hsa_circ_0103491_Extracellular	907	913	+	11.2	6.1e-05	0.221	ACACACA
M169_0.6	hnRNPLL	hsa_circ_0004062_Extracellular	910	916	+	11.2	6.1e-05	0.221	ACACACA
M169_0.6	hnRNPLL	hsa_circ_0004062_Extracellular	910	916	+	11.2	6.1e-05	0.221	ACACACA
M169_0.6	hnRNPLL	hsa_circ_0004062_Extracellular	912	918	+	11.2	6.1e-05	0.221	ACACACA
M169_0.6	hnRNPLL	hsa_circ_0004062_Extracellular	912	918	+	11.2	6.1e-05	0.221	ACACACA
M169_0.6	hnRNPLL	hsa_circ_0103670_Extracellular	961	967	+	11.2	6.1e-05	0.221	ACACACA
M169_0.6	hnRNPLL	hsa_circ_0103670_Extracellular	961	967	+	11.2	6.1e-05	0.221	ACACACA
M169_0.6	hnRNPLL	hsa_circ_0103670_Extracellular	979	985	+	11.2	6.1e-05	0.221	ACACACA
M169_0.6	hnRNPLL	hsa_circ_0103670_Extracellular	979	985	+	11.2	6.1e-05	0.221	ACACACA
M169_0.6	hnRNPLL	hsa_circ_0103881_Extracellular	999	1005	+	11.2	6.1e-05	0.221	ACACACA
M169_0.6	hnRNPLL	hsa_circ_0103881_Extracellular	999	1005	+	11.2	6.1e-05	0.221	ACACACA
M169_0.6	hnRNPLL	hsa_circ_0048121_Extracellular	1166	1172	+	11.2	6.1e-05	0.221	ACACACA
M169_0.6	hnRNPLL	hsa_circ_0048977_Extracellular	1180	1186	+	11.2	6.1e-05	0.221	ACACACA
M169_0.6	hnRNPLL	hsa_circ_0102101_Extracellular	1201	1207	+	11.2	6.1e-05	0.221	ACACACA
M169_0.6	hnRNPLL	hsa_circ_0102101_Extracellular	1201	1207	+	11.2	6.1e-05	0.221	ACACACA
M169_0.6	hnRNPLL	hsa_circ_0051239_Extracellular	1263	1269	+	11.2	6.1e-05	0.221	ACACACA
M169_0.6	hnRNPLL	hsa_circ_0051239_Extracellular	1263	1269	+	11.2	6.1e-05	0.221	ACACACA
M169_0.6	hnRNPLL	hsa_circ_0051239_Extracellular	1265	1271	+	11.2	6.1e-05	0.221	ACACACA
M169_0.6	hnRNPLL	hsa_circ_0051239_Extracellular	1265	1271	+	11.2	6.1e-05	0.221	ACACACA
M169_0.6	hnRNPLL	hsa_circ_0051239_Extracellular	1267	1273	+	11.2	6.1e-05	0.221	ACACACA
M169_0.6	hnRNPLL	hsa_circ_0051239_Extracellular	1267	1273	+	11.2	6.1e-05	0.221	ACACACA
M169_0.6	hnRNPLL	hsa_circ_0051239_Extracellular	1293	1299	+	11.2	6.1e-05	0.221	ACACACA
M169_0.6	hnRNPLL	hsa_circ_0051239_Extracellular	1293	1299	+	11.2	6.1e-05	0.221	ACACACA
M169_0.6	hnRNPLL	hsa_circ_0051239_Extracellular	1295	1301	+	11.2	6.1e-05	0.221	ACACACA
M169_0.6	hnRNPLL	hsa_circ_0051239_Extracellular	1295	1301	+	11.2	6.1e-05	0.221	ACACACA
M169_0.6	hnRNPLL	hsa_circ_0051239_Extracellular	1324	1330	+	11.2	6.1e-05	0.221	ACACACA
M169_0.6	hnRNPLL	hsa_circ_0051239_Extracellular	1324	1330	+	11.2	6.1e-05	0.221	ACACACA
M169_0.6	hnRNPLL	hsa_circ_0000726_Extracellular	1360	1366	+	11.2	6.1e-05	0.221	ACACACA
M169_0.6	hnRNPLL	hsa_circ_0000726_Extracellular	1360	1366	+	11.2	6.1e-05	0.221	ACACACA
M169_0.6	hnRNPLL	hsa_circ_0051239_Extracellular	1370	1376	+	11.2	6.1e-05	0.221	ACACACA
M169_0.6	hnRNPLL	hsa_circ_0051239_Extracellular	1370	1376	+	11.2	6.1e-05	0.221	ACACACA
M169_0.6	hnRNPLL	hsa_circ_0051239_Extracellular	1389	1395	+	11.2	6.1e-05	0.221	ACACACA
M169_0.6	hnRNPLL	hsa_circ_0051239_Extracellular	1389	1395	+	11.2	6.1e-05	0.221	ACACACA
M169_0.6	hnRNPLL	hsa_circ_0051239_Extracellular	1391	1397	+	11.2	6.1e-05	0.221	ACACACA
M169_0.6	hnRNPLL	hsa_circ_0051239_Extracellular	1391	1397	+	11.2	6.1e-05	0.221	ACACACA
M169_0.6	hnRNPLL	hsa_circ_0051239_Extracellular	1393	1399	+	11.2	6.1e-05	0.221	ACACACA
M169_0.6	hnRNPLL	hsa_circ_0051239_Extracellular	1393	1399	+	11.2	6.1e-05	0.221	ACACACA
M169_0.6	hnRNPLL	hsa_circ_0051239_Extracellular	1395	1401	+	11.2	6.1e-05	0.221	ACACACA
M169_0.6	hnRNPLL	hsa_circ_0051239_Extracellular	1395	1401	+	11.2	6.1e-05	0.221	ACACACA
M169_0.6	hnRNPLL	hsa_circ_0051239_Extracellular	1397	1403	+	11.2	6.1e-05	0.221	ACACACA
M169_0.6	hnRNPLL	hsa_circ_0051239_Extracellular	1397	1403	+	11.2	6.1e-05	0.221	ACACACA
M169_0.6	hnRNPLL	hsa_circ_0051239_Extracellular	1399	1405	+	11.2	6.1e-05	0.221	ACACACA
M169_0.6	hnRNPLL	hsa_circ_0051239_Extracellular	1399	1405	+	11.2	6.1e-05	0.221	ACACACA
M169_0.6	hnRNPLL	hsa_circ_0051239_Extracellular	1401	1407	+	11.2	6.1e-05	0.221	ACACACA
M169_0.6	hnRNPLL	hsa_circ_0051239_Extracellular	1401	1407	+	11.2	6.1e-05	0.221	ACACACA
M169_0.6	hnRNPLL	hsa_circ_0051239_Extracellular	1403	1409	+	11.2	6.1e-05	0.221	ACACACA
M169_0.6	hnRNPLL	hsa_circ_0051239_Extracellular	1403	1409	+	11.2	6.1e-05	0.221	ACACACA
M169_0.6	hnRNPLL	hsa_circ_0051239_Extracellular	1405	1411	+	11.2	6.1e-05	0.221	ACACACA
M169_0.6	hnRNPLL	hsa_circ_0051239_Extracellular	1405	1411	+	11.2	6.1e-05	0.221	ACACACA
M169_0.6	hnRNPLL	hsa_circ_0051239_Extracellular	1407	1413	+	11.2	6.1e-05	0.221	ACACACA
M169_0.6	hnRNPLL	hsa_circ_0051239_Extracellular	1407	1413	+	11.2	6.1e-05	0.221	ACACACA
M169_0.6	hnRNPLL	hsa_circ_0051239_Extracellular	1409	1415	+	11.2	6.1e-05	0.221	ACACACA
M169_0.6	hnRNPLL	hsa_circ_0051239_Extracellular	1409	1415	+	11.2	6.1e-05	0.221	ACACACA
M169_0.6	hnRNPLL	hsa_circ_0000726_Extracellular	1414	1420	+	11.2	6.1e-05	0.221	ACACACA
M169_0.6	hnRNPLL	hsa_circ_0000726_Extracellular	1414	1420	+	11.2	6.1e-05	0.221	ACACACA
M169_0.6	hnRNPLL	hsa_circ_0104168_Extracellular	1420	1426	+	11.2	6.1e-05	0.221	ACACACA
M169_0.6	hnRNPLL	hsa_circ_0104168_Extracellular	1420	1426	+	11.2	6.1e-05	0.221	ACACACA
M169_0.6	hnRNPLL	hsa_circ_0049499_Extracellular	1424	1430	+	11.2	6.1e-05	0.221	ACACACA
M169_0.6	hnRNPLL	hsa_circ_0051239_Extracellular	1439	1445	+	11.2	6.1e-05	0.221	ACACACA
M169_0.6	hnRNPLL	hsa_circ_0051239_Extracellular	1439	1445	+	11.2	6.1e-05	0.221	ACACACA
M169_0.6	hnRNPLL	hsa_circ_0051239_Extracellular	1449	1455	+	11.2	6.1e-05	0.221	ACACACA
M169_0.6	hnRNPLL	hsa_circ_0051239_Extracellular	1449	1455	+	11.2	6.1e-05	0.221	ACACACA
M169_0.6	hnRNPLL	hsa_circ_0051239_Extracellular	1451	1457	+	11.2	6.1e-05	0.221	ACACACA
M169_0.6	hnRNPLL	hsa_circ_0051239_Extracellular	1451	1457	+	11.2	6.1e-05	0.221	ACACACA
M169_0.6	hnRNPLL	hsa_circ_0051239_Extracellular	1453	1459	+	11.2	6.1e-05	0.221	ACACACA
M169_0.6	hnRNPLL	hsa_circ_0051239_Extracellular	1453	1459	+	11.2	6.1e-05	0.221	ACACACA
M169_0.6	hnRNPLL	hsa_circ_0051239_Extracellular	1483	1489	+	11.2	6.1e-05	0.221	ACACACA
M169_0.6	hnRNPLL	hsa_circ_0051239_Extracellular	1483	1489	+	11.2	6.1e-05	0.221	ACACACA
M169_0.6	hnRNPLL	hsa_circ_0051239_Extracellular	1485	1491	+	11.2	6.1e-05	0.221	ACACACA
M169_0.6	hnRNPLL	hsa_circ_0051239_Extracellular	1485	1491	+	11.2	6.1e-05	0.221	ACACACA
M169_0.6	hnRNPLL	hsa_circ_0051239_Extracellular	1487	1493	+	11.2	6.1e-05	0.221	ACACACA
M169_0.6	hnRNPLL	hsa_circ_0051239_Extracellular	1487	1493	+	11.2	6.1e-05	0.221	ACACACA
M169_0.6	hnRNPLL	hsa_circ_0051239_Extracellular	1489	1495	+	11.2	6.1e-05	0.221	ACACACA
M169_0.6	hnRNPLL	hsa_circ_0051239_Extracellular	1489	1495	+	11.2	6.1e-05	0.221	ACACACA
M169_0.6	hnRNPLL	hsa_circ_0051239_Extracellular	1491	1497	+	11.2	6.1e-05	0.221	ACACACA
M169_0.6	hnRNPLL	hsa_circ_0051239_Extracellular	1491	1497	+	11.2	6.1e-05	0.221	ACACACA
M169_0.6	hnRNPLL	hsa_circ_0051239_Extracellular	1493	1499	+	11.2	6.1e-05	0.221	ACACACA
M169_0.6	hnRNPLL	hsa_circ_0051239_Extracellular	1493	1499	+	11.2	6.1e-05	0.221	ACACACA
M169_0.6	hnRNPLL	hsa_circ_0051239_Extracellular	1495	1501	+	11.2	6.1e-05	0.221	ACACACA
M169_0.6	hnRNPLL	hsa_circ_0051239_Extracellular	1495	1501	+	11.2	6.1e-05	0.221	ACACACA
M169_0.6	hnRNPLL	hsa_circ_0051239_Extracellular	1497	1503	+	11.2	6.1e-05	0.221	ACACACA
M169_0.6	hnRNPLL	hsa_circ_0051239_Extracellular	1497	1503	+	11.2	6.1e-05	0.221	ACACACA
M169_0.6	hnRNPLL	hsa_circ_0051239_Extracellular	1499	1505	+	11.2	6.1e-05	0.221	ACACACA
M169_0.6	hnRNPLL	hsa_circ_0051239_Extracellular	1499	1505	+	11.2	6.1e-05	0.221	ACACACA
M169_0.6	hnRNPLL	hsa_circ_0051239_Extracellular	1549	1555	+	11.2	6.1e-05	0.221	ACACACA
M169_0.6	hnRNPLL	hsa_circ_0051239_Extracellular	1549	1555	+	11.2	6.1e-05	0.221	ACACACA
M169_0.6	hnRNPLL	hsa_circ_0051239_Extracellular	1551	1557	+	11.2	6.1e-05	0.221	ACACACA
M169_0.6	hnRNPLL	hsa_circ_0051239_Extracellular	1551	1557	+	11.2	6.1e-05	0.221	ACACACA
M169_0.6	hnRNPLL	hsa_circ_0051239_Extracellular	1553	1559	+	11.2	6.1e-05	0.221	ACACACA
M169_0.6	hnRNPLL	hsa_circ_0051239_Extracellular	1553	1559	+	11.2	6.1e-05	0.221	ACACACA
M169_0.6	hnRNPLL	hsa_circ_0051239_Extracellular	1555	1561	+	11.2	6.1e-05	0.221	ACACACA
M169_0.6	hnRNPLL	hsa_circ_0051239_Extracellular	1555	1561	+	11.2	6.1e-05	0.221	ACACACA
M169_0.6	hnRNPLL	hsa_circ_0051239_Extracellular	1557	1563	+	11.2	6.1e-05	0.221	ACACACA
M169_0.6	hnRNPLL	hsa_circ_0051239_Extracellular	1557	1563	+	11.2	6.1e-05	0.221	ACACACA
M169_0.6	hnRNPLL	hsa_circ_0051239_Extracellular	1559	1565	+	11.2	6.1e-05	0.221	ACACACA
M169_0.6	hnRNPLL	hsa_circ_0051239_Extracellular	1559	1565	+	11.2	6.1e-05	0.221	ACACACA
M169_0.6	hnRNPLL	hsa_circ_0051239_Extracellular	1561	1567	+	11.2	6.1e-05	0.221	ACACACA
M169_0.6	hnRNPLL	hsa_circ_0051239_Extracellular	1561	1567	+	11.2	6.1e-05	0.221	ACACACA
M169_0.6	hnRNPLL	hsa_circ_0051239_Extracellular	1563	1569	+	11.2	6.1e-05	0.221	ACACACA
M169_0.6	hnRNPLL	hsa_circ_0051239_Extracellular	1563	1569	+	11.2	6.1e-05	0.221	ACACACA
M169_0.6	hnRNPLL	hsa_circ_0051239_Extracellular	1565	1571	+	11.2	6.1e-05	0.221	ACACACA
M169_0.6	hnRNPLL	hsa_circ_0051239_Extracellular	1565	1571	+	11.2	6.1e-05	0.221	ACACACA
M169_0.6	hnRNPLL	hsa_circ_0002702_Extracellular	1602	1608	+	11.2	6.1e-05	0.221	ACACACA
M169_0.6	hnRNPLL	hsa_circ_0002702_Extracellular	1602	1608	+	11.2	6.1e-05	0.221	ACACACA
M169_0.6	hnRNPLL	hsa_circ_0051239_Extracellular	1608	1614	+	11.2	6.1e-05	0.221	ACACACA
M169_0.6	hnRNPLL	hsa_circ_0051239_Extracellular	1608	1614	+	11.2	6.1e-05	0.221	ACACACA
M169_0.6	hnRNPLL	hsa_circ_0051239_Extracellular	1610	1616	+	11.2	6.1e-05	0.221	ACACACA
M169_0.6	hnRNPLL	hsa_circ_0051239_Extracellular	1610	1616	+	11.2	6.1e-05	0.221	ACACACA
M169_0.6	hnRNPLL	hsa_circ_0051239_Extracellular	1612	1618	+	11.2	6.1e-05	0.221	ACACACA
M169_0.6	hnRNPLL	hsa_circ_0051239_Extracellular	1612	1618	+	11.2	6.1e-05	0.221	ACACACA
M169_0.6	hnRNPLL	hsa_circ_0051239_Extracellular	1614	1620	+	11.2	6.1e-05	0.221	ACACACA
M169_0.6	hnRNPLL	hsa_circ_0051239_Extracellular	1614	1620	+	11.2	6.1e-05	0.221	ACACACA
M169_0.6	hnRNPLL	hsa_circ_0051239_Extracellular	1651	1657	+	11.2	6.1e-05	0.221	ACACACA
M169_0.6	hnRNPLL	hsa_circ_0051239_Extracellular	1651	1657	+	11.2	6.1e-05	0.221	ACACACA
M169_0.6	hnRNPLL	hsa_circ_0051239_Extracellular	1653	1659	+	11.2	6.1e-05	0.221	ACACACA
M169_0.6	hnRNPLL	hsa_circ_0051239_Extracellular	1653	1659	+	11.2	6.1e-05	0.221	ACACACA
M169_0.6	hnRNPLL	hsa_circ_0051239_Extracellular	1655	1661	+	11.2	6.1e-05	0.221	ACACACA
M169_0.6	hnRNPLL	hsa_circ_0051239_Extracellular	1655	1661	+	11.2	6.1e-05	0.221	ACACACA
M169_0.6	hnRNPLL	hsa_circ_0051239_Extracellular	1657	1663	+	11.2	6.1e-05	0.221	ACACACA
M169_0.6	hnRNPLL	hsa_circ_0051239_Extracellular	1657	1663	+	11.2	6.1e-05	0.221	ACACACA
M169_0.6	hnRNPLL	hsa_circ_0051239_Extracellular	1659	1665	+	11.2	6.1e-05	0.221	ACACACA
M169_0.6	hnRNPLL	hsa_circ_0051239_Extracellular	1659	1665	+	11.2	6.1e-05	0.221	ACACACA
M169_0.6	hnRNPLL	hsa_circ_0051239_Extracellular	1668	1674	+	11.2	6.1e-05	0.221	ACACACA
M169_0.6	hnRNPLL	hsa_circ_0051239_Extracellular	1668	1674	+	11.2	6.1e-05	0.221	ACACACA
M169_0.6	hnRNPLL	hsa_circ_0051239_Extracellular	1670	1676	+	11.2	6.1e-05	0.221	ACACACA
M169_0.6	hnRNPLL	hsa_circ_0051239_Extracellular	1670	1676	+	11.2	6.1e-05	0.221	ACACACA
M169_0.6	hnRNPLL	hsa_circ_0051239_Extracellular	1672	1678	+	11.2	6.1e-05	0.221	ACACACA
M169_0.6	hnRNPLL	hsa_circ_0051239_Extracellular	1672	1678	+	11.2	6.1e-05	0.221	ACACACA
M169_0.6	hnRNPLL	hsa_circ_0051239_Extracellular	1674	1680	+	11.2	6.1e-05	0.221	ACACACA
M169_0.6	hnRNPLL	hsa_circ_0051239_Extracellular	1674	1680	+	11.2	6.1e-05	0.221	ACACACA
M169_0.6	hnRNPLL	hsa_circ_0051239_Extracellular	1676	1682	+	11.2	6.1e-05	0.221	ACACACA
M169_0.6	hnRNPLL	hsa_circ_0051239_Extracellular	1676	1682	+	11.2	6.1e-05	0.221	ACACACA
M169_0.6	hnRNPLL	hsa_circ_0091803_Extracellular	1678	1684	+	11.2	6.1e-05	0.221	ACACACA
M169_0.6	hnRNPLL	hsa_circ_0051239_Extracellular	1710	1716	+	11.2	6.1e-05	0.221	ACACACA
M169_0.6	hnRNPLL	hsa_circ_0051239_Extracellular	1710	1716	+	11.2	6.1e-05	0.221	ACACACA
M169_0.6	hnRNPLL	hsa_circ_0051239_Extracellular	1712	1718	+	11.2	6.1e-05	0.221	ACACACA
M169_0.6	hnRNPLL	hsa_circ_0051239_Extracellular	1712	1718	+	11.2	6.1e-05	0.221	ACACACA
M169_0.6	hnRNPLL	hsa_circ_0051239_Extracellular	1762	1768	+	11.2	6.1e-05	0.221	ACACACA
M169_0.6	hnRNPLL	hsa_circ_0051239_Extracellular	1762	1768	+	11.2	6.1e-05	0.221	ACACACA
M169_0.6	hnRNPLL	hsa_circ_0051239_Extracellular	1764	1770	+	11.2	6.1e-05	0.221	ACACACA
M169_0.6	hnRNPLL	hsa_circ_0051239_Extracellular	1764	1770	+	11.2	6.1e-05	0.221	ACACACA
M169_0.6	hnRNPLL	hsa_circ_0051239_Extracellular	1766	1772	+	11.2	6.1e-05	0.221	ACACACA
M169_0.6	hnRNPLL	hsa_circ_0051239_Extracellular	1766	1772	+	11.2	6.1e-05	0.221	ACACACA
M169_0.6	hnRNPLL	hsa_circ_0051239_Extracellular	1768	1774	+	11.2	6.1e-05	0.221	ACACACA
M169_0.6	hnRNPLL	hsa_circ_0051239_Extracellular	1768	1774	+	11.2	6.1e-05	0.221	ACACACA
M169_0.6	hnRNPLL	hsa_circ_0034173_Extracellular	1804	1810	+	11.2	6.1e-05	0.221	ACACACA
M169_0.6	hnRNPLL	hsa_circ_0000065_Extracellular	1853	1859	+	11.2	6.1e-05	0.221	ACACACA
M169_0.6	hnRNPLL	hsa_circ_0000065_Extracellular	1853	1859	+	11.2	6.1e-05	0.221	ACACACA
M169_0.6	hnRNPLL	hsa_circ_0091741_Extracellular	1859	1865	+	11.2	6.1e-05	0.221	ACACACA
M169_0.6	hnRNPLL	hsa_circ_0104808_Extracellular	1860	1866	+	11.2	6.1e-05	0.221	ACACACA
M169_0.6	hnRNPLL	hsa_circ_0104808_Extracellular	1860	1866	+	11.2	6.1e-05	0.221	ACACACA
M169_0.6	hnRNPLL	hsa_circ_0104808_Extracellular	1862	1868	+	11.2	6.1e-05	0.221	ACACACA
M169_0.6	hnRNPLL	hsa_circ_0104808_Extracellular	1862	1868	+	11.2	6.1e-05	0.221	ACACACA
M169_0.6	hnRNPLL	hsa_circ_0104808_Extracellular	1864	1870	+	11.2	6.1e-05	0.221	ACACACA
M169_0.6	hnRNPLL	hsa_circ_0104808_Extracellular	1864	1870	+	11.2	6.1e-05	0.221	ACACACA
M169_0.6	hnRNPLL	hsa_circ_0104808_Extracellular	1866	1872	+	11.2	6.1e-05	0.221	ACACACA
M169_0.6	hnRNPLL	hsa_circ_0104808_Extracellular	1866	1872	+	11.2	6.1e-05	0.221	ACACACA
M169_0.6	hnRNPLL	hsa_circ_0088152_Extracellular	1998	2004	+	11.2	6.1e-05	0.221	ACACACA
M169_0.6	hnRNPLL	hsa_circ_0000322_Extracellular	1998	2004	+	11.2	6.1e-05	0.221	ACACACA
M169_0.6	hnRNPLL	hsa_circ_0000322_Extracellular	1998	2004	+	11.2	6.1e-05	0.221	ACACACA
M169_0.6	hnRNPLL	hsa_circ_0088152_Extracellular	2000	2006	+	11.2	6.1e-05	0.221	ACACACA
M169_0.6	hnRNPLL	hsa_circ_0085428_Extracellular	2050	2056	+	11.2	6.1e-05	0.221	ACACACA
M169_0.6	hnRNPLL	hsa_circ_0085428_Extracellular	2110	2116	+	11.2	6.1e-05	0.221	ACACACA
M169_0.6	hnRNPLL	hsa_circ_0000322_Extracellular	2158	2164	+	11.2	6.1e-05	0.221	ACACACA
M169_0.6	hnRNPLL	hsa_circ_0000322_Extracellular	2158	2164	+	11.2	6.1e-05	0.221	ACACACA
M169_0.6	hnRNPLL	hsa_circ_0104980_Extracellular	2198	2204	+	11.2	6.1e-05	0.221	ACACACA
M169_0.6	hnRNPLL	hsa_circ_0104980_Extracellular	2198	2204	+	11.2	6.1e-05	0.221	ACACACA
M169_0.6	hnRNPLL	hsa_circ_0104980_Extracellular	2206	2212	+	11.2	6.1e-05	0.221	ACACACA
M169_0.6	hnRNPLL	hsa_circ_0104980_Extracellular	2206	2212	+	11.2	6.1e-05	0.221	ACACACA
M169_0.6	hnRNPLL	mmu_circ_0000713_Extracellular	2228	2234	+	11.2	6.1e-05	0.221	ACACACA
M169_0.6	hnRNPLL	hsa_circ_0049499_Extracellular	2683	2689	+	11.2	6.1e-05	0.221	ACACACA
M169_0.6	hnRNPLL	hsa_circ_0104808_Extracellular	2883	2889	+	11.2	6.1e-05	0.221	ACACACA
M169_0.6	hnRNPLL	hsa_circ_0104808_Extracellular	2883	2889	+	11.2	6.1e-05	0.221	ACACACA
M169_0.6	hnRNPLL	hsa_circ_0103491_Extracellular	3079	3085	+	11.2	6.1e-05	0.221	ACACACA
M169_0.6	hnRNPLL	hsa_circ_0103491_Extracellular	3079	3085	+	11.2	6.1e-05	0.221	ACACACA
M169_0.6	hnRNPLL	hsa_circ_0000973_Extracellular	3299	3305	+	11.2	6.1e-05	0.221	ACACACA
M169_0.6	hnRNPLL	hsa_circ_0000973_Extracellular	3299	3305	+	11.2	6.1e-05	0.221	ACACACA
M169_0.6	hnRNPLL	hsa_circ_0000973_Extracellular	3301	3307	+	11.2	6.1e-05	0.221	ACACACA
M169_0.6	hnRNPLL	hsa_circ_0000973_Extracellular	3301	3307	+	11.2	6.1e-05	0.221	ACACACA
M169_0.6	hnRNPLL	hsa_circ_0000973_Extracellular	3303	3309	+	11.2	6.1e-05	0.221	ACACACA
M169_0.6	hnRNPLL	hsa_circ_0000973_Extracellular	3303	3309	+	11.2	6.1e-05	0.221	ACACACA
M169_0.6	hnRNPLL	hsa_circ_0000973_Extracellular	3305	3311	+	11.2	6.1e-05	0.221	ACACACA
M169_0.6	hnRNPLL	hsa_circ_0000973_Extracellular	3305	3311	+	11.2	6.1e-05	0.221	ACACACA
M169_0.6	hnRNPLL	hsa_circ_0000065_Extracellular	3432	3438	+	11.2	6.1e-05	0.221	ACACACA
M169_0.6	hnRNPLL	hsa_circ_0000065_Extracellular	3432	3438	+	11.2	6.1e-05	0.221	ACACACA
M169_0.6	hnRNPLL	hsa_circ_0000065_Extracellular	3434	3440	+	11.2	6.1e-05	0.221	ACACACA
M169_0.6	hnRNPLL	hsa_circ_0000065_Extracellular	3434	3440	+	11.2	6.1e-05	0.221	ACACACA
M169_0.6	hnRNPLL	hsa_circ_0000065_Extracellular	3436	3442	+	11.2	6.1e-05	0.221	ACACACA
M169_0.6	hnRNPLL	hsa_circ_0000065_Extracellular	3436	3442	+	11.2	6.1e-05	0.221	ACACACA
M169_0.6	hnRNPLL	hsa_circ_0000065_Extracellular	3438	3444	+	11.2	6.1e-05	0.221	ACACACA
M169_0.6	hnRNPLL	hsa_circ_0000065_Extracellular	3438	3444	+	11.2	6.1e-05	0.221	ACACACA
M169_0.6	hnRNPLL	hsa_circ_0000065_Extracellular	3440	3446	+	11.2	6.1e-05	0.221	ACACACA
M169_0.6	hnRNPLL	hsa_circ_0000065_Extracellular	3440	3446	+	11.2	6.1e-05	0.221	ACACACA
M169_0.6	hnRNPLL	hsa_circ_0000065_Extracellular	3442	3448	+	11.2	6.1e-05	0.221	ACACACA
M169_0.6	hnRNPLL	hsa_circ_0000065_Extracellular	3442	3448	+	11.2	6.1e-05	0.221	ACACACA
M169_0.6	hnRNPLL	hsa_circ_0000065_Extracellular	3444	3450	+	11.2	6.1e-05	0.221	ACACACA
M169_0.6	hnRNPLL	hsa_circ_0000065_Extracellular	3444	3450	+	11.2	6.1e-05	0.221	ACACACA
M169_0.6	hnRNPLL	hsa_circ_0104980_Extracellular	3457	3463	+	11.2	6.1e-05	0.221	ACACACA
M169_0.6	hnRNPLL	hsa_circ_0104980_Extracellular	3457	3463	+	11.2	6.1e-05	0.221	ACACACA
M169_0.6	hnRNPLL	hsa_circ_0000065_Extracellular	3460	3466	+	11.2	6.1e-05	0.221	ACACACA
M169_0.6	hnRNPLL	hsa_circ_0000065_Extracellular	3460	3466	+	11.2	6.1e-05	0.221	ACACACA
M169_0.6	hnRNPLL	hsa_circ_0000065_Extracellular	3472	3478	+	11.2	6.1e-05	0.221	ACACACA
M169_0.6	hnRNPLL	hsa_circ_0000065_Extracellular	3472	3478	+	11.2	6.1e-05	0.221	ACACACA
M169_0.6	hnRNPLL	hsa_circ_0000065_Extracellular	3474	3480	+	11.2	6.1e-05	0.221	ACACACA
M169_0.6	hnRNPLL	hsa_circ_0000065_Extracellular	3474	3480	+	11.2	6.1e-05	0.221	ACACACA
M169_0.6	hnRNPLL	hsa_circ_0000065_Extracellular	3492	3498	+	11.2	6.1e-05	0.221	ACACACA
M169_0.6	hnRNPLL	hsa_circ_0000065_Extracellular	3492	3498	+	11.2	6.1e-05	0.221	ACACACA
M169_0.6	hnRNPLL	hsa_circ_0000065_Extracellular	3494	3500	+	11.2	6.1e-05	0.221	ACACACA
M169_0.6	hnRNPLL	hsa_circ_0000065_Extracellular	3494	3500	+	11.2	6.1e-05	0.221	ACACACA
M169_0.6	hnRNPLL	hsa_circ_0000065_Extracellular	3496	3502	+	11.2	6.1e-05	0.221	ACACACA
M169_0.6	hnRNPLL	hsa_circ_0000065_Extracellular	3496	3502	+	11.2	6.1e-05	0.221	ACACACA
M169_0.6	hnRNPLL	hsa_circ_0000065_Extracellular	3498	3504	+	11.2	6.1e-05	0.221	ACACACA
M169_0.6	hnRNPLL	hsa_circ_0000065_Extracellular	3498	3504	+	11.2	6.1e-05	0.221	ACACACA
M169_0.6	hnRNPLL	hsa_circ_0000065_Extracellular	3500	3506	+	11.2	6.1e-05	0.221	ACACACA
M169_0.6	hnRNPLL	hsa_circ_0000065_Extracellular	3500	3506	+	11.2	6.1e-05	0.221	ACACACA
M169_0.6	hnRNPLL	hsa_circ_0103045_Extracellular	3760	3766	+	11.2	6.1e-05	0.221	ACACACA
M169_0.6	hnRNPLL	hsa_circ_0103045_Extracellular	3760	3766	+	11.2	6.1e-05	0.221	ACACACA
M169_0.6	hnRNPLL	hsa_circ_0059639_Extracellular	3802	3808	+	11.2	6.1e-05	0.221	ACACACA
M169_0.6	hnRNPLL	hsa_circ_0059639_Extracellular	3862	3868	+	11.2	6.1e-05	0.221	ACACACA
M169_0.6	hnRNPLL	mmu_circ_0000713_Extracellular	3984	3990	+	11.2	6.1e-05	0.221	ACACACA
M169_0.6	hnRNPLL	hsa_circ_0104980_Extracellular	4172	4178	+	11.2	6.1e-05	0.221	ACACACA
M169_0.6	hnRNPLL	hsa_circ_0104980_Extracellular	4172	4178	+	11.2	6.1e-05	0.221	ACACACA
M169_0.6	hnRNPLL	hsa_circ_0110664_Extracellular	4194	4200	+	11.2	6.1e-05	0.221	ACACACA
M169_0.6	hnRNPLL	hsa_circ_0000443_Extracellular	4540	4546	+	11.2	6.1e-05	0.221	ACACACA
M169_0.6	hnRNPLL	hsa_circ_0000443_Extracellular	4540	4546	+	11.2	6.1e-05	0.221	ACACACA
M169_0.6	hnRNPLL	hsa_circ_0000442_Extracellular	4540	4546	+	11.2	6.1e-05	0.221	ACACACA
M169_0.6	hnRNPLL	hsa_circ_0000443_Extracellular	4540	4546	+	11.2	6.1e-05	0.221	ACACACA
M169_0.6	hnRNPLL	hsa_circ_0000442_Extracellular	4540	4546	+	11.2	6.1e-05	0.221	ACACACA
M169_0.6	hnRNPLL	hsa_circ_0000443_Extracellular	4542	4548	+	11.2	6.1e-05	0.221	ACACACA
M169_0.6	hnRNPLL	hsa_circ_0000443_Extracellular	4542	4548	+	11.2	6.1e-05	0.221	ACACACA
M169_0.6	hnRNPLL	hsa_circ_0000442_Extracellular	4542	4548	+	11.2	6.1e-05	0.221	ACACACA
M169_0.6	hnRNPLL	hsa_circ_0000443_Extracellular	4542	4548	+	11.2	6.1e-05	0.221	ACACACA
M169_0.6	hnRNPLL	hsa_circ_0000442_Extracellular	4542	4548	+	11.2	6.1e-05	0.221	ACACACA
M169_0.6	hnRNPLL	hsa_circ_0103176_Extracellular	5037	5043	+	11.2	6.1e-05	0.221	ACACACA
M169_0.6	hnRNPLL	hsa_circ_0103176_Extracellular	5037	5043	+	11.2	6.1e-05	0.221	ACACACA
M169_0.6	hnRNPLL	hsa_circ_0000090_Extracellular	5132	5138	+	11.2	6.1e-05	0.221	ACACACA
M169_0.6	hnRNPLL	hsa_circ_0000090_Extracellular	5132	5138	+	11.2	6.1e-05	0.221	ACACACA
M169_0.6	hnRNPLL	hsa_circ_0000090_Extracellular	5134	5140	+	11.2	6.1e-05	0.221	ACACACA
M169_0.6	hnRNPLL	hsa_circ_0000090_Extracellular	5134	5140	+	11.2	6.1e-05	0.221	ACACACA
M169_0.6	hnRNPLL	hsa_circ_0000090_Extracellular	5136	5142	+	11.2	6.1e-05	0.221	ACACACA
M169_0.6	hnRNPLL	hsa_circ_0000090_Extracellular	5136	5142	+	11.2	6.1e-05	0.221	ACACACA
M169_0.6	hnRNPLL	hsa_circ_0000090_Extracellular	5138	5144	+	11.2	6.1e-05	0.221	ACACACA
M169_0.6	hnRNPLL	hsa_circ_0000090_Extracellular	5138	5144	+	11.2	6.1e-05	0.221	ACACACA
M169_0.6	hnRNPLL	hsa_circ_0000090_Extracellular	5140	5146	+	11.2	6.1e-05	0.221	ACACACA
M169_0.6	hnRNPLL	hsa_circ_0000090_Extracellular	5140	5146	+	11.2	6.1e-05	0.221	ACACACA
M169_0.6	hnRNPLL	hsa_circ_0000090_Extracellular	5142	5148	+	11.2	6.1e-05	0.221	ACACACA
M169_0.6	hnRNPLL	hsa_circ_0000090_Extracellular	5142	5148	+	11.2	6.1e-05	0.221	ACACACA
M169_0.6	hnRNPLL	hsa_circ_0000090_Extracellular	5144	5150	+	11.2	6.1e-05	0.221	ACACACA
M169_0.6	hnRNPLL	hsa_circ_0000090_Extracellular	5144	5150	+	11.2	6.1e-05	0.221	ACACACA
M169_0.6	hnRNPLL	mmu_circ_0000713_Extracellular	5211	5217	+	11.2	6.1e-05	0.221	ACACACA
M169_0.6	hnRNPLL	mmu_circ_0000713_Extracellular	5223	5229	+	11.2	6.1e-05	0.221	ACACACA
M169_0.6	hnRNPLL	hsa_circ_0026102_Extracellular	5231	5237	+	11.2	6.1e-05	0.221	ACACACA
M169_0.6	hnRNPLL	hsa_circ_0104128_Extracellular	5711	5717	+	11.2	6.1e-05	0.221	ACACACA
M169_0.6	hnRNPLL	hsa_circ_0104128_Extracellular	5711	5717	+	11.2	6.1e-05	0.221	ACACACA
M169_0.6	hnRNPLL	hsa_circ_0101018_Extracellular	5767	5773	+	11.2	6.1e-05	0.221	ACACACA
M169_0.6	hnRNPLL	hsa_circ_0101018_Extracellular	5767	5773	+	11.2	6.1e-05	0.221	ACACACA
M169_0.6	hnRNPLL	hsa_circ_0009684_Extracellular	6826	6832	+	11.2	6.1e-05	0.221	ACACACA
M169_0.6	hnRNPLL	hsa_circ_0009684_Extracellular	6826	6832	+	11.2	6.1e-05	0.221	ACACACA
M169_0.6	hnRNPLL	hsa_circ_0009684_Extracellular	6828	6834	+	11.2	6.1e-05	0.221	ACACACA
M169_0.6	hnRNPLL	hsa_circ_0009684_Extracellular	6828	6834	+	11.2	6.1e-05	0.221	ACACACA
M169_0.6	hnRNPLL	hsa_circ_0000246_Extracellular	6833	6839	+	11.2	6.1e-05	0.221	ACACACA
M169_0.6	hnRNPLL	hsa_circ_0000246_Extracellular	6833	6839	+	11.2	6.1e-05	0.221	ACACACA
M169_0.6	hnRNPLL	hsa_circ_0001306_Extracellular	6957	6963	+	11.2	6.1e-05	0.221	ACACACA
M169_0.6	hnRNPLL	hsa_circ_0001306_Extracellular	6957	6963	+	11.2	6.1e-05	0.221	ACACACA
M169_0.6	hnRNPLL	hsa_circ_0100988_Extracellular	6974	6980	+	11.2	6.1e-05	0.221	ACACACA
M169_0.6	hnRNPLL	hsa_circ_0100988_Extracellular	6974	6980	+	11.2	6.1e-05	0.221	ACACACA
M169_0.6	hnRNPLL	hsa_circ_0104808_Extracellular	7157	7163	+	11.2	6.1e-05	0.221	ACACACA
M169_0.6	hnRNPLL	hsa_circ_0104808_Extracellular	7157	7163	+	11.2	6.1e-05	0.221	ACACACA
M169_0.6	hnRNPLL	hsa_circ_0104808_Extracellular	7217	7223	+	11.2	6.1e-05	0.221	ACACACA
M169_0.6	hnRNPLL	hsa_circ_0104808_Extracellular	7217	7223	+	11.2	6.1e-05	0.221	ACACACA
M169_0.6	hnRNPLL	mmu_circ_0000713_Extracellular	7478	7484	+	11.2	6.1e-05	0.221	ACACACA
M169_0.6	hnRNPLL	hsa_circ_0000444_Extracellular	7895	7901	+	11.2	6.1e-05	0.221	ACACACA
M169_0.6	hnRNPLL	hsa_circ_0000444_Extracellular	7895	7901	+	11.2	6.1e-05	0.221	ACACACA
M169_0.6	hnRNPLL	hsa_circ_0000444_Extracellular	7897	7903	+	11.2	6.1e-05	0.221	ACACACA
M169_0.6	hnRNPLL	hsa_circ_0000444_Extracellular	7897	7903	+	11.2	6.1e-05	0.221	ACACACA
M169_0.6	hnRNPLL	hsa_circ_0104808_Extracellular	8047	8053	+	11.2	6.1e-05	0.221	ACACACA
M169_0.6	hnRNPLL	hsa_circ_0104808_Extracellular	8047	8053	+	11.2	6.1e-05	0.221	ACACACA
M169_0.6	hnRNPLL	hsa_circ_0104808_Extracellular	8049	8055	+	11.2	6.1e-05	0.221	ACACACA
M169_0.6	hnRNPLL	hsa_circ_0104808_Extracellular	8049	8055	+	11.2	6.1e-05	0.221	ACACACA
M169_0.6	hnRNPLL	hsa_circ_0104808_Extracellular	8051	8057	+	11.2	6.1e-05	0.221	ACACACA
M169_0.6	hnRNPLL	hsa_circ_0104808_Extracellular	8051	8057	+	11.2	6.1e-05	0.221	ACACACA
M169_0.6	hnRNPLL	hsa_circ_0104808_Extracellular	8053	8059	+	11.2	6.1e-05	0.221	ACACACA
M169_0.6	hnRNPLL	hsa_circ_0104808_Extracellular	8053	8059	+	11.2	6.1e-05	0.221	ACACACA
M169_0.6	hnRNPLL	hsa_circ_0104808_Extracellular	8055	8061	+	11.2	6.1e-05	0.221	ACACACA
M169_0.6	hnRNPLL	hsa_circ_0104808_Extracellular	8055	8061	+	11.2	6.1e-05	0.221	ACACACA
M169_0.6	hnRNPLL	mmu_circ_0000713_Extracellular	8979	8985	+	11.2	6.1e-05	0.221	ACACACA
M169_0.6	hnRNPLL	mmu_circ_0000713_Extracellular	8981	8987	+	11.2	6.1e-05	0.221	ACACACA
M169_0.6	hnRNPLL	mmu_circ_0000713_Extracellular	8983	8989	+	11.2	6.1e-05	0.221	ACACACA
M169_0.6	hnRNPLL	mmu_circ_0000713_Extracellular	8985	8991	+	11.2	6.1e-05	0.221	ACACACA
M169_0.6	hnRNPLL	mmu_circ_0000713_Extracellular	8987	8993	+	11.2	6.1e-05	0.221	ACACACA
M169_0.6	hnRNPLL	mmu_circ_0000713_Extracellular	8989	8995	+	11.2	6.1e-05	0.221	ACACACA
M169_0.6	hnRNPLL	mmu_circ_0000713_Extracellular	8991	8997	+	11.2	6.1e-05	0.221	ACACACA
M169_0.6	hnRNPLL	mmu_circ_0000713_Extracellular	8993	8999	+	11.2	6.1e-05	0.221	ACACACA
M169_0.6	hnRNPLL	mmu_circ_0000713_Extracellular	8995	9001	+	11.2	6.1e-05	0.221	ACACACA
M169_0.6	hnRNPLL	mmu_circ_0000713_Extracellular	8997	9003	+	11.2	6.1e-05	0.221	ACACACA
M169_0.6	hnRNPLL	mmu_circ_0000713_Extracellular	8999	9005	+	11.2	6.1e-05	0.221	ACACACA
M169_0.6	hnRNPLL	mmu_circ_0000713_Extracellular	9001	9007	+	11.2	6.1e-05	0.221	ACACACA
M169_0.6	hnRNPLL	mmu_circ_0000713_Extracellular	9003	9009	+	11.2	6.1e-05	0.221	ACACACA
M169_0.6	hnRNPLL	mmu_circ_0000713_Extracellular	9005	9011	+	11.2	6.1e-05	0.221	ACACACA
M169_0.6	hnRNPLL	mmu_circ_0000713_Extracellular	9007	9013	+	11.2	6.1e-05	0.221	ACACACA
M169_0.6	hnRNPLL	mmu_circ_0000713_Extracellular	9041	9047	+	11.2	6.1e-05	0.221	ACACACA
M169_0.6	hnRNPLL	mmu_circ_0000713_Extracellular	9043	9049	+	11.2	6.1e-05	0.221	ACACACA
M169_0.6	hnRNPLL	mmu_circ_0000713_Extracellular	9045	9051	+	11.2	6.1e-05	0.221	ACACACA
M169_0.6	hnRNPLL	mmu_circ_0000713_Extracellular	9149	9155	+	11.2	6.1e-05	0.221	ACACACA
M169_0.6	hnRNPLL	mmu_circ_0000905_Extracellular	9638	9644	+	11.2	6.1e-05	0.221	ACACACA
M169_0.6	hnRNPLL	mmu_circ_0000905_Extracellular	9648	9654	+	11.2	6.1e-05	0.221	ACACACA
M169_0.6	hnRNPLL	mmu_circ_0000905_Extracellular	9650	9656	+	11.2	6.1e-05	0.221	ACACACA
M169_0.6	hnRNPLL	mmu_circ_0000905_Extracellular	9652	9658	+	11.2	6.1e-05	0.221	ACACACA
M169_0.6	hnRNPLL	mmu_circ_0000905_Extracellular	9654	9660	+	11.2	6.1e-05	0.221	ACACACA
M169_0.6	hnRNPLL	mmu_circ_0000905_Extracellular	9684	9690	+	11.2	6.1e-05	0.221	ACACACA
M169_0.6	hnRNPLL	mmu_circ_0000905_Extracellular	9698	9704	+	11.2	6.1e-05	0.221	ACACACA
M169_0.6	hnRNPLL	hsa_circ_0001812_Extracellular	10893	10899	+	11.2	6.1e-05	0.221	ACACACA
M169_0.6	hnRNPLL	hsa_circ_0001812_Extracellular	10893	10899	+	11.2	6.1e-05	0.221	ACACACA
M169_0.6	hnRNPLL	hsa_circ_0000090_Extracellular	11414	11420	+	11.2	6.1e-05	0.221	ACACACA
M169_0.6	hnRNPLL	hsa_circ_0000090_Extracellular	11414	11420	+	11.2	6.1e-05	0.221	ACACACA
M169_0.6	hnRNPLL	hsa_circ_0000090_Extracellular	11416	11422	+	11.2	6.1e-05	0.221	ACACACA
M169_0.6	hnRNPLL	hsa_circ_0000090_Extracellular	11416	11422	+	11.2	6.1e-05	0.221	ACACACA
M169_0.6	hnRNPLL	hsa_circ_0000090_Extracellular	11418	11424	+	11.2	6.1e-05	0.221	ACACACA
M169_0.6	hnRNPLL	hsa_circ_0000090_Extracellular	11418	11424	+	11.2	6.1e-05	0.221	ACACACA
M169_0.6	hnRNPLL	hsa_circ_0000090_Extracellular	11420	11426	+	11.2	6.1e-05	0.221	ACACACA
M169_0.6	hnRNPLL	hsa_circ_0000090_Extracellular	11420	11426	+	11.2	6.1e-05	0.221	ACACACA
M169_0.6	hnRNPLL	hsa_circ_0000090_Extracellular	11422	11428	+	11.2	6.1e-05	0.221	ACACACA
M169_0.6	hnRNPLL	hsa_circ_0000090_Extracellular	11422	11428	+	11.2	6.1e-05	0.221	ACACACA
M169_0.6	hnRNPLL	hsa_circ_0000090_Extracellular	11424	11430	+	11.2	6.1e-05	0.221	ACACACA
M169_0.6	hnRNPLL	hsa_circ_0000090_Extracellular	11424	11430	+	11.2	6.1e-05	0.221	ACACACA
M169_0.6	hnRNPLL	hsa_circ_0000090_Extracellular	11426	11432	+	11.2	6.1e-05	0.221	ACACACA
M169_0.6	hnRNPLL	hsa_circ_0000090_Extracellular	11426	11432	+	11.2	6.1e-05	0.221	ACACACA
M169_0.6	hnRNPLL	hsa_circ_0000090_Extracellular	11428	11434	+	11.2	6.1e-05	0.221	ACACACA
M169_0.6	hnRNPLL	hsa_circ_0000090_Extracellular	11428	11434	+	11.2	6.1e-05	0.221	ACACACA
M169_0.6	hnRNPLL	hsa_circ_0000090_Extracellular	11430	11436	+	11.2	6.1e-05	0.221	ACACACA
M169_0.6	hnRNPLL	hsa_circ_0000090_Extracellular	11430	11436	+	11.2	6.1e-05	0.221	ACACACA
M169_0.6	hnRNPLL	hsa_circ_0000090_Extracellular	11432	11438	+	11.2	6.1e-05	0.221	ACACACA
M169_0.6	hnRNPLL	hsa_circ_0000090_Extracellular	11432	11438	+	11.2	6.1e-05	0.221	ACACACA
M169_0.6	hnRNPLL	hsa_circ_0000090_Extracellular	11434	11440	+	11.2	6.1e-05	0.221	ACACACA
M169_0.6	hnRNPLL	hsa_circ_0000090_Extracellular	11434	11440	+	11.2	6.1e-05	0.221	ACACACA
M169_0.6	hnRNPLL	hsa_circ_0000090_Extracellular	11436	11442	+	11.2	6.1e-05	0.221	ACACACA
M169_0.6	hnRNPLL	hsa_circ_0000090_Extracellular	11436	11442	+	11.2	6.1e-05	0.221	ACACACA
M169_0.6	hnRNPLL	hsa_circ_0000090_Extracellular	11438	11444	+	11.2	6.1e-05	0.221	ACACACA
M169_0.6	hnRNPLL	hsa_circ_0000090_Extracellular	11438	11444	+	11.2	6.1e-05	0.221	ACACACA
M169_0.6	hnRNPLL	hsa_circ_0000090_Extracellular	11440	11446	+	11.2	6.1e-05	0.221	ACACACA
M169_0.6	hnRNPLL	hsa_circ_0000090_Extracellular	11440	11446	+	11.2	6.1e-05	0.221	ACACACA
M169_0.6	hnRNPLL	hsa_circ_0104904_Extracellular	11716	11722	+	11.2	6.1e-05	0.221	ACACACA
M169_0.6	hnRNPLL	hsa_circ_0104904_Extracellular	11716	11722	+	11.2	6.1e-05	0.221	ACACACA
M169_0.6	hnRNPLL	hsa_circ_0104980_Extracellular	13558	13564	+	11.2	6.1e-05	0.221	ACACACA
M169_0.6	hnRNPLL	hsa_circ_0104980_Extracellular	13558	13564	+	11.2	6.1e-05	0.221	ACACACA
M148_0.6	PABPN1	hsa_circ_0001704_Extracellular	11	17	+	10.5588	6.1e-05	0.377	AGAAGAC
M148_0.6	PABPN1	hsa_circ_0001704_Extracellular	11	17	+	10.5588	6.1e-05	0.377	AGAAGAC
M148_0.6	PABPN1	hsa_circ_0104851_Extracellular	17	23	+	10.5588	6.1e-05	0.377	AGAAGAC
M148_0.6	PABPN1	hsa_circ_0104851_Extracellular	17	23	+	10.5588	6.1e-05	0.377	AGAAGAC
M148_0.6	PABPN1	hsa_circ_0103252_Extracellular	20	26	+	10.5588	6.1e-05	0.377	AGAAGAC
M148_0.6	PABPN1	hsa_circ_0103252_Extracellular	20	26	+	10.5588	6.1e-05	0.377	AGAAGAC
M148_0.6	PABPN1	hsa_circ_0103654_Extracellular	26	32	+	10.5588	6.1e-05	0.377	AGAAGAC
M148_0.6	PABPN1	hsa_circ_0103654_Extracellular	26	32	+	10.5588	6.1e-05	0.377	AGAAGAC
M148_0.6	PABPN1	hsa_circ_0005045_Extracellular	31	37	+	10.5588	6.1e-05	0.377	AGAAGAC
M148_0.6	PABPN1	hsa_circ_0001894_Extracellular	31	37	+	10.5588	6.1e-05	0.377	AGAAGAC
M148_0.6	PABPN1	hsa_circ_0056285_Extracellular	34	40	+	10.5588	6.1e-05	0.377	AGAAGAC
M148_0.6	PABPN1	hsa_circ_0083895_Extracellular	38	44	+	10.5588	6.1e-05	0.377	AGAAGAC
M148_0.6	PABPN1	hsa_circ_0083895_Extracellular	38	44	+	10.5588	6.1e-05	0.377	AGAAGAC
M148_0.6	PABPN1	hsa_circ_0000395_Extracellular	44	50	+	10.5588	6.1e-05	0.377	AGAAGAC
M148_0.6	PABPN1	hsa_circ_0000395_Extracellular	44	50	+	10.5588	6.1e-05	0.377	AGAAGAC
M148_0.6	PABPN1	hsa_circ_0000395_Extracellular	44	50	+	10.5588	6.1e-05	0.377	AGAAGAC
M148_0.6	PABPN1	hsa_circ_0101435_Extracellular	44	50	+	10.5588	6.1e-05	0.377	AGAAGAC
M148_0.6	PABPN1	hsa_circ_0000395_Extracellular	44	50	+	10.5588	6.1e-05	0.377	AGAAGAC
M148_0.6	PABPN1	hsa_circ_0101435_Extracellular	44	50	+	10.5588	6.1e-05	0.377	AGAAGAC
M148_0.6	PABPN1	hsa_circ_0100018_Extracellular	52	58	+	10.5588	6.1e-05	0.377	AGAAGAC
M148_0.6	PABPN1	hsa_circ_0100019_Extracellular	52	58	+	10.5588	6.1e-05	0.377	AGAAGAC
M148_0.6	PABPN1	hsa_circ_0100019_Extracellular	52	58	+	10.5588	6.1e-05	0.377	AGAAGAC
M148_0.6	PABPN1	hsa_circ_0100018_Extracellular	52	58	+	10.5588	6.1e-05	0.377	AGAAGAC
M148_0.6	PABPN1	hsa_circ_0000467_Extracellular	71	77	+	10.5588	6.1e-05	0.377	AGAAGAC
M148_0.6	PABPN1	hsa_circ_0000467_Extracellular	71	77	+	10.5588	6.1e-05	0.377	AGAAGAC
M148_0.6	PABPN1	hsa_circ_0000467_Extracellular	71	77	+	10.5588	6.1e-05	0.377	AGAAGAC
M148_0.6	PABPN1	hsa_circ_0102471_Extracellular	73	79	+	10.5588	6.1e-05	0.377	AGAAGAC
M148_0.6	PABPN1	hsa_circ_0102471_Extracellular	73	79	+	10.5588	6.1e-05	0.377	AGAAGAC
M148_0.6	PABPN1	hsa_circ_0103871_Extracellular	75	81	+	10.5588	6.1e-05	0.377	AGAAGAC
M148_0.6	PABPN1	hsa_circ_0103871_Extracellular	75	81	+	10.5588	6.1e-05	0.377	AGAAGAC
M148_0.6	PABPN1	hsa_circ_0001190_Extracellular	82	88	+	10.5588	6.1e-05	0.377	AGAAGAC
M148_0.6	PABPN1	hsa_circ_0001190_Extracellular	82	88	+	10.5588	6.1e-05	0.377	AGAAGAC
M148_0.6	PABPN1	hsa_circ_0079439_Extracellular	83	89	+	10.5588	6.1e-05	0.377	AGAAGAC
M148_0.6	PABPN1	hsa_circ_0102394_Extracellular	85	91	+	10.5588	6.1e-05	0.377	AGAAGAC
M148_0.6	PABPN1	hsa_circ_0102394_Extracellular	85	91	+	10.5588	6.1e-05	0.377	AGAAGAC
M148_0.6	PABPN1	hsa_circ_0028861_Extracellular	93	99	+	10.5588	6.1e-05	0.377	AGAAGAC
M148_0.6	PABPN1	hsa_circ_0028855_Extracellular	93	99	+	10.5588	6.1e-05	0.377	AGAAGAC
M148_0.6	PABPN1	hsa_circ_0028861_Extracellular	93	99	+	10.5588	6.1e-05	0.377	AGAAGAC
M148_0.6	PABPN1	hsa_circ_0051239_Extracellular	98	104	+	10.5588	6.1e-05	0.377	AGAAGAC
M148_0.6	PABPN1	hsa_circ_0051239_Extracellular	98	104	+	10.5588	6.1e-05	0.377	AGAAGAC
M148_0.6	PABPN1	hsa_circ_0001578_Extracellular	100	106	+	10.5588	6.1e-05	0.377	AGAAGAC
M148_0.6	PABPN1	mmu_circ_0001732_Extracellular	100	106	+	10.5588	6.1e-05	0.377	AGAAGAC
M148_0.6	PABPN1	hsa_circ_0000654_Extracellular	102	108	+	10.5588	6.1e-05	0.377	AGAAGAC
M148_0.6	PABPN1	hsa_circ_0000654_Extracellular	102	108	+	10.5588	6.1e-05	0.377	AGAAGAC
M148_0.6	PABPN1	hsa_circ_0000467_Extracellular	131	137	+	10.5588	6.1e-05	0.377	AGAAGAC
M148_0.6	PABPN1	hsa_circ_0000467_Extracellular	131	137	+	10.5588	6.1e-05	0.377	AGAAGAC
M148_0.6	PABPN1	hsa_circ_0000467_Extracellular	131	137	+	10.5588	6.1e-05	0.377	AGAAGAC
M148_0.6	PABPN1	hsa_circ_0103871_Extracellular	135	141	+	10.5588	6.1e-05	0.377	AGAAGAC
M148_0.6	PABPN1	hsa_circ_0103871_Extracellular	135	141	+	10.5588	6.1e-05	0.377	AGAAGAC
M148_0.6	PABPN1	hsa_circ_0000264_Extracellular	151	157	+	10.5588	6.1e-05	0.377	AGAAGAC
M148_0.6	PABPN1	hsa_circ_0000264_Extracellular	151	157	+	10.5588	6.1e-05	0.377	AGAAGAC
M148_0.6	PABPN1	hsa_circ_0101435_Extracellular	166	172	+	10.5588	6.1e-05	0.377	AGAAGAC
M148_0.6	PABPN1	hsa_circ_0101435_Extracellular	166	172	+	10.5588	6.1e-05	0.377	AGAAGAC
M148_0.6	PABPN1	hsa_circ_0079230_Extracellular	170	176	+	10.5588	6.1e-05	0.377	AGAAGAC
M148_0.6	PABPN1	hsa_circ_0079230_Extracellular	170	176	+	10.5588	6.1e-05	0.377	AGAAGAC
M148_0.6	PABPN1	hsa_circ_0001445_Extracellular	171	177	+	10.5588	6.1e-05	0.377	AGAAGAC
M148_0.6	PABPN1	hsa_circ_0001445_Extracellular	171	177	+	10.5588	6.1e-05	0.377	AGAAGAC
M148_0.6	PABPN1	hsa_circ_0001445_Extracellular	171	177	+	10.5588	6.1e-05	0.377	AGAAGAC
M148_0.6	PABPN1	hsa_circ_0100015_Extracellular	174	180	+	10.5588	6.1e-05	0.377	AGAAGAC
M148_0.6	PABPN1	hsa_circ_0100017_Extracellular	174	180	+	10.5588	6.1e-05	0.377	AGAAGAC
M148_0.6	PABPN1	hsa_circ_0100013_Extracellular	174	180	+	10.5588	6.1e-05	0.377	AGAAGAC
M148_0.6	PABPN1	hsa_circ_0100016_Extracellular	174	180	+	10.5588	6.1e-05	0.377	AGAAGAC
M148_0.6	PABPN1	hsa_circ_0100013_Extracellular	174	180	+	10.5588	6.1e-05	0.377	AGAAGAC
M148_0.6	PABPN1	hsa_circ_0100017_Extracellular	174	180	+	10.5588	6.1e-05	0.377	AGAAGAC
M148_0.6	PABPN1	hsa_circ_0100016_Extracellular	174	180	+	10.5588	6.1e-05	0.377	AGAAGAC
M148_0.6	PABPN1	hsa_circ_0100015_Extracellular	174	180	+	10.5588	6.1e-05	0.377	AGAAGAC
M148_0.6	PABPN1	hsa_circ_0086841_Extracellular	185	191	+	10.5588	6.1e-05	0.377	AGAAGAC
M148_0.6	PABPN1	hsa_circ_0056285_Extracellular	193	199	+	10.5588	6.1e-05	0.377	AGAAGAC
M148_0.6	PABPN1	hsa_circ_0103902_Extracellular	200	206	+	10.5588	6.1e-05	0.377	AGAAGAC
M148_0.6	PABPN1	hsa_circ_0103902_Extracellular	200	206	+	10.5588	6.1e-05	0.377	AGAAGAC
M148_0.6	PABPN1	hsa_circ_0000264_Extracellular	211	217	+	10.5588	6.1e-05	0.377	AGAAGAC
M148_0.6	PABPN1	hsa_circ_0000264_Extracellular	211	217	+	10.5588	6.1e-05	0.377	AGAAGAC
M148_0.6	PABPN1	hsa_circ_0090577_Extracellular	219	225	+	10.5588	6.1e-05	0.377	AGAAGAC
M148_0.6	PABPN1	hsa_circ_0001355_Extracellular	231	237	+	10.5588	6.1e-05	0.377	AGAAGAC
M148_0.6	PABPN1	hsa_circ_0001355_Extracellular	231	237	+	10.5588	6.1e-05	0.377	AGAAGAC
M148_0.6	PABPN1	hsa_circ_0101319_Extracellular	251	257	+	10.5588	6.1e-05	0.377	AGAAGAC
M148_0.6	PABPN1	hsa_circ_0101319_Extracellular	251	257	+	10.5588	6.1e-05	0.377	AGAAGAC
M148_0.6	PABPN1	hsa_circ_0038632_Extracellular	254	260	+	10.5588	6.1e-05	0.377	AGAAGAC
M148_0.6	PABPN1	hsa_circ_0002638_Extracellular	262	268	+	10.5588	6.1e-05	0.377	AGAAGAC
M148_0.6	PABPN1	hsa_circ_0001445_Extracellular	297	303	+	10.5588	6.1e-05	0.377	AGAAGAC
M148_0.6	PABPN1	hsa_circ_0001445_Extracellular	297	303	+	10.5588	6.1e-05	0.377	AGAAGAC
M148_0.6	PABPN1	hsa_circ_0001445_Extracellular	297	303	+	10.5588	6.1e-05	0.377	AGAAGAC
M148_0.6	PABPN1	hsa_circ_0002001_Extracellular	304	310	+	10.5588	6.1e-05	0.377	AGAAGAC
M148_0.6	PABPN1	hsa_circ_0002001_Extracellular	304	310	+	10.5588	6.1e-05	0.377	AGAAGAC
M148_0.6	PABPN1	hsa_circ_0103829_Extracellular	307	313	+	10.5588	6.1e-05	0.377	AGAAGAC
M148_0.6	PABPN1	hsa_circ_0103829_Extracellular	307	313	+	10.5588	6.1e-05	0.377	AGAAGAC
M148_0.6	PABPN1	hsa_circ_0034173_Extracellular	308	314	+	10.5588	6.1e-05	0.377	AGAAGAC
M148_0.6	PABPN1	hsa_circ_0078077_Extracellular	308	314	+	10.5588	6.1e-05	0.377	AGAAGAC
M148_0.6	PABPN1	hsa_circ_0078077_Extracellular	308	314	+	10.5588	6.1e-05	0.377	AGAAGAC
M148_0.6	PABPN1	hsa_circ_0010467_Extracellular	318	324	+	10.5588	6.1e-05	0.377	AGAAGAC
M148_0.6	PABPN1	hsa_circ_0104565_Extracellular	325	331	+	10.5588	6.1e-05	0.377	AGAAGAC
M148_0.6	PABPN1	hsa_circ_0104566_Extracellular	325	331	+	10.5588	6.1e-05	0.377	AGAAGAC
M148_0.6	PABPN1	hsa_circ_0104566_Extracellular	325	331	+	10.5588	6.1e-05	0.377	AGAAGAC
M148_0.6	PABPN1	hsa_circ_0104565_Extracellular	325	331	+	10.5588	6.1e-05	0.377	AGAAGAC
M148_0.6	PABPN1	hsa_circ_0001445_Extracellular	326	332	+	10.5588	6.1e-05	0.377	AGAAGAC
M148_0.6	PABPN1	hsa_circ_0001445_Extracellular	326	332	+	10.5588	6.1e-05	0.377	AGAAGAC
M148_0.6	PABPN1	hsa_circ_0001445_Extracellular	326	332	+	10.5588	6.1e-05	0.377	AGAAGAC
M148_0.6	PABPN1	hsa_circ_0065618_Extracellular	408	414	+	10.5588	6.1e-05	0.377	AGAAGAC
M148_0.6	PABPN1	hsa_circ_0065618_Extracellular	408	414	+	10.5588	6.1e-05	0.377	AGAAGAC
M148_0.6	PABPN1	hsa_circ_0104709_Extracellular	417	423	+	10.5588	6.1e-05	0.377	AGAAGAC
M148_0.6	PABPN1	hsa_circ_0104709_Extracellular	417	423	+	10.5588	6.1e-05	0.377	AGAAGAC
M148_0.6	PABPN1	hsa_circ_0000274_Extracellular	420	426	+	10.5588	6.1e-05	0.377	AGAAGAC
M148_0.6	PABPN1	hsa_circ_0002874_Extracellular	435	441	+	10.5588	6.1e-05	0.377	AGAAGAC
M148_0.6	PABPN1	hsa_circ_0104798_Extracellular	443	449	+	10.5588	6.1e-05	0.377	AGAAGAC
M148_0.6	PABPN1	hsa_circ_0104798_Extracellular	443	449	+	10.5588	6.1e-05	0.377	AGAAGAC
M148_0.6	PABPN1	hsa_circ_0003245_Extracellular	447	453	+	10.5588	6.1e-05	0.377	AGAAGAC
M148_0.6	PABPN1	hsa_circ_0058493_Extracellular	457	463	+	10.5588	6.1e-05	0.377	AGAAGAC
M148_0.6	PABPN1	hsa_circ_0058493_Extracellular	457	463	+	10.5588	6.1e-05	0.377	AGAAGAC
M148_0.6	PABPN1	hsa_circ_0001844_Extracellular	462	468	+	10.5588	6.1e-05	0.377	AGAAGAC
M148_0.6	PABPN1	hsa_circ_0001844_Extracellular	462	468	+	10.5588	6.1e-05	0.377	AGAAGAC
M148_0.6	PABPN1	hsa_circ_0049499_Extracellular	489	495	+	10.5588	6.1e-05	0.377	AGAAGAC
M148_0.6	PABPN1	hsa_circ_0104798_Extracellular	503	509	+	10.5588	6.1e-05	0.377	AGAAGAC
M148_0.6	PABPN1	hsa_circ_0104798_Extracellular	503	509	+	10.5588	6.1e-05	0.377	AGAAGAC
M148_0.6	PABPN1	hsa_circ_0103038_Extracellular	517	523	+	10.5588	6.1e-05	0.377	AGAAGAC
M148_0.6	PABPN1	hsa_circ_0103038_Extracellular	517	523	+	10.5588	6.1e-05	0.377	AGAAGAC
M148_0.6	PABPN1	hsa_circ_0104128_Extracellular	517	523	+	10.5588	6.1e-05	0.377	AGAAGAC
M148_0.6	PABPN1	hsa_circ_0104128_Extracellular	517	523	+	10.5588	6.1e-05	0.377	AGAAGAC
M148_0.6	PABPN1	mmu_circ_0001774_Extracellular	534	540	+	10.5588	6.1e-05	0.377	AGAAGAC
M148_0.6	PABPN1	hsa_circ_0042882_Extracellular	535	541	+	10.5588	6.1e-05	0.377	AGAAGAC
M148_0.6	PABPN1	hsa_circ_0103038_Extracellular	577	583	+	10.5588	6.1e-05	0.377	AGAAGAC
M148_0.6	PABPN1	hsa_circ_0103038_Extracellular	577	583	+	10.5588	6.1e-05	0.377	AGAAGAC
M148_0.6	PABPN1	hsa_circ_0104128_Extracellular	577	583	+	10.5588	6.1e-05	0.377	AGAAGAC
M148_0.6	PABPN1	hsa_circ_0104128_Extracellular	577	583	+	10.5588	6.1e-05	0.377	AGAAGAC
M148_0.6	PABPN1	hsa_circ_0002104_Extracellular	595	601	+	10.5588	6.1e-05	0.377	AGAAGAC
M148_0.6	PABPN1	mmu_circ_0000250_Extracellular	613	619	+	10.5588	6.1e-05	0.377	AGAAGAC
M148_0.6	PABPN1	hsa_circ_0104797_Extracellular	675	681	+	10.5588	6.1e-05	0.377	AGAAGAC
M148_0.6	PABPN1	hsa_circ_0104797_Extracellular	675	681	+	10.5588	6.1e-05	0.377	AGAAGAC
M148_0.6	PABPN1	hsa_circ_0005100_Extracellular	741	747	+	10.5588	6.1e-05	0.377	AGAAGAC
M148_0.6	PABPN1	hsa_circ_0091103_Extracellular	766	772	+	10.5588	6.1e-05	0.377	AGAAGAC
M148_0.6	PABPN1	hsa_circ_0000566_Extracellular	777	783	+	10.5588	6.1e-05	0.377	AGAAGAC
M148_0.6	PABPN1	hsa_circ_0000566_Extracellular	777	783	+	10.5588	6.1e-05	0.377	AGAAGAC
M148_0.6	PABPN1	hsa_circ_0000701_Extracellular	778	784	+	10.5588	6.1e-05	0.377	AGAAGAC
M148_0.6	PABPN1	hsa_circ_0000701_Extracellular	778	784	+	10.5588	6.1e-05	0.377	AGAAGAC
M148_0.6	PABPN1	hsa_circ_0104168_Extracellular	812	818	+	10.5588	6.1e-05	0.377	AGAAGAC
M148_0.6	PABPN1	hsa_circ_0104168_Extracellular	812	818	+	10.5588	6.1e-05	0.377	AGAAGAC
M148_0.6	PABPN1	hsa_circ_0103830_Extracellular	891	897	+	10.5588	6.1e-05	0.377	AGAAGAC
M148_0.6	PABPN1	hsa_circ_0103830_Extracellular	891	897	+	10.5588	6.1e-05	0.377	AGAAGAC
M148_0.6	PABPN1	hsa_circ_0059639_Extracellular	920	926	+	10.5588	6.1e-05	0.377	AGAAGAC
M148_0.6	PABPN1	hsa_circ_0104534_Extracellular	952	958	+	10.5588	6.1e-05	0.377	AGAAGAC
M148_0.6	PABPN1	hsa_circ_0104534_Extracellular	952	958	+	10.5588	6.1e-05	0.377	AGAAGAC
M148_0.6	PABPN1	hsa_circ_0088152_Extracellular	962	968	+	10.5588	6.1e-05	0.377	AGAAGAC
M148_0.6	PABPN1	hsa_circ_0059639_Extracellular	1005	1011	+	10.5588	6.1e-05	0.377	AGAAGAC
M148_0.6	PABPN1	hsa_circ_0104534_Extracellular	1012	1018	+	10.5588	6.1e-05	0.377	AGAAGAC
M148_0.6	PABPN1	hsa_circ_0104534_Extracellular	1012	1018	+	10.5588	6.1e-05	0.377	AGAAGAC
M148_0.6	PABPN1	hsa_circ_0010467_Extracellular	1017	1023	+	10.5588	6.1e-05	0.377	AGAAGAC
M148_0.6	PABPN1	hsa_circ_0027723_Extracellular	1036	1042	+	10.5588	6.1e-05	0.377	AGAAGAC
M148_0.6	PABPN1	mmu_circ_0000250_Extracellular	1147	1153	+	10.5588	6.1e-05	0.377	AGAAGAC
M148_0.6	PABPN1	hsa_circ_0001480_Extracellular	1182	1188	+	10.5588	6.1e-05	0.377	AGAAGAC
M148_0.6	PABPN1	hsa_circ_0001480_Extracellular	1182	1188	+	10.5588	6.1e-05	0.377	AGAAGAC
M148_0.6	PABPN1	hsa_circ_0091103_Extracellular	1189	1195	+	10.5588	6.1e-05	0.377	AGAAGAC
M148_0.6	PABPN1	hsa_circ_0000264_Extracellular	1252	1258	+	10.5588	6.1e-05	0.377	AGAAGAC
M148_0.6	PABPN1	hsa_circ_0000264_Extracellular	1252	1258	+	10.5588	6.1e-05	0.377	AGAAGAC
M148_0.6	PABPN1	hsa_circ_0000591_Extracellular	1253	1259	+	10.5588	6.1e-05	0.377	AGAAGAC
M148_0.6	PABPN1	hsa_circ_0000591_Extracellular	1253	1259	+	10.5588	6.1e-05	0.377	AGAAGAC
M148_0.6	PABPN1	hsa_circ_0103827_Extracellular	1477	1483	+	10.5588	6.1e-05	0.377	AGAAGAC
M148_0.6	PABPN1	hsa_circ_0103827_Extracellular	1477	1483	+	10.5588	6.1e-05	0.377	AGAAGAC
M148_0.6	PABPN1	hsa_circ_0001387_Extracellular	1640	1646	+	10.5588	6.1e-05	0.377	AGAAGAC
M148_0.6	PABPN1	hsa_circ_0001387_Extracellular	1640	1646	+	10.5588	6.1e-05	0.377	AGAAGAC
M148_0.6	PABPN1	hsa_circ_0021091_Extracellular	1881	1887	+	10.5588	6.1e-05	0.377	AGAAGAC
M148_0.6	PABPN1	hsa_circ_0001387_Extracellular	1912	1918	+	10.5588	6.1e-05	0.377	AGAAGAC
M148_0.6	PABPN1	hsa_circ_0001387_Extracellular	1912	1918	+	10.5588	6.1e-05	0.377	AGAAGAC
M148_0.6	PABPN1	hsa_circ_0001666_Extracellular	1913	1919	+	10.5588	6.1e-05	0.377	AGAAGAC
M148_0.6	PABPN1	hsa_circ_0103102_Extracellular	1914	1920	+	10.5588	6.1e-05	0.377	AGAAGAC
M148_0.6	PABPN1	hsa_circ_0103102_Extracellular	1914	1920	+	10.5588	6.1e-05	0.377	AGAAGAC
M148_0.6	PABPN1	hsa_circ_0001704_Extracellular	1974	1980	+	10.5588	6.1e-05	0.377	AGAAGAC
M148_0.6	PABPN1	hsa_circ_0001704_Extracellular	1974	1980	+	10.5588	6.1e-05	0.377	AGAAGAC
M148_0.6	PABPN1	hsa_circ_0001704_Extracellular	2034	2040	+	10.5588	6.1e-05	0.377	AGAAGAC
M148_0.6	PABPN1	hsa_circ_0001704_Extracellular	2034	2040	+	10.5588	6.1e-05	0.377	AGAAGAC
M148_0.6	PABPN1	hsa_circ_0001666_Extracellular	2047	2053	+	10.5588	6.1e-05	0.377	AGAAGAC
M148_0.6	PABPN1	hsa_circ_0001666_Extracellular	2107	2113	+	10.5588	6.1e-05	0.377	AGAAGAC
M148_0.6	PABPN1	hsa_circ_0102349_Extracellular	2140	2146	+	10.5588	6.1e-05	0.377	AGAAGAC
M148_0.6	PABPN1	hsa_circ_0102349_Extracellular	2140	2146	+	10.5588	6.1e-05	0.377	AGAAGAC
M148_0.6	PABPN1	hsa_circ_0103491_Extracellular	2395	2401	+	10.5588	6.1e-05	0.377	AGAAGAC
M148_0.6	PABPN1	hsa_circ_0103491_Extracellular	2395	2401	+	10.5588	6.1e-05	0.377	AGAAGAC
M148_0.6	PABPN1	hsa_circ_0103829_Extracellular	2424	2430	+	10.5588	6.1e-05	0.377	AGAAGAC
M148_0.6	PABPN1	hsa_circ_0103829_Extracellular	2424	2430	+	10.5588	6.1e-05	0.377	AGAAGAC
M148_0.6	PABPN1	hsa_circ_0101493_Extracellular	2469	2475	+	10.5588	6.1e-05	0.377	AGAAGAC
M148_0.6	PABPN1	hsa_circ_0101493_Extracellular	2469	2475	+	10.5588	6.1e-05	0.377	AGAAGAC
M148_0.6	PABPN1	hsa_circ_0101018_Extracellular	2526	2532	+	10.5588	6.1e-05	0.377	AGAAGAC
M148_0.6	PABPN1	hsa_circ_0101018_Extracellular	2526	2532	+	10.5588	6.1e-05	0.377	AGAAGAC
M148_0.6	PABPN1	hsa_circ_0103830_Extracellular	3008	3014	+	10.5588	6.1e-05	0.377	AGAAGAC
M148_0.6	PABPN1	hsa_circ_0103830_Extracellular	3008	3014	+	10.5588	6.1e-05	0.377	AGAAGAC
M148_0.6	PABPN1	hsa_circ_0001812_Extracellular	3073	3079	+	10.5588	6.1e-05	0.377	AGAAGAC
M148_0.6	PABPN1	hsa_circ_0001812_Extracellular	3073	3079	+	10.5588	6.1e-05	0.377	AGAAGAC
M148_0.6	PABPN1	hsa_circ_0078077_Extracellular	3096	3102	+	10.5588	6.1e-05	0.377	AGAAGAC
M148_0.6	PABPN1	hsa_circ_0078077_Extracellular	3096	3102	+	10.5588	6.1e-05	0.377	AGAAGAC
M148_0.6	PABPN1	hsa_circ_0001812_Extracellular	3133	3139	+	10.5588	6.1e-05	0.377	AGAAGAC
M148_0.6	PABPN1	hsa_circ_0001812_Extracellular	3133	3139	+	10.5588	6.1e-05	0.377	AGAAGAC
M148_0.6	PABPN1	hsa_circ_0104128_Extracellular	3317	3323	+	10.5588	6.1e-05	0.377	AGAAGAC
M148_0.6	PABPN1	hsa_circ_0104128_Extracellular	3317	3323	+	10.5588	6.1e-05	0.377	AGAAGAC
M148_0.6	PABPN1	hsa_circ_0063313_Extracellular	3937	3943	+	10.5588	6.1e-05	0.377	AGAAGAC
M148_0.6	PABPN1	hsa_circ_0063313_Extracellular	3937	3943	+	10.5588	6.1e-05	0.377	AGAAGAC
M148_0.6	PABPN1	hsa_circ_0063313_Extracellular	3937	3943	+	10.5588	6.1e-05	0.377	AGAAGAC
M148_0.6	PABPN1	hsa_circ_0104137_Extracellular	3987	3993	+	10.5588	6.1e-05	0.377	AGAAGAC
M148_0.6	PABPN1	hsa_circ_0104137_Extracellular	3987	3993	+	10.5588	6.1e-05	0.377	AGAAGAC
M148_0.6	PABPN1	hsa_circ_0000998_Extracellular	4282	4288	+	10.5588	6.1e-05	0.377	AGAAGAC
M148_0.6	PABPN1	hsa_circ_0000998_Extracellular	4282	4288	+	10.5588	6.1e-05	0.377	AGAAGAC
M148_0.6	PABPN1	hsa_circ_0001013_Extracellular	4425	4431	+	10.5588	6.1e-05	0.377	AGAAGAC
M148_0.6	PABPN1	hsa_circ_0001013_Extracellular	4425	4431	+	10.5588	6.1e-05	0.377	AGAAGAC
M148_0.6	PABPN1	hsa_circ_0000233_Extracellular	4703	4709	+	10.5588	6.1e-05	0.377	AGAAGAC
M148_0.6	PABPN1	hsa_circ_0000233_Extracellular	4703	4709	+	10.5588	6.1e-05	0.377	AGAAGAC
M148_0.6	PABPN1	mmu_circ_0000905_Extracellular	5332	5338	+	10.5588	6.1e-05	0.377	AGAAGAC
M148_0.6	PABPN1	mmu_circ_0000905_Extracellular	5392	5398	+	10.5588	6.1e-05	0.377	AGAAGAC
M148_0.6	PABPN1	mmu_circ_0000905_Extracellular	5911	5917	+	10.5588	6.1e-05	0.377	AGAAGAC
M148_0.6	PABPN1	hsa_circ_0000726_Extracellular	6443	6449	+	10.5588	6.1e-05	0.377	AGAAGAC
M148_0.6	PABPN1	hsa_circ_0000726_Extracellular	6443	6449	+	10.5588	6.1e-05	0.377	AGAAGAC
M148_0.6	PABPN1	hsa_circ_0104904_Extracellular	6495	6501	+	10.5588	6.1e-05	0.377	AGAAGAC
M148_0.6	PABPN1	hsa_circ_0104904_Extracellular	6495	6501	+	10.5588	6.1e-05	0.377	AGAAGAC
M148_0.6	PABPN1	hsa_circ_0104808_Extracellular	6971	6977	+	10.5588	6.1e-05	0.377	AGAAGAC
M148_0.6	PABPN1	hsa_circ_0104808_Extracellular	6971	6977	+	10.5588	6.1e-05	0.377	AGAAGAC
M148_0.6	PABPN1	hsa_circ_0004314_Extracellular	7115	7121	+	10.5588	6.1e-05	0.377	AGAAGAC
M148_0.6	PABPN1	hsa_circ_0004314_Extracellular	7115	7121	+	10.5588	6.1e-05	0.377	AGAAGAC
M148_0.6	PABPN1	hsa_circ_0104808_Extracellular	7661	7667	+	10.5588	6.1e-05	0.377	AGAAGAC
M148_0.6	PABPN1	hsa_circ_0104808_Extracellular	7661	7667	+	10.5588	6.1e-05	0.377	AGAAGAC
M148_0.6	PABPN1	mmu_circ_0000713_Extracellular	8742	8748	+	10.5588	6.1e-05	0.377	AGAAGAC
M148_0.6	PABPN1	mmu_circ_0000905_Extracellular	9162	9168	+	10.5588	6.1e-05	0.377	AGAAGAC
M148_0.6	PABPN1	hsa_circ_0103045_Extracellular	9925	9931	+	10.5588	6.1e-05	0.377	AGAAGAC
M148_0.6	PABPN1	hsa_circ_0103045_Extracellular	9925	9931	+	10.5588	6.1e-05	0.377	AGAAGAC
M148_0.6	PABPN1	hsa_circ_0103045_Extracellular	9985	9991	+	10.5588	6.1e-05	0.377	AGAAGAC
M148_0.6	PABPN1	hsa_circ_0103045_Extracellular	9985	9991	+	10.5588	6.1e-05	0.377	AGAAGAC
M073_0.6	STAR-PAP	hsa_circ_0038632_Extracellular	52	58	+	10.399	6.1e-05	1	CGATACT
M073_0.6	STAR-PAP	hsa_circ_0005585_Extracellular	438	444	+	10.399	6.1e-05	1	CGATACT
M073_0.6	STAR-PAP	hsa_circ_0087783_Extracellular	451	457	+	10.399	6.1e-05	1	CGATACT
M061_0.6	SAMD4A	hsa_circ_0001190_Extracellular	16	22	+	10.5118	6.1e-05	0.618	GCTGGAC
M061_0.6	SAMD4A	hsa_circ_0001190_Extracellular	16	22	+	10.5118	6.1e-05	0.618	GCTGGAC
M061_0.6	SAMD4A	hsa_circ_0001158_Extracellular	17	23	+	10.5118	6.1e-05	0.618	GCTGGAC
M061_0.6	SAMD4A	hsa_circ_0001158_Extracellular	17	23	+	10.5118	6.1e-05	0.618	GCTGGAC
M061_0.6	SAMD4A	hsa_circ_0067835_Extracellular	19	25	+	10.5118	6.1e-05	0.618	GCTGGAC
M061_0.6	SAMD4A	hsa_circ_0000395_Extracellular	99	105	+	10.5118	6.1e-05	0.618	GCTGGAC
M061_0.6	SAMD4A	hsa_circ_0000395_Extracellular	99	105	+	10.5118	6.1e-05	0.618	GCTGGAC
M061_0.6	SAMD4A	hsa_circ_0000395_Extracellular	99	105	+	10.5118	6.1e-05	0.618	GCTGGAC
M061_0.6	SAMD4A	hsa_circ_0000395_Extracellular	99	105	+	10.5118	6.1e-05	0.618	GCTGGAC
M061_0.6	SAMD4A	hsa_circ_0026642_Extracellular	104	110	+	10.5118	6.1e-05	0.618	GCTGGAC
M061_0.6	SAMD4A	hsa_circ_0042003_Extracellular	111	117	+	10.5118	6.1e-05	0.618	GCTGGAC
M061_0.6	SAMD4A	hsa_circ_0000274_Extracellular	115	121	+	10.5118	6.1e-05	0.618	GCTGGAC
M061_0.6	SAMD4A	hsa_circ_0001301_Extracellular	131	137	+	10.5118	6.1e-05	0.618	GCTGGAC
M061_0.6	SAMD4A	hsa_circ_0001301_Extracellular	131	137	+	10.5118	6.1e-05	0.618	GCTGGAC
M061_0.6	SAMD4A	hsa_circ_0001561_Extracellular	141	147	+	10.5118	6.1e-05	0.618	GCTGGAC
M061_0.6	SAMD4A	hsa_circ_0001561_Extracellular	141	147	+	10.5118	6.1e-05	0.618	GCTGGAC
M061_0.6	SAMD4A	hsa_circ_0001818_Extracellular	152	158	+	10.5118	6.1e-05	0.618	GCTGGAC
M061_0.6	SAMD4A	hsa_circ_0001818_Extracellular	152	158	+	10.5118	6.1e-05	0.618	GCTGGAC
M061_0.6	SAMD4A	hsa_circ_0000199_Extracellular	164	170	+	10.5118	6.1e-05	0.618	GCTGGAC
M061_0.6	SAMD4A	hsa_circ_0034173_Extracellular	166	172	+	10.5118	6.1e-05	0.618	GCTGGAC
M061_0.6	SAMD4A	hsa_circ_0002111_Extracellular	174	180	+	10.5118	6.1e-05	0.618	GCTGGAC
M061_0.6	SAMD4A	hsa_circ_0002111_Extracellular	174	180	+	10.5118	6.1e-05	0.618	GCTGGAC
M061_0.6	SAMD4A	hsa_circ_0001818_Extracellular	212	218	+	10.5118	6.1e-05	0.618	GCTGGAC
M061_0.6	SAMD4A	hsa_circ_0001818_Extracellular	212	218	+	10.5118	6.1e-05	0.618	GCTGGAC
M061_0.6	SAMD4A	hsa_circ_0005944_Extracellular	224	230	+	10.5118	6.1e-05	0.618	GCTGGAC
M061_0.6	SAMD4A	hsa_circ_0005944_Extracellular	224	230	+	10.5118	6.1e-05	0.618	GCTGGAC
M061_0.6	SAMD4A	hsa_circ_0104469_Extracellular	226	232	+	10.5118	6.1e-05	0.618	GCTGGAC
M061_0.6	SAMD4A	hsa_circ_0104469_Extracellular	226	232	+	10.5118	6.1e-05	0.618	GCTGGAC
M061_0.6	SAMD4A	hsa_circ_0063681_Extracellular	232	238	+	10.5118	6.1e-05	0.618	GCTGGAC
M061_0.6	SAMD4A	hsa_circ_0104469_Extracellular	250	256	+	10.5118	6.1e-05	0.618	GCTGGAC
M061_0.6	SAMD4A	hsa_circ_0104469_Extracellular	250	256	+	10.5118	6.1e-05	0.618	GCTGGAC
M061_0.6	SAMD4A	hsa_circ_0090577_Extracellular	264	270	+	10.5118	6.1e-05	0.618	GCTGGAC
M061_0.6	SAMD4A	hsa_circ_0005944_Extracellular	284	290	+	10.5118	6.1e-05	0.618	GCTGGAC
M061_0.6	SAMD4A	hsa_circ_0005944_Extracellular	284	290	+	10.5118	6.1e-05	0.618	GCTGGAC
M061_0.6	SAMD4A	hsa_circ_0048856_Extracellular	298	304	+	10.5118	6.1e-05	0.618	GCTGGAC
M061_0.6	SAMD4A	hsa_circ_0000168_Extracellular	304	310	+	10.5118	6.1e-05	0.618	GCTGGAC
M061_0.6	SAMD4A	hsa_circ_0000168_Extracellular	304	310	+	10.5118	6.1e-05	0.618	GCTGGAC
M061_0.6	SAMD4A	hsa_circ_0069313_Extracellular	315	321	+	10.5118	6.1e-05	0.618	GCTGGAC
M061_0.6	SAMD4A	hsa_circ_0069313_Extracellular	315	321	+	10.5118	6.1e-05	0.618	GCTGGAC
M061_0.6	SAMD4A	hsa_circ_0006411_Extracellular	322	328	+	10.5118	6.1e-05	0.618	GCTGGAC
M061_0.6	SAMD4A	hsa_circ_0006411_Extracellular	322	328	+	10.5118	6.1e-05	0.618	GCTGGAC
M061_0.6	SAMD4A	hsa_circ_0078077_Extracellular	337	343	+	10.5118	6.1e-05	0.618	GCTGGAC
M061_0.6	SAMD4A	hsa_circ_0007293_Extracellular	337	343	+	10.5118	6.1e-05	0.618	GCTGGAC
M061_0.6	SAMD4A	hsa_circ_0078077_Extracellular	337	343	+	10.5118	6.1e-05	0.618	GCTGGAC
M061_0.6	SAMD4A	hsa_circ_0048121_Extracellular	340	346	+	10.5118	6.1e-05	0.618	GCTGGAC
M061_0.6	SAMD4A	hsa_circ_0091741_Extracellular	345	351	+	10.5118	6.1e-05	0.618	GCTGGAC
M061_0.6	SAMD4A	hsa_circ_0081144_Extracellular	347	353	+	10.5118	6.1e-05	0.618	GCTGGAC
M061_0.6	SAMD4A	hsa_circ_0048856_Extracellular	358	364	+	10.5118	6.1e-05	0.618	GCTGGAC
M061_0.6	SAMD4A	hsa_circ_0059639_Extracellular	368	374	+	10.5118	6.1e-05	0.618	GCTGGAC
M061_0.6	SAMD4A	hsa_circ_0003600_Extracellular	369	375	+	10.5118	6.1e-05	0.618	GCTGGAC
M061_0.6	SAMD4A	hsa_circ_0003600_Extracellular	369	375	+	10.5118	6.1e-05	0.618	GCTGGAC
M061_0.6	SAMD4A	hsa_circ_0102788_Extracellular	390	396	+	10.5118	6.1e-05	0.618	GCTGGAC
M061_0.6	SAMD4A	hsa_circ_0102788_Extracellular	390	396	+	10.5118	6.1e-05	0.618	GCTGGAC
M061_0.6	SAMD4A	hsa_circ_0026611_Extracellular	408	414	+	10.5118	6.1e-05	0.618	GCTGGAC
M061_0.6	SAMD4A	hsa_circ_0026611_Extracellular	408	414	+	10.5118	6.1e-05	0.618	GCTGGAC
M061_0.6	SAMD4A	hsa_circ_0059639_Extracellular	428	434	+	10.5118	6.1e-05	0.618	GCTGGAC
M061_0.6	SAMD4A	hsa_circ_0003600_Extracellular	429	435	+	10.5118	6.1e-05	0.618	GCTGGAC
M061_0.6	SAMD4A	hsa_circ_0003600_Extracellular	429	435	+	10.5118	6.1e-05	0.618	GCTGGAC
M061_0.6	SAMD4A	hsa_circ_0063526_Extracellular	464	470	+	10.5118	6.1e-05	0.618	GCTGGAC
M061_0.6	SAMD4A	hsa_circ_0063526_Extracellular	464	470	+	10.5118	6.1e-05	0.618	GCTGGAC
M061_0.6	SAMD4A	hsa_circ_0086841_Extracellular	471	477	+	10.5118	6.1e-05	0.618	GCTGGAC
M061_0.6	SAMD4A	hsa_circ_0102072_Extracellular	587	593	+	10.5118	6.1e-05	0.618	GCTGGAC
M061_0.6	SAMD4A	hsa_circ_0102072_Extracellular	587	593	+	10.5118	6.1e-05	0.618	GCTGGAC
M061_0.6	SAMD4A	hsa_circ_0102072_Extracellular	647	653	+	10.5118	6.1e-05	0.618	GCTGGAC
M061_0.6	SAMD4A	hsa_circ_0102072_Extracellular	647	653	+	10.5118	6.1e-05	0.618	GCTGGAC
M061_0.6	SAMD4A	hsa_circ_0045861_Extracellular	709	715	+	10.5118	6.1e-05	0.618	GCTGGAC
M061_0.6	SAMD4A	hsa_circ_0000323_Extracellular	736	742	+	10.5118	6.1e-05	0.618	GCTGGAC
M061_0.6	SAMD4A	hsa_circ_0000323_Extracellular	736	742	+	10.5118	6.1e-05	0.618	GCTGGAC
M061_0.6	SAMD4A	hsa_circ_0081144_Extracellular	740	746	+	10.5118	6.1e-05	0.618	GCTGGAC
M061_0.6	SAMD4A	hsa_circ_0104853_Extracellular	774	780	+	10.5118	6.1e-05	0.618	GCTGGAC
M061_0.6	SAMD4A	hsa_circ_0104853_Extracellular	774	780	+	10.5118	6.1e-05	0.618	GCTGGAC
M061_0.6	SAMD4A	hsa_circ_0000323_Extracellular	784	790	+	10.5118	6.1e-05	0.618	GCTGGAC
M061_0.6	SAMD4A	hsa_circ_0000323_Extracellular	784	790	+	10.5118	6.1e-05	0.618	GCTGGAC
M061_0.6	SAMD4A	hsa_circ_0103491_Extracellular	830	836	+	10.5118	6.1e-05	0.618	GCTGGAC
M061_0.6	SAMD4A	hsa_circ_0103491_Extracellular	830	836	+	10.5118	6.1e-05	0.618	GCTGGAC
M061_0.6	SAMD4A	hsa_circ_0061395_Extracellular	934	940	+	10.5118	6.1e-05	0.618	GCTGGAC
M061_0.6	SAMD4A	hsa_circ_0044226_Extracellular	947	953	+	10.5118	6.1e-05	0.618	GCTGGAC
M061_0.6	SAMD4A	hsa_circ_0000246_Extracellular	967	973	+	10.5118	6.1e-05	0.618	GCTGGAC
M061_0.6	SAMD4A	hsa_circ_0000246_Extracellular	967	973	+	10.5118	6.1e-05	0.618	GCTGGAC
M061_0.6	SAMD4A	mmu_circ_0000250_Extracellular	1007	1013	+	10.5118	6.1e-05	0.618	GCTGGAC
M061_0.6	SAMD4A	hsa_circ_0034173_Extracellular	1027	1033	+	10.5118	6.1e-05	0.618	GCTGGAC
M061_0.6	SAMD4A	hsa_circ_0000725_Extracellular	1039	1045	+	10.5118	6.1e-05	0.618	GCTGGAC
M061_0.6	SAMD4A	hsa_circ_0000725_Extracellular	1039	1045	+	10.5118	6.1e-05	0.618	GCTGGAC
M061_0.6	SAMD4A	hsa_circ_0000174_Extracellular	1052	1058	+	10.5118	6.1e-05	0.618	GCTGGAC
M061_0.6	SAMD4A	hsa_circ_0000174_Extracellular	1052	1058	+	10.5118	6.1e-05	0.618	GCTGGAC
M061_0.6	SAMD4A	hsa_circ_0036176_Extracellular	1076	1082	+	10.5118	6.1e-05	0.618	GCTGGAC
M061_0.6	SAMD4A	hsa_circ_0034173_Extracellular	1087	1093	+	10.5118	6.1e-05	0.618	GCTGGAC
M061_0.6	SAMD4A	hsa_circ_0000174_Extracellular	1090	1096	+	10.5118	6.1e-05	0.618	GCTGGAC
M061_0.6	SAMD4A	hsa_circ_0000174_Extracellular	1090	1096	+	10.5118	6.1e-05	0.618	GCTGGAC
M061_0.6	SAMD4A	hsa_circ_0103654_Extracellular	1118	1124	+	10.5118	6.1e-05	0.618	GCTGGAC
M061_0.6	SAMD4A	hsa_circ_0103654_Extracellular	1118	1124	+	10.5118	6.1e-05	0.618	GCTGGAC
M061_0.6	SAMD4A	hsa_circ_0000725_Extracellular	1127	1133	+	10.5118	6.1e-05	0.618	GCTGGAC
M061_0.6	SAMD4A	hsa_circ_0000725_Extracellular	1127	1133	+	10.5118	6.1e-05	0.618	GCTGGAC
M061_0.6	SAMD4A	hsa_circ_0000752_Extracellular	1179	1185	+	10.5118	6.1e-05	0.618	GCTGGAC
M061_0.6	SAMD4A	hsa_circ_0000752_Extracellular	1179	1185	+	10.5118	6.1e-05	0.618	GCTGGAC
M061_0.6	SAMD4A	hsa_circ_0104700_Extracellular	1199	1205	+	10.5118	6.1e-05	0.618	GCTGGAC
M061_0.6	SAMD4A	hsa_circ_0104700_Extracellular	1199	1205	+	10.5118	6.1e-05	0.618	GCTGGAC
M061_0.6	SAMD4A	hsa_circ_0063526_Extracellular	1221	1227	+	10.5118	6.1e-05	0.618	GCTGGAC
M061_0.6	SAMD4A	hsa_circ_0063526_Extracellular	1221	1227	+	10.5118	6.1e-05	0.618	GCTGGAC
M061_0.6	SAMD4A	hsa_circ_0103790_Extracellular	1275	1281	+	10.5118	6.1e-05	0.618	GCTGGAC
M061_0.6	SAMD4A	hsa_circ_0103790_Extracellular	1275	1281	+	10.5118	6.1e-05	0.618	GCTGGAC
M061_0.6	SAMD4A	hsa_circ_0133794_Extracellular	1291	1297	+	10.5118	6.1e-05	0.618	GCTGGAC
M061_0.6	SAMD4A	hsa_circ_0104128_Extracellular	1320	1326	+	10.5118	6.1e-05	0.618	GCTGGAC
M061_0.6	SAMD4A	hsa_circ_0104128_Extracellular	1320	1326	+	10.5118	6.1e-05	0.618	GCTGGAC
M061_0.6	SAMD4A	hsa_circ_0104128_Extracellular	1380	1386	+	10.5118	6.1e-05	0.618	GCTGGAC
M061_0.6	SAMD4A	hsa_circ_0104128_Extracellular	1380	1386	+	10.5118	6.1e-05	0.618	GCTGGAC
M061_0.6	SAMD4A	hsa_circ_0010467_Extracellular	1492	1498	+	10.5118	6.1e-05	0.618	GCTGGAC
M061_0.6	SAMD4A	hsa_circ_0104137_Extracellular	1502	1508	+	10.5118	6.1e-05	0.618	GCTGGAC
M061_0.6	SAMD4A	hsa_circ_0104137_Extracellular	1502	1508	+	10.5118	6.1e-05	0.618	GCTGGAC
M061_0.6	SAMD4A	hsa_circ_0001844_Extracellular	1608	1614	+	10.5118	6.1e-05	0.618	GCTGGAC
M061_0.6	SAMD4A	hsa_circ_0001844_Extracellular	1608	1614	+	10.5118	6.1e-05	0.618	GCTGGAC
M061_0.6	SAMD4A	hsa_circ_0001844_Extracellular	1668	1674	+	10.5118	6.1e-05	0.618	GCTGGAC
M061_0.6	SAMD4A	hsa_circ_0001844_Extracellular	1668	1674	+	10.5118	6.1e-05	0.618	GCTGGAC
M061_0.6	SAMD4A	hsa_circ_0000053_Extracellular	1717	1723	+	10.5118	6.1e-05	0.618	GCTGGAC
M061_0.6	SAMD4A	hsa_circ_0000053_Extracellular	1717	1723	+	10.5118	6.1e-05	0.618	GCTGGAC
M061_0.6	SAMD4A	hsa_circ_0100718_Extracellular	1789	1795	+	10.5118	6.1e-05	0.618	GCTGGAC
M061_0.6	SAMD4A	hsa_circ_0100718_Extracellular	1789	1795	+	10.5118	6.1e-05	0.618	GCTGGAC
M061_0.6	SAMD4A	hsa_circ_0047156_Extracellular	1862	1868	+	10.5118	6.1e-05	0.618	GCTGGAC
M061_0.6	SAMD4A	hsa_circ_0104808_Extracellular	2259	2265	+	10.5118	6.1e-05	0.618	GCTGGAC
M061_0.6	SAMD4A	hsa_circ_0104808_Extracellular	2259	2265	+	10.5118	6.1e-05	0.618	GCTGGAC
M061_0.6	SAMD4A	hsa_circ_0104980_Extracellular	2614	2620	+	10.5118	6.1e-05	0.618	GCTGGAC
M061_0.6	SAMD4A	hsa_circ_0104980_Extracellular	2614	2620	+	10.5118	6.1e-05	0.618	GCTGGAC
M061_0.6	SAMD4A	hsa_circ_0000065_Extracellular	2674	2680	+	10.5118	6.1e-05	0.618	GCTGGAC
M061_0.6	SAMD4A	hsa_circ_0000065_Extracellular	2674	2680	+	10.5118	6.1e-05	0.618	GCTGGAC
M061_0.6	SAMD4A	hsa_circ_0090577_Extracellular	2962	2968	+	10.5118	6.1e-05	0.618	GCTGGAC
M061_0.6	SAMD4A	hsa_circ_0078077_Extracellular	3435	3441	+	10.5118	6.1e-05	0.618	GCTGGAC
M061_0.6	SAMD4A	hsa_circ_0078077_Extracellular	3435	3441	+	10.5118	6.1e-05	0.618	GCTGGAC
M061_0.6	SAMD4A	hsa_circ_0078077_Extracellular	3495	3501	+	10.5118	6.1e-05	0.618	GCTGGAC
M061_0.6	SAMD4A	hsa_circ_0078077_Extracellular	3495	3501	+	10.5118	6.1e-05	0.618	GCTGGAC
M061_0.6	SAMD4A	hsa_circ_0078077_Extracellular	3754	3760	+	10.5118	6.1e-05	0.618	GCTGGAC
M061_0.6	SAMD4A	hsa_circ_0078077_Extracellular	3754	3760	+	10.5118	6.1e-05	0.618	GCTGGAC
M061_0.6	SAMD4A	hsa_circ_0009684_Extracellular	5068	5074	+	10.5118	6.1e-05	0.618	GCTGGAC
M061_0.6	SAMD4A	hsa_circ_0009684_Extracellular	5068	5074	+	10.5118	6.1e-05	0.618	GCTGGAC
M061_0.6	SAMD4A	mmu_circ_0000905_Extracellular	5665	5671	+	10.5118	6.1e-05	0.618	GCTGGAC
M061_0.6	SAMD4A	hsa_circ_0026102_Extracellular	6285	6291	+	10.5118	6.1e-05	0.618	GCTGGAC
M061_0.6	SAMD4A	hsa_circ_0026102_Extracellular	6345	6351	+	10.5118	6.1e-05	0.618	GCTGGAC
M061_0.6	SAMD4A	hsa_circ_0104980_Extracellular	8126	8132	+	10.5118	6.1e-05	0.618	GCTGGAC
M061_0.6	SAMD4A	hsa_circ_0104980_Extracellular	8126	8132	+	10.5118	6.1e-05	0.618	GCTGGAC
M061_0.6	SAMD4A	hsa_circ_0000726_Extracellular	8578	8584	+	10.5118	6.1e-05	0.618	GCTGGAC
M061_0.6	SAMD4A	hsa_circ_0000726_Extracellular	8578	8584	+	10.5118	6.1e-05	0.618	GCTGGAC
M061_0.6	SAMD4A	hsa_circ_0000090_Extracellular	8828	8834	+	10.5118	6.1e-05	0.618	GCTGGAC
M061_0.6	SAMD4A	hsa_circ_0000090_Extracellular	8828	8834	+	10.5118	6.1e-05	0.618	GCTGGAC
M061_0.6	SAMD4A	hsa_circ_0001306_Extracellular	8961	8967	+	10.5118	6.1e-05	0.618	GCTGGAC
M061_0.6	SAMD4A	hsa_circ_0001306_Extracellular	8961	8967	+	10.5118	6.1e-05	0.618	GCTGGAC
M061_0.6	SAMD4A	hsa_circ_0104980_Extracellular	13186	13192	+	10.5118	6.1e-05	0.618	GCTGGAC
M061_0.6	SAMD4A	hsa_circ_0104980_Extracellular	13186	13192	+	10.5118	6.1e-05	0.618	GCTGGAC
M054_0.6	RBM8A	hsa_circ_0104475_Extracellular	307	313	+	10.4085	6.1e-05	1	GCGCGCG
M054_0.6	RBM8A	hsa_circ_0104475_Extracellular	307	313	+	10.4085	6.1e-05	1	GCGCGCG
M054_0.6	RBM8A	hsa_circ_0001306_Extracellular	9778	9784	+	10.4085	6.1e-05	1	GCGCGCG
M054_0.6	RBM8A	hsa_circ_0001306_Extracellular	9778	9784	+	10.4085	6.1e-05	1	GCGCGCG
M054_0.6	RBM8A	hsa_circ_0000090_Extracellular	11402	11408	+	10.4085	6.1e-05	1	GCGCGCG
M054_0.6	RBM8A	hsa_circ_0000090_Extracellular	11402	11408	+	10.4085	6.1e-05	1	GCGCGCG
M054_0.6	RBM8A	hsa_circ_0000090_Extracellular	11404	11410	+	10.4085	6.1e-05	1	GCGCGCG
M054_0.6	RBM8A	hsa_circ_0000090_Extracellular	11404	11410	+	10.4085	6.1e-05	1	GCGCGCG
M054_0.6	RBM8A	hsa_circ_0000090_Extracellular	11406	11412	+	10.4085	6.1e-05	1	GCGCGCG
M054_0.6	RBM8A	hsa_circ_0000090_Extracellular	11406	11412	+	10.4085	6.1e-05	1	GCGCGCG
M049_0.6	(RBM38)_(Mus_musculus)_(RBD_0.99)	hsa_circ_0001184_Extracellular	4	10	+	10.8059	6.1e-05	0.291	GTGTGTG
M049_0.6	(RBM38)_(Mus_musculus)_(RBD_0.99)	hsa_circ_0001184_Extracellular	4	10	+	10.8059	6.1e-05	0.291	GTGTGTG
M049_0.6	(RBM38)_(Mus_musculus)_(RBD_0.99)	hsa_circ_0030835_Extracellular	8	14	+	10.8059	6.1e-05	0.291	GTGTGTG
M049_0.6	(RBM38)_(Mus_musculus)_(RBD_0.99)	hsa_circ_0006411_Extracellular	10	16	+	10.8059	6.1e-05	0.291	GTGTGTG
M049_0.6	(RBM38)_(Mus_musculus)_(RBD_0.99)	hsa_circ_0006411_Extracellular	10	16	+	10.8059	6.1e-05	0.291	GTGTGTG
M049_0.6	(RBM38)_(Mus_musculus)_(RBD_0.99)	hsa_circ_0000662_Extracellular	16	22	+	10.8059	6.1e-05	0.291	GTGTGTG
M049_0.6	(RBM38)_(Mus_musculus)_(RBD_0.99)	hsa_circ_0000662_Extracellular	16	22	+	10.8059	6.1e-05	0.291	GTGTGTG
M049_0.6	(RBM38)_(Mus_musculus)_(RBD_0.99)	hsa_circ_0000788_Extracellular	19	25	+	10.8059	6.1e-05	0.291	GTGTGTG
M049_0.6	(RBM38)_(Mus_musculus)_(RBD_0.99)	hsa_circ_0001273_Extracellular	19	25	+	10.8059	6.1e-05	0.291	GTGTGTG
M049_0.6	(RBM38)_(Mus_musculus)_(RBD_0.99)	hsa_circ_0001273_Extracellular	19	25	+	10.8059	6.1e-05	0.291	GTGTGTG
M049_0.6	(RBM38)_(Mus_musculus)_(RBD_0.99)	hsa_circ_0000788_Extracellular	19	25	+	10.8059	6.1e-05	0.291	GTGTGTG
M049_0.6	(RBM38)_(Mus_musculus)_(RBD_0.99)	hsa_circ_0018146_Extracellular	22	28	+	10.8059	6.1e-05	0.291	GTGTGTG
M049_0.6	(RBM38)_(Mus_musculus)_(RBD_0.99)	hsa_circ_0018146_Extracellular	24	30	+	10.8059	6.1e-05	0.291	GTGTGTG
M049_0.6	(RBM38)_(Mus_musculus)_(RBD_0.99)	hsa_circ_0000301_Extracellular	33	39	+	10.8059	6.1e-05	0.291	GTGTGTG
M049_0.6	(RBM38)_(Mus_musculus)_(RBD_0.99)	hsa_circ_0000301_Extracellular	33	39	+	10.8059	6.1e-05	0.291	GTGTGTG
M049_0.6	(RBM38)_(Mus_musculus)_(RBD_0.99)	hsa_circ_0001204_Extracellular	37	43	+	10.8059	6.1e-05	0.291	GTGTGTG
M049_0.6	(RBM38)_(Mus_musculus)_(RBD_0.99)	hsa_circ_0001204_Extracellular	37	43	+	10.8059	6.1e-05	0.291	GTGTGTG
M049_0.6	(RBM38)_(Mus_musculus)_(RBD_0.99)	hsa_circ_0001204_Extracellular	39	45	+	10.8059	6.1e-05	0.291	GTGTGTG
M049_0.6	(RBM38)_(Mus_musculus)_(RBD_0.99)	hsa_circ_0001204_Extracellular	39	45	+	10.8059	6.1e-05	0.291	GTGTGTG
M049_0.6	(RBM38)_(Mus_musculus)_(RBD_0.99)	hsa_circ_0001204_Extracellular	41	47	+	10.8059	6.1e-05	0.291	GTGTGTG
M049_0.6	(RBM38)_(Mus_musculus)_(RBD_0.99)	hsa_circ_0001204_Extracellular	41	47	+	10.8059	6.1e-05	0.291	GTGTGTG
M049_0.6	(RBM38)_(Mus_musculus)_(RBD_0.99)	hsa_circ_0001204_Extracellular	43	49	+	10.8059	6.1e-05	0.291	GTGTGTG
M049_0.6	(RBM38)_(Mus_musculus)_(RBD_0.99)	hsa_circ_0001204_Extracellular	43	49	+	10.8059	6.1e-05	0.291	GTGTGTG
M049_0.6	(RBM38)_(Mus_musculus)_(RBD_0.99)	hsa_circ_0001204_Extracellular	45	51	+	10.8059	6.1e-05	0.291	GTGTGTG
M049_0.6	(RBM38)_(Mus_musculus)_(RBD_0.99)	hsa_circ_0001204_Extracellular	45	51	+	10.8059	6.1e-05	0.291	GTGTGTG
M049_0.6	(RBM38)_(Mus_musculus)_(RBD_0.99)	hsa_circ_0001184_Extracellular	64	70	+	10.8059	6.1e-05	0.291	GTGTGTG
M049_0.6	(RBM38)_(Mus_musculus)_(RBD_0.99)	hsa_circ_0001184_Extracellular	64	70	+	10.8059	6.1e-05	0.291	GTGTGTG
M049_0.6	(RBM38)_(Mus_musculus)_(RBD_0.99)	hsa_circ_0001834_Extracellular	83	89	+	10.8059	6.1e-05	0.291	GTGTGTG
M049_0.6	(RBM38)_(Mus_musculus)_(RBD_0.99)	hsa_circ_0001834_Extracellular	83	89	+	10.8059	6.1e-05	0.291	GTGTGTG
M049_0.6	(RBM38)_(Mus_musculus)_(RBD_0.99)	hsa_circ_0000292_Extracellular	150	156	+	10.8059	6.1e-05	0.291	GTGTGTG
M049_0.6	(RBM38)_(Mus_musculus)_(RBD_0.99)	hsa_circ_0000292_Extracellular	150	156	+	10.8059	6.1e-05	0.291	GTGTGTG
M049_0.6	(RBM38)_(Mus_musculus)_(RBD_0.99)	hsa_circ_0000301_Extracellular	163	169	+	10.8059	6.1e-05	0.291	GTGTGTG
M049_0.6	(RBM38)_(Mus_musculus)_(RBD_0.99)	hsa_circ_0000301_Extracellular	163	169	+	10.8059	6.1e-05	0.291	GTGTGTG
M049_0.6	(RBM38)_(Mus_musculus)_(RBD_0.99)	hsa_circ_0001297_Extracellular	204	210	+	10.8059	6.1e-05	0.291	GTGTGTG
M049_0.6	(RBM38)_(Mus_musculus)_(RBD_0.99)	hsa_circ_0001297_Extracellular	204	210	+	10.8059	6.1e-05	0.291	GTGTGTG
M049_0.6	(RBM38)_(Mus_musculus)_(RBD_0.99)	hsa_circ_0001297_Extracellular	206	212	+	10.8059	6.1e-05	0.291	GTGTGTG
M049_0.6	(RBM38)_(Mus_musculus)_(RBD_0.99)	hsa_circ_0001297_Extracellular	206	212	+	10.8059	6.1e-05	0.291	GTGTGTG
M049_0.6	(RBM38)_(Mus_musculus)_(RBD_0.99)	hsa_circ_0000292_Extracellular	210	216	+	10.8059	6.1e-05	0.291	GTGTGTG
M049_0.6	(RBM38)_(Mus_musculus)_(RBD_0.99)	hsa_circ_0000292_Extracellular	210	216	+	10.8059	6.1e-05	0.291	GTGTGTG
M049_0.6	(RBM38)_(Mus_musculus)_(RBD_0.99)	hsa_circ_0000301_Extracellular	222	228	+	10.8059	6.1e-05	0.291	GTGTGTG
M049_0.6	(RBM38)_(Mus_musculus)_(RBD_0.99)	hsa_circ_0000301_Extracellular	222	228	+	10.8059	6.1e-05	0.291	GTGTGTG
M049_0.6	(RBM38)_(Mus_musculus)_(RBD_0.99)	hsa_circ_0010522_Extracellular	226	232	+	10.8059	6.1e-05	0.291	GTGTGTG
M049_0.6	(RBM38)_(Mus_musculus)_(RBD_0.99)	hsa_circ_0000301_Extracellular	235	241	+	10.8059	6.1e-05	0.291	GTGTGTG
M049_0.6	(RBM38)_(Mus_musculus)_(RBD_0.99)	hsa_circ_0000301_Extracellular	235	241	+	10.8059	6.1e-05	0.291	GTGTGTG
M049_0.6	(RBM38)_(Mus_musculus)_(RBD_0.99)	hsa_circ_0000301_Extracellular	237	243	+	10.8059	6.1e-05	0.291	GTGTGTG
M049_0.6	(RBM38)_(Mus_musculus)_(RBD_0.99)	hsa_circ_0000301_Extracellular	237	243	+	10.8059	6.1e-05	0.291	GTGTGTG
M049_0.6	(RBM38)_(Mus_musculus)_(RBD_0.99)	hsa_circ_0000301_Extracellular	255	261	+	10.8059	6.1e-05	0.291	GTGTGTG
M049_0.6	(RBM38)_(Mus_musculus)_(RBD_0.99)	hsa_circ_0000301_Extracellular	255	261	+	10.8059	6.1e-05	0.291	GTGTGTG
M049_0.6	(RBM38)_(Mus_musculus)_(RBD_0.99)	hsa_circ_0103829_Extracellular	260	266	+	10.8059	6.1e-05	0.291	GTGTGTG
M049_0.6	(RBM38)_(Mus_musculus)_(RBD_0.99)	hsa_circ_0103829_Extracellular	260	266	+	10.8059	6.1e-05	0.291	GTGTGTG
M049_0.6	(RBM38)_(Mus_musculus)_(RBD_0.99)	hsa_circ_0000301_Extracellular	282	288	+	10.8059	6.1e-05	0.291	GTGTGTG
M049_0.6	(RBM38)_(Mus_musculus)_(RBD_0.99)	hsa_circ_0000301_Extracellular	282	288	+	10.8059	6.1e-05	0.291	GTGTGTG
M049_0.6	(RBM38)_(Mus_musculus)_(RBD_0.99)	hsa_circ_0010522_Extracellular	283	289	+	10.8059	6.1e-05	0.291	GTGTGTG
M049_0.6	(RBM38)_(Mus_musculus)_(RBD_0.99)	hsa_circ_0000301_Extracellular	326	332	+	10.8059	6.1e-05	0.291	GTGTGTG
M049_0.6	(RBM38)_(Mus_musculus)_(RBD_0.99)	hsa_circ_0000301_Extracellular	326	332	+	10.8059	6.1e-05	0.291	GTGTGTG
M049_0.6	(RBM38)_(Mus_musculus)_(RBD_0.99)	hsa_circ_0000301_Extracellular	328	334	+	10.8059	6.1e-05	0.291	GTGTGTG
M049_0.6	(RBM38)_(Mus_musculus)_(RBD_0.99)	hsa_circ_0000301_Extracellular	328	334	+	10.8059	6.1e-05	0.291	GTGTGTG
M049_0.6	(RBM38)_(Mus_musculus)_(RBD_0.99)	hsa_circ_0000301_Extracellular	369	375	+	10.8059	6.1e-05	0.291	GTGTGTG
M049_0.6	(RBM38)_(Mus_musculus)_(RBD_0.99)	hsa_circ_0000301_Extracellular	369	375	+	10.8059	6.1e-05	0.291	GTGTGTG
M049_0.6	(RBM38)_(Mus_musculus)_(RBD_0.99)	hsa_circ_0000301_Extracellular	404	410	+	10.8059	6.1e-05	0.291	GTGTGTG
M049_0.6	(RBM38)_(Mus_musculus)_(RBD_0.99)	hsa_circ_0000301_Extracellular	404	410	+	10.8059	6.1e-05	0.291	GTGTGTG
M049_0.6	(RBM38)_(Mus_musculus)_(RBD_0.99)	hsa_circ_0103809_Extracellular	513	519	+	10.8059	6.1e-05	0.291	GTGTGTG
M049_0.6	(RBM38)_(Mus_musculus)_(RBD_0.99)	hsa_circ_0103809_Extracellular	513	519	+	10.8059	6.1e-05	0.291	GTGTGTG
M049_0.6	(RBM38)_(Mus_musculus)_(RBD_0.99)	hsa_circ_0103809_Extracellular	513	519	+	10.8059	6.1e-05	0.291	GTGTGTG
M049_0.6	(RBM38)_(Mus_musculus)_(RBD_0.99)	hsa_circ_0103809_Extracellular	515	521	+	10.8059	6.1e-05	0.291	GTGTGTG
M049_0.6	(RBM38)_(Mus_musculus)_(RBD_0.99)	hsa_circ_0103809_Extracellular	515	521	+	10.8059	6.1e-05	0.291	GTGTGTG
M049_0.6	(RBM38)_(Mus_musculus)_(RBD_0.99)	hsa_circ_0103809_Extracellular	515	521	+	10.8059	6.1e-05	0.291	GTGTGTG
M049_0.6	(RBM38)_(Mus_musculus)_(RBD_0.99)	hsa_circ_0103809_Extracellular	517	523	+	10.8059	6.1e-05	0.291	GTGTGTG
M049_0.6	(RBM38)_(Mus_musculus)_(RBD_0.99)	hsa_circ_0103809_Extracellular	517	523	+	10.8059	6.1e-05	0.291	GTGTGTG
M049_0.6	(RBM38)_(Mus_musculus)_(RBD_0.99)	hsa_circ_0103809_Extracellular	517	523	+	10.8059	6.1e-05	0.291	GTGTGTG
M049_0.6	(RBM38)_(Mus_musculus)_(RBD_0.99)	hsa_circ_0103809_Extracellular	519	525	+	10.8059	6.1e-05	0.291	GTGTGTG
M049_0.6	(RBM38)_(Mus_musculus)_(RBD_0.99)	hsa_circ_0103809_Extracellular	519	525	+	10.8059	6.1e-05	0.291	GTGTGTG
M049_0.6	(RBM38)_(Mus_musculus)_(RBD_0.99)	hsa_circ_0103809_Extracellular	519	525	+	10.8059	6.1e-05	0.291	GTGTGTG
M049_0.6	(RBM38)_(Mus_musculus)_(RBD_0.99)	hsa_circ_0097011_Extracellular	568	574	+	10.8059	6.1e-05	0.291	GTGTGTG
M049_0.6	(RBM38)_(Mus_musculus)_(RBD_0.99)	hsa_circ_0026611_Extracellular	569	575	+	10.8059	6.1e-05	0.291	GTGTGTG
M049_0.6	(RBM38)_(Mus_musculus)_(RBD_0.99)	hsa_circ_0026611_Extracellular	569	575	+	10.8059	6.1e-05	0.291	GTGTGTG
M049_0.6	(RBM38)_(Mus_musculus)_(RBD_0.99)	hsa_circ_0000994_Extracellular	594	600	+	10.8059	6.1e-05	0.291	GTGTGTG
M049_0.6	(RBM38)_(Mus_musculus)_(RBD_0.99)	hsa_circ_0000994_Extracellular	594	600	+	10.8059	6.1e-05	0.291	GTGTGTG
M049_0.6	(RBM38)_(Mus_musculus)_(RBD_0.99)	hsa_circ_0049499_Extracellular	618	624	+	10.8059	6.1e-05	0.291	GTGTGTG
M049_0.6	(RBM38)_(Mus_musculus)_(RBD_0.99)	hsa_circ_0026102_Extracellular	619	625	+	10.8059	6.1e-05	0.291	GTGTGTG
M049_0.6	(RBM38)_(Mus_musculus)_(RBD_0.99)	hsa_circ_0104423_Extracellular	655	661	+	10.8059	6.1e-05	0.291	GTGTGTG
M049_0.6	(RBM38)_(Mus_musculus)_(RBD_0.99)	hsa_circ_0104423_Extracellular	655	661	+	10.8059	6.1e-05	0.291	GTGTGTG
M049_0.6	(RBM38)_(Mus_musculus)_(RBD_0.99)	hsa_circ_0034255_Extracellular	738	744	+	10.8059	6.1e-05	0.291	GTGTGTG
M049_0.6	(RBM38)_(Mus_musculus)_(RBD_0.99)	hsa_circ_0034255_Extracellular	738	744	+	10.8059	6.1e-05	0.291	GTGTGTG
M049_0.6	(RBM38)_(Mus_musculus)_(RBD_0.99)	hsa_circ_0104534_Extracellular	839	845	+	10.8059	6.1e-05	0.291	GTGTGTG
M049_0.6	(RBM38)_(Mus_musculus)_(RBD_0.99)	hsa_circ_0104534_Extracellular	839	845	+	10.8059	6.1e-05	0.291	GTGTGTG
M049_0.6	(RBM38)_(Mus_musculus)_(RBD_0.99)	hsa_circ_0103830_Extracellular	844	850	+	10.8059	6.1e-05	0.291	GTGTGTG
M049_0.6	(RBM38)_(Mus_musculus)_(RBD_0.99)	hsa_circ_0103830_Extracellular	844	850	+	10.8059	6.1e-05	0.291	GTGTGTG
M049_0.6	(RBM38)_(Mus_musculus)_(RBD_0.99)	hsa_circ_0004062_Extracellular	877	883	+	10.8059	6.1e-05	0.291	GTGTGTG
M049_0.6	(RBM38)_(Mus_musculus)_(RBD_0.99)	hsa_circ_0004062_Extracellular	877	883	+	10.8059	6.1e-05	0.291	GTGTGTG
M049_0.6	(RBM38)_(Mus_musculus)_(RBD_0.99)	hsa_circ_0004062_Extracellular	879	885	+	10.8059	6.1e-05	0.291	GTGTGTG
M049_0.6	(RBM38)_(Mus_musculus)_(RBD_0.99)	hsa_circ_0004062_Extracellular	879	885	+	10.8059	6.1e-05	0.291	GTGTGTG
M049_0.6	(RBM38)_(Mus_musculus)_(RBD_0.99)	hsa_circ_0104128_Extracellular	888	894	+	10.8059	6.1e-05	0.291	GTGTGTG
M049_0.6	(RBM38)_(Mus_musculus)_(RBD_0.99)	hsa_circ_0104128_Extracellular	888	894	+	10.8059	6.1e-05	0.291	GTGTGTG
M049_0.6	(RBM38)_(Mus_musculus)_(RBD_0.99)	hsa_circ_0004062_Extracellular	894	900	+	10.8059	6.1e-05	0.291	GTGTGTG
M049_0.6	(RBM38)_(Mus_musculus)_(RBD_0.99)	hsa_circ_0004062_Extracellular	894	900	+	10.8059	6.1e-05	0.291	GTGTGTG
M049_0.6	(RBM38)_(Mus_musculus)_(RBD_0.99)	hsa_circ_0004062_Extracellular	896	902	+	10.8059	6.1e-05	0.291	GTGTGTG
M049_0.6	(RBM38)_(Mus_musculus)_(RBD_0.99)	hsa_circ_0004062_Extracellular	896	902	+	10.8059	6.1e-05	0.291	GTGTGTG
M049_0.6	(RBM38)_(Mus_musculus)_(RBD_0.99)	hsa_circ_0048977_Extracellular	909	915	+	10.8059	6.1e-05	0.291	GTGTGTG
M049_0.6	(RBM38)_(Mus_musculus)_(RBD_0.99)	hsa_circ_0000726_Extracellular	924	930	+	10.8059	6.1e-05	0.291	GTGTGTG
M049_0.6	(RBM38)_(Mus_musculus)_(RBD_0.99)	hsa_circ_0000726_Extracellular	924	930	+	10.8059	6.1e-05	0.291	GTGTGTG
M049_0.6	(RBM38)_(Mus_musculus)_(RBD_0.99)	hsa_circ_0001077_Extracellular	926	932	+	10.8059	6.1e-05	0.291	GTGTGTG
M049_0.6	(RBM38)_(Mus_musculus)_(RBD_0.99)	hsa_circ_0001077_Extracellular	926	932	+	10.8059	6.1e-05	0.291	GTGTGTG
M049_0.6	(RBM38)_(Mus_musculus)_(RBD_0.99)	hsa_circ_0004062_Extracellular	937	943	+	10.8059	6.1e-05	0.291	GTGTGTG
M049_0.6	(RBM38)_(Mus_musculus)_(RBD_0.99)	hsa_circ_0004062_Extracellular	937	943	+	10.8059	6.1e-05	0.291	GTGTGTG
M049_0.6	(RBM38)_(Mus_musculus)_(RBD_0.99)	hsa_circ_0004062_Extracellular	939	945	+	10.8059	6.1e-05	0.291	GTGTGTG
M049_0.6	(RBM38)_(Mus_musculus)_(RBD_0.99)	hsa_circ_0004062_Extracellular	939	945	+	10.8059	6.1e-05	0.291	GTGTGTG
M049_0.6	(RBM38)_(Mus_musculus)_(RBD_0.99)	hsa_circ_0000322_Extracellular	1142	1148	+	10.8059	6.1e-05	0.291	GTGTGTG
M049_0.6	(RBM38)_(Mus_musculus)_(RBD_0.99)	hsa_circ_0000322_Extracellular	1142	1148	+	10.8059	6.1e-05	0.291	GTGTGTG
M049_0.6	(RBM38)_(Mus_musculus)_(RBD_0.99)	hsa_circ_0101018_Extracellular	1148	1154	+	10.8059	6.1e-05	0.291	GTGTGTG
M049_0.6	(RBM38)_(Mus_musculus)_(RBD_0.99)	hsa_circ_0101018_Extracellular	1148	1154	+	10.8059	6.1e-05	0.291	GTGTGTG
M049_0.6	(RBM38)_(Mus_musculus)_(RBD_0.99)	hsa_circ_0059639_Extracellular	1198	1204	+	10.8059	6.1e-05	0.291	GTGTGTG
M049_0.6	(RBM38)_(Mus_musculus)_(RBD_0.99)	hsa_circ_0002591_Extracellular	1222	1228	+	10.8059	6.1e-05	0.291	GTGTGTG
M049_0.6	(RBM38)_(Mus_musculus)_(RBD_0.99)	hsa_circ_0000246_Extracellular	1224	1230	+	10.8059	6.1e-05	0.291	GTGTGTG
M049_0.6	(RBM38)_(Mus_musculus)_(RBD_0.99)	hsa_circ_0000246_Extracellular	1224	1230	+	10.8059	6.1e-05	0.291	GTGTGTG
M049_0.6	(RBM38)_(Mus_musculus)_(RBD_0.99)	hsa_circ_0004062_Extracellular	1272	1278	+	10.8059	6.1e-05	0.291	GTGTGTG
M049_0.6	(RBM38)_(Mus_musculus)_(RBD_0.99)	hsa_circ_0004062_Extracellular	1272	1278	+	10.8059	6.1e-05	0.291	GTGTGTG
M049_0.6	(RBM38)_(Mus_musculus)_(RBD_0.99)	hsa_circ_0102520_Extracellular	1328	1334	+	10.8059	6.1e-05	0.291	GTGTGTG
M049_0.6	(RBM38)_(Mus_musculus)_(RBD_0.99)	hsa_circ_0102520_Extracellular	1328	1334	+	10.8059	6.1e-05	0.291	GTGTGTG
M049_0.6	(RBM38)_(Mus_musculus)_(RBD_0.99)	hsa_circ_0103790_Extracellular	1364	1370	+	10.8059	6.1e-05	0.291	GTGTGTG
M049_0.6	(RBM38)_(Mus_musculus)_(RBD_0.99)	hsa_circ_0103790_Extracellular	1364	1370	+	10.8059	6.1e-05	0.291	GTGTGTG
M049_0.6	(RBM38)_(Mus_musculus)_(RBD_0.99)	hsa_circ_0070762_Extracellular	1578	1584	+	10.8059	6.1e-05	0.291	GTGTGTG
M049_0.6	(RBM38)_(Mus_musculus)_(RBD_0.99)	hsa_circ_0070762_Extracellular	1580	1586	+	10.8059	6.1e-05	0.291	GTGTGTG
M049_0.6	(RBM38)_(Mus_musculus)_(RBD_0.99)	hsa_circ_0000658_Extracellular	1604	1610	+	10.8059	6.1e-05	0.291	GTGTGTG
M049_0.6	(RBM38)_(Mus_musculus)_(RBD_0.99)	hsa_circ_0000658_Extracellular	1604	1610	+	10.8059	6.1e-05	0.291	GTGTGTG
M049_0.6	(RBM38)_(Mus_musculus)_(RBD_0.99)	hsa_circ_0102296_Extracellular	1802	1808	+	10.8059	6.1e-05	0.291	GTGTGTG
M049_0.6	(RBM38)_(Mus_musculus)_(RBD_0.99)	hsa_circ_0102296_Extracellular	1802	1808	+	10.8059	6.1e-05	0.291	GTGTGTG
M049_0.6	(RBM38)_(Mus_musculus)_(RBD_0.99)	hsa_circ_0091741_Extracellular	2119	2125	+	10.8059	6.1e-05	0.291	GTGTGTG
M049_0.6	(RBM38)_(Mus_musculus)_(RBD_0.99)	hsa_circ_0091741_Extracellular	2121	2127	+	10.8059	6.1e-05	0.291	GTGTGTG
M049_0.6	(RBM38)_(Mus_musculus)_(RBD_0.99)	hsa_circ_0091741_Extracellular	2123	2129	+	10.8059	6.1e-05	0.291	GTGTGTG
M049_0.6	(RBM38)_(Mus_musculus)_(RBD_0.99)	hsa_circ_0091741_Extracellular	2125	2131	+	10.8059	6.1e-05	0.291	GTGTGTG
M049_0.6	(RBM38)_(Mus_musculus)_(RBD_0.99)	hsa_circ_0091741_Extracellular	2127	2133	+	10.8059	6.1e-05	0.291	GTGTGTG
M049_0.6	(RBM38)_(Mus_musculus)_(RBD_0.99)	hsa_circ_0091741_Extracellular	2129	2135	+	10.8059	6.1e-05	0.291	GTGTGTG
M049_0.6	(RBM38)_(Mus_musculus)_(RBD_0.99)	hsa_circ_0091741_Extracellular	2131	2137	+	10.8059	6.1e-05	0.291	GTGTGTG
M049_0.6	(RBM38)_(Mus_musculus)_(RBD_0.99)	hsa_circ_0091741_Extracellular	2133	2139	+	10.8059	6.1e-05	0.291	GTGTGTG
M049_0.6	(RBM38)_(Mus_musculus)_(RBD_0.99)	hsa_circ_0091741_Extracellular	2135	2141	+	10.8059	6.1e-05	0.291	GTGTGTG
M049_0.6	(RBM38)_(Mus_musculus)_(RBD_0.99)	hsa_circ_0091741_Extracellular	2137	2143	+	10.8059	6.1e-05	0.291	GTGTGTG
M049_0.6	(RBM38)_(Mus_musculus)_(RBD_0.99)	hsa_circ_0091741_Extracellular	2139	2145	+	10.8059	6.1e-05	0.291	GTGTGTG
M049_0.6	(RBM38)_(Mus_musculus)_(RBD_0.99)	hsa_circ_0091741_Extracellular	2141	2147	+	10.8059	6.1e-05	0.291	GTGTGTG
M049_0.6	(RBM38)_(Mus_musculus)_(RBD_0.99)	hsa_circ_0091741_Extracellular	2143	2149	+	10.8059	6.1e-05	0.291	GTGTGTG
M049_0.6	(RBM38)_(Mus_musculus)_(RBD_0.99)	hsa_circ_0091741_Extracellular	2145	2151	+	10.8059	6.1e-05	0.291	GTGTGTG
M049_0.6	(RBM38)_(Mus_musculus)_(RBD_0.99)	hsa_circ_0091741_Extracellular	2147	2153	+	10.8059	6.1e-05	0.291	GTGTGTG
M049_0.6	(RBM38)_(Mus_musculus)_(RBD_0.99)	hsa_circ_0091741_Extracellular	2149	2155	+	10.8059	6.1e-05	0.291	GTGTGTG
M049_0.6	(RBM38)_(Mus_musculus)_(RBD_0.99)	hsa_circ_0000998_Extracellular	2155	2161	+	10.8059	6.1e-05	0.291	GTGTGTG
M049_0.6	(RBM38)_(Mus_musculus)_(RBD_0.99)	hsa_circ_0000998_Extracellular	2155	2161	+	10.8059	6.1e-05	0.291	GTGTGTG
M049_0.6	(RBM38)_(Mus_musculus)_(RBD_0.99)	hsa_circ_0091741_Extracellular	2179	2185	+	10.8059	6.1e-05	0.291	GTGTGTG
M049_0.6	(RBM38)_(Mus_musculus)_(RBD_0.99)	hsa_circ_0091741_Extracellular	2181	2187	+	10.8059	6.1e-05	0.291	GTGTGTG
M049_0.6	(RBM38)_(Mus_musculus)_(RBD_0.99)	hsa_circ_0091741_Extracellular	2183	2189	+	10.8059	6.1e-05	0.291	GTGTGTG
M049_0.6	(RBM38)_(Mus_musculus)_(RBD_0.99)	hsa_circ_0101493_Extracellular	2232	2238	+	10.8059	6.1e-05	0.291	GTGTGTG
M049_0.6	(RBM38)_(Mus_musculus)_(RBD_0.99)	hsa_circ_0101493_Extracellular	2232	2238	+	10.8059	6.1e-05	0.291	GTGTGTG
M049_0.6	(RBM38)_(Mus_musculus)_(RBD_0.99)	hsa_circ_0104761_Extracellular	2269	2275	+	10.8059	6.1e-05	0.291	GTGTGTG
M049_0.6	(RBM38)_(Mus_musculus)_(RBD_0.99)	hsa_circ_0104761_Extracellular	2269	2275	+	10.8059	6.1e-05	0.291	GTGTGTG
M049_0.6	(RBM38)_(Mus_musculus)_(RBD_0.99)	hsa_circ_0104761_Extracellular	2329	2335	+	10.8059	6.1e-05	0.291	GTGTGTG
M049_0.6	(RBM38)_(Mus_musculus)_(RBD_0.99)	hsa_circ_0104761_Extracellular	2329	2335	+	10.8059	6.1e-05	0.291	GTGTGTG
M049_0.6	(RBM38)_(Mus_musculus)_(RBD_0.99)	hsa_circ_0110664_Extracellular	2355	2361	+	10.8059	6.1e-05	0.291	GTGTGTG
M049_0.6	(RBM38)_(Mus_musculus)_(RBD_0.99)	hsa_circ_0100912_Extracellular	2483	2489	+	10.8059	6.1e-05	0.291	GTGTGTG
M049_0.6	(RBM38)_(Mus_musculus)_(RBD_0.99)	hsa_circ_0100912_Extracellular	2483	2489	+	10.8059	6.1e-05	0.291	GTGTGTG
M049_0.6	(RBM38)_(Mus_musculus)_(RBD_0.99)	hsa_circ_0001704_Extracellular	2506	2512	+	10.8059	6.1e-05	0.291	GTGTGTG
M049_0.6	(RBM38)_(Mus_musculus)_(RBD_0.99)	hsa_circ_0001704_Extracellular	2506	2512	+	10.8059	6.1e-05	0.291	GTGTGTG
M049_0.6	(RBM38)_(Mus_musculus)_(RBD_0.99)	hsa_circ_0100912_Extracellular	2543	2549	+	10.8059	6.1e-05	0.291	GTGTGTG
M049_0.6	(RBM38)_(Mus_musculus)_(RBD_0.99)	hsa_circ_0100912_Extracellular	2543	2549	+	10.8059	6.1e-05	0.291	GTGTGTG
M049_0.6	(RBM38)_(Mus_musculus)_(RBD_0.99)	hsa_circ_0100913_Extracellular	2572	2578	+	10.8059	6.1e-05	0.291	GTGTGTG
M049_0.6	(RBM38)_(Mus_musculus)_(RBD_0.99)	hsa_circ_0100913_Extracellular	2572	2578	+	10.8059	6.1e-05	0.291	GTGTGTG
M049_0.6	(RBM38)_(Mus_musculus)_(RBD_0.99)	hsa_circ_0102520_Extracellular	2709	2715	+	10.8059	6.1e-05	0.291	GTGTGTG
M049_0.6	(RBM38)_(Mus_musculus)_(RBD_0.99)	hsa_circ_0102520_Extracellular	2709	2715	+	10.8059	6.1e-05	0.291	GTGTGTG
M049_0.6	(RBM38)_(Mus_musculus)_(RBD_0.99)	hsa_circ_0102520_Extracellular	2711	2717	+	10.8059	6.1e-05	0.291	GTGTGTG
M049_0.6	(RBM38)_(Mus_musculus)_(RBD_0.99)	hsa_circ_0102520_Extracellular	2711	2717	+	10.8059	6.1e-05	0.291	GTGTGTG
M049_0.6	(RBM38)_(Mus_musculus)_(RBD_0.99)	hsa_circ_0102520_Extracellular	2725	2731	+	10.8059	6.1e-05	0.291	GTGTGTG
M049_0.6	(RBM38)_(Mus_musculus)_(RBD_0.99)	hsa_circ_0102520_Extracellular	2725	2731	+	10.8059	6.1e-05	0.291	GTGTGTG
M049_0.6	(RBM38)_(Mus_musculus)_(RBD_0.99)	hsa_circ_0102520_Extracellular	2769	2775	+	10.8059	6.1e-05	0.291	GTGTGTG
M049_0.6	(RBM38)_(Mus_musculus)_(RBD_0.99)	hsa_circ_0102520_Extracellular	2769	2775	+	10.8059	6.1e-05	0.291	GTGTGTG
M049_0.6	(RBM38)_(Mus_musculus)_(RBD_0.99)	hsa_circ_0103140_Extracellular	2941	2947	+	10.8059	6.1e-05	0.291	GTGTGTG
M049_0.6	(RBM38)_(Mus_musculus)_(RBD_0.99)	hsa_circ_0103140_Extracellular	2941	2947	+	10.8059	6.1e-05	0.291	GTGTGTG
M049_0.6	(RBM38)_(Mus_musculus)_(RBD_0.99)	hsa_circ_0103140_Extracellular	2943	2949	+	10.8059	6.1e-05	0.291	GTGTGTG
M049_0.6	(RBM38)_(Mus_musculus)_(RBD_0.99)	hsa_circ_0103140_Extracellular	2943	2949	+	10.8059	6.1e-05	0.291	GTGTGTG
M049_0.6	(RBM38)_(Mus_musculus)_(RBD_0.99)	hsa_circ_0103140_Extracellular	2945	2951	+	10.8059	6.1e-05	0.291	GTGTGTG
M049_0.6	(RBM38)_(Mus_musculus)_(RBD_0.99)	hsa_circ_0103140_Extracellular	2945	2951	+	10.8059	6.1e-05	0.291	GTGTGTG
M049_0.6	(RBM38)_(Mus_musculus)_(RBD_0.99)	hsa_circ_0103140_Extracellular	2947	2953	+	10.8059	6.1e-05	0.291	GTGTGTG
M049_0.6	(RBM38)_(Mus_musculus)_(RBD_0.99)	hsa_circ_0103140_Extracellular	2947	2953	+	10.8059	6.1e-05	0.291	GTGTGTG
M049_0.6	(RBM38)_(Mus_musculus)_(RBD_0.99)	hsa_circ_0103140_Extracellular	2949	2955	+	10.8059	6.1e-05	0.291	GTGTGTG
M049_0.6	(RBM38)_(Mus_musculus)_(RBD_0.99)	hsa_circ_0103140_Extracellular	2949	2955	+	10.8059	6.1e-05	0.291	GTGTGTG
M049_0.6	(RBM38)_(Mus_musculus)_(RBD_0.99)	hsa_circ_0103140_Extracellular	2951	2957	+	10.8059	6.1e-05	0.291	GTGTGTG
M049_0.6	(RBM38)_(Mus_musculus)_(RBD_0.99)	hsa_circ_0103140_Extracellular	2951	2957	+	10.8059	6.1e-05	0.291	GTGTGTG
M049_0.6	(RBM38)_(Mus_musculus)_(RBD_0.99)	hsa_circ_0103140_Extracellular	2953	2959	+	10.8059	6.1e-05	0.291	GTGTGTG
M049_0.6	(RBM38)_(Mus_musculus)_(RBD_0.99)	hsa_circ_0103140_Extracellular	2953	2959	+	10.8059	6.1e-05	0.291	GTGTGTG
M049_0.6	(RBM38)_(Mus_musculus)_(RBD_0.99)	hsa_circ_0103140_Extracellular	2955	2961	+	10.8059	6.1e-05	0.291	GTGTGTG
M049_0.6	(RBM38)_(Mus_musculus)_(RBD_0.99)	hsa_circ_0103140_Extracellular	2955	2961	+	10.8059	6.1e-05	0.291	GTGTGTG
M049_0.6	(RBM38)_(Mus_musculus)_(RBD_0.99)	hsa_circ_0103140_Extracellular	2957	2963	+	10.8059	6.1e-05	0.291	GTGTGTG
M049_0.6	(RBM38)_(Mus_musculus)_(RBD_0.99)	hsa_circ_0103140_Extracellular	2957	2963	+	10.8059	6.1e-05	0.291	GTGTGTG
M049_0.6	(RBM38)_(Mus_musculus)_(RBD_0.99)	hsa_circ_0090577_Extracellular	3077	3083	+	10.8059	6.1e-05	0.291	GTGTGTG
M049_0.6	(RBM38)_(Mus_musculus)_(RBD_0.99)	mmu_circ_0000905_Extracellular	3238	3244	+	10.8059	6.1e-05	0.291	GTGTGTG
M049_0.6	(RBM38)_(Mus_musculus)_(RBD_0.99)	hsa_circ_0001704_Extracellular	3328	3334	+	10.8059	6.1e-05	0.291	GTGTGTG
M049_0.6	(RBM38)_(Mus_musculus)_(RBD_0.99)	hsa_circ_0001704_Extracellular	3328	3334	+	10.8059	6.1e-05	0.291	GTGTGTG
M049_0.6	(RBM38)_(Mus_musculus)_(RBD_0.99)	hsa_circ_0102294_Extracellular	3543	3549	+	10.8059	6.1e-05	0.291	GTGTGTG
M049_0.6	(RBM38)_(Mus_musculus)_(RBD_0.99)	hsa_circ_0102294_Extracellular	3543	3549	+	10.8059	6.1e-05	0.291	GTGTGTG
M049_0.6	(RBM38)_(Mus_musculus)_(RBD_0.99)	hsa_circ_0104137_Extracellular	3651	3657	+	10.8059	6.1e-05	0.291	GTGTGTG
M049_0.6	(RBM38)_(Mus_musculus)_(RBD_0.99)	hsa_circ_0104137_Extracellular	3651	3657	+	10.8059	6.1e-05	0.291	GTGTGTG
M049_0.6	(RBM38)_(Mus_musculus)_(RBD_0.99)	hsa_circ_0104137_Extracellular	3711	3717	+	10.8059	6.1e-05	0.291	GTGTGTG
M049_0.6	(RBM38)_(Mus_musculus)_(RBD_0.99)	hsa_circ_0104137_Extracellular	3711	3717	+	10.8059	6.1e-05	0.291	GTGTGTG
M049_0.6	(RBM38)_(Mus_musculus)_(RBD_0.99)	hsa_circ_0104128_Extracellular	3718	3724	+	10.8059	6.1e-05	0.291	GTGTGTG
M049_0.6	(RBM38)_(Mus_musculus)_(RBD_0.99)	hsa_circ_0104128_Extracellular	3718	3724	+	10.8059	6.1e-05	0.291	GTGTGTG
M049_0.6	(RBM38)_(Mus_musculus)_(RBD_0.99)	hsa_circ_0102294_Extracellular	3769	3775	+	10.8059	6.1e-05	0.291	GTGTGTG
M049_0.6	(RBM38)_(Mus_musculus)_(RBD_0.99)	hsa_circ_0102294_Extracellular	3769	3775	+	10.8059	6.1e-05	0.291	GTGTGTG
M049_0.6	(RBM38)_(Mus_musculus)_(RBD_0.99)	hsa_circ_0000998_Extracellular	4028	4034	+	10.8059	6.1e-05	0.291	GTGTGTG
M049_0.6	(RBM38)_(Mus_musculus)_(RBD_0.99)	hsa_circ_0000998_Extracellular	4028	4034	+	10.8059	6.1e-05	0.291	GTGTGTG
M049_0.6	(RBM38)_(Mus_musculus)_(RBD_0.99)	hsa_circ_0026102_Extracellular	4819	4825	+	10.8059	6.1e-05	0.291	GTGTGTG
M049_0.6	(RBM38)_(Mus_musculus)_(RBD_0.99)	hsa_circ_0104980_Extracellular	4867	4873	+	10.8059	6.1e-05	0.291	GTGTGTG
M049_0.6	(RBM38)_(Mus_musculus)_(RBD_0.99)	hsa_circ_0104980_Extracellular	4867	4873	+	10.8059	6.1e-05	0.291	GTGTGTG
M049_0.6	(RBM38)_(Mus_musculus)_(RBD_0.99)	hsa_circ_0104980_Extracellular	4869	4875	+	10.8059	6.1e-05	0.291	GTGTGTG
M049_0.6	(RBM38)_(Mus_musculus)_(RBD_0.99)	hsa_circ_0104980_Extracellular	4869	4875	+	10.8059	6.1e-05	0.291	GTGTGTG
M049_0.6	(RBM38)_(Mus_musculus)_(RBD_0.99)	hsa_circ_0104980_Extracellular	4871	4877	+	10.8059	6.1e-05	0.291	GTGTGTG
M049_0.6	(RBM38)_(Mus_musculus)_(RBD_0.99)	hsa_circ_0104980_Extracellular	4871	4877	+	10.8059	6.1e-05	0.291	GTGTGTG
M049_0.6	(RBM38)_(Mus_musculus)_(RBD_0.99)	hsa_circ_0026102_Extracellular	4879	4885	+	10.8059	6.1e-05	0.291	GTGTGTG
M049_0.6	(RBM38)_(Mus_musculus)_(RBD_0.99)	hsa_circ_0104980_Extracellular	4892	4898	+	10.8059	6.1e-05	0.291	GTGTGTG
M049_0.6	(RBM38)_(Mus_musculus)_(RBD_0.99)	hsa_circ_0104980_Extracellular	4892	4898	+	10.8059	6.1e-05	0.291	GTGTGTG
M049_0.6	(RBM38)_(Mus_musculus)_(RBD_0.99)	hsa_circ_0104980_Extracellular	4952	4958	+	10.8059	6.1e-05	0.291	GTGTGTG
M049_0.6	(RBM38)_(Mus_musculus)_(RBD_0.99)	hsa_circ_0104980_Extracellular	4952	4958	+	10.8059	6.1e-05	0.291	GTGTGTG
M049_0.6	(RBM38)_(Mus_musculus)_(RBD_0.99)	hsa_circ_0026102_Extracellular	4993	4999	+	10.8059	6.1e-05	0.291	GTGTGTG
M049_0.6	(RBM38)_(Mus_musculus)_(RBD_0.99)	hsa_circ_0026102_Extracellular	5002	5008	+	10.8059	6.1e-05	0.291	GTGTGTG
M049_0.6	(RBM38)_(Mus_musculus)_(RBD_0.99)	hsa_circ_0001704_Extracellular	5071	5077	+	10.8059	6.1e-05	0.291	GTGTGTG
M049_0.6	(RBM38)_(Mus_musculus)_(RBD_0.99)	hsa_circ_0001704_Extracellular	5071	5077	+	10.8059	6.1e-05	0.291	GTGTGTG
M049_0.6	(RBM38)_(Mus_musculus)_(RBD_0.99)	hsa_circ_0026102_Extracellular	5153	5159	+	10.8059	6.1e-05	0.291	GTGTGTG
M049_0.6	(RBM38)_(Mus_musculus)_(RBD_0.99)	hsa_circ_0026102_Extracellular	5578	5584	+	10.8059	6.1e-05	0.291	GTGTGTG
M049_0.6	(RBM38)_(Mus_musculus)_(RBD_0.99)	hsa_circ_0104808_Extracellular	5988	5994	+	10.8059	6.1e-05	0.291	GTGTGTG
M049_0.6	(RBM38)_(Mus_musculus)_(RBD_0.99)	hsa_circ_0104808_Extracellular	5988	5994	+	10.8059	6.1e-05	0.291	GTGTGTG
M049_0.6	(RBM38)_(Mus_musculus)_(RBD_0.99)	hsa_circ_0104808_Extracellular	6048	6054	+	10.8059	6.1e-05	0.291	GTGTGTG
M049_0.6	(RBM38)_(Mus_musculus)_(RBD_0.99)	hsa_circ_0104808_Extracellular	6048	6054	+	10.8059	6.1e-05	0.291	GTGTGTG
M049_0.6	(RBM38)_(Mus_musculus)_(RBD_0.99)	hsa_circ_0009684_Extracellular	6717	6723	+	10.8059	6.1e-05	0.291	GTGTGTG
M049_0.6	(RBM38)_(Mus_musculus)_(RBD_0.99)	hsa_circ_0009684_Extracellular	6717	6723	+	10.8059	6.1e-05	0.291	GTGTGTG
M049_0.6	(RBM38)_(Mus_musculus)_(RBD_0.99)	hsa_circ_0009684_Extracellular	6777	6783	+	10.8059	6.1e-05	0.291	GTGTGTG
M049_0.6	(RBM38)_(Mus_musculus)_(RBD_0.99)	hsa_circ_0009684_Extracellular	6777	6783	+	10.8059	6.1e-05	0.291	GTGTGTG
M049_0.6	(RBM38)_(Mus_musculus)_(RBD_0.99)	hsa_circ_0000246_Extracellular	6889	6895	+	10.8059	6.1e-05	0.291	GTGTGTG
M049_0.6	(RBM38)_(Mus_musculus)_(RBD_0.99)	hsa_circ_0000246_Extracellular	6889	6895	+	10.8059	6.1e-05	0.291	GTGTGTG
M049_0.6	(RBM38)_(Mus_musculus)_(RBD_0.99)	hsa_circ_0000246_Extracellular	6891	6897	+	10.8059	6.1e-05	0.291	GTGTGTG
M049_0.6	(RBM38)_(Mus_musculus)_(RBD_0.99)	hsa_circ_0000246_Extracellular	6891	6897	+	10.8059	6.1e-05	0.291	GTGTGTG
M049_0.6	(RBM38)_(Mus_musculus)_(RBD_0.99)	hsa_circ_0000246_Extracellular	6893	6899	+	10.8059	6.1e-05	0.291	GTGTGTG
M049_0.6	(RBM38)_(Mus_musculus)_(RBD_0.99)	hsa_circ_0000246_Extracellular	6893	6899	+	10.8059	6.1e-05	0.291	GTGTGTG
M049_0.6	(RBM38)_(Mus_musculus)_(RBD_0.99)	hsa_circ_0000246_Extracellular	6895	6901	+	10.8059	6.1e-05	0.291	GTGTGTG
M049_0.6	(RBM38)_(Mus_musculus)_(RBD_0.99)	hsa_circ_0000246_Extracellular	6895	6901	+	10.8059	6.1e-05	0.291	GTGTGTG
M049_0.6	(RBM38)_(Mus_musculus)_(RBD_0.99)	hsa_circ_0000246_Extracellular	6897	6903	+	10.8059	6.1e-05	0.291	GTGTGTG
M049_0.6	(RBM38)_(Mus_musculus)_(RBD_0.99)	hsa_circ_0000246_Extracellular	6897	6903	+	10.8059	6.1e-05	0.291	GTGTGTG
M049_0.6	(RBM38)_(Mus_musculus)_(RBD_0.99)	hsa_circ_0000246_Extracellular	6899	6905	+	10.8059	6.1e-05	0.291	GTGTGTG
M049_0.6	(RBM38)_(Mus_musculus)_(RBD_0.99)	hsa_circ_0000246_Extracellular	6899	6905	+	10.8059	6.1e-05	0.291	GTGTGTG
M049_0.6	(RBM38)_(Mus_musculus)_(RBD_0.99)	hsa_circ_0000246_Extracellular	6901	6907	+	10.8059	6.1e-05	0.291	GTGTGTG
M049_0.6	(RBM38)_(Mus_musculus)_(RBD_0.99)	hsa_circ_0000246_Extracellular	6901	6907	+	10.8059	6.1e-05	0.291	GTGTGTG
M049_0.6	(RBM38)_(Mus_musculus)_(RBD_0.99)	hsa_circ_0000246_Extracellular	6903	6909	+	10.8059	6.1e-05	0.291	GTGTGTG
M049_0.6	(RBM38)_(Mus_musculus)_(RBD_0.99)	hsa_circ_0000246_Extracellular	6903	6909	+	10.8059	6.1e-05	0.291	GTGTGTG
M049_0.6	(RBM38)_(Mus_musculus)_(RBD_0.99)	hsa_circ_0000246_Extracellular	6905	6911	+	10.8059	6.1e-05	0.291	GTGTGTG
M049_0.6	(RBM38)_(Mus_musculus)_(RBD_0.99)	hsa_circ_0000246_Extracellular	6905	6911	+	10.8059	6.1e-05	0.291	GTGTGTG
M049_0.6	(RBM38)_(Mus_musculus)_(RBD_0.99)	hsa_circ_0000246_Extracellular	6907	6913	+	10.8059	6.1e-05	0.291	GTGTGTG
M049_0.6	(RBM38)_(Mus_musculus)_(RBD_0.99)	hsa_circ_0000246_Extracellular	6907	6913	+	10.8059	6.1e-05	0.291	GTGTGTG
M049_0.6	(RBM38)_(Mus_musculus)_(RBD_0.99)	hsa_circ_0000246_Extracellular	6909	6915	+	10.8059	6.1e-05	0.291	GTGTGTG
M049_0.6	(RBM38)_(Mus_musculus)_(RBD_0.99)	hsa_circ_0000246_Extracellular	6909	6915	+	10.8059	6.1e-05	0.291	GTGTGTG
M049_0.6	(RBM38)_(Mus_musculus)_(RBD_0.99)	hsa_circ_0000246_Extracellular	6911	6917	+	10.8059	6.1e-05	0.291	GTGTGTG
M049_0.6	(RBM38)_(Mus_musculus)_(RBD_0.99)	hsa_circ_0000246_Extracellular	6911	6917	+	10.8059	6.1e-05	0.291	GTGTGTG
M049_0.6	(RBM38)_(Mus_musculus)_(RBD_0.99)	hsa_circ_0000246_Extracellular	6913	6919	+	10.8059	6.1e-05	0.291	GTGTGTG
M049_0.6	(RBM38)_(Mus_musculus)_(RBD_0.99)	hsa_circ_0000246_Extracellular	6913	6919	+	10.8059	6.1e-05	0.291	GTGTGTG
M049_0.6	(RBM38)_(Mus_musculus)_(RBD_0.99)	hsa_circ_0000246_Extracellular	6915	6921	+	10.8059	6.1e-05	0.291	GTGTGTG
M049_0.6	(RBM38)_(Mus_musculus)_(RBD_0.99)	hsa_circ_0000246_Extracellular	6915	6921	+	10.8059	6.1e-05	0.291	GTGTGTG
M049_0.6	(RBM38)_(Mus_musculus)_(RBD_0.99)	hsa_circ_0000246_Extracellular	6917	6923	+	10.8059	6.1e-05	0.291	GTGTGTG
M049_0.6	(RBM38)_(Mus_musculus)_(RBD_0.99)	hsa_circ_0000246_Extracellular	6917	6923	+	10.8059	6.1e-05	0.291	GTGTGTG
M049_0.6	(RBM38)_(Mus_musculus)_(RBD_0.99)	hsa_circ_0104761_Extracellular	6971	6977	+	10.8059	6.1e-05	0.291	GTGTGTG
M049_0.6	(RBM38)_(Mus_musculus)_(RBD_0.99)	hsa_circ_0104761_Extracellular	6971	6977	+	10.8059	6.1e-05	0.291	GTGTGTG
M049_0.6	(RBM38)_(Mus_musculus)_(RBD_0.99)	hsa_circ_0004314_Extracellular	7520	7526	+	10.8059	6.1e-05	0.291	GTGTGTG
M049_0.6	(RBM38)_(Mus_musculus)_(RBD_0.99)	hsa_circ_0004314_Extracellular	7520	7526	+	10.8059	6.1e-05	0.291	GTGTGTG
M049_0.6	(RBM38)_(Mus_musculus)_(RBD_0.99)	hsa_circ_0004314_Extracellular	7522	7528	+	10.8059	6.1e-05	0.291	GTGTGTG
M049_0.6	(RBM38)_(Mus_musculus)_(RBD_0.99)	hsa_circ_0004314_Extracellular	7522	7528	+	10.8059	6.1e-05	0.291	GTGTGTG
M049_0.6	(RBM38)_(Mus_musculus)_(RBD_0.99)	hsa_circ_0004314_Extracellular	7524	7530	+	10.8059	6.1e-05	0.291	GTGTGTG
M049_0.6	(RBM38)_(Mus_musculus)_(RBD_0.99)	hsa_circ_0004314_Extracellular	7524	7530	+	10.8059	6.1e-05	0.291	GTGTGTG
M049_0.6	(RBM38)_(Mus_musculus)_(RBD_0.99)	hsa_circ_0004314_Extracellular	7526	7532	+	10.8059	6.1e-05	0.291	GTGTGTG
M049_0.6	(RBM38)_(Mus_musculus)_(RBD_0.99)	hsa_circ_0004314_Extracellular	7526	7532	+	10.8059	6.1e-05	0.291	GTGTGTG
M049_0.6	(RBM38)_(Mus_musculus)_(RBD_0.99)	hsa_circ_0004314_Extracellular	7528	7534	+	10.8059	6.1e-05	0.291	GTGTGTG
M049_0.6	(RBM38)_(Mus_musculus)_(RBD_0.99)	hsa_circ_0004314_Extracellular	7528	7534	+	10.8059	6.1e-05	0.291	GTGTGTG
M049_0.6	(RBM38)_(Mus_musculus)_(RBD_0.99)	hsa_circ_0004314_Extracellular	7530	7536	+	10.8059	6.1e-05	0.291	GTGTGTG
M049_0.6	(RBM38)_(Mus_musculus)_(RBD_0.99)	hsa_circ_0004314_Extracellular	7530	7536	+	10.8059	6.1e-05	0.291	GTGTGTG
M049_0.6	(RBM38)_(Mus_musculus)_(RBD_0.99)	hsa_circ_0004314_Extracellular	7532	7538	+	10.8059	6.1e-05	0.291	GTGTGTG
M049_0.6	(RBM38)_(Mus_musculus)_(RBD_0.99)	hsa_circ_0004314_Extracellular	7532	7538	+	10.8059	6.1e-05	0.291	GTGTGTG
M049_0.6	(RBM38)_(Mus_musculus)_(RBD_0.99)	hsa_circ_0004314_Extracellular	7534	7540	+	10.8059	6.1e-05	0.291	GTGTGTG
M049_0.6	(RBM38)_(Mus_musculus)_(RBD_0.99)	hsa_circ_0004314_Extracellular	7534	7540	+	10.8059	6.1e-05	0.291	GTGTGTG
M049_0.6	(RBM38)_(Mus_musculus)_(RBD_0.99)	hsa_circ_0004314_Extracellular	7536	7542	+	10.8059	6.1e-05	0.291	GTGTGTG
M049_0.6	(RBM38)_(Mus_musculus)_(RBD_0.99)	hsa_circ_0004314_Extracellular	7536	7542	+	10.8059	6.1e-05	0.291	GTGTGTG
M049_0.6	(RBM38)_(Mus_musculus)_(RBD_0.99)	hsa_circ_0004314_Extracellular	7580	7586	+	10.8059	6.1e-05	0.291	GTGTGTG
M049_0.6	(RBM38)_(Mus_musculus)_(RBD_0.99)	hsa_circ_0004314_Extracellular	7580	7586	+	10.8059	6.1e-05	0.291	GTGTGTG
M049_0.6	(RBM38)_(Mus_musculus)_(RBD_0.99)	hsa_circ_0004314_Extracellular	7582	7588	+	10.8059	6.1e-05	0.291	GTGTGTG
M049_0.6	(RBM38)_(Mus_musculus)_(RBD_0.99)	hsa_circ_0004314_Extracellular	7582	7588	+	10.8059	6.1e-05	0.291	GTGTGTG
M049_0.6	(RBM38)_(Mus_musculus)_(RBD_0.99)	hsa_circ_0004314_Extracellular	7584	7590	+	10.8059	6.1e-05	0.291	GTGTGTG
M049_0.6	(RBM38)_(Mus_musculus)_(RBD_0.99)	hsa_circ_0004314_Extracellular	7584	7590	+	10.8059	6.1e-05	0.291	GTGTGTG
M049_0.6	(RBM38)_(Mus_musculus)_(RBD_0.99)	hsa_circ_0004314_Extracellular	7586	7592	+	10.8059	6.1e-05	0.291	GTGTGTG
M049_0.6	(RBM38)_(Mus_musculus)_(RBD_0.99)	hsa_circ_0004314_Extracellular	7586	7592	+	10.8059	6.1e-05	0.291	GTGTGTG
M049_0.6	(RBM38)_(Mus_musculus)_(RBD_0.99)	hsa_circ_0004314_Extracellular	7588	7594	+	10.8059	6.1e-05	0.291	GTGTGTG
M049_0.6	(RBM38)_(Mus_musculus)_(RBD_0.99)	hsa_circ_0004314_Extracellular	7588	7594	+	10.8059	6.1e-05	0.291	GTGTGTG
M049_0.6	(RBM38)_(Mus_musculus)_(RBD_0.99)	hsa_circ_0004314_Extracellular	7590	7596	+	10.8059	6.1e-05	0.291	GTGTGTG
M049_0.6	(RBM38)_(Mus_musculus)_(RBD_0.99)	hsa_circ_0004314_Extracellular	7590	7596	+	10.8059	6.1e-05	0.291	GTGTGTG
M049_0.6	(RBM38)_(Mus_musculus)_(RBD_0.99)	hsa_circ_0004314_Extracellular	7592	7598	+	10.8059	6.1e-05	0.291	GTGTGTG
M049_0.6	(RBM38)_(Mus_musculus)_(RBD_0.99)	hsa_circ_0004314_Extracellular	7592	7598	+	10.8059	6.1e-05	0.291	GTGTGTG
M049_0.6	(RBM38)_(Mus_musculus)_(RBD_0.99)	hsa_circ_0104980_Extracellular	7606	7612	+	10.8059	6.1e-05	0.291	GTGTGTG
M049_0.6	(RBM38)_(Mus_musculus)_(RBD_0.99)	hsa_circ_0104980_Extracellular	7606	7612	+	10.8059	6.1e-05	0.291	GTGTGTG
M049_0.6	(RBM38)_(Mus_musculus)_(RBD_0.99)	mmu_circ_0000713_Extracellular	7745	7751	+	10.8059	6.1e-05	0.291	GTGTGTG
M049_0.6	(RBM38)_(Mus_musculus)_(RBD_0.99)	mmu_circ_0000713_Extracellular	7805	7811	+	10.8059	6.1e-05	0.291	GTGTGTG
M049_0.6	(RBM38)_(Mus_musculus)_(RBD_0.99)	hsa_circ_0104808_Extracellular	9124	9130	+	10.8059	6.1e-05	0.291	GTGTGTG
M049_0.6	(RBM38)_(Mus_musculus)_(RBD_0.99)	hsa_circ_0104808_Extracellular	9124	9130	+	10.8059	6.1e-05	0.291	GTGTGTG
M049_0.6	(RBM38)_(Mus_musculus)_(RBD_0.99)	hsa_circ_0001812_Extracellular	10181	10187	+	10.8059	6.1e-05	0.291	GTGTGTG
M049_0.6	(RBM38)_(Mus_musculus)_(RBD_0.99)	hsa_circ_0001812_Extracellular	10181	10187	+	10.8059	6.1e-05	0.291	GTGTGTG
M049_0.6	(RBM38)_(Mus_musculus)_(RBD_0.99)	hsa_circ_0001812_Extracellular	10183	10189	+	10.8059	6.1e-05	0.291	GTGTGTG
M049_0.6	(RBM38)_(Mus_musculus)_(RBD_0.99)	hsa_circ_0001812_Extracellular	10183	10189	+	10.8059	6.1e-05	0.291	GTGTGTG
M049_0.6	(RBM38)_(Mus_musculus)_(RBD_0.99)	hsa_circ_0000090_Extracellular	10595	10601	+	10.8059	6.1e-05	0.291	GTGTGTG
M049_0.6	(RBM38)_(Mus_musculus)_(RBD_0.99)	hsa_circ_0000090_Extracellular	10595	10601	+	10.8059	6.1e-05	0.291	GTGTGTG
M049_0.6	(RBM38)_(Mus_musculus)_(RBD_0.99)	hsa_circ_0104980_Extracellular	10813	10819	+	10.8059	6.1e-05	0.291	GTGTGTG
M049_0.6	(RBM38)_(Mus_musculus)_(RBD_0.99)	hsa_circ_0104980_Extracellular	10813	10819	+	10.8059	6.1e-05	0.291	GTGTGTG
M048_0.6	RBM3	hsa_circ_0103356_Extracellular	12	18	+	9.91262	6.1e-05	1	GATACGA
M048_0.6	RBM3	hsa_circ_0103356_Extracellular	12	18	+	9.91262	6.1e-05	1	GATACGA
M048_0.6	RBM3	hsa_circ_0013653_Extracellular	83	89	+	9.91262	6.1e-05	1	GATACGA
M048_0.6	RBM3	hsa_circ_0008199_Extracellular	239	245	+	9.91262	6.1e-05	1	GATACGA
M048_0.6	RBM3	hsa_circ_0008199_Extracellular	239	245	+	9.91262	6.1e-05	1	GATACGA
M048_0.6	RBM3	hsa_circ_0103019_Extracellular	256	262	+	9.91262	6.1e-05	1	GATACGA
M048_0.6	RBM3	hsa_circ_0103019_Extracellular	256	262	+	9.91262	6.1e-05	1	GATACGA
M048_0.6	RBM3	hsa_circ_0000339_Extracellular	348	354	+	9.91262	6.1e-05	1	GATACGA
M048_0.6	RBM3	hsa_circ_0000339_Extracellular	348	354	+	9.91262	6.1e-05	1	GATACGA
M044_0.6	PPRC1	hsa_circ_0104475_Extracellular	307	313	+	9.65217	6.1e-05	1	GCGCGCG
M044_0.6	PPRC1	hsa_circ_0104475_Extracellular	307	313	+	9.65217	6.1e-05	1	GCGCGCG
M044_0.6	PPRC1	hsa_circ_0001306_Extracellular	9778	9784	+	9.65217	6.1e-05	1	GCGCGCG
M044_0.6	PPRC1	hsa_circ_0001306_Extracellular	9778	9784	+	9.65217	6.1e-05	1	GCGCGCG
M044_0.6	PPRC1	hsa_circ_0000090_Extracellular	11402	11408	+	9.65217	6.1e-05	1	GCGCGCG
M044_0.6	PPRC1	hsa_circ_0000090_Extracellular	11402	11408	+	9.65217	6.1e-05	1	GCGCGCG
M044_0.6	PPRC1	hsa_circ_0000090_Extracellular	11404	11410	+	9.65217	6.1e-05	1	GCGCGCG
M044_0.6	PPRC1	hsa_circ_0000090_Extracellular	11404	11410	+	9.65217	6.1e-05	1	GCGCGCG
M044_0.6	PPRC1	hsa_circ_0000090_Extracellular	11406	11412	+	9.65217	6.1e-05	1	GCGCGCG
M044_0.6	PPRC1	hsa_circ_0000090_Extracellular	11406	11412	+	9.65217	6.1e-05	1	GCGCGCG
M035_0.6	LIN28A	hsa_circ_0006790_Extracellular	2	8	+	10.4078	6.1e-05	1	CGGAGAA
M035_0.6	LIN28A	hsa_circ_0003574_Extracellular	19	25	+	10.4078	6.1e-05	1	CGGAGAA
M035_0.6	LIN28A	hsa_circ_0003574_Extracellular	19	25	+	10.4078	6.1e-05	1	CGGAGAA
M035_0.6	LIN28A	hsa_circ_0076611_Extracellular	23	29	+	10.4078	6.1e-05	1	CGGAGAA
M035_0.6	LIN28A	hsa_circ_0006790_Extracellular	62	68	+	10.4078	6.1e-05	1	CGGAGAA
M035_0.6	LIN28A	hsa_circ_0000977_Extracellular	79	85	+	10.4078	6.1e-05	1	CGGAGAA
M035_0.6	LIN28A	hsa_circ_0000977_Extracellular	79	85	+	10.4078	6.1e-05	1	CGGAGAA
M035_0.6	LIN28A	mmu_circ_0001732_Extracellular	87	93	+	10.4078	6.1e-05	1	CGGAGAA
M035_0.6	LIN28A	hsa_circ_0000977_Extracellular	139	145	+	10.4078	6.1e-05	1	CGGAGAA
M035_0.6	LIN28A	hsa_circ_0000977_Extracellular	139	145	+	10.4078	6.1e-05	1	CGGAGAA
M035_0.6	LIN28A	hsa_circ_0000040_Extracellular	145	151	+	10.4078	6.1e-05	1	CGGAGAA
M035_0.6	LIN28A	hsa_circ_0000040_Extracellular	145	151	+	10.4078	6.1e-05	1	CGGAGAA
M035_0.6	LIN28A	hsa_circ_0087783_Extracellular	146	152	+	10.4078	6.1e-05	1	CGGAGAA
M035_0.6	LIN28A	hsa_circ_0000040_Extracellular	166	172	+	10.4078	6.1e-05	1	CGGAGAA
M035_0.6	LIN28A	hsa_circ_0000040_Extracellular	166	172	+	10.4078	6.1e-05	1	CGGAGAA
M035_0.6	LIN28A	hsa_circ_0041150_Extracellular	175	181	+	10.4078	6.1e-05	1	CGGAGAA
M035_0.6	LIN28A	hsa_circ_0041150_Extracellular	175	181	+	10.4078	6.1e-05	1	CGGAGAA
M035_0.6	LIN28A	hsa_circ_0008285_Extracellular	181	187	+	10.4078	6.1e-05	1	CGGAGAA
M035_0.6	LIN28A	hsa_circ_0008285_Extracellular	181	187	+	10.4078	6.1e-05	1	CGGAGAA
M035_0.6	LIN28A	hsa_circ_0008285_Extracellular	181	187	+	10.4078	6.1e-05	1	CGGAGAA
M035_0.6	LIN28A	hsa_circ_0104137_Extracellular	199	205	+	10.4078	6.1e-05	1	CGGAGAA
M035_0.6	LIN28A	hsa_circ_0104137_Extracellular	199	205	+	10.4078	6.1e-05	1	CGGAGAA
M035_0.6	LIN28A	hsa_circ_0087783_Extracellular	206	212	+	10.4078	6.1e-05	1	CGGAGAA
M035_0.6	LIN28A	hsa_circ_0000886_Extracellular	219	225	+	10.4078	6.1e-05	1	CGGAGAA
M035_0.6	LIN28A	hsa_circ_0000886_Extracellular	219	225	+	10.4078	6.1e-05	1	CGGAGAA
M035_0.6	LIN28A	hsa_circ_0104333_Extracellular	236	242	+	10.4078	6.1e-05	1	CGGAGAA
M035_0.6	LIN28A	hsa_circ_0104333_Extracellular	236	242	+	10.4078	6.1e-05	1	CGGAGAA
M035_0.6	LIN28A	hsa_circ_0100262_Extracellular	274	280	+	10.4078	6.1e-05	1	CGGAGAA
M035_0.6	LIN28A	hsa_circ_0100262_Extracellular	274	280	+	10.4078	6.1e-05	1	CGGAGAA
M035_0.6	LIN28A	hsa_circ_0037096_Extracellular	380	386	+	10.4078	6.1e-05	1	CGGAGAA
M035_0.6	LIN28A	hsa_circ_0001400_Extracellular	404	410	+	10.4078	6.1e-05	1	CGGAGAA
M035_0.6	LIN28A	hsa_circ_0001400_Extracellular	404	410	+	10.4078	6.1e-05	1	CGGAGAA
M035_0.6	LIN28A	hsa_circ_0001155_Extracellular	523	529	+	10.4078	6.1e-05	1	CGGAGAA
M035_0.6	LIN28A	hsa_circ_0001155_Extracellular	523	529	+	10.4078	6.1e-05	1	CGGAGAA
M035_0.6	LIN28A	hsa_circ_0000615_Extracellular	730	736	+	10.4078	6.1e-05	1	CGGAGAA
M035_0.6	LIN28A	hsa_circ_0001273_Extracellular	744	750	+	10.4078	6.1e-05	1	CGGAGAA
M035_0.6	LIN28A	hsa_circ_0001273_Extracellular	744	750	+	10.4078	6.1e-05	1	CGGAGAA
M035_0.6	LIN28A	hsa_circ_0001675_Extracellular	790	796	+	10.4078	6.1e-05	1	CGGAGAA
M035_0.6	LIN28A	hsa_circ_0001675_Extracellular	790	796	+	10.4078	6.1e-05	1	CGGAGAA
M035_0.6	LIN28A	hsa_circ_0110664_Extracellular	1703	1709	+	10.4078	6.1e-05	1	CGGAGAA
M035_0.6	LIN28A	hsa_circ_0004062_Extracellular	1826	1832	+	10.4078	6.1e-05	1	CGGAGAA
M035_0.6	LIN28A	hsa_circ_0004062_Extracellular	1826	1832	+	10.4078	6.1e-05	1	CGGAGAA
M035_0.6	LIN28A	hsa_circ_0100718_Extracellular	1831	1837	+	10.4078	6.1e-05	1	CGGAGAA
M035_0.6	LIN28A	hsa_circ_0100718_Extracellular	1831	1837	+	10.4078	6.1e-05	1	CGGAGAA
M035_0.6	LIN28A	hsa_circ_0004062_Extracellular	1886	1892	+	10.4078	6.1e-05	1	CGGAGAA
M035_0.6	LIN28A	hsa_circ_0004062_Extracellular	1886	1892	+	10.4078	6.1e-05	1	CGGAGAA
M035_0.6	LIN28A	hsa_circ_0100718_Extracellular	1891	1897	+	10.4078	6.1e-05	1	CGGAGAA
M035_0.6	LIN28A	hsa_circ_0100718_Extracellular	1891	1897	+	10.4078	6.1e-05	1	CGGAGAA
M035_0.6	LIN28A	hsa_circ_0000443_Extracellular	2351	2357	+	10.4078	6.1e-05	1	CGGAGAA
M035_0.6	LIN28A	hsa_circ_0000443_Extracellular	2351	2357	+	10.4078	6.1e-05	1	CGGAGAA
M035_0.6	LIN28A	hsa_circ_0000442_Extracellular	2351	2357	+	10.4078	6.1e-05	1	CGGAGAA
M035_0.6	LIN28A	hsa_circ_0000443_Extracellular	2351	2357	+	10.4078	6.1e-05	1	CGGAGAA
M035_0.6	LIN28A	hsa_circ_0000442_Extracellular	2351	2357	+	10.4078	6.1e-05	1	CGGAGAA
M035_0.6	LIN28A	hsa_circ_0100912_Extracellular	2451	2457	+	10.4078	6.1e-05	1	CGGAGAA
M035_0.6	LIN28A	hsa_circ_0100912_Extracellular	2451	2457	+	10.4078	6.1e-05	1	CGGAGAA
M035_0.6	LIN28A	hsa_circ_0000065_Extracellular	2943	2949	+	10.4078	6.1e-05	1	CGGAGAA
M035_0.6	LIN28A	hsa_circ_0000065_Extracellular	2943	2949	+	10.4078	6.1e-05	1	CGGAGAA
M035_0.6	LIN28A	hsa_circ_0103045_Extracellular	5033	5039	+	10.4078	6.1e-05	1	CGGAGAA
M035_0.6	LIN28A	hsa_circ_0103045_Extracellular	5033	5039	+	10.4078	6.1e-05	1	CGGAGAA
M035_0.6	LIN28A	hsa_circ_0000444_Extracellular	5706	5712	+	10.4078	6.1e-05	1	CGGAGAA
M035_0.6	LIN28A	hsa_circ_0000444_Extracellular	5706	5712	+	10.4078	6.1e-05	1	CGGAGAA
M035_0.6	LIN28A	hsa_circ_0104904_Extracellular	6862	6868	+	10.4078	6.1e-05	1	CGGAGAA
M035_0.6	LIN28A	hsa_circ_0104904_Extracellular	6862	6868	+	10.4078	6.1e-05	1	CGGAGAA
M027_0.6	HNRNPL	hsa_circ_0003601_Extracellular	2	8	+	10.5922	6.1e-05	0.209	ACACACA
M027_0.6	HNRNPL	hsa_circ_0003601_Extracellular	2	8	+	10.5922	6.1e-05	0.209	ACACACA
M027_0.6	HNRNPL	hsa_circ_0005944_Extracellular	4	10	+	10.5922	6.1e-05	0.209	ACACACA
M027_0.6	HNRNPL	hsa_circ_0005944_Extracellular	4	10	+	10.5922	6.1e-05	0.209	ACACACA
M027_0.6	HNRNPL	hsa_circ_0042882_Extracellular	26	32	+	10.5922	6.1e-05	0.209	ACACACA
M027_0.6	HNRNPL	hsa_circ_0003601_Extracellular	62	68	+	10.5922	6.1e-05	0.209	ACACACA
M027_0.6	HNRNPL	hsa_circ_0003601_Extracellular	62	68	+	10.5922	6.1e-05	0.209	ACACACA
M027_0.6	HNRNPL	hsa_circ_0005944_Extracellular	64	70	+	10.5922	6.1e-05	0.209	ACACACA
M027_0.6	HNRNPL	hsa_circ_0005944_Extracellular	64	70	+	10.5922	6.1e-05	0.209	ACACACA
M027_0.6	HNRNPL	hsa_circ_0000406_Extracellular	89	95	+	10.5922	6.1e-05	0.209	ACACACA
M027_0.6	HNRNPL	hsa_circ_0000406_Extracellular	89	95	+	10.5922	6.1e-05	0.209	ACACACA
M027_0.6	HNRNPL	hsa_circ_0077833_Extracellular	98	104	+	10.5922	6.1e-05	0.209	ACACACA
M027_0.6	HNRNPL	hsa_circ_0077833_Extracellular	98	104	+	10.5922	6.1e-05	0.209	ACACACA
M027_0.6	HNRNPL	hsa_circ_0100720_Extracellular	119	125	+	10.5922	6.1e-05	0.209	ACACACA
M027_0.6	HNRNPL	hsa_circ_0100720_Extracellular	119	125	+	10.5922	6.1e-05	0.209	ACACACA
M027_0.6	HNRNPL	hsa_circ_0125310_Extracellular	129	135	+	10.5922	6.1e-05	0.209	ACACACA
M027_0.6	HNRNPL	hsa_circ_0000782_Extracellular	176	182	+	10.5922	6.1e-05	0.209	ACACACA
M027_0.6	HNRNPL	hsa_circ_0000782_Extracellular	176	182	+	10.5922	6.1e-05	0.209	ACACACA
M027_0.6	HNRNPL	hsa_circ_0003203_Extracellular	198	204	+	10.5922	6.1e-05	0.209	ACACACA
M027_0.6	HNRNPL	hsa_circ_0003203_Extracellular	198	204	+	10.5922	6.1e-05	0.209	ACACACA
M027_0.6	HNRNPL	hsa_circ_0003203_Extracellular	200	206	+	10.5922	6.1e-05	0.209	ACACACA
M027_0.6	HNRNPL	hsa_circ_0003203_Extracellular	200	206	+	10.5922	6.1e-05	0.209	ACACACA
M027_0.6	HNRNPL	hsa_circ_0100836_Extracellular	206	212	+	10.5922	6.1e-05	0.209	ACACACA
M027_0.6	HNRNPL	hsa_circ_0100836_Extracellular	206	212	+	10.5922	6.1e-05	0.209	ACACACA
M027_0.6	HNRNPL	hsa_circ_0005627_Extracellular	219	225	+	10.5922	6.1e-05	0.209	ACACACA
M027_0.6	HNRNPL	hsa_circ_0005627_Extracellular	219	225	+	10.5922	6.1e-05	0.209	ACACACA
M027_0.6	HNRNPL	hsa_circ_0020256_Extracellular	226	232	+	10.5922	6.1e-05	0.209	ACACACA
M027_0.6	HNRNPL	hsa_circ_0104649_Extracellular	236	242	+	10.5922	6.1e-05	0.209	ACACACA
M027_0.6	HNRNPL	hsa_circ_0104649_Extracellular	236	242	+	10.5922	6.1e-05	0.209	ACACACA
M027_0.6	HNRNPL	hsa_circ_0060551_Extracellular	269	275	+	10.5922	6.1e-05	0.209	ACACACA
M027_0.6	HNRNPL	hsa_circ_0060551_Extracellular	269	275	+	10.5922	6.1e-05	0.209	ACACACA
M027_0.6	HNRNPL	hsa_circ_0020256_Extracellular	286	292	+	10.5922	6.1e-05	0.209	ACACACA
M027_0.6	HNRNPL	hsa_circ_0097011_Extracellular	360	366	+	10.5922	6.1e-05	0.209	ACACACA
M027_0.6	HNRNPL	hsa_circ_0005262_Extracellular	369	375	+	10.5922	6.1e-05	0.209	ACACACA
M027_0.6	HNRNPL	hsa_circ_0059639_Extracellular	373	379	+	10.5922	6.1e-05	0.209	ACACACA
M027_0.6	HNRNPL	hsa_circ_0021553_Extracellular	380	386	+	10.5922	6.1e-05	0.209	ACACACA
M027_0.6	HNRNPL	hsa_circ_0000774_Extracellular	390	396	+	10.5922	6.1e-05	0.209	ACACACA
M027_0.6	HNRNPL	hsa_circ_0005262_Extracellular	395	401	+	10.5922	6.1e-05	0.209	ACACACA
M027_0.6	HNRNPL	hsa_circ_0125310_Extracellular	413	419	+	10.5922	6.1e-05	0.209	ACACACA
M027_0.6	HNRNPL	hsa_circ_0059639_Extracellular	433	439	+	10.5922	6.1e-05	0.209	ACACACA
M027_0.6	HNRNPL	hsa_circ_0000053_Extracellular	437	443	+	10.5922	6.1e-05	0.209	ACACACA
M027_0.6	HNRNPL	hsa_circ_0000053_Extracellular	437	443	+	10.5922	6.1e-05	0.209	ACACACA
M027_0.6	HNRNPL	hsa_circ_0100422_Extracellular	465	471	+	10.5922	6.1e-05	0.209	ACACACA
M027_0.6	HNRNPL	hsa_circ_0100422_Extracellular	465	471	+	10.5922	6.1e-05	0.209	ACACACA
M027_0.6	HNRNPL	hsa_circ_0000782_Extracellular	478	484	+	10.5922	6.1e-05	0.209	ACACACA
M027_0.6	HNRNPL	hsa_circ_0000782_Extracellular	478	484	+	10.5922	6.1e-05	0.209	ACACACA
M027_0.6	HNRNPL	hsa_circ_0004623_Extracellular	488	494	+	10.5922	6.1e-05	0.209	ACACACA
M027_0.6	HNRNPL	hsa_circ_0006913_Extracellular	514	520	+	10.5922	6.1e-05	0.209	ACACACA
M027_0.6	HNRNPL	hsa_circ_0004623_Extracellular	541	547	+	10.5922	6.1e-05	0.209	ACACACA
M027_0.6	HNRNPL	hsa_circ_0104700_Extracellular	562	568	+	10.5922	6.1e-05	0.209	ACACACA
M027_0.6	HNRNPL	hsa_circ_0104700_Extracellular	562	568	+	10.5922	6.1e-05	0.209	ACACACA
M027_0.6	HNRNPL	hsa_circ_0006913_Extracellular	574	580	+	10.5922	6.1e-05	0.209	ACACACA
M027_0.6	HNRNPL	hsa_circ_0104534_Extracellular	584	590	+	10.5922	6.1e-05	0.209	ACACACA
M027_0.6	HNRNPL	hsa_circ_0104534_Extracellular	584	590	+	10.5922	6.1e-05	0.209	ACACACA
M027_0.6	HNRNPL	hsa_circ_0116061_Extracellular	736	742	+	10.5922	6.1e-05	0.209	ACACACA
M027_0.6	HNRNPL	hsa_circ_0116061_Extracellular	796	802	+	10.5922	6.1e-05	0.209	ACACACA
M027_0.6	HNRNPL	hsa_circ_0061395_Extracellular	900	906	+	10.5922	6.1e-05	0.209	ACACACA
M027_0.6	HNRNPL	hsa_circ_0103491_Extracellular	907	913	+	10.5922	6.1e-05	0.209	ACACACA
M027_0.6	HNRNPL	hsa_circ_0103491_Extracellular	907	913	+	10.5922	6.1e-05	0.209	ACACACA
M027_0.6	HNRNPL	hsa_circ_0004062_Extracellular	910	916	+	10.5922	6.1e-05	0.209	ACACACA
M027_0.6	HNRNPL	hsa_circ_0004062_Extracellular	910	916	+	10.5922	6.1e-05	0.209	ACACACA
M027_0.6	HNRNPL	hsa_circ_0004062_Extracellular	912	918	+	10.5922	6.1e-05	0.209	ACACACA
M027_0.6	HNRNPL	hsa_circ_0004062_Extracellular	912	918	+	10.5922	6.1e-05	0.209	ACACACA
M027_0.6	HNRNPL	hsa_circ_0103670_Extracellular	961	967	+	10.5922	6.1e-05	0.209	ACACACA
M027_0.6	HNRNPL	hsa_circ_0103670_Extracellular	961	967	+	10.5922	6.1e-05	0.209	ACACACA
M027_0.6	HNRNPL	hsa_circ_0103670_Extracellular	979	985	+	10.5922	6.1e-05	0.209	ACACACA
M027_0.6	HNRNPL	hsa_circ_0103670_Extracellular	979	985	+	10.5922	6.1e-05	0.209	ACACACA
M027_0.6	HNRNPL	hsa_circ_0103881_Extracellular	999	1005	+	10.5922	6.1e-05	0.209	ACACACA
M027_0.6	HNRNPL	hsa_circ_0103881_Extracellular	999	1005	+	10.5922	6.1e-05	0.209	ACACACA
M027_0.6	HNRNPL	hsa_circ_0048121_Extracellular	1166	1172	+	10.5922	6.1e-05	0.209	ACACACA
M027_0.6	HNRNPL	hsa_circ_0048977_Extracellular	1180	1186	+	10.5922	6.1e-05	0.209	ACACACA
M027_0.6	HNRNPL	hsa_circ_0102101_Extracellular	1201	1207	+	10.5922	6.1e-05	0.209	ACACACA
M027_0.6	HNRNPL	hsa_circ_0102101_Extracellular	1201	1207	+	10.5922	6.1e-05	0.209	ACACACA
M027_0.6	HNRNPL	hsa_circ_0051239_Extracellular	1263	1269	+	10.5922	6.1e-05	0.209	ACACACA
M027_0.6	HNRNPL	hsa_circ_0051239_Extracellular	1263	1269	+	10.5922	6.1e-05	0.209	ACACACA
M027_0.6	HNRNPL	hsa_circ_0051239_Extracellular	1265	1271	+	10.5922	6.1e-05	0.209	ACACACA
M027_0.6	HNRNPL	hsa_circ_0051239_Extracellular	1265	1271	+	10.5922	6.1e-05	0.209	ACACACA
M027_0.6	HNRNPL	hsa_circ_0051239_Extracellular	1267	1273	+	10.5922	6.1e-05	0.209	ACACACA
M027_0.6	HNRNPL	hsa_circ_0051239_Extracellular	1267	1273	+	10.5922	6.1e-05	0.209	ACACACA
M027_0.6	HNRNPL	hsa_circ_0051239_Extracellular	1293	1299	+	10.5922	6.1e-05	0.209	ACACACA
M027_0.6	HNRNPL	hsa_circ_0051239_Extracellular	1293	1299	+	10.5922	6.1e-05	0.209	ACACACA
M027_0.6	HNRNPL	hsa_circ_0051239_Extracellular	1295	1301	+	10.5922	6.1e-05	0.209	ACACACA
M027_0.6	HNRNPL	hsa_circ_0051239_Extracellular	1295	1301	+	10.5922	6.1e-05	0.209	ACACACA
M027_0.6	HNRNPL	hsa_circ_0051239_Extracellular	1324	1330	+	10.5922	6.1e-05	0.209	ACACACA
M027_0.6	HNRNPL	hsa_circ_0051239_Extracellular	1324	1330	+	10.5922	6.1e-05	0.209	ACACACA
M027_0.6	HNRNPL	hsa_circ_0000726_Extracellular	1360	1366	+	10.5922	6.1e-05	0.209	ACACACA
M027_0.6	HNRNPL	hsa_circ_0000726_Extracellular	1360	1366	+	10.5922	6.1e-05	0.209	ACACACA
M027_0.6	HNRNPL	hsa_circ_0051239_Extracellular	1370	1376	+	10.5922	6.1e-05	0.209	ACACACA
M027_0.6	HNRNPL	hsa_circ_0051239_Extracellular	1370	1376	+	10.5922	6.1e-05	0.209	ACACACA
M027_0.6	HNRNPL	hsa_circ_0051239_Extracellular	1389	1395	+	10.5922	6.1e-05	0.209	ACACACA
M027_0.6	HNRNPL	hsa_circ_0051239_Extracellular	1389	1395	+	10.5922	6.1e-05	0.209	ACACACA
M027_0.6	HNRNPL	hsa_circ_0051239_Extracellular	1391	1397	+	10.5922	6.1e-05	0.209	ACACACA
M027_0.6	HNRNPL	hsa_circ_0051239_Extracellular	1391	1397	+	10.5922	6.1e-05	0.209	ACACACA
M027_0.6	HNRNPL	hsa_circ_0051239_Extracellular	1393	1399	+	10.5922	6.1e-05	0.209	ACACACA
M027_0.6	HNRNPL	hsa_circ_0051239_Extracellular	1393	1399	+	10.5922	6.1e-05	0.209	ACACACA
M027_0.6	HNRNPL	hsa_circ_0051239_Extracellular	1395	1401	+	10.5922	6.1e-05	0.209	ACACACA
M027_0.6	HNRNPL	hsa_circ_0051239_Extracellular	1395	1401	+	10.5922	6.1e-05	0.209	ACACACA
M027_0.6	HNRNPL	hsa_circ_0051239_Extracellular	1397	1403	+	10.5922	6.1e-05	0.209	ACACACA
M027_0.6	HNRNPL	hsa_circ_0051239_Extracellular	1397	1403	+	10.5922	6.1e-05	0.209	ACACACA
M027_0.6	HNRNPL	hsa_circ_0051239_Extracellular	1399	1405	+	10.5922	6.1e-05	0.209	ACACACA
M027_0.6	HNRNPL	hsa_circ_0051239_Extracellular	1399	1405	+	10.5922	6.1e-05	0.209	ACACACA
M027_0.6	HNRNPL	hsa_circ_0051239_Extracellular	1401	1407	+	10.5922	6.1e-05	0.209	ACACACA
M027_0.6	HNRNPL	hsa_circ_0051239_Extracellular	1401	1407	+	10.5922	6.1e-05	0.209	ACACACA
M027_0.6	HNRNPL	hsa_circ_0051239_Extracellular	1403	1409	+	10.5922	6.1e-05	0.209	ACACACA
M027_0.6	HNRNPL	hsa_circ_0051239_Extracellular	1403	1409	+	10.5922	6.1e-05	0.209	ACACACA
M027_0.6	HNRNPL	hsa_circ_0051239_Extracellular	1405	1411	+	10.5922	6.1e-05	0.209	ACACACA
M027_0.6	HNRNPL	hsa_circ_0051239_Extracellular	1405	1411	+	10.5922	6.1e-05	0.209	ACACACA
M027_0.6	HNRNPL	hsa_circ_0051239_Extracellular	1407	1413	+	10.5922	6.1e-05	0.209	ACACACA
M027_0.6	HNRNPL	hsa_circ_0051239_Extracellular	1407	1413	+	10.5922	6.1e-05	0.209	ACACACA
M027_0.6	HNRNPL	hsa_circ_0051239_Extracellular	1409	1415	+	10.5922	6.1e-05	0.209	ACACACA
M027_0.6	HNRNPL	hsa_circ_0051239_Extracellular	1409	1415	+	10.5922	6.1e-05	0.209	ACACACA
M027_0.6	HNRNPL	hsa_circ_0000726_Extracellular	1414	1420	+	10.5922	6.1e-05	0.209	ACACACA
M027_0.6	HNRNPL	hsa_circ_0000726_Extracellular	1414	1420	+	10.5922	6.1e-05	0.209	ACACACA
M027_0.6	HNRNPL	hsa_circ_0104168_Extracellular	1420	1426	+	10.5922	6.1e-05	0.209	ACACACA
M027_0.6	HNRNPL	hsa_circ_0104168_Extracellular	1420	1426	+	10.5922	6.1e-05	0.209	ACACACA
M027_0.6	HNRNPL	hsa_circ_0049499_Extracellular	1424	1430	+	10.5922	6.1e-05	0.209	ACACACA
M027_0.6	HNRNPL	hsa_circ_0051239_Extracellular	1439	1445	+	10.5922	6.1e-05	0.209	ACACACA
M027_0.6	HNRNPL	hsa_circ_0051239_Extracellular	1439	1445	+	10.5922	6.1e-05	0.209	ACACACA
M027_0.6	HNRNPL	hsa_circ_0051239_Extracellular	1449	1455	+	10.5922	6.1e-05	0.209	ACACACA
M027_0.6	HNRNPL	hsa_circ_0051239_Extracellular	1449	1455	+	10.5922	6.1e-05	0.209	ACACACA
M027_0.6	HNRNPL	hsa_circ_0051239_Extracellular	1451	1457	+	10.5922	6.1e-05	0.209	ACACACA
M027_0.6	HNRNPL	hsa_circ_0051239_Extracellular	1451	1457	+	10.5922	6.1e-05	0.209	ACACACA
M027_0.6	HNRNPL	hsa_circ_0051239_Extracellular	1453	1459	+	10.5922	6.1e-05	0.209	ACACACA
M027_0.6	HNRNPL	hsa_circ_0051239_Extracellular	1453	1459	+	10.5922	6.1e-05	0.209	ACACACA
M027_0.6	HNRNPL	hsa_circ_0051239_Extracellular	1483	1489	+	10.5922	6.1e-05	0.209	ACACACA
M027_0.6	HNRNPL	hsa_circ_0051239_Extracellular	1483	1489	+	10.5922	6.1e-05	0.209	ACACACA
M027_0.6	HNRNPL	hsa_circ_0051239_Extracellular	1485	1491	+	10.5922	6.1e-05	0.209	ACACACA
M027_0.6	HNRNPL	hsa_circ_0051239_Extracellular	1485	1491	+	10.5922	6.1e-05	0.209	ACACACA
M027_0.6	HNRNPL	hsa_circ_0051239_Extracellular	1487	1493	+	10.5922	6.1e-05	0.209	ACACACA
M027_0.6	HNRNPL	hsa_circ_0051239_Extracellular	1487	1493	+	10.5922	6.1e-05	0.209	ACACACA
M027_0.6	HNRNPL	hsa_circ_0051239_Extracellular	1489	1495	+	10.5922	6.1e-05	0.209	ACACACA
M027_0.6	HNRNPL	hsa_circ_0051239_Extracellular	1489	1495	+	10.5922	6.1e-05	0.209	ACACACA
M027_0.6	HNRNPL	hsa_circ_0051239_Extracellular	1491	1497	+	10.5922	6.1e-05	0.209	ACACACA
M027_0.6	HNRNPL	hsa_circ_0051239_Extracellular	1491	1497	+	10.5922	6.1e-05	0.209	ACACACA
M027_0.6	HNRNPL	hsa_circ_0051239_Extracellular	1493	1499	+	10.5922	6.1e-05	0.209	ACACACA
M027_0.6	HNRNPL	hsa_circ_0051239_Extracellular	1493	1499	+	10.5922	6.1e-05	0.209	ACACACA
M027_0.6	HNRNPL	hsa_circ_0051239_Extracellular	1495	1501	+	10.5922	6.1e-05	0.209	ACACACA
M027_0.6	HNRNPL	hsa_circ_0051239_Extracellular	1495	1501	+	10.5922	6.1e-05	0.209	ACACACA
M027_0.6	HNRNPL	hsa_circ_0051239_Extracellular	1497	1503	+	10.5922	6.1e-05	0.209	ACACACA
M027_0.6	HNRNPL	hsa_circ_0051239_Extracellular	1497	1503	+	10.5922	6.1e-05	0.209	ACACACA
M027_0.6	HNRNPL	hsa_circ_0051239_Extracellular	1499	1505	+	10.5922	6.1e-05	0.209	ACACACA
M027_0.6	HNRNPL	hsa_circ_0051239_Extracellular	1499	1505	+	10.5922	6.1e-05	0.209	ACACACA
M027_0.6	HNRNPL	hsa_circ_0051239_Extracellular	1549	1555	+	10.5922	6.1e-05	0.209	ACACACA
M027_0.6	HNRNPL	hsa_circ_0051239_Extracellular	1549	1555	+	10.5922	6.1e-05	0.209	ACACACA
M027_0.6	HNRNPL	hsa_circ_0051239_Extracellular	1551	1557	+	10.5922	6.1e-05	0.209	ACACACA
M027_0.6	HNRNPL	hsa_circ_0051239_Extracellular	1551	1557	+	10.5922	6.1e-05	0.209	ACACACA
M027_0.6	HNRNPL	hsa_circ_0051239_Extracellular	1553	1559	+	10.5922	6.1e-05	0.209	ACACACA
M027_0.6	HNRNPL	hsa_circ_0051239_Extracellular	1553	1559	+	10.5922	6.1e-05	0.209	ACACACA
M027_0.6	HNRNPL	hsa_circ_0051239_Extracellular	1555	1561	+	10.5922	6.1e-05	0.209	ACACACA
M027_0.6	HNRNPL	hsa_circ_0051239_Extracellular	1555	1561	+	10.5922	6.1e-05	0.209	ACACACA
M027_0.6	HNRNPL	hsa_circ_0051239_Extracellular	1557	1563	+	10.5922	6.1e-05	0.209	ACACACA
M027_0.6	HNRNPL	hsa_circ_0051239_Extracellular	1557	1563	+	10.5922	6.1e-05	0.209	ACACACA
M027_0.6	HNRNPL	hsa_circ_0051239_Extracellular	1559	1565	+	10.5922	6.1e-05	0.209	ACACACA
M027_0.6	HNRNPL	hsa_circ_0051239_Extracellular	1559	1565	+	10.5922	6.1e-05	0.209	ACACACA
M027_0.6	HNRNPL	hsa_circ_0051239_Extracellular	1561	1567	+	10.5922	6.1e-05	0.209	ACACACA
M027_0.6	HNRNPL	hsa_circ_0051239_Extracellular	1561	1567	+	10.5922	6.1e-05	0.209	ACACACA
M027_0.6	HNRNPL	hsa_circ_0051239_Extracellular	1563	1569	+	10.5922	6.1e-05	0.209	ACACACA
M027_0.6	HNRNPL	hsa_circ_0051239_Extracellular	1563	1569	+	10.5922	6.1e-05	0.209	ACACACA
M027_0.6	HNRNPL	hsa_circ_0051239_Extracellular	1565	1571	+	10.5922	6.1e-05	0.209	ACACACA
M027_0.6	HNRNPL	hsa_circ_0051239_Extracellular	1565	1571	+	10.5922	6.1e-05	0.209	ACACACA
M027_0.6	HNRNPL	hsa_circ_0002702_Extracellular	1602	1608	+	10.5922	6.1e-05	0.209	ACACACA
M027_0.6	HNRNPL	hsa_circ_0002702_Extracellular	1602	1608	+	10.5922	6.1e-05	0.209	ACACACA
M027_0.6	HNRNPL	hsa_circ_0051239_Extracellular	1608	1614	+	10.5922	6.1e-05	0.209	ACACACA
M027_0.6	HNRNPL	hsa_circ_0051239_Extracellular	1608	1614	+	10.5922	6.1e-05	0.209	ACACACA
M027_0.6	HNRNPL	hsa_circ_0051239_Extracellular	1610	1616	+	10.5922	6.1e-05	0.209	ACACACA
M027_0.6	HNRNPL	hsa_circ_0051239_Extracellular	1610	1616	+	10.5922	6.1e-05	0.209	ACACACA
M027_0.6	HNRNPL	hsa_circ_0051239_Extracellular	1612	1618	+	10.5922	6.1e-05	0.209	ACACACA
M027_0.6	HNRNPL	hsa_circ_0051239_Extracellular	1612	1618	+	10.5922	6.1e-05	0.209	ACACACA
M027_0.6	HNRNPL	hsa_circ_0051239_Extracellular	1614	1620	+	10.5922	6.1e-05	0.209	ACACACA
M027_0.6	HNRNPL	hsa_circ_0051239_Extracellular	1614	1620	+	10.5922	6.1e-05	0.209	ACACACA
M027_0.6	HNRNPL	hsa_circ_0051239_Extracellular	1651	1657	+	10.5922	6.1e-05	0.209	ACACACA
M027_0.6	HNRNPL	hsa_circ_0051239_Extracellular	1651	1657	+	10.5922	6.1e-05	0.209	ACACACA
M027_0.6	HNRNPL	hsa_circ_0051239_Extracellular	1653	1659	+	10.5922	6.1e-05	0.209	ACACACA
M027_0.6	HNRNPL	hsa_circ_0051239_Extracellular	1653	1659	+	10.5922	6.1e-05	0.209	ACACACA
M027_0.6	HNRNPL	hsa_circ_0051239_Extracellular	1655	1661	+	10.5922	6.1e-05	0.209	ACACACA
M027_0.6	HNRNPL	hsa_circ_0051239_Extracellular	1655	1661	+	10.5922	6.1e-05	0.209	ACACACA
M027_0.6	HNRNPL	hsa_circ_0051239_Extracellular	1657	1663	+	10.5922	6.1e-05	0.209	ACACACA
M027_0.6	HNRNPL	hsa_circ_0051239_Extracellular	1657	1663	+	10.5922	6.1e-05	0.209	ACACACA
M027_0.6	HNRNPL	hsa_circ_0051239_Extracellular	1659	1665	+	10.5922	6.1e-05	0.209	ACACACA
M027_0.6	HNRNPL	hsa_circ_0051239_Extracellular	1659	1665	+	10.5922	6.1e-05	0.209	ACACACA
M027_0.6	HNRNPL	hsa_circ_0051239_Extracellular	1668	1674	+	10.5922	6.1e-05	0.209	ACACACA
M027_0.6	HNRNPL	hsa_circ_0051239_Extracellular	1668	1674	+	10.5922	6.1e-05	0.209	ACACACA
M027_0.6	HNRNPL	hsa_circ_0051239_Extracellular	1670	1676	+	10.5922	6.1e-05	0.209	ACACACA
M027_0.6	HNRNPL	hsa_circ_0051239_Extracellular	1670	1676	+	10.5922	6.1e-05	0.209	ACACACA
M027_0.6	HNRNPL	hsa_circ_0051239_Extracellular	1672	1678	+	10.5922	6.1e-05	0.209	ACACACA
M027_0.6	HNRNPL	hsa_circ_0051239_Extracellular	1672	1678	+	10.5922	6.1e-05	0.209	ACACACA
M027_0.6	HNRNPL	hsa_circ_0051239_Extracellular	1674	1680	+	10.5922	6.1e-05	0.209	ACACACA
M027_0.6	HNRNPL	hsa_circ_0051239_Extracellular	1674	1680	+	10.5922	6.1e-05	0.209	ACACACA
M027_0.6	HNRNPL	hsa_circ_0051239_Extracellular	1676	1682	+	10.5922	6.1e-05	0.209	ACACACA
M027_0.6	HNRNPL	hsa_circ_0051239_Extracellular	1676	1682	+	10.5922	6.1e-05	0.209	ACACACA
M027_0.6	HNRNPL	hsa_circ_0091803_Extracellular	1678	1684	+	10.5922	6.1e-05	0.209	ACACACA
M027_0.6	HNRNPL	hsa_circ_0051239_Extracellular	1710	1716	+	10.5922	6.1e-05	0.209	ACACACA
M027_0.6	HNRNPL	hsa_circ_0051239_Extracellular	1710	1716	+	10.5922	6.1e-05	0.209	ACACACA
M027_0.6	HNRNPL	hsa_circ_0051239_Extracellular	1712	1718	+	10.5922	6.1e-05	0.209	ACACACA
M027_0.6	HNRNPL	hsa_circ_0051239_Extracellular	1712	1718	+	10.5922	6.1e-05	0.209	ACACACA
M027_0.6	HNRNPL	hsa_circ_0051239_Extracellular	1762	1768	+	10.5922	6.1e-05	0.209	ACACACA
M027_0.6	HNRNPL	hsa_circ_0051239_Extracellular	1762	1768	+	10.5922	6.1e-05	0.209	ACACACA
M027_0.6	HNRNPL	hsa_circ_0051239_Extracellular	1764	1770	+	10.5922	6.1e-05	0.209	ACACACA
M027_0.6	HNRNPL	hsa_circ_0051239_Extracellular	1764	1770	+	10.5922	6.1e-05	0.209	ACACACA
M027_0.6	HNRNPL	hsa_circ_0051239_Extracellular	1766	1772	+	10.5922	6.1e-05	0.209	ACACACA
M027_0.6	HNRNPL	hsa_circ_0051239_Extracellular	1766	1772	+	10.5922	6.1e-05	0.209	ACACACA
M027_0.6	HNRNPL	hsa_circ_0051239_Extracellular	1768	1774	+	10.5922	6.1e-05	0.209	ACACACA
M027_0.6	HNRNPL	hsa_circ_0051239_Extracellular	1768	1774	+	10.5922	6.1e-05	0.209	ACACACA
M027_0.6	HNRNPL	hsa_circ_0034173_Extracellular	1804	1810	+	10.5922	6.1e-05	0.209	ACACACA
M027_0.6	HNRNPL	hsa_circ_0000065_Extracellular	1853	1859	+	10.5922	6.1e-05	0.209	ACACACA
M027_0.6	HNRNPL	hsa_circ_0000065_Extracellular	1853	1859	+	10.5922	6.1e-05	0.209	ACACACA
M027_0.6	HNRNPL	hsa_circ_0091741_Extracellular	1859	1865	+	10.5922	6.1e-05	0.209	ACACACA
M027_0.6	HNRNPL	hsa_circ_0104808_Extracellular	1860	1866	+	10.5922	6.1e-05	0.209	ACACACA
M027_0.6	HNRNPL	hsa_circ_0104808_Extracellular	1860	1866	+	10.5922	6.1e-05	0.209	ACACACA
M027_0.6	HNRNPL	hsa_circ_0104808_Extracellular	1862	1868	+	10.5922	6.1e-05	0.209	ACACACA
M027_0.6	HNRNPL	hsa_circ_0104808_Extracellular	1862	1868	+	10.5922	6.1e-05	0.209	ACACACA
M027_0.6	HNRNPL	hsa_circ_0104808_Extracellular	1864	1870	+	10.5922	6.1e-05	0.209	ACACACA
M027_0.6	HNRNPL	hsa_circ_0104808_Extracellular	1864	1870	+	10.5922	6.1e-05	0.209	ACACACA
M027_0.6	HNRNPL	hsa_circ_0104808_Extracellular	1866	1872	+	10.5922	6.1e-05	0.209	ACACACA
M027_0.6	HNRNPL	hsa_circ_0104808_Extracellular	1866	1872	+	10.5922	6.1e-05	0.209	ACACACA
M027_0.6	HNRNPL	hsa_circ_0088152_Extracellular	1998	2004	+	10.5922	6.1e-05	0.209	ACACACA
M027_0.6	HNRNPL	hsa_circ_0000322_Extracellular	1998	2004	+	10.5922	6.1e-05	0.209	ACACACA
M027_0.6	HNRNPL	hsa_circ_0000322_Extracellular	1998	2004	+	10.5922	6.1e-05	0.209	ACACACA
M027_0.6	HNRNPL	hsa_circ_0088152_Extracellular	2000	2006	+	10.5922	6.1e-05	0.209	ACACACA
M027_0.6	HNRNPL	hsa_circ_0085428_Extracellular	2050	2056	+	10.5922	6.1e-05	0.209	ACACACA
M027_0.6	HNRNPL	hsa_circ_0085428_Extracellular	2110	2116	+	10.5922	6.1e-05	0.209	ACACACA
M027_0.6	HNRNPL	hsa_circ_0000322_Extracellular	2158	2164	+	10.5922	6.1e-05	0.209	ACACACA
M027_0.6	HNRNPL	hsa_circ_0000322_Extracellular	2158	2164	+	10.5922	6.1e-05	0.209	ACACACA
M027_0.6	HNRNPL	hsa_circ_0104980_Extracellular	2198	2204	+	10.5922	6.1e-05	0.209	ACACACA
M027_0.6	HNRNPL	hsa_circ_0104980_Extracellular	2198	2204	+	10.5922	6.1e-05	0.209	ACACACA
M027_0.6	HNRNPL	hsa_circ_0104980_Extracellular	2206	2212	+	10.5922	6.1e-05	0.209	ACACACA
M027_0.6	HNRNPL	hsa_circ_0104980_Extracellular	2206	2212	+	10.5922	6.1e-05	0.209	ACACACA
M027_0.6	HNRNPL	mmu_circ_0000713_Extracellular	2228	2234	+	10.5922	6.1e-05	0.209	ACACACA
M027_0.6	HNRNPL	hsa_circ_0049499_Extracellular	2683	2689	+	10.5922	6.1e-05	0.209	ACACACA
M027_0.6	HNRNPL	hsa_circ_0104808_Extracellular	2883	2889	+	10.5922	6.1e-05	0.209	ACACACA
M027_0.6	HNRNPL	hsa_circ_0104808_Extracellular	2883	2889	+	10.5922	6.1e-05	0.209	ACACACA
M027_0.6	HNRNPL	hsa_circ_0103491_Extracellular	3079	3085	+	10.5922	6.1e-05	0.209	ACACACA
M027_0.6	HNRNPL	hsa_circ_0103491_Extracellular	3079	3085	+	10.5922	6.1e-05	0.209	ACACACA
M027_0.6	HNRNPL	hsa_circ_0000973_Extracellular	3299	3305	+	10.5922	6.1e-05	0.209	ACACACA
M027_0.6	HNRNPL	hsa_circ_0000973_Extracellular	3299	3305	+	10.5922	6.1e-05	0.209	ACACACA
M027_0.6	HNRNPL	hsa_circ_0000973_Extracellular	3301	3307	+	10.5922	6.1e-05	0.209	ACACACA
M027_0.6	HNRNPL	hsa_circ_0000973_Extracellular	3301	3307	+	10.5922	6.1e-05	0.209	ACACACA
M027_0.6	HNRNPL	hsa_circ_0000973_Extracellular	3303	3309	+	10.5922	6.1e-05	0.209	ACACACA
M027_0.6	HNRNPL	hsa_circ_0000973_Extracellular	3303	3309	+	10.5922	6.1e-05	0.209	ACACACA
M027_0.6	HNRNPL	hsa_circ_0000973_Extracellular	3305	3311	+	10.5922	6.1e-05	0.209	ACACACA
M027_0.6	HNRNPL	hsa_circ_0000973_Extracellular	3305	3311	+	10.5922	6.1e-05	0.209	ACACACA
M027_0.6	HNRNPL	hsa_circ_0000065_Extracellular	3432	3438	+	10.5922	6.1e-05	0.209	ACACACA
M027_0.6	HNRNPL	hsa_circ_0000065_Extracellular	3432	3438	+	10.5922	6.1e-05	0.209	ACACACA
M027_0.6	HNRNPL	hsa_circ_0000065_Extracellular	3434	3440	+	10.5922	6.1e-05	0.209	ACACACA
M027_0.6	HNRNPL	hsa_circ_0000065_Extracellular	3434	3440	+	10.5922	6.1e-05	0.209	ACACACA
M027_0.6	HNRNPL	hsa_circ_0000065_Extracellular	3436	3442	+	10.5922	6.1e-05	0.209	ACACACA
M027_0.6	HNRNPL	hsa_circ_0000065_Extracellular	3436	3442	+	10.5922	6.1e-05	0.209	ACACACA
M027_0.6	HNRNPL	hsa_circ_0000065_Extracellular	3438	3444	+	10.5922	6.1e-05	0.209	ACACACA
M027_0.6	HNRNPL	hsa_circ_0000065_Extracellular	3438	3444	+	10.5922	6.1e-05	0.209	ACACACA
M027_0.6	HNRNPL	hsa_circ_0000065_Extracellular	3440	3446	+	10.5922	6.1e-05	0.209	ACACACA
M027_0.6	HNRNPL	hsa_circ_0000065_Extracellular	3440	3446	+	10.5922	6.1e-05	0.209	ACACACA
M027_0.6	HNRNPL	hsa_circ_0000065_Extracellular	3442	3448	+	10.5922	6.1e-05	0.209	ACACACA
M027_0.6	HNRNPL	hsa_circ_0000065_Extracellular	3442	3448	+	10.5922	6.1e-05	0.209	ACACACA
M027_0.6	HNRNPL	hsa_circ_0000065_Extracellular	3444	3450	+	10.5922	6.1e-05	0.209	ACACACA
M027_0.6	HNRNPL	hsa_circ_0000065_Extracellular	3444	3450	+	10.5922	6.1e-05	0.209	ACACACA
M027_0.6	HNRNPL	hsa_circ_0104980_Extracellular	3457	3463	+	10.5922	6.1e-05	0.209	ACACACA
M027_0.6	HNRNPL	hsa_circ_0104980_Extracellular	3457	3463	+	10.5922	6.1e-05	0.209	ACACACA
M027_0.6	HNRNPL	hsa_circ_0000065_Extracellular	3460	3466	+	10.5922	6.1e-05	0.209	ACACACA
M027_0.6	HNRNPL	hsa_circ_0000065_Extracellular	3460	3466	+	10.5922	6.1e-05	0.209	ACACACA
M027_0.6	HNRNPL	hsa_circ_0000065_Extracellular	3472	3478	+	10.5922	6.1e-05	0.209	ACACACA
M027_0.6	HNRNPL	hsa_circ_0000065_Extracellular	3472	3478	+	10.5922	6.1e-05	0.209	ACACACA
M027_0.6	HNRNPL	hsa_circ_0000065_Extracellular	3474	3480	+	10.5922	6.1e-05	0.209	ACACACA
M027_0.6	HNRNPL	hsa_circ_0000065_Extracellular	3474	3480	+	10.5922	6.1e-05	0.209	ACACACA
M027_0.6	HNRNPL	hsa_circ_0000065_Extracellular	3492	3498	+	10.5922	6.1e-05	0.209	ACACACA
M027_0.6	HNRNPL	hsa_circ_0000065_Extracellular	3492	3498	+	10.5922	6.1e-05	0.209	ACACACA
M027_0.6	HNRNPL	hsa_circ_0000065_Extracellular	3494	3500	+	10.5922	6.1e-05	0.209	ACACACA
M027_0.6	HNRNPL	hsa_circ_0000065_Extracellular	3494	3500	+	10.5922	6.1e-05	0.209	ACACACA
M027_0.6	HNRNPL	hsa_circ_0000065_Extracellular	3496	3502	+	10.5922	6.1e-05	0.209	ACACACA
M027_0.6	HNRNPL	hsa_circ_0000065_Extracellular	3496	3502	+	10.5922	6.1e-05	0.209	ACACACA
M027_0.6	HNRNPL	hsa_circ_0000065_Extracellular	3498	3504	+	10.5922	6.1e-05	0.209	ACACACA
M027_0.6	HNRNPL	hsa_circ_0000065_Extracellular	3498	3504	+	10.5922	6.1e-05	0.209	ACACACA
M027_0.6	HNRNPL	hsa_circ_0000065_Extracellular	3500	3506	+	10.5922	6.1e-05	0.209	ACACACA
M027_0.6	HNRNPL	hsa_circ_0000065_Extracellular	3500	3506	+	10.5922	6.1e-05	0.209	ACACACA
M027_0.6	HNRNPL	hsa_circ_0103045_Extracellular	3760	3766	+	10.5922	6.1e-05	0.209	ACACACA
M027_0.6	HNRNPL	hsa_circ_0103045_Extracellular	3760	3766	+	10.5922	6.1e-05	0.209	ACACACA
M027_0.6	HNRNPL	hsa_circ_0059639_Extracellular	3802	3808	+	10.5922	6.1e-05	0.209	ACACACA
M027_0.6	HNRNPL	hsa_circ_0059639_Extracellular	3862	3868	+	10.5922	6.1e-05	0.209	ACACACA
M027_0.6	HNRNPL	mmu_circ_0000713_Extracellular	3984	3990	+	10.5922	6.1e-05	0.209	ACACACA
M027_0.6	HNRNPL	hsa_circ_0104980_Extracellular	4172	4178	+	10.5922	6.1e-05	0.209	ACACACA
M027_0.6	HNRNPL	hsa_circ_0104980_Extracellular	4172	4178	+	10.5922	6.1e-05	0.209	ACACACA
M027_0.6	HNRNPL	hsa_circ_0110664_Extracellular	4194	4200	+	10.5922	6.1e-05	0.209	ACACACA
M027_0.6	HNRNPL	hsa_circ_0000443_Extracellular	4540	4546	+	10.5922	6.1e-05	0.209	ACACACA
M027_0.6	HNRNPL	hsa_circ_0000443_Extracellular	4540	4546	+	10.5922	6.1e-05	0.209	ACACACA
M027_0.6	HNRNPL	hsa_circ_0000442_Extracellular	4540	4546	+	10.5922	6.1e-05	0.209	ACACACA
M027_0.6	HNRNPL	hsa_circ_0000443_Extracellular	4540	4546	+	10.5922	6.1e-05	0.209	ACACACA
M027_0.6	HNRNPL	hsa_circ_0000442_Extracellular	4540	4546	+	10.5922	6.1e-05	0.209	ACACACA
M027_0.6	HNRNPL	hsa_circ_0000443_Extracellular	4542	4548	+	10.5922	6.1e-05	0.209	ACACACA
M027_0.6	HNRNPL	hsa_circ_0000443_Extracellular	4542	4548	+	10.5922	6.1e-05	0.209	ACACACA
M027_0.6	HNRNPL	hsa_circ_0000442_Extracellular	4542	4548	+	10.5922	6.1e-05	0.209	ACACACA
M027_0.6	HNRNPL	hsa_circ_0000443_Extracellular	4542	4548	+	10.5922	6.1e-05	0.209	ACACACA
M027_0.6	HNRNPL	hsa_circ_0000442_Extracellular	4542	4548	+	10.5922	6.1e-05	0.209	ACACACA
M027_0.6	HNRNPL	hsa_circ_0103176_Extracellular	5037	5043	+	10.5922	6.1e-05	0.209	ACACACA
M027_0.6	HNRNPL	hsa_circ_0103176_Extracellular	5037	5043	+	10.5922	6.1e-05	0.209	ACACACA
M027_0.6	HNRNPL	hsa_circ_0000090_Extracellular	5132	5138	+	10.5922	6.1e-05	0.209	ACACACA
M027_0.6	HNRNPL	hsa_circ_0000090_Extracellular	5132	5138	+	10.5922	6.1e-05	0.209	ACACACA
M027_0.6	HNRNPL	hsa_circ_0000090_Extracellular	5134	5140	+	10.5922	6.1e-05	0.209	ACACACA
M027_0.6	HNRNPL	hsa_circ_0000090_Extracellular	5134	5140	+	10.5922	6.1e-05	0.209	ACACACA
M027_0.6	HNRNPL	hsa_circ_0000090_Extracellular	5136	5142	+	10.5922	6.1e-05	0.209	ACACACA
M027_0.6	HNRNPL	hsa_circ_0000090_Extracellular	5136	5142	+	10.5922	6.1e-05	0.209	ACACACA
M027_0.6	HNRNPL	hsa_circ_0000090_Extracellular	5138	5144	+	10.5922	6.1e-05	0.209	ACACACA
M027_0.6	HNRNPL	hsa_circ_0000090_Extracellular	5138	5144	+	10.5922	6.1e-05	0.209	ACACACA
M027_0.6	HNRNPL	hsa_circ_0000090_Extracellular	5140	5146	+	10.5922	6.1e-05	0.209	ACACACA
M027_0.6	HNRNPL	hsa_circ_0000090_Extracellular	5140	5146	+	10.5922	6.1e-05	0.209	ACACACA
M027_0.6	HNRNPL	hsa_circ_0000090_Extracellular	5142	5148	+	10.5922	6.1e-05	0.209	ACACACA
M027_0.6	HNRNPL	hsa_circ_0000090_Extracellular	5142	5148	+	10.5922	6.1e-05	0.209	ACACACA
M027_0.6	HNRNPL	hsa_circ_0000090_Extracellular	5144	5150	+	10.5922	6.1e-05	0.209	ACACACA
M027_0.6	HNRNPL	hsa_circ_0000090_Extracellular	5144	5150	+	10.5922	6.1e-05	0.209	ACACACA
M027_0.6	HNRNPL	mmu_circ_0000713_Extracellular	5211	5217	+	10.5922	6.1e-05	0.209	ACACACA
M027_0.6	HNRNPL	mmu_circ_0000713_Extracellular	5223	5229	+	10.5922	6.1e-05	0.209	ACACACA
M027_0.6	HNRNPL	hsa_circ_0026102_Extracellular	5231	5237	+	10.5922	6.1e-05	0.209	ACACACA
M027_0.6	HNRNPL	hsa_circ_0104128_Extracellular	5711	5717	+	10.5922	6.1e-05	0.209	ACACACA
M027_0.6	HNRNPL	hsa_circ_0104128_Extracellular	5711	5717	+	10.5922	6.1e-05	0.209	ACACACA
M027_0.6	HNRNPL	hsa_circ_0101018_Extracellular	5767	5773	+	10.5922	6.1e-05	0.209	ACACACA
M027_0.6	HNRNPL	hsa_circ_0101018_Extracellular	5767	5773	+	10.5922	6.1e-05	0.209	ACACACA
M027_0.6	HNRNPL	hsa_circ_0009684_Extracellular	6826	6832	+	10.5922	6.1e-05	0.209	ACACACA
M027_0.6	HNRNPL	hsa_circ_0009684_Extracellular	6826	6832	+	10.5922	6.1e-05	0.209	ACACACA
M027_0.6	HNRNPL	hsa_circ_0009684_Extracellular	6828	6834	+	10.5922	6.1e-05	0.209	ACACACA
M027_0.6	HNRNPL	hsa_circ_0009684_Extracellular	6828	6834	+	10.5922	6.1e-05	0.209	ACACACA
M027_0.6	HNRNPL	hsa_circ_0000246_Extracellular	6833	6839	+	10.5922	6.1e-05	0.209	ACACACA
M027_0.6	HNRNPL	hsa_circ_0000246_Extracellular	6833	6839	+	10.5922	6.1e-05	0.209	ACACACA
M027_0.6	HNRNPL	hsa_circ_0001306_Extracellular	6957	6963	+	10.5922	6.1e-05	0.209	ACACACA
M027_0.6	HNRNPL	hsa_circ_0001306_Extracellular	6957	6963	+	10.5922	6.1e-05	0.209	ACACACA
M027_0.6	HNRNPL	hsa_circ_0100988_Extracellular	6974	6980	+	10.5922	6.1e-05	0.209	ACACACA
M027_0.6	HNRNPL	hsa_circ_0100988_Extracellular	6974	6980	+	10.5922	6.1e-05	0.209	ACACACA
M027_0.6	HNRNPL	hsa_circ_0104808_Extracellular	7157	7163	+	10.5922	6.1e-05	0.209	ACACACA
M027_0.6	HNRNPL	hsa_circ_0104808_Extracellular	7157	7163	+	10.5922	6.1e-05	0.209	ACACACA
M027_0.6	HNRNPL	hsa_circ_0104808_Extracellular	7217	7223	+	10.5922	6.1e-05	0.209	ACACACA
M027_0.6	HNRNPL	hsa_circ_0104808_Extracellular	7217	7223	+	10.5922	6.1e-05	0.209	ACACACA
M027_0.6	HNRNPL	mmu_circ_0000713_Extracellular	7478	7484	+	10.5922	6.1e-05	0.209	ACACACA
M027_0.6	HNRNPL	hsa_circ_0000444_Extracellular	7895	7901	+	10.5922	6.1e-05	0.209	ACACACA
M027_0.6	HNRNPL	hsa_circ_0000444_Extracellular	7895	7901	+	10.5922	6.1e-05	0.209	ACACACA
M027_0.6	HNRNPL	hsa_circ_0000444_Extracellular	7897	7903	+	10.5922	6.1e-05	0.209	ACACACA
M027_0.6	HNRNPL	hsa_circ_0000444_Extracellular	7897	7903	+	10.5922	6.1e-05	0.209	ACACACA
M027_0.6	HNRNPL	hsa_circ_0104808_Extracellular	8047	8053	+	10.5922	6.1e-05	0.209	ACACACA
M027_0.6	HNRNPL	hsa_circ_0104808_Extracellular	8047	8053	+	10.5922	6.1e-05	0.209	ACACACA
M027_0.6	HNRNPL	hsa_circ_0104808_Extracellular	8049	8055	+	10.5922	6.1e-05	0.209	ACACACA
M027_0.6	HNRNPL	hsa_circ_0104808_Extracellular	8049	8055	+	10.5922	6.1e-05	0.209	ACACACA
M027_0.6	HNRNPL	hsa_circ_0104808_Extracellular	8051	8057	+	10.5922	6.1e-05	0.209	ACACACA
M027_0.6	HNRNPL	hsa_circ_0104808_Extracellular	8051	8057	+	10.5922	6.1e-05	0.209	ACACACA
M027_0.6	HNRNPL	hsa_circ_0104808_Extracellular	8053	8059	+	10.5922	6.1e-05	0.209	ACACACA
M027_0.6	HNRNPL	hsa_circ_0104808_Extracellular	8053	8059	+	10.5922	6.1e-05	0.209	ACACACA
M027_0.6	HNRNPL	hsa_circ_0104808_Extracellular	8055	8061	+	10.5922	6.1e-05	0.209	ACACACA
M027_0.6	HNRNPL	hsa_circ_0104808_Extracellular	8055	8061	+	10.5922	6.1e-05	0.209	ACACACA
M027_0.6	HNRNPL	mmu_circ_0000713_Extracellular	8979	8985	+	10.5922	6.1e-05	0.209	ACACACA
M027_0.6	HNRNPL	mmu_circ_0000713_Extracellular	8981	8987	+	10.5922	6.1e-05	0.209	ACACACA
M027_0.6	HNRNPL	mmu_circ_0000713_Extracellular	8983	8989	+	10.5922	6.1e-05	0.209	ACACACA
M027_0.6	HNRNPL	mmu_circ_0000713_Extracellular	8985	8991	+	10.5922	6.1e-05	0.209	ACACACA
M027_0.6	HNRNPL	mmu_circ_0000713_Extracellular	8987	8993	+	10.5922	6.1e-05	0.209	ACACACA
M027_0.6	HNRNPL	mmu_circ_0000713_Extracellular	8989	8995	+	10.5922	6.1e-05	0.209	ACACACA
M027_0.6	HNRNPL	mmu_circ_0000713_Extracellular	8991	8997	+	10.5922	6.1e-05	0.209	ACACACA
M027_0.6	HNRNPL	mmu_circ_0000713_Extracellular	8993	8999	+	10.5922	6.1e-05	0.209	ACACACA
M027_0.6	HNRNPL	mmu_circ_0000713_Extracellular	8995	9001	+	10.5922	6.1e-05	0.209	ACACACA
M027_0.6	HNRNPL	mmu_circ_0000713_Extracellular	8997	9003	+	10.5922	6.1e-05	0.209	ACACACA
M027_0.6	HNRNPL	mmu_circ_0000713_Extracellular	8999	9005	+	10.5922	6.1e-05	0.209	ACACACA
M027_0.6	HNRNPL	mmu_circ_0000713_Extracellular	9001	9007	+	10.5922	6.1e-05	0.209	ACACACA
M027_0.6	HNRNPL	mmu_circ_0000713_Extracellular	9003	9009	+	10.5922	6.1e-05	0.209	ACACACA
M027_0.6	HNRNPL	mmu_circ_0000713_Extracellular	9005	9011	+	10.5922	6.1e-05	0.209	ACACACA
M027_0.6	HNRNPL	mmu_circ_0000713_Extracellular	9007	9013	+	10.5922	6.1e-05	0.209	ACACACA
M027_0.6	HNRNPL	mmu_circ_0000713_Extracellular	9041	9047	+	10.5922	6.1e-05	0.209	ACACACA
M027_0.6	HNRNPL	mmu_circ_0000713_Extracellular	9043	9049	+	10.5922	6.1e-05	0.209	ACACACA
M027_0.6	HNRNPL	mmu_circ_0000713_Extracellular	9045	9051	+	10.5922	6.1e-05	0.209	ACACACA
M027_0.6	HNRNPL	mmu_circ_0000713_Extracellular	9149	9155	+	10.5922	6.1e-05	0.209	ACACACA
M027_0.6	HNRNPL	mmu_circ_0000905_Extracellular	9638	9644	+	10.5922	6.1e-05	0.209	ACACACA
M027_0.6	HNRNPL	mmu_circ_0000905_Extracellular	9648	9654	+	10.5922	6.1e-05	0.209	ACACACA
M027_0.6	HNRNPL	mmu_circ_0000905_Extracellular	9650	9656	+	10.5922	6.1e-05	0.209	ACACACA
M027_0.6	HNRNPL	mmu_circ_0000905_Extracellular	9652	9658	+	10.5922	6.1e-05	0.209	ACACACA
M027_0.6	HNRNPL	mmu_circ_0000905_Extracellular	9654	9660	+	10.5922	6.1e-05	0.209	ACACACA
M027_0.6	HNRNPL	mmu_circ_0000905_Extracellular	9684	9690	+	10.5922	6.1e-05	0.209	ACACACA
M027_0.6	HNRNPL	mmu_circ_0000905_Extracellular	9698	9704	+	10.5922	6.1e-05	0.209	ACACACA
M027_0.6	HNRNPL	hsa_circ_0001812_Extracellular	10893	10899	+	10.5922	6.1e-05	0.209	ACACACA
M027_0.6	HNRNPL	hsa_circ_0001812_Extracellular	10893	10899	+	10.5922	6.1e-05	0.209	ACACACA
M027_0.6	HNRNPL	hsa_circ_0000090_Extracellular	11414	11420	+	10.5922	6.1e-05	0.209	ACACACA
M027_0.6	HNRNPL	hsa_circ_0000090_Extracellular	11414	11420	+	10.5922	6.1e-05	0.209	ACACACA
M027_0.6	HNRNPL	hsa_circ_0000090_Extracellular	11416	11422	+	10.5922	6.1e-05	0.209	ACACACA
M027_0.6	HNRNPL	hsa_circ_0000090_Extracellular	11416	11422	+	10.5922	6.1e-05	0.209	ACACACA
M027_0.6	HNRNPL	hsa_circ_0000090_Extracellular	11418	11424	+	10.5922	6.1e-05	0.209	ACACACA
M027_0.6	HNRNPL	hsa_circ_0000090_Extracellular	11418	11424	+	10.5922	6.1e-05	0.209	ACACACA
M027_0.6	HNRNPL	hsa_circ_0000090_Extracellular	11420	11426	+	10.5922	6.1e-05	0.209	ACACACA
M027_0.6	HNRNPL	hsa_circ_0000090_Extracellular	11420	11426	+	10.5922	6.1e-05	0.209	ACACACA
M027_0.6	HNRNPL	hsa_circ_0000090_Extracellular	11422	11428	+	10.5922	6.1e-05	0.209	ACACACA
M027_0.6	HNRNPL	hsa_circ_0000090_Extracellular	11422	11428	+	10.5922	6.1e-05	0.209	ACACACA
M027_0.6	HNRNPL	hsa_circ_0000090_Extracellular	11424	11430	+	10.5922	6.1e-05	0.209	ACACACA
M027_0.6	HNRNPL	hsa_circ_0000090_Extracellular	11424	11430	+	10.5922	6.1e-05	0.209	ACACACA
M027_0.6	HNRNPL	hsa_circ_0000090_Extracellular	11426	11432	+	10.5922	6.1e-05	0.209	ACACACA
M027_0.6	HNRNPL	hsa_circ_0000090_Extracellular	11426	11432	+	10.5922	6.1e-05	0.209	ACACACA
M027_0.6	HNRNPL	hsa_circ_0000090_Extracellular	11428	11434	+	10.5922	6.1e-05	0.209	ACACACA
M027_0.6	HNRNPL	hsa_circ_0000090_Extracellular	11428	11434	+	10.5922	6.1e-05	0.209	ACACACA
M027_0.6	HNRNPL	hsa_circ_0000090_Extracellular	11430	11436	+	10.5922	6.1e-05	0.209	ACACACA
M027_0.6	HNRNPL	hsa_circ_0000090_Extracellular	11430	11436	+	10.5922	6.1e-05	0.209	ACACACA
M027_0.6	HNRNPL	hsa_circ_0000090_Extracellular	11432	11438	+	10.5922	6.1e-05	0.209	ACACACA
M027_0.6	HNRNPL	hsa_circ_0000090_Extracellular	11432	11438	+	10.5922	6.1e-05	0.209	ACACACA
M027_0.6	HNRNPL	hsa_circ_0000090_Extracellular	11434	11440	+	10.5922	6.1e-05	0.209	ACACACA
M027_0.6	HNRNPL	hsa_circ_0000090_Extracellular	11434	11440	+	10.5922	6.1e-05	0.209	ACACACA
M027_0.6	HNRNPL	hsa_circ_0000090_Extracellular	11436	11442	+	10.5922	6.1e-05	0.209	ACACACA
M027_0.6	HNRNPL	hsa_circ_0000090_Extracellular	11436	11442	+	10.5922	6.1e-05	0.209	ACACACA
M027_0.6	HNRNPL	hsa_circ_0000090_Extracellular	11438	11444	+	10.5922	6.1e-05	0.209	ACACACA
M027_0.6	HNRNPL	hsa_circ_0000090_Extracellular	11438	11444	+	10.5922	6.1e-05	0.209	ACACACA
M027_0.6	HNRNPL	hsa_circ_0000090_Extracellular	11440	11446	+	10.5922	6.1e-05	0.209	ACACACA
M027_0.6	HNRNPL	hsa_circ_0000090_Extracellular	11440	11446	+	10.5922	6.1e-05	0.209	ACACACA
M027_0.6	HNRNPL	hsa_circ_0104904_Extracellular	11716	11722	+	10.5922	6.1e-05	0.209	ACACACA
M027_0.6	HNRNPL	hsa_circ_0104904_Extracellular	11716	11722	+	10.5922	6.1e-05	0.209	ACACACA
M027_0.6	HNRNPL	hsa_circ_0104980_Extracellular	13558	13564	+	10.5922	6.1e-05	0.209	ACACACA
M027_0.6	HNRNPL	hsa_circ_0104980_Extracellular	13558	13564	+	10.5922	6.1e-05	0.209	ACACACA
M016_0.6	FMR1	hsa_circ_0001749_Extracellular	40	46	+	10.5942	6.1e-05	0.761	GGACAAG
M016_0.6	FMR1	hsa_circ_0001749_Extracellular	40	46	+	10.5942	6.1e-05	0.761	GGACAAG
M016_0.6	FMR1	hsa_circ_0004277_Extracellular	45	51	+	10.5942	6.1e-05	0.761	GGACAAG
M016_0.6	FMR1	hsa_circ_0004277_Extracellular	45	51	+	10.5942	6.1e-05	0.761	GGACAAG
M016_0.6	FMR1	hsa_circ_0101796_Extracellular	49	55	+	10.5942	6.1e-05	0.761	GGACAAG
M016_0.6	FMR1	hsa_circ_0019120_Extracellular	49	55	+	10.5942	6.1e-05	0.761	GGACAAG
M016_0.6	FMR1	hsa_circ_0101796_Extracellular	49	55	+	10.5942	6.1e-05	0.761	GGACAAG
M016_0.6	FMR1	hsa_circ_0019120_Extracellular	49	55	+	10.5942	6.1e-05	0.761	GGACAAG
M016_0.6	FMR1	hsa_circ_0004863_Extracellular	106	112	+	10.5942	6.1e-05	0.761	GGACAAG
M016_0.6	FMR1	hsa_circ_0004863_Extracellular	106	112	+	10.5942	6.1e-05	0.761	GGACAAG
M016_0.6	FMR1	mmu_circ_0008061_Extracellular	107	113	+	10.5942	6.1e-05	0.761	GGACAAG
M016_0.6	FMR1	hsa_circ_0001861_Extracellular	119	125	+	10.5942	6.1e-05	0.761	GGACAAG
M016_0.6	FMR1	hsa_circ_0001861_Extracellular	119	125	+	10.5942	6.1e-05	0.761	GGACAAG
M016_0.6	FMR1	hsa_circ_0002452_Extracellular	121	127	+	10.5942	6.1e-05	0.761	GGACAAG
M016_0.6	FMR1	hsa_circ_0049015_Extracellular	124	130	+	10.5942	6.1e-05	0.761	GGACAAG
M016_0.6	FMR1	hsa_circ_0102788_Extracellular	128	134	+	10.5942	6.1e-05	0.761	GGACAAG
M016_0.6	FMR1	hsa_circ_0102788_Extracellular	128	134	+	10.5942	6.1e-05	0.761	GGACAAG
M016_0.6	FMR1	hsa_circ_0001238_Extracellular	144	150	+	10.5942	6.1e-05	0.761	GGACAAG
M016_0.6	FMR1	hsa_circ_0001238_Extracellular	144	150	+	10.5942	6.1e-05	0.761	GGACAAG
M016_0.6	FMR1	hsa_circ_0008806_Extracellular	144	150	+	10.5942	6.1e-05	0.761	GGACAAG
M016_0.6	FMR1	hsa_circ_0008806_Extracellular	144	150	+	10.5942	6.1e-05	0.761	GGACAAG
M016_0.6	FMR1	hsa_circ_0100199_Extracellular	159	165	+	10.5942	6.1e-05	0.761	GGACAAG
M016_0.6	FMR1	hsa_circ_0100199_Extracellular	159	165	+	10.5942	6.1e-05	0.761	GGACAAG
M016_0.6	FMR1	hsa_circ_0087557_Extracellular	163	169	+	10.5942	6.1e-05	0.761	GGACAAG
M016_0.6	FMR1	hsa_circ_0087557_Extracellular	163	169	+	10.5942	6.1e-05	0.761	GGACAAG
M016_0.6	FMR1	hsa_circ_0021208_Extracellular	167	173	+	10.5942	6.1e-05	0.761	GGACAAG
M016_0.6	FMR1	hsa_circ_0001834_Extracellular	184	190	+	10.5942	6.1e-05	0.761	GGACAAG
M016_0.6	FMR1	hsa_circ_0001834_Extracellular	184	190	+	10.5942	6.1e-05	0.761	GGACAAG
M016_0.6	FMR1	hsa_circ_0001776_Extracellular	238	244	+	10.5942	6.1e-05	0.761	GGACAAG
M016_0.6	FMR1	hsa_circ_0001776_Extracellular	238	244	+	10.5942	6.1e-05	0.761	GGACAAG
M016_0.6	FMR1	hsa_circ_0026218_Extracellular	238	244	+	10.5942	6.1e-05	0.761	GGACAAG
M016_0.6	FMR1	hsa_circ_0056264_Extracellular	240	246	+	10.5942	6.1e-05	0.761	GGACAAG
M016_0.6	FMR1	hsa_circ_0056264_Extracellular	240	246	+	10.5942	6.1e-05	0.761	GGACAAG
M016_0.6	FMR1	hsa_circ_0004956_Extracellular	253	259	+	10.5942	6.1e-05	0.761	GGACAAG
M016_0.6	FMR1	hsa_circ_0004956_Extracellular	253	259	+	10.5942	6.1e-05	0.761	GGACAAG
M016_0.6	FMR1	hsa_circ_0001141_Extracellular	277	283	+	10.5942	6.1e-05	0.761	GGACAAG
M016_0.6	FMR1	hsa_circ_0048856_Extracellular	301	307	+	10.5942	6.1e-05	0.761	GGACAAG
M016_0.6	FMR1	hsa_circ_0002702_Extracellular	322	328	+	10.5942	6.1e-05	0.761	GGACAAG
M016_0.6	FMR1	hsa_circ_0002702_Extracellular	322	328	+	10.5942	6.1e-05	0.761	GGACAAG
M016_0.6	FMR1	hsa_circ_0051940_Extracellular	340	346	+	10.5942	6.1e-05	0.761	GGACAAG
M016_0.6	FMR1	hsa_circ_0103735_Extracellular	343	349	+	10.5942	6.1e-05	0.761	GGACAAG
M016_0.6	FMR1	hsa_circ_0103735_Extracellular	343	349	+	10.5942	6.1e-05	0.761	GGACAAG
M016_0.6	FMR1	hsa_circ_0125759_Extracellular	345	351	+	10.5942	6.1e-05	0.761	GGACAAG
M016_0.6	FMR1	hsa_circ_0000337_Extracellular	347	353	+	10.5942	6.1e-05	0.761	GGACAAG
M016_0.6	FMR1	hsa_circ_0026102_Extracellular	369	375	+	10.5942	6.1e-05	0.761	GGACAAG
M016_0.6	FMR1	hsa_circ_0000337_Extracellular	384	390	+	10.5942	6.1e-05	0.761	GGACAAG
M016_0.6	FMR1	hsa_circ_0026102_Extracellular	429	435	+	10.5942	6.1e-05	0.761	GGACAAG
M016_0.6	FMR1	hsa_circ_0000233_Extracellular	473	479	+	10.5942	6.1e-05	0.761	GGACAAG
M016_0.6	FMR1	hsa_circ_0000233_Extracellular	473	479	+	10.5942	6.1e-05	0.761	GGACAAG
M016_0.6	FMR1	hsa_circ_0000444_Extracellular	506	512	+	10.5942	6.1e-05	0.761	GGACAAG
M016_0.6	FMR1	hsa_circ_0000444_Extracellular	506	512	+	10.5942	6.1e-05	0.761	GGACAAG
M016_0.6	FMR1	hsa_circ_0000323_Extracellular	538	544	+	10.5942	6.1e-05	0.761	GGACAAG
M016_0.6	FMR1	hsa_circ_0000323_Extracellular	538	544	+	10.5942	6.1e-05	0.761	GGACAAG
M016_0.6	FMR1	hsa_circ_0001480_Extracellular	560	566	+	10.5942	6.1e-05	0.761	GGACAAG
M016_0.6	FMR1	hsa_circ_0001480_Extracellular	560	566	+	10.5942	6.1e-05	0.761	GGACAAG
M016_0.6	FMR1	hsa_circ_0100583_Extracellular	629	635	+	10.5942	6.1e-05	0.761	GGACAAG
M016_0.6	FMR1	hsa_circ_0100583_Extracellular	629	635	+	10.5942	6.1e-05	0.761	GGACAAG
M016_0.6	FMR1	hsa_circ_0056285_Extracellular	659	665	+	10.5942	6.1e-05	0.761	GGACAAG
M016_0.6	FMR1	hsa_circ_0056285_Extracellular	667	673	+	10.5942	6.1e-05	0.761	GGACAAG
M016_0.6	FMR1	hsa_circ_0051940_Extracellular	684	690	+	10.5942	6.1e-05	0.761	GGACAAG
M016_0.6	FMR1	hsa_circ_0006756_Extracellular	748	754	+	10.5942	6.1e-05	0.761	GGACAAG
M016_0.6	FMR1	hsa_circ_0006756_Extracellular	748	754	+	10.5942	6.1e-05	0.761	GGACAAG
M016_0.6	FMR1	hsa_circ_0104128_Extracellular	754	760	+	10.5942	6.1e-05	0.761	GGACAAG
M016_0.6	FMR1	hsa_circ_0104128_Extracellular	754	760	+	10.5942	6.1e-05	0.761	GGACAAG
M016_0.6	FMR1	hsa_circ_0088152_Extracellular	861	867	+	10.5942	6.1e-05	0.761	GGACAAG
M016_0.6	FMR1	hsa_circ_0059639_Extracellular	897	903	+	10.5942	6.1e-05	0.761	GGACAAG
M016_0.6	FMR1	hsa_circ_0042003_Extracellular	995	1001	+	10.5942	6.1e-05	0.761	GGACAAG
M016_0.6	FMR1	hsa_circ_0100362_Extracellular	997	1003	+	10.5942	6.1e-05	0.761	GGACAAG
M016_0.6	FMR1	hsa_circ_0100362_Extracellular	997	1003	+	10.5942	6.1e-05	0.761	GGACAAG
M016_0.6	FMR1	hsa_circ_0038632_Extracellular	1028	1034	+	10.5942	6.1e-05	0.761	GGACAAG
M016_0.6	FMR1	hsa_circ_0038632_Extracellular	1088	1094	+	10.5942	6.1e-05	0.761	GGACAAG
M016_0.6	FMR1	hsa_circ_0104128_Extracellular	1180	1186	+	10.5942	6.1e-05	0.761	GGACAAG
M016_0.6	FMR1	hsa_circ_0104128_Extracellular	1180	1186	+	10.5942	6.1e-05	0.761	GGACAAG
M016_0.6	FMR1	hsa_circ_0043110_Extracellular	1245	1251	+	10.5942	6.1e-05	0.761	GGACAAG
M016_0.6	FMR1	hsa_circ_0042003_Extracellular	1268	1274	+	10.5942	6.1e-05	0.761	GGACAAG
M016_0.6	FMR1	hsa_circ_0043110_Extracellular	1305	1311	+	10.5942	6.1e-05	0.761	GGACAAG
M016_0.6	FMR1	hsa_circ_0090577_Extracellular	1569	1575	+	10.5942	6.1e-05	0.761	GGACAAG
M016_0.6	FMR1	hsa_circ_0038632_Extracellular	1639	1645	+	10.5942	6.1e-05	0.761	GGACAAG
M016_0.6	FMR1	hsa_circ_0091741_Extracellular	1808	1814	+	10.5942	6.1e-05	0.761	GGACAAG
M016_0.6	FMR1	hsa_circ_0002702_Extracellular	1849	1855	+	10.5942	6.1e-05	0.761	GGACAAG
M016_0.6	FMR1	hsa_circ_0002702_Extracellular	1849	1855	+	10.5942	6.1e-05	0.761	GGACAAG
M016_0.6	FMR1	hsa_circ_0001387_Extracellular	2046	2052	+	10.5942	6.1e-05	0.761	GGACAAG
M016_0.6	FMR1	hsa_circ_0001387_Extracellular	2046	2052	+	10.5942	6.1e-05	0.761	GGACAAG
M016_0.6	FMR1	hsa_circ_0001704_Extracellular	2060	2066	+	10.5942	6.1e-05	0.761	GGACAAG
M016_0.6	FMR1	hsa_circ_0001704_Extracellular	2060	2066	+	10.5942	6.1e-05	0.761	GGACAAG
M016_0.6	FMR1	hsa_circ_0001387_Extracellular	2069	2075	+	10.5942	6.1e-05	0.761	GGACAAG
M016_0.6	FMR1	hsa_circ_0001387_Extracellular	2069	2075	+	10.5942	6.1e-05	0.761	GGACAAG
M016_0.6	FMR1	hsa_circ_0034173_Extracellular	2208	2214	+	10.5942	6.1e-05	0.761	GGACAAG
M016_0.6	FMR1	hsa_circ_0090577_Extracellular	2965	2971	+	10.5942	6.1e-05	0.761	GGACAAG
M016_0.6	FMR1	hsa_circ_0104708_Extracellular	3476	3482	+	10.5942	6.1e-05	0.761	GGACAAG
M016_0.6	FMR1	hsa_circ_0104708_Extracellular	3476	3482	+	10.5942	6.1e-05	0.761	GGACAAG
M016_0.6	FMR1	hsa_circ_0104137_Extracellular	3517	3523	+	10.5942	6.1e-05	0.761	GGACAAG
M016_0.6	FMR1	hsa_circ_0104137_Extracellular	3517	3523	+	10.5942	6.1e-05	0.761	GGACAAG
M016_0.6	FMR1	hsa_circ_0000701_Extracellular	3537	3543	+	10.5942	6.1e-05	0.761	GGACAAG
M016_0.6	FMR1	hsa_circ_0000701_Extracellular	3537	3543	+	10.5942	6.1e-05	0.761	GGACAAG
M016_0.6	FMR1	hsa_circ_0078077_Extracellular	3873	3879	+	10.5942	6.1e-05	0.761	GGACAAG
M016_0.6	FMR1	hsa_circ_0078077_Extracellular	3873	3879	+	10.5942	6.1e-05	0.761	GGACAAG
M016_0.6	FMR1	hsa_circ_0078077_Extracellular	3933	3939	+	10.5942	6.1e-05	0.761	GGACAAG
M016_0.6	FMR1	hsa_circ_0078077_Extracellular	3933	3939	+	10.5942	6.1e-05	0.761	GGACAAG
M016_0.6	FMR1	hsa_circ_0104137_Extracellular	3943	3949	+	10.5942	6.1e-05	0.761	GGACAAG
M016_0.6	FMR1	hsa_circ_0104137_Extracellular	3943	3949	+	10.5942	6.1e-05	0.761	GGACAAG
M016_0.6	FMR1	hsa_circ_0103045_Extracellular	3963	3969	+	10.5942	6.1e-05	0.761	GGACAAG
M016_0.6	FMR1	hsa_circ_0103045_Extracellular	3963	3969	+	10.5942	6.1e-05	0.761	GGACAAG
M016_0.6	FMR1	hsa_circ_0104137_Extracellular	4003	4009	+	10.5942	6.1e-05	0.761	GGACAAG
M016_0.6	FMR1	hsa_circ_0104137_Extracellular	4003	4009	+	10.5942	6.1e-05	0.761	GGACAAG
M016_0.6	FMR1	hsa_circ_0103045_Extracellular	4689	4695	+	10.5942	6.1e-05	0.761	GGACAAG
M016_0.6	FMR1	hsa_circ_0103045_Extracellular	4689	4695	+	10.5942	6.1e-05	0.761	GGACAAG
M016_0.6	FMR1	hsa_circ_0104128_Extracellular	4830	4836	+	10.5942	6.1e-05	0.761	GGACAAG
M016_0.6	FMR1	hsa_circ_0104128_Extracellular	4830	4836	+	10.5942	6.1e-05	0.761	GGACAAG
M016_0.6	FMR1	hsa_circ_0001812_Extracellular	7934	7940	+	10.5942	6.1e-05	0.761	GGACAAG
M016_0.6	FMR1	hsa_circ_0001812_Extracellular	7934	7940	+	10.5942	6.1e-05	0.761	GGACAAG
M016_0.6	FMR1	hsa_circ_0000726_Extracellular	8340	8346	+	10.5942	6.1e-05	0.761	GGACAAG
M016_0.6	FMR1	hsa_circ_0000726_Extracellular	8340	8346	+	10.5942	6.1e-05	0.761	GGACAAG
M016_0.6	FMR1	hsa_circ_0000090_Extracellular	8831	8837	+	10.5942	6.1e-05	0.761	GGACAAG
M016_0.6	FMR1	hsa_circ_0000090_Extracellular	8831	8837	+	10.5942	6.1e-05	0.761	GGACAAG
M016_0.6	FMR1	hsa_circ_0104980_Extracellular	13160	13166	+	10.5942	6.1e-05	0.761	GGACAAG
M016_0.6	FMR1	hsa_circ_0104980_Extracellular	13160	13166	+	10.5942	6.1e-05	0.761	GGACAAG
M012_0.6	CPEB2	hsa_circ_0100988_Extracellular	48	54	+	11.0824	6.1e-05	0.187	CTTTTTT
M012_0.6	CPEB2	hsa_circ_0100988_Extracellular	48	54	+	11.0824	6.1e-05	0.187	CTTTTTT
M012_0.6	CPEB2	hsa_circ_0008717_Extracellular	60	66	+	11.0824	6.1e-05	0.187	CTTTTTT
M012_0.6	CPEB2	hsa_circ_0103572_Extracellular	70	76	+	11.0824	6.1e-05	0.187	CTTTTTT
M012_0.6	CPEB2	hsa_circ_0103572_Extracellular	70	76	+	11.0824	6.1e-05	0.187	CTTTTTT
M012_0.6	CPEB2	hsa_circ_0049058_Extracellular	73	79	+	11.0824	6.1e-05	0.187	CTTTTTT
M012_0.6	CPEB2	hsa_circ_0000495_Extracellular	75	81	+	11.0824	6.1e-05	0.187	CTTTTTT
M012_0.6	CPEB2	hsa_circ_0000495_Extracellular	75	81	+	11.0824	6.1e-05	0.187	CTTTTTT
M012_0.6	CPEB2	hsa_circ_0000495_Extracellular	75	81	+	11.0824	6.1e-05	0.187	CTTTTTT
M012_0.6	CPEB2	hsa_circ_0000495_Extracellular	75	81	+	11.0824	6.1e-05	0.187	CTTTTTT
M012_0.6	CPEB2	hsa_circ_0001451_Extracellular	79	85	+	11.0824	6.1e-05	0.187	CTTTTTT
M012_0.6	CPEB2	hsa_circ_0001451_Extracellular	79	85	+	11.0824	6.1e-05	0.187	CTTTTTT
M012_0.6	CPEB2	hsa_circ_0103559_Extracellular	85	91	+	11.0824	6.1e-05	0.187	CTTTTTT
M012_0.6	CPEB2	hsa_circ_0103559_Extracellular	85	91	+	11.0824	6.1e-05	0.187	CTTTTTT
M012_0.6	CPEB2	hsa_circ_0001288_Extracellular	89	95	+	11.0824	6.1e-05	0.187	CTTTTTT
M012_0.6	CPEB2	hsa_circ_0001288_Extracellular	89	95	+	11.0824	6.1e-05	0.187	CTTTTTT
M012_0.6	CPEB2	hsa_circ_0007037_Extracellular	111	117	+	11.0824	6.1e-05	0.187	CTTTTTT
M012_0.6	CPEB2	hsa_circ_0007037_Extracellular	111	117	+	11.0824	6.1e-05	0.187	CTTTTTT
M012_0.6	CPEB2	hsa_circ_0001038_Extracellular	118	124	+	11.0824	6.1e-05	0.187	CTTTTTT
M012_0.6	CPEB2	hsa_circ_0103348_Extracellular	119	125	+	11.0824	6.1e-05	0.187	CTTTTTT
M012_0.6	CPEB2	hsa_circ_0103348_Extracellular	119	125	+	11.0824	6.1e-05	0.187	CTTTTTT
M012_0.6	CPEB2	hsa_circ_0025937_Extracellular	123	129	+	11.0824	6.1e-05	0.187	CTTTTTT
M012_0.6	CPEB2	hsa_circ_0000495_Extracellular	135	141	+	11.0824	6.1e-05	0.187	CTTTTTT
M012_0.6	CPEB2	hsa_circ_0000495_Extracellular	135	141	+	11.0824	6.1e-05	0.187	CTTTTTT
M012_0.6	CPEB2	hsa_circ_0000495_Extracellular	135	141	+	11.0824	6.1e-05	0.187	CTTTTTT
M012_0.6	CPEB2	hsa_circ_0000495_Extracellular	135	141	+	11.0824	6.1e-05	0.187	CTTTTTT
M012_0.6	CPEB2	hsa_circ_0001451_Extracellular	139	145	+	11.0824	6.1e-05	0.187	CTTTTTT
M012_0.6	CPEB2	hsa_circ_0001451_Extracellular	139	145	+	11.0824	6.1e-05	0.187	CTTTTTT
M012_0.6	CPEB2	hsa_circ_0000247_Extracellular	151	157	+	11.0824	6.1e-05	0.187	CTTTTTT
M012_0.6	CPEB2	hsa_circ_0000247_Extracellular	151	157	+	11.0824	6.1e-05	0.187	CTTTTTT
M012_0.6	CPEB2	hsa_circ_0000973_Extracellular	156	162	+	11.0824	6.1e-05	0.187	CTTTTTT
M012_0.6	CPEB2	hsa_circ_0000973_Extracellular	156	162	+	11.0824	6.1e-05	0.187	CTTTTTT
M012_0.6	CPEB2	hsa_circ_0100823_Extracellular	203	209	+	11.0824	6.1e-05	0.187	CTTTTTT
M012_0.6	CPEB2	hsa_circ_0100823_Extracellular	203	209	+	11.0824	6.1e-05	0.187	CTTTTTT
M012_0.6	CPEB2	hsa_circ_0000869_Extracellular	205	211	+	11.0824	6.1e-05	0.187	CTTTTTT
M012_0.6	CPEB2	hsa_circ_0000869_Extracellular	205	211	+	11.0824	6.1e-05	0.187	CTTTTTT
M012_0.6	CPEB2	hsa_circ_0000247_Extracellular	211	217	+	11.0824	6.1e-05	0.187	CTTTTTT
M012_0.6	CPEB2	hsa_circ_0000247_Extracellular	211	217	+	11.0824	6.1e-05	0.187	CTTTTTT
M012_0.6	CPEB2	hsa_circ_0000726_Extracellular	221	227	+	11.0824	6.1e-05	0.187	CTTTTTT
M012_0.6	CPEB2	hsa_circ_0000726_Extracellular	221	227	+	11.0824	6.1e-05	0.187	CTTTTTT
M012_0.6	CPEB2	hsa_circ_0000264_Extracellular	228	234	+	11.0824	6.1e-05	0.187	CTTTTTT
M012_0.6	CPEB2	hsa_circ_0000264_Extracellular	228	234	+	11.0824	6.1e-05	0.187	CTTTTTT
M012_0.6	CPEB2	hsa_circ_0001749_Extracellular	255	261	+	11.0824	6.1e-05	0.187	CTTTTTT
M012_0.6	CPEB2	hsa_circ_0001749_Extracellular	255	261	+	11.0824	6.1e-05	0.187	CTTTTTT
M012_0.6	CPEB2	hsa_circ_0104709_Extracellular	263	269	+	11.0824	6.1e-05	0.187	CTTTTTT
M012_0.6	CPEB2	hsa_circ_0104709_Extracellular	263	269	+	11.0824	6.1e-05	0.187	CTTTTTT
M012_0.6	CPEB2	hsa_circ_0097011_Extracellular	277	283	+	11.0824	6.1e-05	0.187	CTTTTTT
M012_0.6	CPEB2	hsa_circ_0000726_Extracellular	281	287	+	11.0824	6.1e-05	0.187	CTTTTTT
M012_0.6	CPEB2	hsa_circ_0000726_Extracellular	281	287	+	11.0824	6.1e-05	0.187	CTTTTTT
M012_0.6	CPEB2	hsa_circ_0103355_Extracellular	300	306	+	11.0824	6.1e-05	0.187	CTTTTTT
M012_0.6	CPEB2	hsa_circ_0103355_Extracellular	300	306	+	11.0824	6.1e-05	0.187	CTTTTTT
M012_0.6	CPEB2	hsa_circ_0002782_Extracellular	322	328	+	11.0824	6.1e-05	0.187	CTTTTTT
M012_0.6	CPEB2	hsa_circ_0102124_Extracellular	348	354	+	11.0824	6.1e-05	0.187	CTTTTTT
M012_0.6	CPEB2	hsa_circ_0102124_Extracellular	348	354	+	11.0824	6.1e-05	0.187	CTTTTTT
M012_0.6	CPEB2	hsa_circ_0001776_Extracellular	361	367	+	11.0824	6.1e-05	0.187	CTTTTTT
M012_0.6	CPEB2	hsa_circ_0001776_Extracellular	361	367	+	11.0824	6.1e-05	0.187	CTTTTTT
M012_0.6	CPEB2	hsa_circ_0103911_Extracellular	366	372	+	11.0824	6.1e-05	0.187	CTTTTTT
M012_0.6	CPEB2	hsa_circ_0103911_Extracellular	366	372	+	11.0824	6.1e-05	0.187	CTTTTTT
M012_0.6	CPEB2	hsa_circ_0001301_Extracellular	368	374	+	11.0824	6.1e-05	0.187	CTTTTTT
M012_0.6	CPEB2	hsa_circ_0001301_Extracellular	368	374	+	11.0824	6.1e-05	0.187	CTTTTTT
M012_0.6	CPEB2	hsa_circ_0009910_Extracellular	368	374	+	11.0824	6.1e-05	0.187	CTTTTTT
M012_0.6	CPEB2	hsa_circ_0103911_Extracellular	382	388	+	11.0824	6.1e-05	0.187	CTTTTTT
M012_0.6	CPEB2	hsa_circ_0103911_Extracellular	382	388	+	11.0824	6.1e-05	0.187	CTTTTTT
M012_0.6	CPEB2	hsa_circ_0009910_Extracellular	383	389	+	11.0824	6.1e-05	0.187	CTTTTTT
M012_0.6	CPEB2	hsa_circ_0100836_Extracellular	412	418	+	11.0824	6.1e-05	0.187	CTTTTTT
M012_0.6	CPEB2	hsa_circ_0100836_Extracellular	412	418	+	11.0824	6.1e-05	0.187	CTTTTTT
M012_0.6	CPEB2	hsa_circ_0001301_Extracellular	428	434	+	11.0824	6.1e-05	0.187	CTTTTTT
M012_0.6	CPEB2	hsa_circ_0001301_Extracellular	428	434	+	11.0824	6.1e-05	0.187	CTTTTTT
M012_0.6	CPEB2	hsa_circ_0002782_Extracellular	489	495	+	11.0824	6.1e-05	0.187	CTTTTTT
M012_0.6	CPEB2	hsa_circ_0001998_Extracellular	506	512	+	11.0824	6.1e-05	0.187	CTTTTTT
M012_0.6	CPEB2	hsa_circ_0001998_Extracellular	506	512	+	11.0824	6.1e-05	0.187	CTTTTTT
M012_0.6	CPEB2	hsa_circ_0047744_Extracellular	512	518	+	11.0824	6.1e-05	0.187	CTTTTTT
M012_0.6	CPEB2	hsa_circ_0001704_Extracellular	521	527	+	11.0824	6.1e-05	0.187	CTTTTTT
M012_0.6	CPEB2	hsa_circ_0001704_Extracellular	521	527	+	11.0824	6.1e-05	0.187	CTTTTTT
M012_0.6	CPEB2	hsa_circ_0102520_Extracellular	538	544	+	11.0824	6.1e-05	0.187	CTTTTTT
M012_0.6	CPEB2	hsa_circ_0102520_Extracellular	538	544	+	11.0824	6.1e-05	0.187	CTTTTTT
M012_0.6	CPEB2	hsa_circ_0004623_Extracellular	554	560	+	11.0824	6.1e-05	0.187	CTTTTTT
M012_0.6	CPEB2	hsa_circ_0047744_Extracellular	572	578	+	11.0824	6.1e-05	0.187	CTTTTTT
M012_0.6	CPEB2	hsa_circ_0001013_Extracellular	612	618	+	11.0824	6.1e-05	0.187	CTTTTTT
M012_0.6	CPEB2	hsa_circ_0001013_Extracellular	612	618	+	11.0824	6.1e-05	0.187	CTTTTTT
M012_0.6	CPEB2	hsa_circ_0001451_Extracellular	669	675	+	11.0824	6.1e-05	0.187	CTTTTTT
M012_0.6	CPEB2	hsa_circ_0001451_Extracellular	669	675	+	11.0824	6.1e-05	0.187	CTTTTTT
M012_0.6	CPEB2	hsa_circ_0000726_Extracellular	672	678	+	11.0824	6.1e-05	0.187	CTTTTTT
M012_0.6	CPEB2	hsa_circ_0000726_Extracellular	672	678	+	11.0824	6.1e-05	0.187	CTTTTTT
M012_0.6	CPEB2	hsa_circ_0000726_Extracellular	682	688	+	11.0824	6.1e-05	0.187	CTTTTTT
M012_0.6	CPEB2	hsa_circ_0000726_Extracellular	682	688	+	11.0824	6.1e-05	0.187	CTTTTTT
M012_0.6	CPEB2	hsa_circ_0100832_Extracellular	689	695	+	11.0824	6.1e-05	0.187	CTTTTTT
M012_0.6	CPEB2	hsa_circ_0100832_Extracellular	689	695	+	11.0824	6.1e-05	0.187	CTTTTTT
M012_0.6	CPEB2	hsa_circ_0000090_Extracellular	691	697	+	11.0824	6.1e-05	0.187	CTTTTTT
M012_0.6	CPEB2	hsa_circ_0000090_Extracellular	691	697	+	11.0824	6.1e-05	0.187	CTTTTTT
M012_0.6	CPEB2	hsa_circ_0103176_Extracellular	710	716	+	11.0824	6.1e-05	0.187	CTTTTTT
M012_0.6	CPEB2	hsa_circ_0103176_Extracellular	710	716	+	11.0824	6.1e-05	0.187	CTTTTTT
M012_0.6	CPEB2	hsa_circ_0097011_Extracellular	726	732	+	11.0824	6.1e-05	0.187	CTTTTTT
M012_0.6	CPEB2	hsa_circ_0004314_Extracellular	762	768	+	11.0824	6.1e-05	0.187	CTTTTTT
M012_0.6	CPEB2	hsa_circ_0004314_Extracellular	762	768	+	11.0824	6.1e-05	0.187	CTTTTTT
M012_0.6	CPEB2	hsa_circ_0102296_Extracellular	764	770	+	11.0824	6.1e-05	0.187	CTTTTTT
M012_0.6	CPEB2	hsa_circ_0102296_Extracellular	764	770	+	11.0824	6.1e-05	0.187	CTTTTTT
M012_0.6	CPEB2	hsa_circ_0104438_Extracellular	780	786	+	11.0824	6.1e-05	0.187	CTTTTTT
M012_0.6	CPEB2	hsa_circ_0104438_Extracellular	780	786	+	11.0824	6.1e-05	0.187	CTTTTTT
M012_0.6	CPEB2	hsa_circ_0001306_Extracellular	800	806	+	11.0824	6.1e-05	0.187	CTTTTTT
M012_0.6	CPEB2	hsa_circ_0001306_Extracellular	800	806	+	11.0824	6.1e-05	0.187	CTTTTTT
M012_0.6	CPEB2	hsa_circ_0100262_Extracellular	824	830	+	11.0824	6.1e-05	0.187	CTTTTTT
M012_0.6	CPEB2	hsa_circ_0100262_Extracellular	824	830	+	11.0824	6.1e-05	0.187	CTTTTTT
M012_0.6	CPEB2	mmu_circ_0000905_Extracellular	857	863	+	11.0824	6.1e-05	0.187	CTTTTTT
M012_0.6	CPEB2	hsa_circ_0104534_Extracellular	871	877	+	11.0824	6.1e-05	0.187	CTTTTTT
M012_0.6	CPEB2	hsa_circ_0104534_Extracellular	871	877	+	11.0824	6.1e-05	0.187	CTTTTTT
M012_0.6	CPEB2	mmu_circ_0000905_Extracellular	882	888	+	11.0824	6.1e-05	0.187	CTTTTTT
M012_0.6	CPEB2	hsa_circ_0021091_Extracellular	895	901	+	11.0824	6.1e-05	0.187	CTTTTTT
M012_0.6	CPEB2	hsa_circ_0000204_Extracellular	898	904	+	11.0824	6.1e-05	0.187	CTTTTTT
M012_0.6	CPEB2	hsa_circ_0000204_Extracellular	898	904	+	11.0824	6.1e-05	0.187	CTTTTTT
M012_0.6	CPEB2	mmu_circ_0000905_Extracellular	942	948	+	11.0824	6.1e-05	0.187	CTTTTTT
M012_0.6	CPEB2	hsa_circ_0103177_Extracellular	1054	1060	+	11.0824	6.1e-05	0.187	CTTTTTT
M012_0.6	CPEB2	hsa_circ_0103177_Extracellular	1054	1060	+	11.0824	6.1e-05	0.187	CTTTTTT
M012_0.6	CPEB2	hsa_circ_0000495_Extracellular	1060	1066	+	11.0824	6.1e-05	0.187	CTTTTTT
M012_0.6	CPEB2	hsa_circ_0000495_Extracellular	1060	1066	+	11.0824	6.1e-05	0.187	CTTTTTT
M012_0.6	CPEB2	hsa_circ_0000495_Extracellular	1060	1066	+	11.0824	6.1e-05	0.187	CTTTTTT
M012_0.6	CPEB2	hsa_circ_0000495_Extracellular	1060	1066	+	11.0824	6.1e-05	0.187	CTTTTTT
M012_0.6	CPEB2	mmu_circ_0000905_Extracellular	1067	1073	+	11.0824	6.1e-05	0.187	CTTTTTT
M012_0.6	CPEB2	hsa_circ_0001013_Extracellular	1097	1103	+	11.0824	6.1e-05	0.187	CTTTTTT
M012_0.6	CPEB2	hsa_circ_0001013_Extracellular	1097	1103	+	11.0824	6.1e-05	0.187	CTTTTTT
M012_0.6	CPEB2	hsa_circ_0001666_Extracellular	1102	1108	+	11.0824	6.1e-05	0.187	CTTTTTT
M012_0.6	CPEB2	hsa_circ_0001306_Extracellular	1147	1153	+	11.0824	6.1e-05	0.187	CTTTTTT
M012_0.6	CPEB2	hsa_circ_0001306_Extracellular	1147	1153	+	11.0824	6.1e-05	0.187	CTTTTTT
M012_0.6	CPEB2	hsa_circ_0001013_Extracellular	1157	1163	+	11.0824	6.1e-05	0.187	CTTTTTT
M012_0.6	CPEB2	hsa_circ_0001013_Extracellular	1157	1163	+	11.0824	6.1e-05	0.187	CTTTTTT
M012_0.6	CPEB2	hsa_circ_0001666_Extracellular	1162	1168	+	11.0824	6.1e-05	0.187	CTTTTTT
M012_0.6	CPEB2	hsa_circ_0001306_Extracellular	1167	1173	+	11.0824	6.1e-05	0.187	CTTTTTT
M012_0.6	CPEB2	hsa_circ_0001306_Extracellular	1167	1173	+	11.0824	6.1e-05	0.187	CTTTTTT
M012_0.6	CPEB2	hsa_circ_0104980_Extracellular	1178	1184	+	11.0824	6.1e-05	0.187	CTTTTTT
M012_0.6	CPEB2	hsa_circ_0104980_Extracellular	1178	1184	+	11.0824	6.1e-05	0.187	CTTTTTT
M012_0.6	CPEB2	hsa_circ_0001306_Extracellular	1228	1234	+	11.0824	6.1e-05	0.187	CTTTTTT
M012_0.6	CPEB2	hsa_circ_0001306_Extracellular	1228	1234	+	11.0824	6.1e-05	0.187	CTTTTTT
M012_0.6	CPEB2	hsa_circ_0102294_Extracellular	1239	1245	+	11.0824	6.1e-05	0.187	CTTTTTT
M012_0.6	CPEB2	hsa_circ_0102294_Extracellular	1239	1245	+	11.0824	6.1e-05	0.187	CTTTTTT
M012_0.6	CPEB2	hsa_circ_0100988_Extracellular	1283	1289	+	11.0824	6.1e-05	0.187	CTTTTTT
M012_0.6	CPEB2	hsa_circ_0100988_Extracellular	1283	1289	+	11.0824	6.1e-05	0.187	CTTTTTT
M012_0.6	CPEB2	hsa_circ_0069313_Extracellular	1370	1376	+	11.0824	6.1e-05	0.187	CTTTTTT
M012_0.6	CPEB2	hsa_circ_0069313_Extracellular	1370	1376	+	11.0824	6.1e-05	0.187	CTTTTTT
M012_0.6	CPEB2	hsa_circ_0000726_Extracellular	1438	1444	+	11.0824	6.1e-05	0.187	CTTTTTT
M012_0.6	CPEB2	hsa_circ_0000726_Extracellular	1438	1444	+	11.0824	6.1e-05	0.187	CTTTTTT
M012_0.6	CPEB2	hsa_circ_0102762_Extracellular	1465	1471	+	11.0824	6.1e-05	0.187	CTTTTTT
M012_0.6	CPEB2	hsa_circ_0102762_Extracellular	1465	1471	+	11.0824	6.1e-05	0.187	CTTTTTT
M012_0.6	CPEB2	hsa_circ_0000726_Extracellular	1468	1474	+	11.0824	6.1e-05	0.187	CTTTTTT
M012_0.6	CPEB2	hsa_circ_0000726_Extracellular	1468	1474	+	11.0824	6.1e-05	0.187	CTTTTTT
M012_0.6	CPEB2	hsa_circ_0102762_Extracellular	1525	1531	+	11.0824	6.1e-05	0.187	CTTTTTT
M012_0.6	CPEB2	hsa_circ_0102762_Extracellular	1525	1531	+	11.0824	6.1e-05	0.187	CTTTTTT
M012_0.6	CPEB2	hsa_circ_0000444_Extracellular	1564	1570	+	11.0824	6.1e-05	0.187	CTTTTTT
M012_0.6	CPEB2	hsa_circ_0000444_Extracellular	1564	1570	+	11.0824	6.1e-05	0.187	CTTTTTT
M012_0.6	CPEB2	hsa_circ_0000444_Extracellular	1581	1587	+	11.0824	6.1e-05	0.187	CTTTTTT
M012_0.6	CPEB2	hsa_circ_0000444_Extracellular	1581	1587	+	11.0824	6.1e-05	0.187	CTTTTTT
M012_0.6	CPEB2	hsa_circ_0000246_Extracellular	1584	1590	+	11.0824	6.1e-05	0.187	CTTTTTT
M012_0.6	CPEB2	hsa_circ_0000246_Extracellular	1584	1590	+	11.0824	6.1e-05	0.187	CTTTTTT
M012_0.6	CPEB2	hsa_circ_0001014_Extracellular	1592	1598	+	11.0824	6.1e-05	0.187	CTTTTTT
M012_0.6	CPEB2	hsa_circ_0001014_Extracellular	1592	1598	+	11.0824	6.1e-05	0.187	CTTTTTT
M012_0.6	CPEB2	hsa_circ_0000973_Extracellular	1602	1608	+	11.0824	6.1e-05	0.187	CTTTTTT
M012_0.6	CPEB2	hsa_circ_0000973_Extracellular	1602	1608	+	11.0824	6.1e-05	0.187	CTTTTTT
M012_0.6	CPEB2	hsa_circ_0021091_Extracellular	1649	1655	+	11.0824	6.1e-05	0.187	CTTTTTT
M012_0.6	CPEB2	hsa_circ_0091741_Extracellular	1698	1704	+	11.0824	6.1e-05	0.187	CTTTTTT
M012_0.6	CPEB2	hsa_circ_0100832_Extracellular	1706	1712	+	11.0824	6.1e-05	0.187	CTTTTTT
M012_0.6	CPEB2	hsa_circ_0100832_Extracellular	1706	1712	+	11.0824	6.1e-05	0.187	CTTTTTT
M012_0.6	CPEB2	hsa_circ_0102294_Extracellular	1708	1714	+	11.0824	6.1e-05	0.187	CTTTTTT
M012_0.6	CPEB2	hsa_circ_0102294_Extracellular	1708	1714	+	11.0824	6.1e-05	0.187	CTTTTTT
M012_0.6	CPEB2	hsa_circ_0000701_Extracellular	1780	1786	+	11.0824	6.1e-05	0.187	CTTTTTT
M012_0.6	CPEB2	hsa_circ_0000701_Extracellular	1780	1786	+	11.0824	6.1e-05	0.187	CTTTTTT
M012_0.6	CPEB2	hsa_circ_0065642_Extracellular	1803	1809	+	11.0824	6.1e-05	0.187	CTTTTTT
M012_0.6	CPEB2	hsa_circ_0063313_Extracellular	1845	1851	+	11.0824	6.1e-05	0.187	CTTTTTT
M012_0.6	CPEB2	hsa_circ_0063313_Extracellular	1845	1851	+	11.0824	6.1e-05	0.187	CTTTTTT
M012_0.6	CPEB2	hsa_circ_0063313_Extracellular	1845	1851	+	11.0824	6.1e-05	0.187	CTTTTTT
M012_0.6	CPEB2	hsa_circ_0000065_Extracellular	1868	1874	+	11.0824	6.1e-05	0.187	CTTTTTT
M012_0.6	CPEB2	hsa_circ_0000065_Extracellular	1868	1874	+	11.0824	6.1e-05	0.187	CTTTTTT
M012_0.6	CPEB2	hsa_circ_0063313_Extracellular	1869	1875	+	11.0824	6.1e-05	0.187	CTTTTTT
M012_0.6	CPEB2	hsa_circ_0063313_Extracellular	1869	1875	+	11.0824	6.1e-05	0.187	CTTTTTT
M012_0.6	CPEB2	hsa_circ_0063313_Extracellular	1869	1875	+	11.0824	6.1e-05	0.187	CTTTTTT
M012_0.6	CPEB2	hsa_circ_0063313_Extracellular	1880	1886	+	11.0824	6.1e-05	0.187	CTTTTTT
M012_0.6	CPEB2	hsa_circ_0063313_Extracellular	1880	1886	+	11.0824	6.1e-05	0.187	CTTTTTT
M012_0.6	CPEB2	hsa_circ_0063313_Extracellular	1880	1886	+	11.0824	6.1e-05	0.187	CTTTTTT
M012_0.6	CPEB2	hsa_circ_0063313_Extracellular	1900	1906	+	11.0824	6.1e-05	0.187	CTTTTTT
M012_0.6	CPEB2	hsa_circ_0063313_Extracellular	1900	1906	+	11.0824	6.1e-05	0.187	CTTTTTT
M012_0.6	CPEB2	hsa_circ_0063313_Extracellular	1900	1906	+	11.0824	6.1e-05	0.187	CTTTTTT
M012_0.6	CPEB2	hsa_circ_0102349_Extracellular	1928	1934	+	11.0824	6.1e-05	0.187	CTTTTTT
M012_0.6	CPEB2	hsa_circ_0102349_Extracellular	1928	1934	+	11.0824	6.1e-05	0.187	CTTTTTT
M012_0.6	CPEB2	hsa_circ_0063313_Extracellular	1960	1966	+	11.0824	6.1e-05	0.187	CTTTTTT
M012_0.6	CPEB2	hsa_circ_0063313_Extracellular	1960	1966	+	11.0824	6.1e-05	0.187	CTTTTTT
M012_0.6	CPEB2	hsa_circ_0063313_Extracellular	1960	1966	+	11.0824	6.1e-05	0.187	CTTTTTT
M012_0.6	CPEB2	hsa_circ_0104808_Extracellular	1987	1993	+	11.0824	6.1e-05	0.187	CTTTTTT
M012_0.6	CPEB2	hsa_circ_0104808_Extracellular	1987	1993	+	11.0824	6.1e-05	0.187	CTTTTTT
M012_0.6	CPEB2	hsa_circ_0070762_Extracellular	1993	1999	+	11.0824	6.1e-05	0.187	CTTTTTT
M012_0.6	CPEB2	hsa_circ_0000701_Extracellular	2015	2021	+	11.0824	6.1e-05	0.187	CTTTTTT
M012_0.6	CPEB2	hsa_circ_0000701_Extracellular	2015	2021	+	11.0824	6.1e-05	0.187	CTTTTTT
M012_0.6	CPEB2	hsa_circ_0000443_Extracellular	2058	2064	+	11.0824	6.1e-05	0.187	CTTTTTT
M012_0.6	CPEB2	hsa_circ_0000442_Extracellular	2058	2064	+	11.0824	6.1e-05	0.187	CTTTTTT
M012_0.6	CPEB2	hsa_circ_0000443_Extracellular	2058	2064	+	11.0824	6.1e-05	0.187	CTTTTTT
M012_0.6	CPEB2	hsa_circ_0000443_Extracellular	2058	2064	+	11.0824	6.1e-05	0.187	CTTTTTT
M012_0.6	CPEB2	hsa_circ_0000442_Extracellular	2058	2064	+	11.0824	6.1e-05	0.187	CTTTTTT
M012_0.6	CPEB2	hsa_circ_0001077_Extracellular	2073	2079	+	11.0824	6.1e-05	0.187	CTTTTTT
M012_0.6	CPEB2	hsa_circ_0001077_Extracellular	2073	2079	+	11.0824	6.1e-05	0.187	CTTTTTT
M012_0.6	CPEB2	hsa_circ_0000973_Extracellular	2119	2125	+	11.0824	6.1e-05	0.187	CTTTTTT
M012_0.6	CPEB2	hsa_circ_0000973_Extracellular	2119	2125	+	11.0824	6.1e-05	0.187	CTTTTTT
M012_0.6	CPEB2	hsa_circ_0000090_Extracellular	2157	2163	+	11.0824	6.1e-05	0.187	CTTTTTT
M012_0.6	CPEB2	hsa_circ_0000090_Extracellular	2157	2163	+	11.0824	6.1e-05	0.187	CTTTTTT
M012_0.6	CPEB2	hsa_circ_0000090_Extracellular	2165	2171	+	11.0824	6.1e-05	0.187	CTTTTTT
M012_0.6	CPEB2	hsa_circ_0000090_Extracellular	2165	2171	+	11.0824	6.1e-05	0.187	CTTTTTT
M012_0.6	CPEB2	hsa_circ_0000377_Extracellular	2174	2180	+	11.0824	6.1e-05	0.187	CTTTTTT
M012_0.6	CPEB2	hsa_circ_0000377_Extracellular	2174	2180	+	11.0824	6.1e-05	0.187	CTTTTTT
M012_0.6	CPEB2	hsa_circ_0000973_Extracellular	2179	2185	+	11.0824	6.1e-05	0.187	CTTTTTT
M012_0.6	CPEB2	hsa_circ_0000973_Extracellular	2179	2185	+	11.0824	6.1e-05	0.187	CTTTTTT
M012_0.6	CPEB2	hsa_circ_0000246_Extracellular	2263	2269	+	11.0824	6.1e-05	0.187	CTTTTTT
M012_0.6	CPEB2	hsa_circ_0000246_Extracellular	2263	2269	+	11.0824	6.1e-05	0.187	CTTTTTT
M012_0.6	CPEB2	hsa_circ_0102481_Extracellular	2294	2300	+	11.0824	6.1e-05	0.187	CTTTTTT
M012_0.6	CPEB2	hsa_circ_0102481_Extracellular	2294	2300	+	11.0824	6.1e-05	0.187	CTTTTTT
M012_0.6	CPEB2	hsa_circ_0059639_Extracellular	2305	2311	+	11.0824	6.1e-05	0.187	CTTTTTT
M012_0.6	CPEB2	hsa_circ_0000246_Extracellular	2322	2328	+	11.0824	6.1e-05	0.187	CTTTTTT
M012_0.6	CPEB2	hsa_circ_0000246_Extracellular	2322	2328	+	11.0824	6.1e-05	0.187	CTTTTTT
M012_0.6	CPEB2	hsa_circ_0034173_Extracellular	2357	2363	+	11.0824	6.1e-05	0.187	CTTTTTT
M012_0.6	CPEB2	hsa_circ_0047156_Extracellular	2371	2377	+	11.0824	6.1e-05	0.187	CTTTTTT
M012_0.6	CPEB2	hsa_circ_0104761_Extracellular	2394	2400	+	11.0824	6.1e-05	0.187	CTTTTTT
M012_0.6	CPEB2	hsa_circ_0104761_Extracellular	2394	2400	+	11.0824	6.1e-05	0.187	CTTTTTT
M012_0.6	CPEB2	hsa_circ_0001812_Extracellular	2437	2443	+	11.0824	6.1e-05	0.187	CTTTTTT
M012_0.6	CPEB2	hsa_circ_0001812_Extracellular	2437	2443	+	11.0824	6.1e-05	0.187	CTTTTTT
M012_0.6	CPEB2	hsa_circ_0102294_Extracellular	2505	2511	+	11.0824	6.1e-05	0.187	CTTTTTT
M012_0.6	CPEB2	hsa_circ_0102294_Extracellular	2505	2511	+	11.0824	6.1e-05	0.187	CTTTTTT
M012_0.6	CPEB2	hsa_circ_0000996_Extracellular	2517	2523	+	11.0824	6.1e-05	0.187	CTTTTTT
M012_0.6	CPEB2	hsa_circ_0000996_Extracellular	2517	2523	+	11.0824	6.1e-05	0.187	CTTTTTT
M012_0.6	CPEB2	hsa_circ_0000973_Extracellular	2726	2732	+	11.0824	6.1e-05	0.187	CTTTTTT
M012_0.6	CPEB2	hsa_circ_0000973_Extracellular	2726	2732	+	11.0824	6.1e-05	0.187	CTTTTTT
M012_0.6	CPEB2	hsa_circ_0059639_Extracellular	2727	2733	+	11.0824	6.1e-05	0.187	CTTTTTT
M012_0.6	CPEB2	hsa_circ_0085428_Extracellular	2730	2736	+	11.0824	6.1e-05	0.187	CTTTTTT
M012_0.6	CPEB2	hsa_circ_0000495_Extracellular	2775	2781	+	11.0824	6.1e-05	0.187	CTTTTTT
M012_0.6	CPEB2	hsa_circ_0000495_Extracellular	2775	2781	+	11.0824	6.1e-05	0.187	CTTTTTT
M012_0.6	CPEB2	hsa_circ_0000495_Extracellular	2775	2781	+	11.0824	6.1e-05	0.187	CTTTTTT
M012_0.6	CPEB2	hsa_circ_0000495_Extracellular	2775	2781	+	11.0824	6.1e-05	0.187	CTTTTTT
M012_0.6	CPEB2	hsa_circ_0000998_Extracellular	2785	2791	+	11.0824	6.1e-05	0.187	CTTTTTT
M012_0.6	CPEB2	hsa_circ_0000998_Extracellular	2785	2791	+	11.0824	6.1e-05	0.187	CTTTTTT
M012_0.6	CPEB2	hsa_circ_0000973_Extracellular	2803	2809	+	11.0824	6.1e-05	0.187	CTTTTTT
M012_0.6	CPEB2	hsa_circ_0000973_Extracellular	2803	2809	+	11.0824	6.1e-05	0.187	CTTTTTT
M012_0.6	CPEB2	hsa_circ_0000246_Extracellular	2834	2840	+	11.0824	6.1e-05	0.187	CTTTTTT
M012_0.6	CPEB2	hsa_circ_0000246_Extracellular	2834	2840	+	11.0824	6.1e-05	0.187	CTTTTTT
M012_0.6	CPEB2	hsa_circ_0000495_Extracellular	2835	2841	+	11.0824	6.1e-05	0.187	CTTTTTT
M012_0.6	CPEB2	hsa_circ_0000495_Extracellular	2835	2841	+	11.0824	6.1e-05	0.187	CTTTTTT
M012_0.6	CPEB2	hsa_circ_0000495_Extracellular	2835	2841	+	11.0824	6.1e-05	0.187	CTTTTTT
M012_0.6	CPEB2	hsa_circ_0000495_Extracellular	2835	2841	+	11.0824	6.1e-05	0.187	CTTTTTT
M012_0.6	CPEB2	hsa_circ_0001812_Extracellular	2847	2853	+	11.0824	6.1e-05	0.187	CTTTTTT
M012_0.6	CPEB2	hsa_circ_0001812_Extracellular	2847	2853	+	11.0824	6.1e-05	0.187	CTTTTTT
M012_0.6	CPEB2	hsa_circ_0004062_Extracellular	2847	2853	+	11.0824	6.1e-05	0.187	CTTTTTT
M012_0.6	CPEB2	hsa_circ_0004062_Extracellular	2847	2853	+	11.0824	6.1e-05	0.187	CTTTTTT
M012_0.6	CPEB2	hsa_circ_0000973_Extracellular	2907	2913	+	11.0824	6.1e-05	0.187	CTTTTTT
M012_0.6	CPEB2	hsa_circ_0000973_Extracellular	2907	2913	+	11.0824	6.1e-05	0.187	CTTTTTT
M012_0.6	CPEB2	hsa_circ_0104980_Extracellular	3136	3142	+	11.0824	6.1e-05	0.187	CTTTTTT
M012_0.6	CPEB2	hsa_circ_0104980_Extracellular	3136	3142	+	11.0824	6.1e-05	0.187	CTTTTTT
M012_0.6	CPEB2	hsa_circ_0000233_Extracellular	3137	3143	+	11.0824	6.1e-05	0.187	CTTTTTT
M012_0.6	CPEB2	hsa_circ_0000233_Extracellular	3137	3143	+	11.0824	6.1e-05	0.187	CTTTTTT
M012_0.6	CPEB2	hsa_circ_0104904_Extracellular	3167	3173	+	11.0824	6.1e-05	0.187	CTTTTTT
M012_0.6	CPEB2	hsa_circ_0104904_Extracellular	3167	3173	+	11.0824	6.1e-05	0.187	CTTTTTT
M012_0.6	CPEB2	hsa_circ_0101018_Extracellular	3171	3177	+	11.0824	6.1e-05	0.187	CTTTTTT
M012_0.6	CPEB2	hsa_circ_0101018_Extracellular	3171	3177	+	11.0824	6.1e-05	0.187	CTTTTTT
M012_0.6	CPEB2	hsa_circ_0100988_Extracellular	3219	3225	+	11.0824	6.1e-05	0.187	CTTTTTT
M012_0.6	CPEB2	hsa_circ_0100988_Extracellular	3219	3225	+	11.0824	6.1e-05	0.187	CTTTTTT
M012_0.6	CPEB2	hsa_circ_0000377_Extracellular	3245	3251	+	11.0824	6.1e-05	0.187	CTTTTTT
M012_0.6	CPEB2	hsa_circ_0000377_Extracellular	3245	3251	+	11.0824	6.1e-05	0.187	CTTTTTT
M012_0.6	CPEB2	hsa_circ_0100988_Extracellular	3279	3285	+	11.0824	6.1e-05	0.187	CTTTTTT
M012_0.6	CPEB2	hsa_circ_0100988_Extracellular	3279	3285	+	11.0824	6.1e-05	0.187	CTTTTTT
M012_0.6	CPEB2	hsa_circ_0049499_Extracellular	3414	3420	+	11.0824	6.1e-05	0.187	CTTTTTT
M012_0.6	CPEB2	hsa_circ_0001812_Extracellular	3457	3463	+	11.0824	6.1e-05	0.187	CTTTTTT
M012_0.6	CPEB2	hsa_circ_0001812_Extracellular	3457	3463	+	11.0824	6.1e-05	0.187	CTTTTTT
M012_0.6	CPEB2	hsa_circ_0000996_Extracellular	3527	3533	+	11.0824	6.1e-05	0.187	CTTTTTT
M012_0.6	CPEB2	hsa_circ_0000996_Extracellular	3527	3533	+	11.0824	6.1e-05	0.187	CTTTTTT
M012_0.6	CPEB2	hsa_circ_0001306_Extracellular	3535	3541	+	11.0824	6.1e-05	0.187	CTTTTTT
M012_0.6	CPEB2	hsa_circ_0001306_Extracellular	3535	3541	+	11.0824	6.1e-05	0.187	CTTTTTT
M012_0.6	CPEB2	hsa_circ_0000246_Extracellular	3577	3583	+	11.0824	6.1e-05	0.187	CTTTTTT
M012_0.6	CPEB2	hsa_circ_0000246_Extracellular	3577	3583	+	11.0824	6.1e-05	0.187	CTTTTTT
M012_0.6	CPEB2	hsa_circ_0103140_Extracellular	3652	3658	+	11.0824	6.1e-05	0.187	CTTTTTT
M012_0.6	CPEB2	hsa_circ_0103140_Extracellular	3652	3658	+	11.0824	6.1e-05	0.187	CTTTTTT
M012_0.6	CPEB2	hsa_circ_0103140_Extracellular	3712	3718	+	11.0824	6.1e-05	0.187	CTTTTTT
M012_0.6	CPEB2	hsa_circ_0103140_Extracellular	3712	3718	+	11.0824	6.1e-05	0.187	CTTTTTT
M012_0.6	CPEB2	hsa_circ_0110664_Extracellular	3754	3760	+	11.0824	6.1e-05	0.187	CTTTTTT
M012_0.6	CPEB2	hsa_circ_0063313_Extracellular	3754	3760	+	11.0824	6.1e-05	0.187	CTTTTTT
M012_0.6	CPEB2	hsa_circ_0063313_Extracellular	3754	3760	+	11.0824	6.1e-05	0.187	CTTTTTT
M012_0.6	CPEB2	hsa_circ_0063313_Extracellular	3754	3760	+	11.0824	6.1e-05	0.187	CTTTTTT
M012_0.6	CPEB2	hsa_circ_0100988_Extracellular	3894	3900	+	11.0824	6.1e-05	0.187	CTTTTTT
M012_0.6	CPEB2	hsa_circ_0100988_Extracellular	3894	3900	+	11.0824	6.1e-05	0.187	CTTTTTT
M012_0.6	CPEB2	hsa_circ_0104761_Extracellular	3919	3925	+	11.0824	6.1e-05	0.187	CTTTTTT
M012_0.6	CPEB2	hsa_circ_0104761_Extracellular	3919	3925	+	11.0824	6.1e-05	0.187	CTTTTTT
M012_0.6	CPEB2	hsa_circ_0104761_Extracellular	3942	3948	+	11.0824	6.1e-05	0.187	CTTTTTT
M012_0.6	CPEB2	hsa_circ_0104761_Extracellular	3942	3948	+	11.0824	6.1e-05	0.187	CTTTTTT
M012_0.6	CPEB2	hsa_circ_0000246_Extracellular	3942	3948	+	11.0824	6.1e-05	0.187	CTTTTTT
M012_0.6	CPEB2	hsa_circ_0000246_Extracellular	3942	3948	+	11.0824	6.1e-05	0.187	CTTTTTT
M012_0.6	CPEB2	hsa_circ_0000726_Extracellular	3985	3991	+	11.0824	6.1e-05	0.187	CTTTTTT
M012_0.6	CPEB2	hsa_circ_0000726_Extracellular	3985	3991	+	11.0824	6.1e-05	0.187	CTTTTTT
M012_0.6	CPEB2	hsa_circ_0000726_Extracellular	4015	4021	+	11.0824	6.1e-05	0.187	CTTTTTT
M012_0.6	CPEB2	hsa_circ_0000726_Extracellular	4015	4021	+	11.0824	6.1e-05	0.187	CTTTTTT
M012_0.6	CPEB2	hsa_circ_0102520_Extracellular	4029	4035	+	11.0824	6.1e-05	0.187	CTTTTTT
M012_0.6	CPEB2	hsa_circ_0102520_Extracellular	4029	4035	+	11.0824	6.1e-05	0.187	CTTTTTT
M012_0.6	CPEB2	mmu_circ_0000905_Extracellular	4038	4044	+	11.0824	6.1e-05	0.187	CTTTTTT
M012_0.6	CPEB2	hsa_circ_0000726_Extracellular	4075	4081	+	11.0824	6.1e-05	0.187	CTTTTTT
M012_0.6	CPEB2	hsa_circ_0000726_Extracellular	4075	4081	+	11.0824	6.1e-05	0.187	CTTTTTT
M012_0.6	CPEB2	mmu_circ_0000713_Extracellular	4135	4141	+	11.0824	6.1e-05	0.187	CTTTTTT
M012_0.6	CPEB2	hsa_circ_0000246_Extracellular	4167	4173	+	11.0824	6.1e-05	0.187	CTTTTTT
M012_0.6	CPEB2	hsa_circ_0000246_Extracellular	4167	4173	+	11.0824	6.1e-05	0.187	CTTTTTT
M012_0.6	CPEB2	hsa_circ_0000246_Extracellular	4227	4233	+	11.0824	6.1e-05	0.187	CTTTTTT
M012_0.6	CPEB2	hsa_circ_0000246_Extracellular	4227	4233	+	11.0824	6.1e-05	0.187	CTTTTTT
M012_0.6	CPEB2	hsa_circ_0004314_Extracellular	4237	4243	+	11.0824	6.1e-05	0.187	CTTTTTT
M012_0.6	CPEB2	hsa_circ_0004314_Extracellular	4237	4243	+	11.0824	6.1e-05	0.187	CTTTTTT
M012_0.6	CPEB2	hsa_circ_0004314_Extracellular	4297	4303	+	11.0824	6.1e-05	0.187	CTTTTTT
M012_0.6	CPEB2	hsa_circ_0004314_Extracellular	4297	4303	+	11.0824	6.1e-05	0.187	CTTTTTT
M012_0.6	CPEB2	hsa_circ_0102296_Extracellular	4409	4415	+	11.0824	6.1e-05	0.187	CTTTTTT
M012_0.6	CPEB2	hsa_circ_0102296_Extracellular	4409	4415	+	11.0824	6.1e-05	0.187	CTTTTTT
M012_0.6	CPEB2	hsa_circ_0102520_Extracellular	4417	4423	+	11.0824	6.1e-05	0.187	CTTTTTT
M012_0.6	CPEB2	hsa_circ_0102520_Extracellular	4417	4423	+	11.0824	6.1e-05	0.187	CTTTTTT
M012_0.6	CPEB2	hsa_circ_0001306_Extracellular	4479	4485	+	11.0824	6.1e-05	0.187	CTTTTTT
M012_0.6	CPEB2	hsa_circ_0001306_Extracellular	4479	4485	+	11.0824	6.1e-05	0.187	CTTTTTT
M012_0.6	CPEB2	hsa_circ_0104761_Extracellular	4544	4550	+	11.0824	6.1e-05	0.187	CTTTTTT
M012_0.6	CPEB2	hsa_circ_0104761_Extracellular	4544	4550	+	11.0824	6.1e-05	0.187	CTTTTTT
M012_0.6	CPEB2	hsa_circ_0101018_Extracellular	4646	4652	+	11.0824	6.1e-05	0.187	CTTTTTT
M012_0.6	CPEB2	hsa_circ_0101018_Extracellular	4646	4652	+	11.0824	6.1e-05	0.187	CTTTTTT
M012_0.6	CPEB2	hsa_circ_0101018_Extracellular	4731	4737	+	11.0824	6.1e-05	0.187	CTTTTTT
M012_0.6	CPEB2	hsa_circ_0101018_Extracellular	4731	4737	+	11.0824	6.1e-05	0.187	CTTTTTT
M012_0.6	CPEB2	hsa_circ_0104980_Extracellular	4786	4792	+	11.0824	6.1e-05	0.187	CTTTTTT
M012_0.6	CPEB2	hsa_circ_0104980_Extracellular	4786	4792	+	11.0824	6.1e-05	0.187	CTTTTTT
M012_0.6	CPEB2	hsa_circ_0001812_Extracellular	4830	4836	+	11.0824	6.1e-05	0.187	CTTTTTT
M012_0.6	CPEB2	hsa_circ_0001812_Extracellular	4830	4836	+	11.0824	6.1e-05	0.187	CTTTTTT
M012_0.6	CPEB2	hsa_circ_0000246_Extracellular	4832	4838	+	11.0824	6.1e-05	0.187	CTTTTTT
M012_0.6	CPEB2	hsa_circ_0000246_Extracellular	4832	4838	+	11.0824	6.1e-05	0.187	CTTTTTT
M012_0.6	CPEB2	hsa_circ_0101018_Extracellular	4862	4868	+	11.0824	6.1e-05	0.187	CTTTTTT
M012_0.6	CPEB2	hsa_circ_0101018_Extracellular	4862	4868	+	11.0824	6.1e-05	0.187	CTTTTTT
M012_0.6	CPEB2	hsa_circ_0091803_Extracellular	4898	4904	+	11.0824	6.1e-05	0.187	CTTTTTT
M012_0.6	CPEB2	hsa_circ_0091803_Extracellular	4936	4942	+	11.0824	6.1e-05	0.187	CTTTTTT
M012_0.6	CPEB2	hsa_circ_0091803_Extracellular	4958	4964	+	11.0824	6.1e-05	0.187	CTTTTTT
M012_0.6	CPEB2	hsa_circ_0104808_Extracellular	4985	4991	+	11.0824	6.1e-05	0.187	CTTTTTT
M012_0.6	CPEB2	hsa_circ_0104808_Extracellular	4985	4991	+	11.0824	6.1e-05	0.187	CTTTTTT
M012_0.6	CPEB2	hsa_circ_0001812_Extracellular	4992	4998	+	11.0824	6.1e-05	0.187	CTTTTTT
M012_0.6	CPEB2	hsa_circ_0001812_Extracellular	4992	4998	+	11.0824	6.1e-05	0.187	CTTTTTT
M012_0.6	CPEB2	hsa_circ_0091803_Extracellular	5002	5008	+	11.0824	6.1e-05	0.187	CTTTTTT
M012_0.6	CPEB2	hsa_circ_0104808_Extracellular	5022	5028	+	11.0824	6.1e-05	0.187	CTTTTTT
M012_0.6	CPEB2	hsa_circ_0104808_Extracellular	5022	5028	+	11.0824	6.1e-05	0.187	CTTTTTT
M012_0.6	CPEB2	hsa_circ_0091803_Extracellular	5023	5029	+	11.0824	6.1e-05	0.187	CTTTTTT
M012_0.6	CPEB2	hsa_circ_0001306_Extracellular	5383	5389	+	11.0824	6.1e-05	0.187	CTTTTTT
M012_0.6	CPEB2	hsa_circ_0001306_Extracellular	5383	5389	+	11.0824	6.1e-05	0.187	CTTTTTT
M012_0.6	CPEB2	hsa_circ_0000444_Extracellular	5413	5419	+	11.0824	6.1e-05	0.187	CTTTTTT
M012_0.6	CPEB2	hsa_circ_0000444_Extracellular	5413	5419	+	11.0824	6.1e-05	0.187	CTTTTTT
M012_0.6	CPEB2	hsa_circ_0104808_Extracellular	5557	5563	+	11.0824	6.1e-05	0.187	CTTTTTT
M012_0.6	CPEB2	hsa_circ_0104808_Extracellular	5557	5563	+	11.0824	6.1e-05	0.187	CTTTTTT
M012_0.6	CPEB2	hsa_circ_0000443_Extracellular	5583	5589	+	11.0824	6.1e-05	0.187	CTTTTTT
M012_0.6	CPEB2	hsa_circ_0000442_Extracellular	5583	5589	+	11.0824	6.1e-05	0.187	CTTTTTT
M012_0.6	CPEB2	hsa_circ_0000443_Extracellular	5583	5589	+	11.0824	6.1e-05	0.187	CTTTTTT
M012_0.6	CPEB2	hsa_circ_0000443_Extracellular	5583	5589	+	11.0824	6.1e-05	0.187	CTTTTTT
M012_0.6	CPEB2	hsa_circ_0000442_Extracellular	5583	5589	+	11.0824	6.1e-05	0.187	CTTTTTT
M012_0.6	CPEB2	hsa_circ_0104761_Extracellular	5590	5596	+	11.0824	6.1e-05	0.187	CTTTTTT
M012_0.6	CPEB2	hsa_circ_0104761_Extracellular	5590	5596	+	11.0824	6.1e-05	0.187	CTTTTTT
M012_0.6	CPEB2	hsa_circ_0100988_Extracellular	5731	5737	+	11.0824	6.1e-05	0.187	CTTTTTT
M012_0.6	CPEB2	hsa_circ_0100988_Extracellular	5731	5737	+	11.0824	6.1e-05	0.187	CTTTTTT
M012_0.6	CPEB2	hsa_circ_0000726_Extracellular	5815	5821	+	11.0824	6.1e-05	0.187	CTTTTTT
M012_0.6	CPEB2	hsa_circ_0000726_Extracellular	5815	5821	+	11.0824	6.1e-05	0.187	CTTTTTT
M012_0.6	CPEB2	hsa_circ_0000246_Extracellular	6001	6007	+	11.0824	6.1e-05	0.187	CTTTTTT
M012_0.6	CPEB2	hsa_circ_0000246_Extracellular	6001	6007	+	11.0824	6.1e-05	0.187	CTTTTTT
M012_0.6	CPEB2	hsa_circ_0009684_Extracellular	6088	6094	+	11.0824	6.1e-05	0.187	CTTTTTT
M012_0.6	CPEB2	hsa_circ_0009684_Extracellular	6088	6094	+	11.0824	6.1e-05	0.187	CTTTTTT
M012_0.6	CPEB2	hsa_circ_0091803_Extracellular	6107	6113	+	11.0824	6.1e-05	0.187	CTTTTTT
M012_0.6	CPEB2	hsa_circ_0102294_Extracellular	6150	6156	+	11.0824	6.1e-05	0.187	CTTTTTT
M012_0.6	CPEB2	hsa_circ_0102294_Extracellular	6150	6156	+	11.0824	6.1e-05	0.187	CTTTTTT
M012_0.6	CPEB2	hsa_circ_0000442_Extracellular	6525	6531	+	11.0824	6.1e-05	0.187	CTTTTTT
M012_0.6	CPEB2	hsa_circ_0000443_Extracellular	6525	6531	+	11.0824	6.1e-05	0.187	CTTTTTT
M012_0.6	CPEB2	hsa_circ_0000443_Extracellular	6525	6531	+	11.0824	6.1e-05	0.187	CTTTTTT
M012_0.6	CPEB2	hsa_circ_0000442_Extracellular	6525	6531	+	11.0824	6.1e-05	0.187	CTTTTTT
M012_0.6	CPEB2	hsa_circ_0000443_Extracellular	6525	6531	+	11.0824	6.1e-05	0.187	CTTTTTT
M012_0.6	CPEB2	hsa_circ_0104761_Extracellular	6654	6660	+	11.0824	6.1e-05	0.187	CTTTTTT
M012_0.6	CPEB2	hsa_circ_0104761_Extracellular	6654	6660	+	11.0824	6.1e-05	0.187	CTTTTTT
M012_0.6	CPEB2	hsa_circ_0000246_Extracellular	6748	6754	+	11.0824	6.1e-05	0.187	CTTTTTT
M012_0.6	CPEB2	hsa_circ_0000246_Extracellular	6748	6754	+	11.0824	6.1e-05	0.187	CTTTTTT
M012_0.6	CPEB2	hsa_circ_0009684_Extracellular	7035	7041	+	11.0824	6.1e-05	0.187	CTTTTTT
M012_0.6	CPEB2	hsa_circ_0009684_Extracellular	7035	7041	+	11.0824	6.1e-05	0.187	CTTTTTT
M012_0.6	CPEB2	hsa_circ_0009684_Extracellular	7048	7054	+	11.0824	6.1e-05	0.187	CTTTTTT
M012_0.6	CPEB2	hsa_circ_0009684_Extracellular	7048	7054	+	11.0824	6.1e-05	0.187	CTTTTTT
M012_0.6	CPEB2	hsa_circ_0102520_Extracellular	7278	7284	+	11.0824	6.1e-05	0.187	CTTTTTT
M012_0.6	CPEB2	hsa_circ_0102520_Extracellular	7278	7284	+	11.0824	6.1e-05	0.187	CTTTTTT
M012_0.6	CPEB2	hsa_circ_0102520_Extracellular	7332	7338	+	11.0824	6.1e-05	0.187	CTTTTTT
M012_0.6	CPEB2	hsa_circ_0102520_Extracellular	7332	7338	+	11.0824	6.1e-05	0.187	CTTTTTT
M012_0.6	CPEB2	hsa_circ_0000246_Extracellular	7376	7382	+	11.0824	6.1e-05	0.187	CTTTTTT
M012_0.6	CPEB2	hsa_circ_0000246_Extracellular	7376	7382	+	11.0824	6.1e-05	0.187	CTTTTTT
M012_0.6	CPEB2	hsa_circ_0001306_Extracellular	7390	7396	+	11.0824	6.1e-05	0.187	CTTTTTT
M012_0.6	CPEB2	hsa_circ_0001306_Extracellular	7390	7396	+	11.0824	6.1e-05	0.187	CTTTTTT
M012_0.6	CPEB2	hsa_circ_0000246_Extracellular	7436	7442	+	11.0824	6.1e-05	0.187	CTTTTTT
M012_0.6	CPEB2	hsa_circ_0000246_Extracellular	7436	7442	+	11.0824	6.1e-05	0.187	CTTTTTT
M012_0.6	CPEB2	hsa_circ_0000233_Extracellular	7485	7491	+	11.0824	6.1e-05	0.187	CTTTTTT
M012_0.6	CPEB2	hsa_circ_0000233_Extracellular	7485	7491	+	11.0824	6.1e-05	0.187	CTTTTTT
M012_0.6	CPEB2	hsa_circ_0000726_Extracellular	7533	7539	+	11.0824	6.1e-05	0.187	CTTTTTT
M012_0.6	CPEB2	hsa_circ_0000726_Extracellular	7533	7539	+	11.0824	6.1e-05	0.187	CTTTTTT
M012_0.6	CPEB2	hsa_circ_0103045_Extracellular	7573	7579	+	11.0824	6.1e-05	0.187	CTTTTTT
M012_0.6	CPEB2	hsa_circ_0103045_Extracellular	7573	7579	+	11.0824	6.1e-05	0.187	CTTTTTT
M012_0.6	CPEB2	mmu_circ_0000905_Extracellular	7599	7605	+	11.0824	6.1e-05	0.187	CTTTTTT
M012_0.6	CPEB2	mmu_circ_0000905_Extracellular	7659	7665	+	11.0824	6.1e-05	0.187	CTTTTTT
M012_0.6	CPEB2	hsa_circ_0000444_Extracellular	7725	7731	+	11.0824	6.1e-05	0.187	CTTTTTT
M012_0.6	CPEB2	hsa_circ_0000444_Extracellular	7725	7731	+	11.0824	6.1e-05	0.187	CTTTTTT
M012_0.6	CPEB2	hsa_circ_0001306_Extracellular	7774	7780	+	11.0824	6.1e-05	0.187	CTTTTTT
M012_0.6	CPEB2	hsa_circ_0001306_Extracellular	7774	7780	+	11.0824	6.1e-05	0.187	CTTTTTT
M012_0.6	CPEB2	hsa_circ_0102520_Extracellular	7908	7914	+	11.0824	6.1e-05	0.187	CTTTTTT
M012_0.6	CPEB2	hsa_circ_0102520_Extracellular	7908	7914	+	11.0824	6.1e-05	0.187	CTTTTTT
M012_0.6	CPEB2	hsa_circ_0000726_Extracellular	7991	7997	+	11.0824	6.1e-05	0.187	CTTTTTT
M012_0.6	CPEB2	hsa_circ_0000726_Extracellular	7991	7997	+	11.0824	6.1e-05	0.187	CTTTTTT
M012_0.6	CPEB2	hsa_circ_0001306_Extracellular	8144	8150	+	11.0824	6.1e-05	0.187	CTTTTTT
M012_0.6	CPEB2	hsa_circ_0001306_Extracellular	8144	8150	+	11.0824	6.1e-05	0.187	CTTTTTT
M012_0.6	CPEB2	hsa_circ_0000246_Extracellular	8279	8285	+	11.0824	6.1e-05	0.187	CTTTTTT
M012_0.6	CPEB2	hsa_circ_0000246_Extracellular	8279	8285	+	11.0824	6.1e-05	0.187	CTTTTTT
M012_0.6	CPEB2	mmu_circ_0000905_Extracellular	8379	8385	+	11.0824	6.1e-05	0.187	CTTTTTT
M012_0.6	CPEB2	hsa_circ_0000246_Extracellular	8448	8454	+	11.0824	6.1e-05	0.187	CTTTTTT
M012_0.6	CPEB2	hsa_circ_0000246_Extracellular	8448	8454	+	11.0824	6.1e-05	0.187	CTTTTTT
M012_0.6	CPEB2	hsa_circ_0000726_Extracellular	8569	8575	+	11.0824	6.1e-05	0.187	CTTTTTT
M012_0.6	CPEB2	hsa_circ_0000726_Extracellular	8569	8575	+	11.0824	6.1e-05	0.187	CTTTTTT
M012_0.6	CPEB2	hsa_circ_0000442_Extracellular	8593	8599	+	11.0824	6.1e-05	0.187	CTTTTTT
M012_0.6	CPEB2	hsa_circ_0000443_Extracellular	8593	8599	+	11.0824	6.1e-05	0.187	CTTTTTT
M012_0.6	CPEB2	hsa_circ_0000443_Extracellular	8593	8599	+	11.0824	6.1e-05	0.187	CTTTTTT
M012_0.6	CPEB2	hsa_circ_0000442_Extracellular	8593	8599	+	11.0824	6.1e-05	0.187	CTTTTTT
M012_0.6	CPEB2	hsa_circ_0000443_Extracellular	8593	8599	+	11.0824	6.1e-05	0.187	CTTTTTT
M012_0.6	CPEB2	hsa_circ_0004314_Extracellular	8862	8868	+	11.0824	6.1e-05	0.187	CTTTTTT
M012_0.6	CPEB2	hsa_circ_0004314_Extracellular	8862	8868	+	11.0824	6.1e-05	0.187	CTTTTTT
M012_0.6	CPEB2	hsa_circ_0004314_Extracellular	8872	8878	+	11.0824	6.1e-05	0.187	CTTTTTT
M012_0.6	CPEB2	hsa_circ_0004314_Extracellular	8872	8878	+	11.0824	6.1e-05	0.187	CTTTTTT
M012_0.6	CPEB2	hsa_circ_0001306_Extracellular	8910	8916	+	11.0824	6.1e-05	0.187	CTTTTTT
M012_0.6	CPEB2	hsa_circ_0001306_Extracellular	8910	8916	+	11.0824	6.1e-05	0.187	CTTTTTT
M012_0.6	CPEB2	hsa_circ_0000444_Extracellular	8938	8944	+	11.0824	6.1e-05	0.187	CTTTTTT
M012_0.6	CPEB2	hsa_circ_0000444_Extracellular	8938	8944	+	11.0824	6.1e-05	0.187	CTTTTTT
M012_0.6	CPEB2	hsa_circ_0001306_Extracellular	8970	8976	+	11.0824	6.1e-05	0.187	CTTTTTT
M012_0.6	CPEB2	hsa_circ_0001306_Extracellular	8970	8976	+	11.0824	6.1e-05	0.187	CTTTTTT
M012_0.6	CPEB2	mmu_circ_0000905_Extracellular	9027	9033	+	11.0824	6.1e-05	0.187	CTTTTTT
M012_0.6	CPEB2	mmu_circ_0000905_Extracellular	9035	9041	+	11.0824	6.1e-05	0.187	CTTTTTT
M012_0.6	CPEB2	mmu_circ_0000713_Extracellular	9362	9368	+	11.0824	6.1e-05	0.187	CTTTTTT
M012_0.6	CPEB2	hsa_circ_0000444_Extracellular	9880	9886	+	11.0824	6.1e-05	0.187	CTTTTTT
M012_0.6	CPEB2	hsa_circ_0000444_Extracellular	9880	9886	+	11.0824	6.1e-05	0.187	CTTTTTT
M012_0.6	CPEB2	hsa_circ_0000233_Extracellular	9942	9948	+	11.0824	6.1e-05	0.187	CTTTTTT
M012_0.6	CPEB2	hsa_circ_0000233_Extracellular	9942	9948	+	11.0824	6.1e-05	0.187	CTTTTTT
M012_0.6	CPEB2	hsa_circ_0000233_Extracellular	9979	9985	+	11.0824	6.1e-05	0.187	CTTTTTT
M012_0.6	CPEB2	hsa_circ_0000233_Extracellular	9979	9985	+	11.0824	6.1e-05	0.187	CTTTTTT
M012_0.6	CPEB2	hsa_circ_0104904_Extracellular	10122	10128	+	11.0824	6.1e-05	0.187	CTTTTTT
M012_0.6	CPEB2	hsa_circ_0104904_Extracellular	10122	10128	+	11.0824	6.1e-05	0.187	CTTTTTT
M012_0.6	CPEB2	hsa_circ_0104980_Extracellular	10391	10397	+	11.0824	6.1e-05	0.187	CTTTTTT
M012_0.6	CPEB2	hsa_circ_0104980_Extracellular	10391	10397	+	11.0824	6.1e-05	0.187	CTTTTTT
M012_0.6	CPEB2	hsa_circ_0000444_Extracellular	10728	10734	+	11.0824	6.1e-05	0.187	CTTTTTT
M012_0.6	CPEB2	hsa_circ_0000444_Extracellular	10728	10734	+	11.0824	6.1e-05	0.187	CTTTTTT
M012_0.6	CPEB2	hsa_circ_0001306_Extracellular	10776	10782	+	11.0824	6.1e-05	0.187	CTTTTTT
M012_0.6	CPEB2	hsa_circ_0001306_Extracellular	10776	10782	+	11.0824	6.1e-05	0.187	CTTTTTT
M012_0.6	CPEB2	hsa_circ_0001812_Extracellular	10968	10974	+	11.0824	6.1e-05	0.187	CTTTTTT
M012_0.6	CPEB2	hsa_circ_0001812_Extracellular	10968	10974	+	11.0824	6.1e-05	0.187	CTTTTTT
M012_0.6	CPEB2	hsa_circ_0104980_Extracellular	11562	11568	+	11.0824	6.1e-05	0.187	CTTTTTT
M012_0.6	CPEB2	hsa_circ_0104980_Extracellular	11562	11568	+	11.0824	6.1e-05	0.187	CTTTTTT
M012_0.6	CPEB2	hsa_circ_0104904_Extracellular	11607	11613	+	11.0824	6.1e-05	0.187	CTTTTTT
M012_0.6	CPEB2	hsa_circ_0104904_Extracellular	11607	11613	+	11.0824	6.1e-05	0.187	CTTTTTT
M012_0.6	CPEB2	hsa_circ_0104904_Extracellular	11666	11672	+	11.0824	6.1e-05	0.187	CTTTTTT
M012_0.6	CPEB2	hsa_circ_0104904_Extracellular	11666	11672	+	11.0824	6.1e-05	0.187	CTTTTTT
M012_0.6	CPEB2	hsa_circ_0001306_Extracellular	11700	11706	+	11.0824	6.1e-05	0.187	CTTTTTT
M012_0.6	CPEB2	hsa_circ_0001306_Extracellular	11700	11706	+	11.0824	6.1e-05	0.187	CTTTTTT
M012_0.6	CPEB2	hsa_circ_0001306_Extracellular	11720	11726	+	11.0824	6.1e-05	0.187	CTTTTTT
M012_0.6	CPEB2	hsa_circ_0001306_Extracellular	11720	11726	+	11.0824	6.1e-05	0.187	CTTTTTT
M012_0.6	CPEB2	hsa_circ_0000444_Extracellular	11948	11954	+	11.0824	6.1e-05	0.187	CTTTTTT
M012_0.6	CPEB2	hsa_circ_0000444_Extracellular	11948	11954	+	11.0824	6.1e-05	0.187	CTTTTTT
M012_0.6	CPEB2	hsa_circ_0001306_Extracellular	12485	12491	+	11.0824	6.1e-05	0.187	CTTTTTT
M012_0.6	CPEB2	hsa_circ_0001306_Extracellular	12485	12491	+	11.0824	6.1e-05	0.187	CTTTTTT
M012_0.6	CPEB2	hsa_circ_0001306_Extracellular	12545	12551	+	11.0824	6.1e-05	0.187	CTTTTTT
M012_0.6	CPEB2	hsa_circ_0001306_Extracellular	12545	12551	+	11.0824	6.1e-05	0.187	CTTTTTT
M323_0.6	NOVA2	hsa_circ_0091103_Extracellular	2793	2805	+	10.4497	6.39e-05	0.999	GCAGAGAAATTCC
M323_0.6	NOVA2	hsa_circ_0054229_Extracellular	715	727	+	10.2899	6.74e-05	0.999	AAGAAGTCATACC
M323_0.6	NOVA2	hsa_circ_0104128_Extracellular	3213	3225	+	10.2485	6.87e-05	0.999	AAGGAGGCATTGT
M323_0.6	NOVA2	hsa_circ_0104128_Extracellular	3213	3225	+	10.2485	6.87e-05	0.999	AAGGAGGCATTGT
M323_0.6	NOVA2	hsa_circ_0104128_Extracellular	3273	3285	+	10.2485	6.87e-05	0.999	AAGGAGGCATTGT
M323_0.6	NOVA2	hsa_circ_0104128_Extracellular	3273	3285	+	10.2485	6.87e-05	0.999	AAGGAGGCATTGT
M323_0.6	NOVA2	hsa_circ_0060849_Extracellular	753	765	+	10.2426	6.91e-05	0.999	GCGGAGGCATTCG
M323_0.6	NOVA2	hsa_circ_0060849_Extracellular	753	765	+	10.2426	6.91e-05	0.999	GCGGAGGCATTCG
M323_0.6	NOVA2	hsa_circ_0001174_Extracellular	24	36	+	10.2308	6.98e-05	0.999	GTAGAGTCATTCA
M323_0.6	NOVA2	hsa_circ_0001174_Extracellular	24	36	+	10.2308	6.98e-05	0.999	GTAGAGTCATTCA
M323_0.6	NOVA2	hsa_circ_0001235_Extracellular	139	151	+	10.2012	7.14e-05	0.999	GCAGAGACAGAGC
M323_0.6	NOVA2	hsa_circ_0001235_Extracellular	139	151	+	10.2012	7.14e-05	0.999	GCAGAGACAGAGC
M323_0.6	NOVA2	hsa_circ_0063526_Extracellular	139	151	+	10.2012	7.14e-05	0.999	GCAGAGACAGAGC
M323_0.6	NOVA2	hsa_circ_0063526_Extracellular	139	151	+	10.2012	7.14e-05	0.999	GCAGAGACAGAGC
M323_0.6	NOVA2	hsa_circ_0102520_Extracellular	1573	1585	+	10.1893	7.22e-05	0.999	GGAGAATCATATC
M323_0.6	NOVA2	hsa_circ_0102520_Extracellular	1573	1585	+	10.1893	7.22e-05	0.999	GGAGAATCATATC
M323_0.6	NOVA2	hsa_circ_0103019_Extracellular	531	543	+	10.1834	7.31e-05	0.999	GAAGAGGCATTCG
M323_0.6	NOVA2	hsa_circ_0103019_Extracellular	531	543	+	10.1834	7.31e-05	0.999	GAAGAGGCATTCG
M323_0.6	NOVA2	mmu_circ_0000713_Extracellular	4901	4913	+	10.142	7.55e-05	0.999	GGAGAGTCCTCAT
M071_0.6	SRSF7	hsa_circ_0036176_Extracellular	107	114	+	10.6765	7.63e-05	1	GACGACGC
M071_0.6	SRSF7	hsa_circ_0048677_Extracellular	160	167	+	10.6765	7.63e-05	1	GACGACGT
M071_0.6	SRSF7	hsa_circ_0104034_Extracellular	395	402	+	10.6765	7.63e-05	1	GACGACGC
M071_0.6	SRSF7	hsa_circ_0104034_Extracellular	395	402	+	10.6765	7.63e-05	1	GACGACGC
M071_0.6	SRSF7	hsa_circ_0000747_Extracellular	630	637	+	10.6765	7.63e-05	1	GACGACGT
M071_0.6	SRSF7	hsa_circ_0000747_Extracellular	630	637	+	10.6765	7.63e-05	1	GACGACGT
M071_0.6	SRSF7	hsa_circ_0078077_Extracellular	2304	2311	+	10.6765	7.63e-05	1	GACGACGC
M071_0.6	SRSF7	hsa_circ_0078077_Extracellular	2304	2311	+	10.6765	7.63e-05	1	GACGACGC
M323_0.6	NOVA2	hsa_circ_0000443_Extracellular	1525	1537	+	10.0414	7.76e-05	0.999	AAGGAGTAATTGC
M323_0.6	NOVA2	hsa_circ_0000442_Extracellular	1525	1537	+	10.0414	7.76e-05	0.999	AAGGAGTAATTGC
M323_0.6	NOVA2	hsa_circ_0000443_Extracellular	1525	1537	+	10.0414	7.76e-05	0.999	AAGGAGTAATTGC
M323_0.6	NOVA2	hsa_circ_0000443_Extracellular	1525	1537	+	10.0414	7.76e-05	0.999	AAGGAGTAATTGC
M323_0.6	NOVA2	hsa_circ_0000442_Extracellular	1525	1537	+	10.0414	7.76e-05	0.999	AAGGAGTAATTGC
M323_0.6	NOVA2	hsa_circ_0000246_Extracellular	2690	2702	+	10.0059	7.87e-05	0.999	AGACAGTCATAGT
M323_0.6	NOVA2	hsa_circ_0000246_Extracellular	2690	2702	+	10.0059	7.87e-05	0.999	AGACAGTCATAGT
M323_0.6	NOVA2	hsa_circ_0102481_Extracellular	4229	4241	+	10.0059	7.87e-05	0.999	AGAGAGTCACAGT
M323_0.6	NOVA2	hsa_circ_0102481_Extracellular	4229	4241	+	10.0059	7.87e-05	0.999	AGAGAGTCACAGT
M323_0.6	NOVA2	hsa_circ_0001704_Extracellular	5004	5016	+	9.97633	8.4e-05	1	GGCTAGTCATCCC
M323_0.6	NOVA2	hsa_circ_0001704_Extracellular	5004	5016	+	9.97633	8.4e-05	1	GGCTAGTCATCCC
M323_0.6	NOVA2	hsa_circ_0001704_Extracellular	2186	2198	+	9.93491	8.53e-05	1	GAAGAGACATTGG
M323_0.6	NOVA2	hsa_circ_0001704_Extracellular	2186	2198	+	9.93491	8.53e-05	1	GAAGAGACATTGG
M323_0.6	NOVA2	hsa_circ_0000647_Extracellular	254	266	+	9.92899	8.69e-05	1	GAAGAGAGATTCC
M323_0.6	NOVA2	hsa_circ_0000647_Extracellular	254	266	+	9.92899	8.69e-05	1	GAAGAGAGATTCC
M323_0.6	NOVA2	hsa_circ_0010467_Extracellular	1716	1728	+	9.92899	8.69e-05	1	GAAGAGGCGTACC
M323_0.6	NOVA2	hsa_circ_0101089_Extracellular	25	37	+	9.73964	9.03e-05	1	GCGGAGGCAGAGC
M323_0.6	NOVA2	hsa_circ_0101089_Extracellular	25	37	+	9.73964	9.03e-05	1	GCGGAGGCAGAGC
M323_0.6	NOVA2	hsa_circ_0026102_Extracellular	4456	4468	+	9.73964	9.03e-05	1	GCGGAGGCAAAGC
M071_0.6	SRSF7	hsa_circ_0087783_Extracellular	394	401	+	10.5765	9.16e-05	1	AACGACGA
M323_0.6	NOVA2	hsa_circ_0005045_Extracellular	19	31	+	9.57396	9.9e-05	1	GGAGAGACATTAA
M323_0.6	NOVA2	hsa_circ_0000443_Extracellular	4068	4080	+	9.57396	9.9e-05	1	GGAGAGGCATAAA
M323_0.6	NOVA2	hsa_circ_0000443_Extracellular	4068	4080	+	9.57396	9.9e-05	1	GGAGAGGCATAAA
M323_0.6	NOVA2	hsa_circ_0000442_Extracellular	4068	4080	+	9.57396	9.9e-05	1	GGAGAGGCATAAA
M323_0.6	NOVA2	hsa_circ_0000442_Extracellular	4068	4080	+	9.57396	9.9e-05	1	GGAGAGGCATAAA
M323_0.6	NOVA2	hsa_circ_0000443_Extracellular	4068	4080	+	9.57396	9.9e-05	1	GGAGAGGCATAAA

# FIMO (Find Individual Motif Occurrences): Version 5.4.1 compiled on Feb 24 2022 at 15:21:45
# The format of this file is described at https://meme-suite.org/meme/doc/fimo-output-format.html.
# fimo --oc fimo_Cyto_motif_on_EV_seq ./meme_files/Cyto_specific_motifs.meme ../../circRNA_ligated/EV_sequences.fasta
