motif_id	motif_alt_id	sequence_name	start	stop	strand	score	p-value	q-value	matched_sequence
M328_0.6	ELAVL2	hsa_circ_0102762_Extracellular	1462	1475	+	15.7811	1.71e-07	0.0252	ATTCTTTTTTTTTT
M328_0.6	ELAVL2	hsa_circ_0102762_Extracellular	1462	1475	+	15.7811	1.71e-07	0.0252	ATTCTTTTTTTTTT
M328_0.6	ELAVL2	hsa_circ_0004314_Extracellular	4234	4247	+	15.7811	1.71e-07	0.0252	ATTCTTTTTTTTTT
M328_0.6	ELAVL2	hsa_circ_0004314_Extracellular	4234	4247	+	15.7811	1.71e-07	0.0252	ATTCTTTTTTTTTT
M328_0.6	ELAVL2	hsa_circ_0000246_Extracellular	3998	4011	+	15.4793	2.87e-07	0.0252	CTCATTTTTTTTTT
M328_0.6	ELAVL2	hsa_circ_0000246_Extracellular	3998	4011	+	15.4793	2.87e-07	0.0252	CTCATTTTTTTTTT
M328_0.6	ELAVL2	hsa_circ_0001306_Extracellular	7771	7784	+	15.4024	3.2e-07	0.0252	TTTCTTTTTTTTTG
M328_0.6	ELAVL2	hsa_circ_0001306_Extracellular	7771	7784	+	15.4024	3.2e-07	0.0252	TTTCTTTTTTTTTG
M328_0.6	ELAVL2	hsa_circ_0102294_Extracellular	1705	1718	+	15.3905	3.28e-07	0.0252	CTTCTTTTTTTTTT
M328_0.6	ELAVL2	hsa_circ_0102294_Extracellular	1705	1718	+	15.3905	3.28e-07	0.0252	CTTCTTTTTTTTTT
M328_0.6	ELAVL2	hsa_circ_0004314_Extracellular	4294	4307	+	15.3905	3.28e-07	0.0252	CTTCTTTTTTTTTT
M328_0.6	ELAVL2	hsa_circ_0004314_Extracellular	4294	4307	+	15.3905	3.28e-07	0.0252	CTTCTTTTTTTTTT
M328_0.6	ELAVL2	hsa_circ_0104980_Extracellular	4783	4796	+	15.3432	3.5e-07	0.0252	TTCCTTTTTTTTTT
M328_0.6	ELAVL2	hsa_circ_0104980_Extracellular	4783	4796	+	15.3432	3.5e-07	0.0252	TTCCTTTTTTTTTT
M328_0.6	ELAVL2	hsa_circ_0000090_Extracellular	1053	1066	+	15.1893	4.62e-07	0.0252	CTCATTTATTTTTG
M328_0.6	ELAVL2	hsa_circ_0000090_Extracellular	1053	1066	+	15.1893	4.62e-07	0.0252	CTCATTTATTTTTG
M328_0.6	ELAVL2	hsa_circ_0100988_Extracellular	4821	4834	+	15.1302	4.92e-07	0.0252	TTTCTTTTTATTTG
M328_0.6	ELAVL2	hsa_circ_0100988_Extracellular	4821	4834	+	15.1302	4.92e-07	0.0252	TTTCTTTTTATTTG
M328_0.6	ELAVL2	mmu_circ_0000713_Extracellular	6807	6820	+	15.1065	5.18e-07	0.0252	ATCCTTTTTATTTC
M328_0.6	ELAVL2	hsa_circ_0004314_Extracellular	8304	8317	+	15.0828	5.4e-07	0.0252	ATCCTTTTTATTAT
M328_0.6	ELAVL2	hsa_circ_0004314_Extracellular	8304	8317	+	15.0828	5.4e-07	0.0252	ATCCTTTTTATTAT
M328_0.6	ELAVL2	hsa_circ_0102520_Extracellular	384	397	+	14.9172	7.04e-07	0.0252	ATCATTTTTATTCC
M328_0.6	ELAVL2	hsa_circ_0102520_Extracellular	384	397	+	14.9172	7.04e-07	0.0252	ATCATTTTTATTCC
M328_0.6	ELAVL2	hsa_circ_0069313_Extracellular	1367	1380	+	14.8935	7.23e-07	0.0252	ATTCTTTTTTTTTC
M328_0.6	ELAVL2	hsa_circ_0069313_Extracellular	1367	1380	+	14.8935	7.23e-07	0.0252	ATTCTTTTTTTTTC
M328_0.6	ELAVL2	hsa_circ_0102762_Extracellular	1522	1535	+	14.8935	7.23e-07	0.0252	ATTCTTTTTTTTTA
M328_0.6	ELAVL2	hsa_circ_0102762_Extracellular	1522	1535	+	14.8935	7.23e-07	0.0252	ATTCTTTTTTTTTA
M328_0.6	ELAVL2	hsa_circ_0100832_Extracellular	1703	1716	+	14.858	7.56e-07	0.0252	TTTCTTTTTTTTTT
M328_0.6	ELAVL2	hsa_circ_0100832_Extracellular	1703	1716	+	14.858	7.56e-07	0.0252	TTTCTTTTTTTTTT
M328_0.6	ELAVL2	hsa_circ_0000246_Extracellular	4164	4177	+	14.858	7.56e-07	0.0252	TTTCTTTTTTTTTT
M328_0.6	ELAVL2	hsa_circ_0000246_Extracellular	4164	4177	+	14.858	7.56e-07	0.0252	TTTCTTTTTTTTTT
M328_0.6	ELAVL2	hsa_circ_0104761_Extracellular	4541	4554	+	14.858	7.56e-07	0.0252	TTTCTTTTTTTTTT
M328_0.6	ELAVL2	hsa_circ_0104761_Extracellular	4541	4554	+	14.858	7.56e-07	0.0252	TTTCTTTTTTTTTT
M328_0.6	ELAVL2	hsa_circ_0101018_Extracellular	4643	4656	+	14.858	7.56e-07	0.0252	TTTCTTTTTTTTTT
M328_0.6	ELAVL2	hsa_circ_0101018_Extracellular	4643	4656	+	14.858	7.56e-07	0.0252	TTTCTTTTTTTTTT
M328_0.6	ELAVL2	hsa_circ_0100988_Extracellular	5728	5741	+	14.858	7.56e-07	0.0252	TTTCTTTTTTTTTT
M328_0.6	ELAVL2	hsa_circ_0100988_Extracellular	5728	5741	+	14.858	7.56e-07	0.0252	TTTCTTTTTTTTTT
M328_0.6	ELAVL2	hsa_circ_0001306_Extracellular	8967	8980	+	14.8462	7.71e-07	0.0252	CTGCTTTTTTTTTG
M328_0.6	ELAVL2	hsa_circ_0001306_Extracellular	8967	8980	+	14.8462	7.71e-07	0.0252	CTGCTTTTTTTTTG
M328_0.6	ELAVL2	hsa_circ_0001484_Extracellular	32	45	+	14.6686	1.02e-06	0.0316	TTTATTTTTTTTCT
M328_0.6	ELAVL2	hsa_circ_0001484_Extracellular	32	45	+	14.6686	1.02e-06	0.0316	TTTATTTTTTTTCT
M328_0.6	ELAVL2	hsa_circ_0103140_Extracellular	4255	4268	+	14.5799	1.14e-06	0.0338	TTCATTTTTTTTAG
M328_0.6	ELAVL2	hsa_circ_0103140_Extracellular	4255	4268	+	14.5799	1.14e-06	0.0338	TTCATTTTTTTTAG
M328_0.6	ELAVL2	hsa_circ_0000998_Extracellular	1311	1324	+	14.5503	1.2e-06	0.0338	ATTATTTATTTTTT
M328_0.6	ELAVL2	hsa_circ_0000998_Extracellular	1311	1324	+	14.5503	1.2e-06	0.0338	ATTATTTATTTTTT
M328_0.6	ELAVL2	hsa_circ_0000726_Extracellular	3982	3995	+	14.4675	1.36e-06	0.0338	ATCCTTTTTTTTAA
M328_0.6	ELAVL2	hsa_circ_0000726_Extracellular	3982	3995	+	14.4675	1.36e-06	0.0338	ATCCTTTTTTTTAA
M328_0.6	ELAVL2	hsa_circ_0063313_Extracellular	1842	1855	+	14.4556	1.39e-06	0.0338	TTCCTTTTTTTTTC
M328_0.6	ELAVL2	hsa_circ_0063313_Extracellular	1842	1855	+	14.4556	1.39e-06	0.0338	TTCCTTTTTTTTTC
M328_0.6	ELAVL2	hsa_circ_0063313_Extracellular	1842	1855	+	14.4556	1.39e-06	0.0338	TTCCTTTTTTTTTC
M328_0.6	ELAVL2	hsa_circ_0001077_Extracellular	1270	1283	+	14.3787	1.52e-06	0.0338	ATTATTTGTTTTTG
M328_0.6	ELAVL2	hsa_circ_0001077_Extracellular	1270	1283	+	14.3787	1.52e-06	0.0338	ATTATTTGTTTTTG
M328_0.6	ELAVL2	mmu_circ_0000713_Extracellular	8438	8451	+	14.3195	1.65e-06	0.0338	CTCATTTTTATTTA
M328_0.6	ELAVL2	hsa_circ_0001812_Extracellular	4989	5002	+	14.3018	1.7e-06	0.0338	CTGCTTTTTTTTTT
M328_0.6	ELAVL2	hsa_circ_0001812_Extracellular	4989	5002	+	14.3018	1.7e-06	0.0338	CTGCTTTTTTTTTT
M328_0.6	ELAVL2	hsa_circ_0001306_Extracellular	8907	8920	+	14.3018	1.7e-06	0.0338	CTGCTTTTTTTTTT
M328_0.6	ELAVL2	hsa_circ_0001306_Extracellular	8907	8920	+	14.3018	1.7e-06	0.0338	CTGCTTTTTTTTTT
M328_0.6	ELAVL2	hsa_circ_0104904_Extracellular	7436	7449	+	14.2249	1.91e-06	0.0338	ATCATTTTCATTTG
M328_0.6	ELAVL2	hsa_circ_0104904_Extracellular	7436	7449	+	14.2249	1.91e-06	0.0338	ATCATTTTCATTTG
M328_0.6	ELAVL2	hsa_circ_0103176_Extracellular	833	846	+	14.2189	1.93e-06	0.0338	ATCCTTTTTGTTAG
M328_0.6	ELAVL2	hsa_circ_0103176_Extracellular	833	846	+	14.2189	1.93e-06	0.0338	ATCCTTTTTGTTAG
M328_0.6	ELAVL2	hsa_circ_0101018_Extracellular	5390	5403	+	14.2012	1.96e-06	0.0338	TTCCTTTCTTTTCG
M328_0.6	ELAVL2	hsa_circ_0101018_Extracellular	5390	5403	+	14.2012	1.96e-06	0.0338	TTCCTTTCTTTTCG
M328_0.6	ELAVL2	hsa_circ_0104980_Extracellular	804	817	+	14.1893	1.99e-06	0.0338	TTTATTTTTATTTT
M328_0.6	ELAVL2	hsa_circ_0104980_Extracellular	804	817	+	14.1893	1.99e-06	0.0338	TTTATTTTTATTTT
M328_0.6	ELAVL2	hsa_circ_0000965_Extracellular	1120	1133	+	14.1893	1.99e-06	0.0338	TTTATTTTTATTTT
M328_0.6	ELAVL2	hsa_circ_0000965_Extracellular	1120	1133	+	14.1893	1.99e-06	0.0338	TTTATTTTTATTTT
M328_0.6	ELAVL2	hsa_circ_0000965_Extracellular	1120	1133	+	14.1893	1.99e-06	0.0338	TTTATTTTTATTTT
M328_0.6	ELAVL2	hsa_circ_0000965_Extracellular	1126	1139	+	14.1893	1.99e-06	0.0338	TTTATTTTTATTTT
M328_0.6	ELAVL2	hsa_circ_0000965_Extracellular	1126	1139	+	14.1893	1.99e-06	0.0338	TTTATTTTTATTTT
M328_0.6	ELAVL2	hsa_circ_0000965_Extracellular	1126	1139	+	14.1893	1.99e-06	0.0338	TTTATTTTTATTTT
M328_0.6	ELAVL2	hsa_circ_0102296_Extracellular	391	404	+	14.1716	2.04e-06	0.0338	TTTATTTATTTTTG
M328_0.6	ELAVL2	hsa_circ_0102296_Extracellular	391	404	+	14.1716	2.04e-06	0.0338	TTTATTTATTTTTG
M328_0.6	ELAVL2	hsa_circ_0102294_Extracellular	2132	2145	+	14.1716	2.04e-06	0.0338	TTTATTTATTTTTG
M328_0.6	ELAVL2	hsa_circ_0102294_Extracellular	2132	2145	+	14.1716	2.04e-06	0.0338	TTTATTTATTTTTG
M328_0.6	ELAVL2	hsa_circ_0000090_Extracellular	8716	8729	+	14.1716	2.04e-06	0.0338	TTTATTTATTTTTG
M328_0.6	ELAVL2	hsa_circ_0000090_Extracellular	8716	8729	+	14.1716	2.04e-06	0.0338	TTTATTTATTTTTG
M328_0.6	ELAVL2	hsa_circ_0000444_Extracellular	1578	1591	+	14.1124	2.19e-06	0.035	AACCTTTTTTTTTG
M328_0.6	ELAVL2	hsa_circ_0000444_Extracellular	1578	1591	+	14.1124	2.19e-06	0.035	AACCTTTTTTTTTG
M328_0.6	ELAVL2	hsa_circ_0100832_Extracellular	2197	2210	+	14.0414	2.43e-06	0.035	ATTATTTGTTTTCT
M328_0.6	ELAVL2	hsa_circ_0100832_Extracellular	2197	2210	+	14.0414	2.43e-06	0.035	ATTATTTGTTTTCT
M328_0.6	ELAVL2	mmu_circ_0000905_Extracellular	4001	4014	+	14.0059	2.56e-06	0.035	ATCCTTTTATTTTT
M328_0.6	ELAVL2	hsa_circ_0103176_Extracellular	1170	1183	+	14	2.57e-06	0.035	TTCCTTTGTTTTCT
M328_0.6	ELAVL2	hsa_circ_0103176_Extracellular	1170	1183	+	14	2.57e-06	0.035	TTCCTTTGTTTTCT
M328_0.6	ELAVL2	hsa_circ_0000965_Extracellular	1328	1341	+	13.9704	2.66e-06	0.035	CTAATTTTTTTTTG
M328_0.6	ELAVL2	hsa_circ_0000965_Extracellular	1328	1341	+	13.9704	2.66e-06	0.035	CTAATTTTTTTTTG
M328_0.6	ELAVL2	hsa_circ_0000965_Extracellular	1328	1341	+	13.9704	2.66e-06	0.035	CTAATTTTTTTTTG
M328_0.6	ELAVL2	hsa_circ_0063313_Extracellular	1866	1879	+	13.9704	2.66e-06	0.035	TTTCTTTTTTTTTC
M328_0.6	ELAVL2	hsa_circ_0063313_Extracellular	1866	1879	+	13.9704	2.66e-06	0.035	TTTCTTTTTTTTTC
M328_0.6	ELAVL2	hsa_circ_0063313_Extracellular	1866	1879	+	13.9704	2.66e-06	0.035	TTTCTTTTTTTTTC
M328_0.6	ELAVL2	hsa_circ_0001306_Extracellular	12482	12495	+	13.9231	2.82e-06	0.035	ACTCTTTTTTTTTT
M328_0.6	ELAVL2	hsa_circ_0001306_Extracellular	12482	12495	+	13.9231	2.82e-06	0.035	ACTCTTTTTTTTTT
M328_0.6	ELAVL2	hsa_circ_0001306_Extracellular	5399	5412	+	13.9053	2.89e-06	0.035	CTGATTTTTTTTTT
M328_0.6	ELAVL2	hsa_circ_0001306_Extracellular	5399	5412	+	13.9053	2.89e-06	0.035	CTGATTTTTTTTTT
M328_0.6	ELAVL2	hsa_circ_0001812_Extracellular	5713	5726	+	13.9053	2.89e-06	0.035	CTGATTTTTTTTTT
M328_0.6	ELAVL2	hsa_circ_0001812_Extracellular	5713	5726	+	13.9053	2.89e-06	0.035	CTGATTTTTTTTTT
M328_0.6	ELAVL2	hsa_circ_0001297_Extracellular	493	506	+	13.8994	2.9e-06	0.035	TTTATTTATATTTG
M328_0.6	ELAVL2	hsa_circ_0001297_Extracellular	493	506	+	13.8994	2.9e-06	0.035	TTTATTTATATTTG
M328_0.6	ELAVL2	hsa_circ_0000246_Extracellular	2771	2784	+	13.8462	3.09e-06	0.035	CTCATTTTTTTTGG
M328_0.6	ELAVL2	hsa_circ_0000246_Extracellular	2771	2784	+	13.8462	3.09e-06	0.035	CTCATTTTTTTTGG
M328_0.6	ELAVL2	hsa_circ_0101796_Extracellular	775	788	+	13.8402	3.12e-06	0.035	AACCTTTTTATTTG
M328_0.6	ELAVL2	hsa_circ_0101796_Extracellular	775	788	+	13.8402	3.12e-06	0.035	AACCTTTTTATTTG
M328_0.6	ELAVL2	hsa_circ_0000246_Extracellular	1691	1704	+	13.8343	3.16e-06	0.035	TTTATTTATTTTCT
M328_0.6	ELAVL2	hsa_circ_0000246_Extracellular	1691	1704	+	13.8343	3.16e-06	0.035	TTTATTTATTTTCT
M328_0.6	ELAVL2	hsa_circ_0085428_Extracellular	2498	2511	+	13.8166	3.23e-06	0.035	ATAATTTTTTTTTT
M328_0.6	ELAVL2	hsa_circ_0103176_Extracellular	1230	1243	+	13.7929	3.33e-06	0.035	TTCCTTTGTTTTTT
M328_0.6	ELAVL2	hsa_circ_0103176_Extracellular	1230	1243	+	13.7929	3.33e-06	0.035	TTCCTTTGTTTTTT
M328_0.6	ELAVL2	hsa_circ_0004314_Extracellular	2043	2056	+	13.7811	3.39e-06	0.035	ATTATTTTTCTTTG
M328_0.6	ELAVL2	hsa_circ_0004314_Extracellular	2043	2056	+	13.7811	3.39e-06	0.035	ATTATTTTTCTTTG
M328_0.6	ELAVL2	hsa_circ_0102520_Extracellular	4026	4039	+	13.7692	3.42e-06	0.035	TTGCTTTTTTTTTT
M328_0.6	ELAVL2	hsa_circ_0102520_Extracellular	4026	4039	+	13.7692	3.42e-06	0.035	TTGCTTTTTTTTTT
M328_0.6	ELAVL2	hsa_circ_0000701_Extracellular	1281	1294	+	13.7515	3.51e-06	0.035	ATAATTTTTATTCT
M328_0.6	ELAVL2	hsa_circ_0000701_Extracellular	1281	1294	+	13.7515	3.51e-06	0.035	ATAATTTTTATTCT
M328_0.6	ELAVL2	hsa_circ_0069313_Extracellular	1355	1368	+	13.7337	3.6e-06	0.035	CTCATTTATTTTAT
M328_0.6	ELAVL2	hsa_circ_0069313_Extracellular	1355	1368	+	13.7337	3.6e-06	0.035	CTCATTTATTTTAT
M328_0.6	ELAVL2	hsa_circ_0051239_Extracellular	1057	1070	+	13.6627	3.93e-06	0.035	TTCCTTTTTGTTTT
M328_0.6	ELAVL2	hsa_circ_0051239_Extracellular	1057	1070	+	13.6627	3.93e-06	0.035	TTCCTTTTTGTTTT
M328_0.6	ELAVL2	hsa_circ_0101018_Extracellular	5330	5343	+	13.6568	3.95e-06	0.035	TTCCTTTCTTTTCT
M328_0.6	ELAVL2	hsa_circ_0101018_Extracellular	5330	5343	+	13.6568	3.95e-06	0.035	TTCCTTTCTTTTCT
M328_0.6	ELAVL2	hsa_circ_0100988_Extracellular	2662	2675	+	13.6272	4.11e-06	0.035	TTTATTTATTTTTT
M328_0.6	ELAVL2	hsa_circ_0100988_Extracellular	2662	2675	+	13.6272	4.11e-06	0.035	TTTATTTATTTTTT
M328_0.6	ELAVL2	hsa_circ_0091803_Extracellular	5020	5033	+	13.6036	4.23e-06	0.035	ATTCTTTTTTTTGT
M328_0.6	ELAVL2	hsa_circ_0101493_Extracellular	4303	4316	+	13.5917	4.27e-06	0.035	ATTCTTTTCATTTT
M328_0.6	ELAVL2	hsa_circ_0101493_Extracellular	4303	4316	+	13.5917	4.27e-06	0.035	ATTCTTTTCATTTT
M328_0.6	ELAVL2	hsa_circ_0004314_Extracellular	2629	2642	+	13.574	4.35e-06	0.035	TTTATTTTTTTTTC
M328_0.6	ELAVL2	hsa_circ_0004314_Extracellular	2629	2642	+	13.574	4.35e-06	0.035	TTTATTTTTTTTTC
M328_0.6	ELAVL2	hsa_circ_0004314_Extracellular	2689	2702	+	13.574	4.35e-06	0.035	TTTATTTTTTTTTA
M328_0.6	ELAVL2	hsa_circ_0004314_Extracellular	2689	2702	+	13.574	4.35e-06	0.035	TTTATTTTTTTTTA
M328_0.6	ELAVL2	mmu_circ_0000713_Extracellular	8444	8457	+	13.5621	4.4e-06	0.035	TTTATTTATATTCT
M328_0.6	ELAVL2	hsa_circ_0000965_Extracellular	2993	3006	+	13.5444	4.53e-06	0.035	ATAATTTTTATTTT
M328_0.6	ELAVL2	hsa_circ_0000965_Extracellular	2993	3006	+	13.5444	4.53e-06	0.035	ATAATTTTTATTTT
M328_0.6	ELAVL2	hsa_circ_0000965_Extracellular	2993	3006	+	13.5444	4.53e-06	0.035	ATAATTTTTATTTT
M328_0.6	ELAVL2	hsa_circ_0000965_Extracellular	3053	3066	+	13.5444	4.53e-06	0.035	ATAATTTTTATTTT
M328_0.6	ELAVL2	hsa_circ_0000965_Extracellular	3053	3066	+	13.5444	4.53e-06	0.035	ATAATTTTTATTTT
M328_0.6	ELAVL2	hsa_circ_0000965_Extracellular	3053	3066	+	13.5444	4.53e-06	0.035	ATAATTTTTATTTT
M328_0.6	ELAVL2	hsa_circ_0091803_Extracellular	4955	4968	+	13.4852	4.82e-06	0.035	TCCCTTTTTTTTTT
M328_0.6	ELAVL2	hsa_circ_0101493_Extracellular	825	838	+	13.4793	4.85e-06	0.035	TTGCTTTATTTTTG
M328_0.6	ELAVL2	hsa_circ_0101493_Extracellular	825	838	+	13.4793	4.85e-06	0.035	TTGCTTTATTTTTG
M328_0.6	ELAVL2	hsa_circ_0063313_Extracellular	3135	3148	+	13.4615	4.95e-06	0.035	TTTCTTTTTCTTCG
M328_0.6	ELAVL2	hsa_circ_0063313_Extracellular	3135	3148	+	13.4615	4.95e-06	0.035	TTTCTTTTTCTTCG
M328_0.6	ELAVL2	hsa_circ_0063313_Extracellular	3135	3148	+	13.4615	4.95e-06	0.035	TTTCTTTTTCTTCG
M328_0.6	ELAVL2	hsa_circ_0101018_Extracellular	5555	5568	+	13.426	5.15e-06	0.035	CTAATTTTTTTTTT
M328_0.6	ELAVL2	hsa_circ_0101018_Extracellular	5555	5568	+	13.426	5.15e-06	0.035	CTAATTTTTTTTTT
M328_0.6	ELAVL2	hsa_circ_0047156_Extracellular	2070	2083	+	13.3905	5.39e-06	0.035	ATCATTTACATTTG
M328_0.6	ELAVL2	hsa_circ_0000090_Extracellular	5423	5436	+	13.3254	5.86e-06	0.035	ATTTTTTTTTTTTG
M328_0.6	ELAVL2	hsa_circ_0000090_Extracellular	5423	5436	+	13.3254	5.86e-06	0.035	ATTTTTTTTTTTTG
M328_0.6	ELAVL2	hsa_circ_0000233_Extracellular	9939	9952	+	13.3254	5.86e-06	0.035	ATACTTTTTTTTTC
M328_0.6	ELAVL2	hsa_circ_0000233_Extracellular	9939	9952	+	13.3254	5.86e-06	0.035	ATACTTTTTTTTTC
M328_0.6	ELAVL2	hsa_circ_0104980_Extracellular	864	877	+	13.3018	6.01e-06	0.035	TTTATTTTTATTTC
M328_0.6	ELAVL2	hsa_circ_0104980_Extracellular	864	877	+	13.3018	6.01e-06	0.035	TTTATTTTTATTTC
M328_0.6	ELAVL2	hsa_circ_0063313_Extracellular	3126	3139	+	13.2959	6.04e-06	0.035	ACTCTTTATTTTCT
M328_0.6	ELAVL2	hsa_circ_0063313_Extracellular	3126	3139	+	13.2959	6.04e-06	0.035	ACTCTTTATTTTCT
M328_0.6	ELAVL2	hsa_circ_0063313_Extracellular	3126	3139	+	13.2959	6.04e-06	0.035	ACTCTTTATTTTCT
M328_0.6	ELAVL2	hsa_circ_0104808_Extracellular	4227	4240	+	13.2959	6.04e-06	0.035	TCCATTTTTTTTCT
M328_0.6	ELAVL2	hsa_circ_0104808_Extracellular	4227	4240	+	13.2959	6.04e-06	0.035	TCCATTTTTTTTCT
M328_0.6	ELAVL2	hsa_circ_0000443_Extracellular	5580	5593	+	13.2899	6.07e-06	0.035	TTACTTTTTTTTTT
M328_0.6	ELAVL2	hsa_circ_0000442_Extracellular	5580	5593	+	13.2899	6.07e-06	0.035	TTACTTTTTTTTTT
M328_0.6	ELAVL2	hsa_circ_0000443_Extracellular	5580	5593	+	13.2899	6.07e-06	0.035	TTACTTTTTTTTTT
M328_0.6	ELAVL2	hsa_circ_0000442_Extracellular	5580	5593	+	13.2899	6.07e-06	0.035	TTACTTTTTTTTTT
M328_0.6	ELAVL2	hsa_circ_0000443_Extracellular	5580	5593	+	13.2899	6.07e-06	0.035	TTACTTTTTTTTTT
M328_0.6	ELAVL2	hsa_circ_0000444_Extracellular	8935	8948	+	13.2899	6.07e-06	0.035	TTACTTTTTTTTTT
M328_0.6	ELAVL2	hsa_circ_0000444_Extracellular	8935	8948	+	13.2899	6.07e-06	0.035	TTACTTTTTTTTTT
M328_0.6	ELAVL2	hsa_circ_0005944_Extracellular	424	437	+	13.2781	6.17e-06	0.035	CTCCTTTTCTTTCA
M328_0.6	ELAVL2	hsa_circ_0005944_Extracellular	424	437	+	13.2781	6.17e-06	0.035	CTCCTTTTCTTTCA
M328_0.6	ELAVL2	hsa_circ_0021091_Extracellular	893	906	+	13.2663	6.25e-06	0.035	ATCTTTTTTTTTTT
M328_0.6	ELAVL2	mmu_circ_0000905_Extracellular	1065	1078	+	13.2663	6.25e-06	0.035	ATCTTTTTTTTTTT
M328_0.6	ELAVL2	hsa_circ_0063313_Extracellular	1958	1971	+	13.2663	6.25e-06	0.035	ATCTTTTTTTTTTT
M328_0.6	ELAVL2	hsa_circ_0063313_Extracellular	1958	1971	+	13.2663	6.25e-06	0.035	ATCTTTTTTTTTTT
M328_0.6	ELAVL2	hsa_circ_0063313_Extracellular	1958	1971	+	13.2663	6.25e-06	0.035	ATCTTTTTTTTTTT
M328_0.6	ELAVL2	hsa_circ_0000973_Extracellular	2117	2130	+	13.2663	6.25e-06	0.035	ATCTTTTTTTTTTT
M328_0.6	ELAVL2	hsa_circ_0000973_Extracellular	2117	2130	+	13.2663	6.25e-06	0.035	ATCTTTTTTTTTTT
M328_0.6	ELAVL2	hsa_circ_0102520_Extracellular	4415	4428	+	13.2663	6.25e-06	0.035	ATCTTTTTTTTTTT
M328_0.6	ELAVL2	hsa_circ_0102520_Extracellular	4415	4428	+	13.2663	6.25e-06	0.035	ATCTTTTTTTTTTT
M328_0.6	ELAVL2	hsa_circ_0001306_Extracellular	12543	12556	+	13.2663	6.25e-06	0.035	ATCTTTTTTTTTTT
M328_0.6	ELAVL2	hsa_circ_0001306_Extracellular	12543	12556	+	13.2663	6.25e-06	0.035	ATCTTTTTTTTTTT
M328_0.6	ELAVL2	mmu_circ_0000713_Extracellular	9359	9372	+	13.2604	6.3e-06	0.035	GTTCTTTTTTTTTT
M328_0.6	ELAVL2	hsa_circ_0000443_Extracellular	1076	1089	+	13.2249	6.55e-06	0.035	TTCATTTATTTTTA
M328_0.6	ELAVL2	hsa_circ_0000443_Extracellular	1076	1089	+	13.2249	6.55e-06	0.035	TTCATTTATTTTTA
M328_0.6	ELAVL2	hsa_circ_0000442_Extracellular	1076	1089	+	13.2249	6.55e-06	0.035	TTCATTTATTTTTA
M328_0.6	ELAVL2	hsa_circ_0000442_Extracellular	1076	1089	+	13.2249	6.55e-06	0.035	TTCATTTATTTTTA
M328_0.6	ELAVL2	hsa_circ_0000443_Extracellular	1076	1089	+	13.2249	6.55e-06	0.035	TTCATTTATTTTTA
M328_0.6	ELAVL2	hsa_circ_0101018_Extracellular	5300	5313	+	13.1716	6.94e-06	0.035	TTTCTTTCTTTTCT
M328_0.6	ELAVL2	hsa_circ_0101018_Extracellular	5300	5313	+	13.1716	6.94e-06	0.035	TTTCTTTCTTTTCT
M328_0.6	ELAVL2	hsa_circ_0000377_Extracellular	3339	3352	+	13.1657	6.99e-06	0.035	CTCCTTTGTATTTC
M328_0.6	ELAVL2	hsa_circ_0000377_Extracellular	3339	3352	+	13.1657	6.99e-06	0.035	CTCCTTTGTATTTC
M328_0.6	ELAVL2	mmu_circ_0000905_Extracellular	9015	9028	+	13.1479	7.13e-06	0.035	TTTCTTTTCTTTCT
M328_0.6	ELAVL2	hsa_circ_0102762_Extracellular	373	386	+	13.1243	7.33e-06	0.035	ATTATTTTATTTTT
M328_0.6	ELAVL2	hsa_circ_0102762_Extracellular	373	386	+	13.1243	7.33e-06	0.035	ATTATTTTATTTTT
M328_0.6	ELAVL2	mmu_circ_0000905_Extracellular	6320	6333	+	13.1065	7.47e-06	0.035	ATACTTTATATTTT
M328_0.6	ELAVL2	hsa_circ_0104904_Extracellular	3806	3819	+	13.1006	7.5e-06	0.035	TTGATTTTTATTTT
M328_0.6	ELAVL2	hsa_circ_0104904_Extracellular	3806	3819	+	13.1006	7.5e-06	0.035	TTGATTTTTATTTT
M328_0.6	ELAVL2	hsa_circ_0004314_Extracellular	3245	3258	+	13.0888	7.59e-06	0.035	TTTATTTTCTTTTG
M328_0.6	ELAVL2	hsa_circ_0004314_Extracellular	3245	3258	+	13.0888	7.59e-06	0.035	TTTATTTTCTTTTG
M328_0.6	ELAVL2	mmu_circ_0000905_Extracellular	1064	1077	+	13.0828	7.64e-06	0.035	AATCTTTTTTTTTT
M328_0.6	ELAVL2	hsa_circ_0000973_Extracellular	2116	2129	+	13.0828	7.64e-06	0.035	AATCTTTTTTTTTT
M328_0.6	ELAVL2	hsa_circ_0000973_Extracellular	2116	2129	+	13.0828	7.64e-06	0.035	AATCTTTTTTTTTT
M328_0.6	ELAVL2	mmu_circ_0000713_Extracellular	10004	10017	+	13.0769	7.69e-06	0.035	ATCCTTTTTATGTG
M328_0.6	ELAVL2	hsa_circ_0000444_Extracellular	7722	7735	+	13.0592	7.88e-06	0.035	TTTCTTTTTTTTAA
M328_0.6	ELAVL2	hsa_circ_0000444_Extracellular	7722	7735	+	13.0592	7.88e-06	0.035	TTTCTTTTTTTTAA
M328_0.6	ELAVL2	hsa_circ_0000726_Extracellular	1465	1478	+	13	8.4e-06	0.035	TCTCTTTTTTTTTT
M328_0.6	ELAVL2	hsa_circ_0000726_Extracellular	1465	1478	+	13	8.4e-06	0.035	TCTCTTTTTTTTTT
M328_0.6	ELAVL2	hsa_circ_0104904_Extracellular	7376	7389	+	13	8.4e-06	0.035	ATCATTTTCATTCC
M328_0.6	ELAVL2	hsa_circ_0104904_Extracellular	7376	7389	+	13	8.4e-06	0.035	ATCATTTTCATTCC
M328_0.6	ELAVL2	hsa_circ_0000443_Extracellular	7857	7870	+	13	8.4e-06	0.035	ATCCTTTCCTTTTG
M328_0.6	ELAVL2	hsa_circ_0000443_Extracellular	7857	7870	+	13	8.4e-06	0.035	ATCCTTTCCTTTTG
M328_0.6	ELAVL2	hsa_circ_0000443_Extracellular	7857	7870	+	13	8.4e-06	0.035	ATCCTTTCCTTTTG
M328_0.6	ELAVL2	hsa_circ_0000442_Extracellular	7857	7870	+	13	8.4e-06	0.035	ATCCTTTCCTTTTG
M328_0.6	ELAVL2	hsa_circ_0000442_Extracellular	7857	7870	+	13	8.4e-06	0.035	ATCCTTTCCTTTTG
M328_0.6	ELAVL2	hsa_circ_0000444_Extracellular	11212	11225	+	13	8.4e-06	0.035	ATCCTTTCCTTTTG
M328_0.6	ELAVL2	hsa_circ_0000444_Extracellular	11212	11225	+	13	8.4e-06	0.035	ATCCTTTCCTTTTG
M328_0.6	ELAVL2	hsa_circ_0100832_Extracellular	1699	1712	+	12.9645	8.67e-06	0.035	TTTCTTTCTTTTTT
M328_0.6	ELAVL2	hsa_circ_0100832_Extracellular	1699	1712	+	12.9645	8.67e-06	0.035	TTTCTTTCTTTTTT
M328_0.6	ELAVL2	hsa_circ_0104761_Extracellular	4537	4550	+	12.9645	8.67e-06	0.035	TTTCTTTCTTTTTT
M328_0.6	ELAVL2	hsa_circ_0104761_Extracellular	4537	4550	+	12.9645	8.67e-06	0.035	TTTCTTTCTTTTTT
M328_0.6	ELAVL2	hsa_circ_0001306_Extracellular	7767	7780	+	12.9645	8.67e-06	0.035	TTTCTTTCTTTTTT
M328_0.6	ELAVL2	hsa_circ_0001306_Extracellular	7767	7780	+	12.9645	8.67e-06	0.035	TTTCTTTCTTTTTT
M328_0.6	ELAVL2	mmu_circ_0000905_Extracellular	9020	9033	+	12.9645	8.67e-06	0.035	TTTCTTTCTTTTTT
M328_0.6	ELAVL2	hsa_circ_0104980_Extracellular	11555	11568	+	12.9645	8.67e-06	0.035	TTTCTTTCTTTTTT
M328_0.6	ELAVL2	hsa_circ_0104980_Extracellular	11555	11568	+	12.9645	8.67e-06	0.035	TTTCTTTCTTTTTT
M328_0.6	ELAVL2	hsa_circ_0001704_Extracellular	380	393	+	12.9349	8.99e-06	0.035	CTCCTTTTATTTCC
M328_0.6	ELAVL2	hsa_circ_0001704_Extracellular	380	393	+	12.9349	8.99e-06	0.035	CTCCTTTTATTTCC
M328_0.6	ELAVL2	hsa_circ_0000726_Extracellular	1468	1481	+	12.9349	8.99e-06	0.035	CTTTTTTTTTTTTG
M328_0.6	ELAVL2	hsa_circ_0000726_Extracellular	1468	1481	+	12.9349	8.99e-06	0.035	CTTTTTTTTTTTTG
M328_0.6	ELAVL2	hsa_circ_0001306_Extracellular	12485	12498	+	12.9349	8.99e-06	0.035	CTTTTTTTTTTTTG
M328_0.6	ELAVL2	hsa_circ_0001306_Extracellular	12485	12498	+	12.9349	8.99e-06	0.035	CTTTTTTTTTTTTG
M328_0.6	ELAVL2	hsa_circ_0100039_Extracellular	605	618	+	12.929	9.06e-06	0.035	ATAATTTTTTTTTA
M328_0.6	ELAVL2	hsa_circ_0100039_Extracellular	605	618	+	12.929	9.06e-06	0.035	ATAATTTTTTTTTA
M328_0.6	ELAVL2	hsa_circ_0103827_Extracellular	326	339	+	12.9172	9.17e-06	0.035	TTTCTTTTTCTTCT
M328_0.6	ELAVL2	hsa_circ_0103827_Extracellular	326	339	+	12.9172	9.17e-06	0.035	TTTCTTTTTCTTCT
M328_0.6	ELAVL2	hsa_circ_0103829_Extracellular	1273	1286	+	12.9172	9.17e-06	0.035	TTTCTTTTTCTTCT
M328_0.6	ELAVL2	hsa_circ_0103829_Extracellular	1273	1286	+	12.9172	9.17e-06	0.035	TTTCTTTTTCTTCT
M328_0.6	ELAVL2	hsa_circ_0103830_Extracellular	1857	1870	+	12.9172	9.17e-06	0.035	TTTCTTTTTCTTCT
M328_0.6	ELAVL2	hsa_circ_0103830_Extracellular	1857	1870	+	12.9172	9.17e-06	0.035	TTTCTTTTTCTTCT
M328_0.6	ELAVL2	hsa_circ_0101493_Extracellular	2338	2351	+	12.8994	9.34e-06	0.035	AACATTTTTATTTT
M328_0.6	ELAVL2	hsa_circ_0101493_Extracellular	2338	2351	+	12.8994	9.34e-06	0.035	AACATTTTTATTTT
M328_0.6	ELAVL2	hsa_circ_0000444_Extracellular	11946	11959	+	12.8994	9.34e-06	0.035	ATCTTTTTTTTTAG
M328_0.6	ELAVL2	hsa_circ_0000444_Extracellular	11946	11959	+	12.8994	9.34e-06	0.035	ATCTTTTTTTTTAG
M328_0.6	ELAVL2	hsa_circ_0104761_Extracellular	3888	3901	+	12.8935	9.41e-06	0.035	TTCCTTTTTATTGT
M328_0.6	ELAVL2	hsa_circ_0104761_Extracellular	3888	3901	+	12.8935	9.41e-06	0.035	TTCCTTTTTATTGT
M328_0.6	ELAVL2	hsa_circ_0001306_Extracellular	12085	12098	+	12.8935	9.41e-06	0.035	TTAATTTTTTTTTT
M328_0.6	ELAVL2	hsa_circ_0001306_Extracellular	12085	12098	+	12.8935	9.41e-06	0.035	TTAATTTTTTTTTT
M328_0.6	ELAVL2	hsa_circ_0001666_Extracellular	1160	1173	+	12.8757	9.6e-06	0.035	CTCTTTTTTTTTTT
M328_0.6	ELAVL2	hsa_circ_0100832_Extracellular	1400	1413	+	12.8757	9.6e-06	0.035	CTTCTTTTTCTTAG
M328_0.6	ELAVL2	hsa_circ_0100832_Extracellular	1400	1413	+	12.8757	9.6e-06	0.035	CTTCTTTTTCTTAG
M328_0.6	ELAVL2	hsa_circ_0000726_Extracellular	1466	1479	+	12.8757	9.6e-06	0.035	CTCTTTTTTTTTTT
M328_0.6	ELAVL2	hsa_circ_0000726_Extracellular	1466	1479	+	12.8757	9.6e-06	0.035	CTCTTTTTTTTTTT
M328_0.6	ELAVL2	hsa_circ_0001306_Extracellular	12483	12496	+	12.8757	9.6e-06	0.035	CTCTTTTTTTTTTT
M328_0.6	ELAVL2	hsa_circ_0001306_Extracellular	12483	12496	+	12.8757	9.6e-06	0.035	CTCTTTTTTTTTTT
M328_0.6	ELAVL2	mmu_circ_0000713_Extracellular	10064	10077	+	12.8698	9.66e-06	0.035	ATCCTTTTTATATA
M328_0.6	ELAVL2	hsa_circ_0000996_Extracellular	3304	3317	+	12.858	9.81e-06	0.035	TTTATTTTTCTTTG
M328_0.6	ELAVL2	hsa_circ_0000996_Extracellular	3304	3317	+	12.858	9.81e-06	0.035	TTTATTTTTCTTTG
M328_0.6	ELAVL2	hsa_circ_0102349_Extracellular	1035	1048	+	12.8521	9.87e-06	0.035	ATTATTTTAATTTT
M328_0.6	ELAVL2	hsa_circ_0102349_Extracellular	1035	1048	+	12.8521	9.87e-06	0.035	ATTATTTTAATTTT
M328_0.6	ELAVL2	hsa_circ_0103176_Extracellular	1634	1647	+	12.8462	9.94e-06	0.035	CTCATTTATTTTAC
M328_0.6	ELAVL2	hsa_circ_0103176_Extracellular	1634	1647	+	12.8462	9.94e-06	0.035	CTCATTTATTTTAC
M328_0.6	ELAVL2	hsa_circ_0001704_Extracellular	5388	5401	+	12.8462	9.94e-06	0.035	CCTATTTATTTTTG
M328_0.6	ELAVL2	hsa_circ_0001704_Extracellular	5388	5401	+	12.8462	9.94e-06	0.035	CCTATTTATTTTTG
M328_0.6	ELAVL2	hsa_circ_0000996_Extracellular	174	187	+	12.8284	1.01e-05	0.035	TTCCTTTTTCTTAG
M328_0.6	ELAVL2	hsa_circ_0000996_Extracellular	174	187	+	12.8284	1.01e-05	0.035	TTCCTTTTTCTTAG
M328_0.6	ELAVL2	hsa_circ_0004062_Extracellular	859	872	+	12.7811	1.07e-05	0.035	TTTATTTTTGTTTT
M328_0.6	ELAVL2	hsa_circ_0004062_Extracellular	859	872	+	12.7811	1.07e-05	0.035	TTTATTTTTGTTTT
M328_0.6	ELAVL2	hsa_circ_0047156_Extracellular	2154	2167	+	12.7811	1.07e-05	0.035	TTTATTTTTGTTTT
M328_0.6	ELAVL2	hsa_circ_0001306_Extracellular	5402	5415	+	12.7811	1.07e-05	0.035	ATTTTTTTTTTTTT
M328_0.6	ELAVL2	hsa_circ_0001306_Extracellular	5402	5415	+	12.7811	1.07e-05	0.035	ATTTTTTTTTTTTT
M328_0.6	ELAVL2	hsa_circ_0101018_Extracellular	5558	5571	+	12.7811	1.07e-05	0.035	ATTTTTTTTTTTTT
M328_0.6	ELAVL2	hsa_circ_0101018_Extracellular	5558	5571	+	12.7811	1.07e-05	0.035	ATTTTTTTTTTTTT
M328_0.6	ELAVL2	hsa_circ_0001812_Extracellular	5716	5729	+	12.7811	1.07e-05	0.035	ATTTTTTTTTTTTT
M328_0.6	ELAVL2	hsa_circ_0001812_Extracellular	5716	5729	+	12.7811	1.07e-05	0.035	ATTTTTTTTTTTTT
M328_0.6	ELAVL2	hsa_circ_0001306_Extracellular	12088	12101	+	12.7811	1.07e-05	0.035	ATTTTTTTTTTTTT
M328_0.6	ELAVL2	hsa_circ_0001306_Extracellular	12088	12101	+	12.7811	1.07e-05	0.035	ATTTTTTTTTTTTT
M328_0.6	ELAVL2	hsa_circ_0005944_Extracellular	364	377	+	12.7456	1.1e-05	0.035	TTCCTTTTCTTTCA
M328_0.6	ELAVL2	hsa_circ_0005944_Extracellular	364	377	+	12.7456	1.1e-05	0.035	TTCCTTTTCTTTCA
M328_0.6	ELAVL2	hsa_circ_0063313_Extracellular	1877	1890	+	12.7396	1.11e-05	0.035	TTCCTTTTTTTAAG
M328_0.6	ELAVL2	hsa_circ_0063313_Extracellular	1877	1890	+	12.7396	1.11e-05	0.035	TTCCTTTTTTTAAG
M328_0.6	ELAVL2	hsa_circ_0063313_Extracellular	1877	1890	+	12.7396	1.11e-05	0.035	TTCCTTTTTTTAAG
M328_0.6	ELAVL2	hsa_circ_0104808_Extracellular	5882	5895	+	12.7396	1.11e-05	0.035	TTTATTTATTTTTA
M328_0.6	ELAVL2	hsa_circ_0104808_Extracellular	5882	5895	+	12.7396	1.11e-05	0.035	TTTATTTATTTTTA
M328_0.6	ELAVL2	hsa_circ_0000442_Extracellular	8705	8718	+	12.7396	1.11e-05	0.035	TTTATTTATTTTTC
M328_0.6	ELAVL2	hsa_circ_0000443_Extracellular	8705	8718	+	12.7396	1.11e-05	0.035	TTTATTTATTTTTC
M328_0.6	ELAVL2	hsa_circ_0000442_Extracellular	8705	8718	+	12.7396	1.11e-05	0.035	TTTATTTATTTTTC
M328_0.6	ELAVL2	hsa_circ_0000443_Extracellular	8705	8718	+	12.7396	1.11e-05	0.035	TTTATTTATTTTTC
M328_0.6	ELAVL2	hsa_circ_0000443_Extracellular	8705	8718	+	12.7396	1.11e-05	0.035	TTTATTTATTTTTC
M328_0.6	ELAVL2	hsa_circ_0000444_Extracellular	12060	12073	+	12.7396	1.11e-05	0.035	TTTATTTATTTTTC
M328_0.6	ELAVL2	hsa_circ_0000444_Extracellular	12060	12073	+	12.7396	1.11e-05	0.035	TTTATTTATTTTTC
M328_0.6	ELAVL2	hsa_circ_0000264_Extracellular	364	377	+	12.7278	1.13e-05	0.035	CTCCTTTTGTTTTC
M328_0.6	ELAVL2	hsa_circ_0000264_Extracellular	364	377	+	12.7278	1.13e-05	0.035	CTCCTTTTGTTTTC
M328_0.6	ELAVL2	hsa_circ_0021091_Extracellular	892	905	+	12.6923	1.17e-05	0.035	CATCTTTTTTTTTT
M328_0.6	ELAVL2	hsa_circ_0100988_Extracellular	8232	8245	+	12.6923	1.17e-05	0.035	TTTCTTTCTATTTT
M328_0.6	ELAVL2	hsa_circ_0100988_Extracellular	8232	8245	+	12.6923	1.17e-05	0.035	TTTCTTTCTATTTT
M328_0.6	ELAVL2	hsa_circ_0104980_Extracellular	3054	3067	+	12.6686	1.2e-05	0.035	ATCCTTTTCGTTTT
M328_0.6	ELAVL2	hsa_circ_0104980_Extracellular	3054	3067	+	12.6686	1.2e-05	0.035	ATCCTTTTCGTTTT
M328_0.6	ELAVL2	hsa_circ_0104137_Extracellular	1767	1780	+	12.6627	1.21e-05	0.035	TTCATTTTCTTTAG
M328_0.6	ELAVL2	hsa_circ_0104137_Extracellular	1767	1780	+	12.6627	1.21e-05	0.035	TTCATTTTCTTTAG
M328_0.6	ELAVL2	mmu_circ_0000713_Extracellular	8468	8481	+	12.6568	1.21e-05	0.035	ATAATTTTTATTTA
M328_0.6	ELAVL2	hsa_circ_0001480_Extracellular	999	1012	+	12.6331	1.24e-05	0.035	ATAATTTTTATTAT
M328_0.6	ELAVL2	hsa_circ_0001480_Extracellular	999	1012	+	12.6331	1.24e-05	0.035	ATAATTTTTATTAT
M328_0.6	ELAVL2	hsa_circ_0101018_Extracellular	3163	3176	+	12.6331	1.24e-05	0.035	ATTATTTACTTTTT
M328_0.6	ELAVL2	hsa_circ_0101018_Extracellular	3163	3176	+	12.6331	1.24e-05	0.035	ATTATTTACTTTTT
M328_0.6	ELAVL2	hsa_circ_0004314_Extracellular	2623	2636	+	12.6213	1.26e-05	0.035	TTAATTTTTATTTT
M328_0.6	ELAVL2	hsa_circ_0004314_Extracellular	2623	2636	+	12.6213	1.26e-05	0.035	TTAATTTTTATTTT
M328_0.6	ELAVL2	hsa_circ_0000246_Extracellular	3639	3652	+	12.6095	1.28e-05	0.035	TTTTTTTTTTTTCG
M328_0.6	ELAVL2	hsa_circ_0000246_Extracellular	3639	3652	+	12.6095	1.28e-05	0.035	TTTTTTTTTTTTCG
M328_0.6	ELAVL2	hsa_circ_0001801_Extracellular	3	16	+	12.6036	1.29e-05	0.035	TTAATTTATTTTTG
M328_0.6	ELAVL2	hsa_circ_0001801_Extracellular	3	16	+	12.6036	1.29e-05	0.035	TTAATTTATTTTTG
M328_0.6	ELAVL2	hsa_circ_0000973_Extracellular	2179	2192	+	12.5976	1.29e-05	0.035	CTTTTTTTTTTTCT
M328_0.6	ELAVL2	hsa_circ_0000973_Extracellular	2179	2192	+	12.5976	1.29e-05	0.035	CTTTTTTTTTTTCT
M328_0.6	ELAVL2	hsa_circ_0000996_Extracellular	2366	2379	+	12.5917	1.3e-05	0.035	GTTATTTTTATTTT
M328_0.6	ELAVL2	hsa_circ_0000996_Extracellular	2366	2379	+	12.5917	1.3e-05	0.035	GTTATTTTTATTTT
M328_0.6	ELAVL2	mmu_circ_0000905_Extracellular	8605	8618	+	12.5621	1.34e-05	0.035	TTCCTTTCTTTTTC
M328_0.6	ELAVL2	hsa_circ_0049499_Extracellular	2748	2761	+	12.5562	1.34e-05	0.035	ATTATTTTTCTTCC
M328_0.6	ELAVL2	hsa_circ_0069313_Extracellular	1368	1381	+	12.5503	1.35e-05	0.035	TTCTTTTTTTTTCT
M328_0.6	ELAVL2	hsa_circ_0069313_Extracellular	1368	1381	+	12.5503	1.35e-05	0.035	TTCTTTTTTTTTCT
M328_0.6	ELAVL2	hsa_circ_0063313_Extracellular	3130	3143	+	12.5444	1.36e-05	0.035	TTTATTTTCTTTTT
M328_0.6	ELAVL2	hsa_circ_0063313_Extracellular	3130	3143	+	12.5444	1.36e-05	0.035	TTTATTTTCTTTTT
M328_0.6	ELAVL2	hsa_circ_0063313_Extracellular	3130	3143	+	12.5444	1.36e-05	0.035	TTTATTTTCTTTTT
M328_0.6	ELAVL2	hsa_circ_0085428_Extracellular	2286	2299	+	12.5385	1.37e-05	0.035	ATTCTTTGTTTATG
M328_0.6	ELAVL2	hsa_circ_0003823_Extracellular	32	45	+	12.5325	1.38e-05	0.035	TTTCTTTTGATTCT
M328_0.6	ELAVL2	hsa_circ_0103140_Extracellular	4538	4551	+	12.5325	1.38e-05	0.035	ATCATTTTTATTGA
M328_0.6	ELAVL2	hsa_circ_0103140_Extracellular	4538	4551	+	12.5325	1.38e-05	0.035	ATCATTTTTATTGA
M328_0.6	ELAVL2	hsa_circ_0000090_Extracellular	2797	2810	+	12.5207	1.39e-05	0.035	ATTATTTTTTGTTT
M328_0.6	ELAVL2	hsa_circ_0000090_Extracellular	2797	2810	+	12.5207	1.39e-05	0.035	ATTATTTTTTGTTT
M328_0.6	ELAVL2	hsa_circ_0101796_Extracellular	989	1002	+	12.5089	1.41e-05	0.035	ATTTTTTTTATTTT
M328_0.6	ELAVL2	hsa_circ_0101796_Extracellular	989	1002	+	12.5089	1.41e-05	0.035	ATTTTTTTTATTTT
M328_0.6	ELAVL2	hsa_circ_0001812_Extracellular	515	528	+	12.4793	1.45e-05	0.035	TCCCTTTGTTTTTG
M328_0.6	ELAVL2	hsa_circ_0001812_Extracellular	515	528	+	12.4793	1.45e-05	0.035	TCCCTTTGTTTTTG
M328_0.6	ELAVL2	hsa_circ_0102349_Extracellular	982	995	+	12.4793	1.45e-05	0.035	ATTATTTATATTAA
M328_0.6	ELAVL2	hsa_circ_0102349_Extracellular	982	995	+	12.4793	1.45e-05	0.035	ATTATTTATATTAA
M328_0.6	ELAVL2	hsa_circ_0101493_Extracellular	1291	1304	+	12.4675	1.47e-05	0.035	ATTATTTTTTTACC
M328_0.6	ELAVL2	hsa_circ_0101493_Extracellular	1291	1304	+	12.4675	1.47e-05	0.035	ATTATTTTTTTACC
M328_0.6	ELAVL2	hsa_circ_0000204_Extracellular	663	676	+	12.432	1.53e-05	0.035	ATGCTTTTATTTTT
M328_0.6	ELAVL2	hsa_circ_0000204_Extracellular	663	676	+	12.432	1.53e-05	0.035	ATGCTTTTATTTTT
M328_0.6	ELAVL2	hsa_circ_0000443_Extracellular	326	339	+	12.4201	1.55e-05	0.035	ATCATATTTTTTTG
M328_0.6	ELAVL2	hsa_circ_0000443_Extracellular	326	339	+	12.4201	1.55e-05	0.035	ATCATATTTTTTTG
M328_0.6	ELAVL2	hsa_circ_0000443_Extracellular	326	339	+	12.4201	1.55e-05	0.035	ATCATATTTTTTTG
M328_0.6	ELAVL2	hsa_circ_0000442_Extracellular	326	339	+	12.4201	1.55e-05	0.035	ATCATATTTTTTTG
M328_0.6	ELAVL2	hsa_circ_0000442_Extracellular	326	339	+	12.4201	1.55e-05	0.035	ATCATATTTTTTTG
M328_0.6	ELAVL2	hsa_circ_0000444_Extracellular	3681	3694	+	12.4201	1.55e-05	0.035	ATCATATTTTTTTG
M328_0.6	ELAVL2	hsa_circ_0000444_Extracellular	3681	3694	+	12.4201	1.55e-05	0.035	ATCATATTTTTTTG
M328_0.6	ELAVL2	hsa_circ_0001013_Extracellular	1234	1247	+	12.4083	1.57e-05	0.035	CTTCTTTATCTTTT
M328_0.6	ELAVL2	hsa_circ_0001013_Extracellular	1234	1247	+	12.4083	1.57e-05	0.035	CTTCTTTATCTTTT
M328_0.6	ELAVL2	hsa_circ_0000377_Extracellular	3623	3636	+	12.4083	1.57e-05	0.035	TTTATTTTGTTTCT
M328_0.6	ELAVL2	hsa_circ_0000377_Extracellular	3623	3636	+	12.4083	1.57e-05	0.035	TTTATTTTGTTTCT
M328_0.6	ELAVL2	hsa_circ_0103177_Extracellular	1056	1069	+	12.4024	1.58e-05	0.035	TTTTTTTTTTTTTG
M328_0.6	ELAVL2	hsa_circ_0103177_Extracellular	1056	1069	+	12.4024	1.58e-05	0.035	TTTTTTTTTTTTTG
M328_0.6	ELAVL2	mmu_circ_0000905_Extracellular	1070	1083	+	12.4024	1.58e-05	0.035	TTTTTTTTTTTTTG
M328_0.6	ELAVL2	hsa_circ_0102762_Extracellular	1474	1487	+	12.4024	1.58e-05	0.035	TTTTTTTTTTTTTG
M328_0.6	ELAVL2	hsa_circ_0102762_Extracellular	1474	1487	+	12.4024	1.58e-05	0.035	TTTTTTTTTTTTTG
M328_0.6	ELAVL2	hsa_circ_0102294_Extracellular	1709	1722	+	12.4024	1.58e-05	0.035	TTTTTTTTTTTTTG
M328_0.6	ELAVL2	hsa_circ_0102294_Extracellular	1709	1722	+	12.4024	1.58e-05	0.035	TTTTTTTTTTTTTG
M328_0.6	ELAVL2	hsa_circ_0000233_Extracellular	3148	3161	+	12.4024	1.58e-05	0.035	TTTTTTTTTTTTTG
M328_0.6	ELAVL2	hsa_circ_0000233_Extracellular	3148	3161	+	12.4024	1.58e-05	0.035	TTTTTTTTTTTTTG
M328_0.6	ELAVL2	hsa_circ_0000233_Extracellular	3201	3214	+	12.4024	1.58e-05	0.035	TTTTTTTTTTTTTG
M328_0.6	ELAVL2	hsa_circ_0000233_Extracellular	3201	3214	+	12.4024	1.58e-05	0.035	TTTTTTTTTTTTTG
M328_0.6	ELAVL2	hsa_circ_0000246_Extracellular	3581	3594	+	12.4024	1.58e-05	0.035	TTTTTTTTTTTTTG
M328_0.6	ELAVL2	hsa_circ_0000246_Extracellular	3581	3594	+	12.4024	1.58e-05	0.035	TTTTTTTTTTTTTG
M328_0.6	ELAVL2	hsa_circ_0000246_Extracellular	4176	4189	+	12.4024	1.58e-05	0.035	TTTTTTTTTTTTTG
M328_0.6	ELAVL2	hsa_circ_0000246_Extracellular	4176	4189	+	12.4024	1.58e-05	0.035	TTTTTTTTTTTTTG
M328_0.6	ELAVL2	hsa_circ_0004314_Extracellular	4242	4255	+	12.4024	1.58e-05	0.035	TTTTTTTTTTTTTG
M328_0.6	ELAVL2	hsa_circ_0004314_Extracellular	4242	4255	+	12.4024	1.58e-05	0.035	TTTTTTTTTTTTTG
M328_0.6	ELAVL2	hsa_circ_0104761_Extracellular	4545	4558	+	12.4024	1.58e-05	0.035	TTTTTTTTTTTTTG
M328_0.6	ELAVL2	hsa_circ_0104761_Extracellular	4545	4558	+	12.4024	1.58e-05	0.035	TTTTTTTTTTTTTG
M328_0.6	ELAVL2	hsa_circ_0001812_Extracellular	4628	4641	+	12.4024	1.58e-05	0.035	TTTTTTTTTTTTTG
M328_0.6	ELAVL2	hsa_circ_0001812_Extracellular	4628	4641	+	12.4024	1.58e-05	0.035	TTTTTTTTTTTTTG
M328_0.6	ELAVL2	hsa_circ_0104980_Extracellular	4793	4806	+	12.4024	1.58e-05	0.035	TTTTTTTTTTTTTG
M328_0.6	ELAVL2	hsa_circ_0104980_Extracellular	4793	4806	+	12.4024	1.58e-05	0.035	TTTTTTTTTTTTTG
M328_0.6	ELAVL2	hsa_circ_0091803_Extracellular	4959	4972	+	12.4024	1.58e-05	0.035	TTTTTTTTTTTTTG
M328_0.6	ELAVL2	hsa_circ_0001306_Extracellular	5408	5421	+	12.4024	1.58e-05	0.035	TTTTTTTTTTTTTG
M328_0.6	ELAVL2	hsa_circ_0001306_Extracellular	5408	5421	+	12.4024	1.58e-05	0.035	TTTTTTTTTTTTTG
M328_0.6	ELAVL2	hsa_circ_0001306_Extracellular	5463	5476	+	12.4024	1.58e-05	0.035	TTTTTTTTTTTTTG
M328_0.6	ELAVL2	hsa_circ_0001306_Extracellular	5463	5476	+	12.4024	1.58e-05	0.035	TTTTTTTTTTTTTG
M328_0.6	ELAVL2	hsa_circ_0101018_Extracellular	5560	5573	+	12.4024	1.58e-05	0.035	TTTTTTTTTTTTTG
M328_0.6	ELAVL2	hsa_circ_0101018_Extracellular	5560	5573	+	12.4024	1.58e-05	0.035	TTTTTTTTTTTTTG
M328_0.6	ELAVL2	hsa_circ_0100988_Extracellular	5735	5748	+	12.4024	1.58e-05	0.035	TTTTTTTTTTTTTG
M328_0.6	ELAVL2	hsa_circ_0100988_Extracellular	5735	5748	+	12.4024	1.58e-05	0.035	TTTTTTTTTTTTTG
M328_0.6	ELAVL2	hsa_circ_0001306_Extracellular	8921	8934	+	12.4024	1.58e-05	0.035	TTTTTTTTTTTTTG
M328_0.6	ELAVL2	hsa_circ_0001306_Extracellular	8921	8934	+	12.4024	1.58e-05	0.035	TTTTTTTTTTTTTG
M328_0.6	ELAVL2	hsa_circ_0047156_Extracellular	2150	2163	+	12.3964	1.59e-05	0.035	AATATTTATTTTTG
M328_0.6	ELAVL2	hsa_circ_0001704_Extracellular	5328	5341	+	12.3964	1.59e-05	0.035	AATATTTATTTTTG
M328_0.6	ELAVL2	hsa_circ_0001704_Extracellular	5328	5341	+	12.3964	1.59e-05	0.035	AATATTTATTTTTG
M328_0.6	ELAVL2	hsa_circ_0000726_Extracellular	682	695	+	12.3905	1.6e-05	0.035	CTTTTTTTTTTTTT
M328_0.6	ELAVL2	hsa_circ_0000726_Extracellular	682	695	+	12.3905	1.6e-05	0.035	CTTTTTTTTTTTTT
M328_0.6	ELAVL2	hsa_circ_0021091_Extracellular	895	908	+	12.3905	1.6e-05	0.035	CTTTTTTTTTTTTT
M328_0.6	ELAVL2	hsa_circ_0103177_Extracellular	1054	1067	+	12.3905	1.6e-05	0.035	CTTTTTTTTTTTTT
M328_0.6	ELAVL2	hsa_circ_0103177_Extracellular	1054	1067	+	12.3905	1.6e-05	0.035	CTTTTTTTTTTTTT
M328_0.6	ELAVL2	mmu_circ_0000905_Extracellular	1067	1080	+	12.3905	1.6e-05	0.035	CTTTTTTTTTTTTT
M328_0.6	ELAVL2	hsa_circ_0102762_Extracellular	1465	1478	+	12.3905	1.6e-05	0.035	CTTTTTTTTTTTTT
M328_0.6	ELAVL2	hsa_circ_0102762_Extracellular	1465	1478	+	12.3905	1.6e-05	0.035	CTTTTTTTTTTTTT
M328_0.6	ELAVL2	hsa_circ_0100832_Extracellular	1706	1719	+	12.3905	1.6e-05	0.035	CTTTTTTTTTTTTT
M328_0.6	ELAVL2	hsa_circ_0100832_Extracellular	1706	1719	+	12.3905	1.6e-05	0.035	CTTTTTTTTTTTTT
M328_0.6	ELAVL2	hsa_circ_0102294_Extracellular	1708	1721	+	12.3905	1.6e-05	0.035	CTTTTTTTTTTTTT
M328_0.6	ELAVL2	hsa_circ_0102294_Extracellular	1708	1721	+	12.3905	1.6e-05	0.035	CTTTTTTTTTTTTT
M328_0.6	ELAVL2	hsa_circ_0063313_Extracellular	1900	1913	+	12.3905	1.6e-05	0.035	CTTTTTTTTTTTTT
M328_0.6	ELAVL2	hsa_circ_0063313_Extracellular	1900	1913	+	12.3905	1.6e-05	0.035	CTTTTTTTTTTTTT
M328_0.6	ELAVL2	hsa_circ_0063313_Extracellular	1900	1913	+	12.3905	1.6e-05	0.035	CTTTTTTTTTTTTT
M328_0.6	ELAVL2	hsa_circ_0000973_Extracellular	2119	2132	+	12.3905	1.6e-05	0.035	CTTTTTTTTTTTTT
M328_0.6	ELAVL2	hsa_circ_0000973_Extracellular	2119	2132	+	12.3905	1.6e-05	0.035	CTTTTTTTTTTTTT
M328_0.6	ELAVL2	hsa_circ_0004062_Extracellular	2847	2860	+	12.3905	1.6e-05	0.035	CTTTTTTTTTTTTT
M328_0.6	ELAVL2	hsa_circ_0004062_Extracellular	2847	2860	+	12.3905	1.6e-05	0.035	CTTTTTTTTTTTTT
M328_0.6	ELAVL2	hsa_circ_0000233_Extracellular	3137	3150	+	12.3905	1.6e-05	0.035	CTTTTTTTTTTTTT
M328_0.6	ELAVL2	hsa_circ_0000233_Extracellular	3137	3150	+	12.3905	1.6e-05	0.035	CTTTTTTTTTTTTT
M328_0.6	ELAVL2	hsa_circ_0000246_Extracellular	3577	3590	+	12.3905	1.6e-05	0.035	CTTTTTTTTTTTTT
M328_0.6	ELAVL2	hsa_circ_0000246_Extracellular	3577	3590	+	12.3905	1.6e-05	0.035	CTTTTTTTTTTTTT
M328_0.6	ELAVL2	hsa_circ_0102520_Extracellular	4029	4042	+	12.3905	1.6e-05	0.035	CTTTTTTTTTTTTT
M328_0.6	ELAVL2	hsa_circ_0102520_Extracellular	4029	4042	+	12.3905	1.6e-05	0.035	CTTTTTTTTTTTTT
M328_0.6	ELAVL2	hsa_circ_0000246_Extracellular	4167	4180	+	12.3905	1.6e-05	0.035	CTTTTTTTTTTTTT
M328_0.6	ELAVL2	hsa_circ_0000246_Extracellular	4167	4180	+	12.3905	1.6e-05	0.035	CTTTTTTTTTTTTT
M328_0.6	ELAVL2	hsa_circ_0004314_Extracellular	4237	4250	+	12.3905	1.6e-05	0.035	CTTTTTTTTTTTTT
M328_0.6	ELAVL2	hsa_circ_0004314_Extracellular	4237	4250	+	12.3905	1.6e-05	0.035	CTTTTTTTTTTTTT
M328_0.6	ELAVL2	hsa_circ_0102520_Extracellular	4417	4430	+	12.3905	1.6e-05	0.035	CTTTTTTTTTTTTT
M328_0.6	ELAVL2	hsa_circ_0102520_Extracellular	4417	4430	+	12.3905	1.6e-05	0.035	CTTTTTTTTTTTTT
M328_0.6	ELAVL2	hsa_circ_0104761_Extracellular	4544	4557	+	12.3905	1.6e-05	0.035	CTTTTTTTTTTTTT
M328_0.6	ELAVL2	hsa_circ_0104761_Extracellular	4544	4557	+	12.3905	1.6e-05	0.035	CTTTTTTTTTTTTT
M328_0.6	ELAVL2	hsa_circ_0101018_Extracellular	4646	4659	+	12.3905	1.6e-05	0.035	CTTTTTTTTTTTTT
M328_0.6	ELAVL2	hsa_circ_0101018_Extracellular	4646	4659	+	12.3905	1.6e-05	0.035	CTTTTTTTTTTTTT
M328_0.6	ELAVL2	hsa_circ_0104980_Extracellular	4786	4799	+	12.3905	1.6e-05	0.035	CTTTTTTTTTTTTT
M328_0.6	ELAVL2	hsa_circ_0104980_Extracellular	4786	4799	+	12.3905	1.6e-05	0.035	CTTTTTTTTTTTTT
M328_0.6	ELAVL2	hsa_circ_0091803_Extracellular	4958	4971	+	12.3905	1.6e-05	0.035	CTTTTTTTTTTTTT
M328_0.6	ELAVL2	hsa_circ_0001812_Extracellular	4992	5005	+	12.3905	1.6e-05	0.035	CTTTTTTTTTTTTT
M328_0.6	ELAVL2	hsa_circ_0001812_Extracellular	4992	5005	+	12.3905	1.6e-05	0.035	CTTTTTTTTTTTTT
M328_0.6	ELAVL2	hsa_circ_0000443_Extracellular	5583	5596	+	12.3905	1.6e-05	0.035	CTTTTTTTTTTTTT
M328_0.6	ELAVL2	hsa_circ_0000442_Extracellular	5583	5596	+	12.3905	1.6e-05	0.035	CTTTTTTTTTTTTT
M328_0.6	ELAVL2	hsa_circ_0000443_Extracellular	5583	5596	+	12.3905	1.6e-05	0.035	CTTTTTTTTTTTTT
M328_0.6	ELAVL2	hsa_circ_0000443_Extracellular	5583	5596	+	12.3905	1.6e-05	0.035	CTTTTTTTTTTTTT
M328_0.6	ELAVL2	hsa_circ_0000442_Extracellular	5583	5596	+	12.3905	1.6e-05	0.035	CTTTTTTTTTTTTT
M328_0.6	ELAVL2	hsa_circ_0100988_Extracellular	5731	5744	+	12.3905	1.6e-05	0.035	CTTTTTTTTTTTTT
M328_0.6	ELAVL2	hsa_circ_0100988_Extracellular	5731	5744	+	12.3905	1.6e-05	0.035	CTTTTTTTTTTTTT
M328_0.6	ELAVL2	hsa_circ_0000246_Extracellular	7376	7389	+	12.3905	1.6e-05	0.035	CTTTTTTTTTTTTT
M328_0.6	ELAVL2	hsa_circ_0000246_Extracellular	7376	7389	+	12.3905	1.6e-05	0.035	CTTTTTTTTTTTTT
M328_0.6	ELAVL2	hsa_circ_0001306_Extracellular	7390	7403	+	12.3905	1.6e-05	0.035	CTTTTTTTTTTTTT
M328_0.6	ELAVL2	hsa_circ_0001306_Extracellular	7390	7403	+	12.3905	1.6e-05	0.035	CTTTTTTTTTTTTT
M328_0.6	ELAVL2	hsa_circ_0000726_Extracellular	7533	7546	+	12.3905	1.6e-05	0.035	CTTTTTTTTTTTTT
M328_0.6	ELAVL2	hsa_circ_0000726_Extracellular	7533	7546	+	12.3905	1.6e-05	0.035	CTTTTTTTTTTTTT
M328_0.6	ELAVL2	hsa_circ_0001306_Extracellular	8910	8923	+	12.3905	1.6e-05	0.035	CTTTTTTTTTTTTT
M328_0.6	ELAVL2	hsa_circ_0001306_Extracellular	8910	8923	+	12.3905	1.6e-05	0.035	CTTTTTTTTTTTTT
M328_0.6	ELAVL2	hsa_circ_0000444_Extracellular	8938	8951	+	12.3905	1.6e-05	0.035	CTTTTTTTTTTTTT
M328_0.6	ELAVL2	hsa_circ_0000444_Extracellular	8938	8951	+	12.3905	1.6e-05	0.035	CTTTTTTTTTTTTT
M328_0.6	ELAVL2	mmu_circ_0000713_Extracellular	9362	9375	+	12.3905	1.6e-05	0.035	CTTTTTTTTTTTTT
M328_0.6	ELAVL2	hsa_circ_0104904_Extracellular	11607	11620	+	12.3905	1.6e-05	0.035	CTTTTTTTTTTTTT
M328_0.6	ELAVL2	hsa_circ_0104904_Extracellular	11607	11620	+	12.3905	1.6e-05	0.035	CTTTTTTTTTTTTT
M328_0.6	ELAVL2	hsa_circ_0104904_Extracellular	11666	11679	+	12.3905	1.6e-05	0.035	CTTTTTTTTTTTTT
M328_0.6	ELAVL2	hsa_circ_0104904_Extracellular	11666	11679	+	12.3905	1.6e-05	0.035	CTTTTTTTTTTTTT
M328_0.6	ELAVL2	hsa_circ_0001812_Extracellular	2429	2442	+	12.3787	1.62e-05	0.035	ATGATTTTCTTTTT
M328_0.6	ELAVL2	hsa_circ_0001812_Extracellular	2429	2442	+	12.3787	1.62e-05	0.035	ATGATTTTCTTTTT
M328_0.6	ELAVL2	hsa_circ_0063313_Extracellular	3066	3079	+	12.3728	1.63e-05	0.035	TCTCTTTATTTTCT
M328_0.6	ELAVL2	hsa_circ_0063313_Extracellular	3066	3079	+	12.3728	1.63e-05	0.035	TCTCTTTATTTTCT
M328_0.6	ELAVL2	hsa_circ_0063313_Extracellular	3066	3079	+	12.3728	1.63e-05	0.035	TCTCTTTATTTTCT
M328_0.6	ELAVL2	mmu_circ_0000713_Extracellular	4132	4145	+	12.3728	1.63e-05	0.035	GTTCTTTTTTTTTA
M328_0.6	ELAVL2	hsa_circ_0000443_Extracellular	8590	8603	+	12.3669	1.64e-05	0.035	TATCTTTTTTTTCT
M328_0.6	ELAVL2	hsa_circ_0000443_Extracellular	8590	8603	+	12.3669	1.64e-05	0.035	TATCTTTTTTTTCT
M328_0.6	ELAVL2	hsa_circ_0000442_Extracellular	8590	8603	+	12.3669	1.64e-05	0.035	TATCTTTTTTTTCT
M328_0.6	ELAVL2	hsa_circ_0000443_Extracellular	8590	8603	+	12.3669	1.64e-05	0.035	TATCTTTTTTTTCT
M328_0.6	ELAVL2	hsa_circ_0000442_Extracellular	8590	8603	+	12.3669	1.64e-05	0.035	TATCTTTTTTTTCT
M328_0.6	ELAVL2	hsa_circ_0000701_Extracellular	658	671	+	12.3609	1.64e-05	0.035	CTTATTTATTTTAA
M328_0.6	ELAVL2	hsa_circ_0000701_Extracellular	658	671	+	12.3609	1.64e-05	0.035	CTTATTTATTTTAA
M328_0.6	ELAVL2	hsa_circ_0000701_Extracellular	718	731	+	12.3609	1.64e-05	0.035	CTTATTTATTTTAA
M328_0.6	ELAVL2	hsa_circ_0000701_Extracellular	718	731	+	12.3609	1.64e-05	0.035	CTTATTTATTTTAA
M328_0.6	ELAVL2	hsa_circ_0001306_Extracellular	7387	7400	+	12.355	1.66e-05	0.035	ACACTTTTTTTTTT
M328_0.6	ELAVL2	hsa_circ_0001306_Extracellular	7387	7400	+	12.355	1.66e-05	0.035	ACACTTTTTTTTTT
M328_0.6	ELAVL2	hsa_circ_0102762_Extracellular	1463	1476	+	12.3432	1.67e-05	0.035	TTCTTTTTTTTTTT
M328_0.6	ELAVL2	hsa_circ_0102762_Extracellular	1463	1476	+	12.3432	1.67e-05	0.035	TTCTTTTTTTTTTT
M328_0.6	ELAVL2	hsa_circ_0100832_Extracellular	1704	1717	+	12.3432	1.67e-05	0.035	TTCTTTTTTTTTTT
M328_0.6	ELAVL2	hsa_circ_0100832_Extracellular	1704	1717	+	12.3432	1.67e-05	0.035	TTCTTTTTTTTTTT
M328_0.6	ELAVL2	hsa_circ_0102294_Extracellular	1706	1719	+	12.3432	1.67e-05	0.035	TTCTTTTTTTTTTT
M328_0.6	ELAVL2	hsa_circ_0102294_Extracellular	1706	1719	+	12.3432	1.67e-05	0.035	TTCTTTTTTTTTTT
M328_0.6	ELAVL2	hsa_circ_0000246_Extracellular	4165	4178	+	12.3432	1.67e-05	0.035	TTCTTTTTTTTTTT
M328_0.6	ELAVL2	hsa_circ_0000246_Extracellular	4165	4178	+	12.3432	1.67e-05	0.035	TTCTTTTTTTTTTT
M328_0.6	ELAVL2	hsa_circ_0004314_Extracellular	4235	4248	+	12.3432	1.67e-05	0.035	TTCTTTTTTTTTTT
M328_0.6	ELAVL2	hsa_circ_0004314_Extracellular	4235	4248	+	12.3432	1.67e-05	0.035	TTCTTTTTTTTTTT
M328_0.6	ELAVL2	hsa_circ_0104761_Extracellular	4542	4555	+	12.3432	1.67e-05	0.035	TTCTTTTTTTTTTT
M328_0.6	ELAVL2	hsa_circ_0104761_Extracellular	4542	4555	+	12.3432	1.67e-05	0.035	TTCTTTTTTTTTTT
M328_0.6	ELAVL2	hsa_circ_0101018_Extracellular	4644	4657	+	12.3432	1.67e-05	0.035	TTCTTTTTTTTTTT
M328_0.6	ELAVL2	hsa_circ_0101018_Extracellular	4644	4657	+	12.3432	1.67e-05	0.035	TTCTTTTTTTTTTT
M328_0.6	ELAVL2	hsa_circ_0100988_Extracellular	5729	5742	+	12.3432	1.67e-05	0.035	TTCTTTTTTTTTTT
M328_0.6	ELAVL2	hsa_circ_0100988_Extracellular	5729	5742	+	12.3432	1.67e-05	0.035	TTCTTTTTTTTTTT
M328_0.6	ELAVL2	mmu_circ_0000713_Extracellular	9360	9373	+	12.3432	1.67e-05	0.035	TTCTTTTTTTTTTT
M328_0.6	ELAVL2	hsa_circ_0004314_Extracellular	2685	2698	+	12.3373	1.68e-05	0.035	AACATTTATTTTTT
M328_0.6	ELAVL2	hsa_circ_0004314_Extracellular	2685	2698	+	12.3373	1.68e-05	0.035	AACATTTATTTTTT
M328_0.6	ELAVL2	hsa_circ_0000377_Extracellular	3617	3630	+	12.3314	1.7e-05	0.035	TCTATTTTTATTTT
M328_0.6	ELAVL2	hsa_circ_0000377_Extracellular	3617	3630	+	12.3314	1.7e-05	0.035	TCTATTTTTATTTT
M328_0.6	ELAVL2	hsa_circ_0000264_Extracellular	163	176	+	12.3254	1.71e-05	0.035	TTTCTTTTAATTTT
M328_0.6	ELAVL2	hsa_circ_0000264_Extracellular	163	176	+	12.3254	1.71e-05	0.035	TTTCTTTTAATTTT
M328_0.6	ELAVL2	hsa_circ_0009684_Extracellular	7028	7041	+	12.3195	1.72e-05	0.035	ATACTTTCTTTTTT
M328_0.6	ELAVL2	hsa_circ_0009684_Extracellular	7028	7041	+	12.3195	1.72e-05	0.035	ATACTTTCTTTTTT
M328_0.6	ELAVL2	hsa_circ_0100988_Extracellular	2654	2667	+	12.3136	1.73e-05	0.035	ATTATTTATTTATT
M328_0.6	ELAVL2	hsa_circ_0100988_Extracellular	2654	2667	+	12.3136	1.73e-05	0.035	ATTATTTATTTATT
M328_0.6	ELAVL2	hsa_circ_0001704_Extracellular	3150	3163	+	12.3136	1.73e-05	0.035	ATTATTTATTTATT
M328_0.6	ELAVL2	hsa_circ_0001704_Extracellular	3150	3163	+	12.3136	1.73e-05	0.035	ATTATTTATTTATT
M328_0.6	ELAVL2	hsa_circ_0000090_Extracellular	885	898	+	12.2959	1.76e-05	0.035	CATATTTTTTTTTT
M328_0.6	ELAVL2	hsa_circ_0000090_Extracellular	885	898	+	12.2959	1.76e-05	0.035	CATATTTTTTTTTT
M328_0.6	ELAVL2	hsa_circ_0103045_Extracellular	8938	8951	+	12.2899	1.77e-05	0.035	ATTCTTTGTCTTCT
M328_0.6	ELAVL2	hsa_circ_0103045_Extracellular	8938	8951	+	12.2899	1.77e-05	0.035	ATTCTTTGTCTTCT
M328_0.6	ELAVL2	mmu_circ_0000905_Extracellular	2051	2064	+	12.2781	1.79e-05	0.035	ATTCTTTTTAATAG
M328_0.6	ELAVL2	hsa_circ_0104808_Extracellular	11904	11917	+	12.2722	1.8e-05	0.035	TTTATTTTCATTTT
M328_0.6	ELAVL2	hsa_circ_0104808_Extracellular	11904	11917	+	12.2722	1.8e-05	0.035	TTTATTTTCATTTT
M328_0.6	ELAVL2	mmu_circ_0000713_Extracellular	8528	8541	+	12.2663	1.81e-05	0.035	CTAATTTTTATTTA
M328_0.6	ELAVL2	hsa_circ_0101050_Extracellular	561	574	+	12.2604	1.82e-05	0.035	ATTCTTTTCCTTTG
M328_0.6	ELAVL2	hsa_circ_0101050_Extracellular	561	574	+	12.2604	1.82e-05	0.035	ATTCTTTTCCTTTG
M328_0.6	ELAVL2	hsa_circ_0100988_Extracellular	977	990	+	12.2604	1.82e-05	0.035	ATTATTTTTTTATA
M328_0.6	ELAVL2	hsa_circ_0100988_Extracellular	977	990	+	12.2604	1.82e-05	0.035	ATTATTTTTTTATA
M328_0.6	ELAVL2	mmu_circ_0000713_Extracellular	6879	6892	+	12.2544	1.83e-05	0.035	TTAATTTTTATTAG
M328_0.6	ELAVL2	mmu_circ_0000905_Extracellular	4307	4320	+	12.2485	1.84e-05	0.035	ATTATTTTTAGTTT
M328_0.6	ELAVL2	hsa_circ_0009128_Extracellular	329	342	+	12.2426	1.85e-05	0.035	CTTCTTTTATTTTC
M328_0.6	ELAVL2	hsa_circ_0006559_Extracellular	329	342	+	12.2426	1.85e-05	0.035	CTTCTTTTATTTTC
M328_0.6	ELAVL2	hsa_circ_0006559_Extracellular	329	342	+	12.2426	1.85e-05	0.035	CTTCTTTTATTTTC
M328_0.6	ELAVL2	hsa_circ_0000395_Extracellular	1424	1437	+	12.2189	1.9e-05	0.035	CTACTTTTTCTTTG
M328_0.6	ELAVL2	hsa_circ_0000395_Extracellular	1424	1437	+	12.2189	1.9e-05	0.035	CTACTTTTTCTTTG
M328_0.6	ELAVL2	hsa_circ_0000395_Extracellular	1424	1437	+	12.2189	1.9e-05	0.035	CTACTTTTTCTTTG
M328_0.6	ELAVL2	hsa_circ_0000395_Extracellular	1424	1437	+	12.2189	1.9e-05	0.035	CTACTTTTTCTTTG
M328_0.6	ELAVL2	hsa_circ_0000233_Extracellular	11533	11546	+	12.2189	1.9e-05	0.035	ATACTTTATATTTA
M328_0.6	ELAVL2	hsa_circ_0000233_Extracellular	11533	11546	+	12.2189	1.9e-05	0.035	ATACTTTATATTTA
M328_0.6	ELAVL2	hsa_circ_0000233_Extracellular	11593	11606	+	12.2189	1.9e-05	0.035	ATACTTTATATTTA
M328_0.6	ELAVL2	hsa_circ_0000233_Extracellular	11593	11606	+	12.2189	1.9e-05	0.035	ATACTTTATATTTA
M328_0.6	ELAVL2	hsa_circ_0085428_Extracellular	2955	2968	+	12.2012	1.93e-05	0.035	TTTATTTCTTTTAG
M328_0.6	ELAVL2	hsa_circ_0001704_Extracellular	3587	3600	+	12.2012	1.93e-05	0.035	TTTATTTTATTTTT
M328_0.6	ELAVL2	hsa_circ_0001704_Extracellular	3587	3600	+	12.2012	1.93e-05	0.035	TTTATTTTATTTTT
M328_0.6	ELAVL2	hsa_circ_0103102_Extracellular	345	358	+	12.1953	1.95e-05	0.035	TTCATTTACTTTTT
M328_0.6	ELAVL2	hsa_circ_0103102_Extracellular	345	358	+	12.1953	1.95e-05	0.035	TTCATTTACTTTTT
M328_0.6	ELAVL2	hsa_circ_0026611_Extracellular	2208	2221	+	12.1953	1.95e-05	0.035	TTCCTTTTGTTTTC
M328_0.6	ELAVL2	hsa_circ_0026611_Extracellular	2208	2221	+	12.1953	1.95e-05	0.035	TTCCTTTTGTTTTC
M328_0.6	ELAVL2	hsa_circ_0000204_Extracellular	723	736	+	12.1834	1.97e-05	0.035	ATGCTTTTTATATT
M328_0.6	ELAVL2	hsa_circ_0000204_Extracellular	723	736	+	12.1834	1.97e-05	0.035	ATGCTTTTTATATT
M328_0.6	ELAVL2	hsa_circ_0000444_Extracellular	8957	8970	+	12.1834	1.97e-05	0.035	TTCCTTTAGATTCT
M328_0.6	ELAVL2	hsa_circ_0000444_Extracellular	8957	8970	+	12.1834	1.97e-05	0.035	TTCCTTTAGATTCT
M328_0.6	ELAVL2	hsa_circ_0085428_Extracellular	1399	1412	+	12.1775	1.98e-05	0.035	ATTCTTTCCTTTCT
M328_0.6	ELAVL2	hsa_circ_0100832_Extracellular	1619	1632	+	12.1716	1.99e-05	0.035	TTCCTTTTATTTAT
M328_0.6	ELAVL2	hsa_circ_0100832_Extracellular	1619	1632	+	12.1716	1.99e-05	0.035	TTCCTTTTATTTAT
M328_0.6	ELAVL2	hsa_circ_0000495_Extracellular	1410	1423	+	12.1657	2e-05	0.035	TACATTTATTTTCG
M328_0.6	ELAVL2	hsa_circ_0000495_Extracellular	1410	1423	+	12.1657	2e-05	0.035	TACATTTATTTTCG
M328_0.6	ELAVL2	hsa_circ_0000495_Extracellular	1410	1423	+	12.1657	2e-05	0.035	TACATTTATTTTCG
M328_0.6	ELAVL2	hsa_circ_0000495_Extracellular	1410	1423	+	12.1657	2e-05	0.035	TACATTTATTTTCG
M328_0.6	ELAVL2	hsa_circ_0063313_Extracellular	1957	1970	+	12.1598	2.01e-05	0.035	TATCTTTTTTTTTT
M328_0.6	ELAVL2	hsa_circ_0063313_Extracellular	1957	1970	+	12.1598	2.01e-05	0.035	TATCTTTTTTTTTT
M328_0.6	ELAVL2	hsa_circ_0063313_Extracellular	1957	1970	+	12.1598	2.01e-05	0.035	TATCTTTTTTTTTT
M328_0.6	ELAVL2	hsa_circ_0102520_Extracellular	4414	4427	+	12.1598	2.01e-05	0.035	TATCTTTTTTTTTT
M328_0.6	ELAVL2	hsa_circ_0102520_Extracellular	4414	4427	+	12.1598	2.01e-05	0.035	TATCTTTTTTTTTT
M328_0.6	ELAVL2	hsa_circ_0002027_Extracellular	356	369	+	12.1479	2.03e-05	0.035	TTCCTTTATGTTCC
M328_0.6	ELAVL2	hsa_circ_0009684_Extracellular	4089	4102	+	12.142	2.04e-05	0.035	TTTATTTTTTATTG
M328_0.6	ELAVL2	hsa_circ_0009684_Extracellular	4089	4102	+	12.142	2.04e-05	0.035	TTTATTTTTTATTG
M328_0.6	ELAVL2	hsa_circ_0100039_Extracellular	1061	1074	+	12.0828	2.17e-05	0.035	TTCATTTATTTACT
M328_0.6	ELAVL2	hsa_circ_0100039_Extracellular	1061	1074	+	12.0828	2.17e-05	0.035	TTCATTTATTTACT
M328_0.6	ELAVL2	hsa_circ_0100832_Extracellular	1714	1727	+	12.0651	2.2e-05	0.035	TTTTTTTTTTTTCT
M328_0.6	ELAVL2	hsa_circ_0100832_Extracellular	1714	1727	+	12.0651	2.2e-05	0.035	TTTTTTTTTTTTCT
M328_0.6	ELAVL2	hsa_circ_0000973_Extracellular	3319	3332	+	12.0651	2.2e-05	0.035	ACACTTTATTTTTG
M328_0.6	ELAVL2	hsa_circ_0000973_Extracellular	3319	3332	+	12.0651	2.2e-05	0.035	ACACTTTATTTTTG
M328_0.6	ELAVL2	hsa_circ_0104761_Extracellular	5578	5591	+	12.0651	2.2e-05	0.035	TTTTTTTTTTTTCT
M328_0.6	ELAVL2	hsa_circ_0104761_Extracellular	5578	5591	+	12.0651	2.2e-05	0.035	TTTTTTTTTTTTCT
M328_0.6	ELAVL2	mmu_circ_0000905_Extracellular	9367	9380	+	12.0651	2.2e-05	0.035	TTTTTTTTTTTTCT
M328_0.6	ELAVL2	hsa_circ_0001306_Extracellular	12546	12559	+	12.0651	2.2e-05	0.035	TTTTTTTTTTTTCT
M328_0.6	ELAVL2	hsa_circ_0001306_Extracellular	12546	12559	+	12.0651	2.2e-05	0.035	TTTTTTTTTTTTCT
M328_0.6	ELAVL2	hsa_circ_0049499_Extracellular	885	898	+	12.0533	2.23e-05	0.035	AACCTTTATTTTCC
M328_0.6	ELAVL2	mmu_circ_0000905_Extracellular	9010	9023	+	12.0533	2.23e-05	0.035	TTTCTTTTCTTTTC
M328_0.6	ELAVL2	mmu_circ_0000713_Extracellular	3864	3877	+	12.0473	2.24e-05	0.035	ATTCTTTAGATTAG
M328_0.6	ELAVL2	hsa_circ_0000495_Extracellular	459	472	+	12.0414	2.25e-05	0.035	CTCTTTTATTTTTT
M328_0.6	ELAVL2	hsa_circ_0000495_Extracellular	459	472	+	12.0414	2.25e-05	0.035	CTCTTTTATTTTTT
M328_0.6	ELAVL2	hsa_circ_0000495_Extracellular	459	472	+	12.0414	2.25e-05	0.035	CTCTTTTATTTTTT
M328_0.6	ELAVL2	hsa_circ_0000495_Extracellular	459	472	+	12.0414	2.25e-05	0.035	CTCTTTTATTTTTT
M328_0.6	ELAVL2	hsa_circ_0001306_Extracellular	3071	3084	+	12.0414	2.25e-05	0.035	ATTATTTATATATT
M328_0.6	ELAVL2	hsa_circ_0001306_Extracellular	3071	3084	+	12.0414	2.25e-05	0.035	ATTATTTATATATT
M328_0.6	ELAVL2	hsa_circ_0000443_Extracellular	2003	2016	+	12.0355	2.27e-05	0.035	AACATTTTTGTTTG
M328_0.6	ELAVL2	hsa_circ_0000442_Extracellular	2003	2016	+	12.0355	2.27e-05	0.035	AACATTTTTGTTTG
M328_0.6	ELAVL2	hsa_circ_0000443_Extracellular	2003	2016	+	12.0355	2.27e-05	0.035	AACATTTTTGTTTG
M328_0.6	ELAVL2	hsa_circ_0000443_Extracellular	2003	2016	+	12.0355	2.27e-05	0.035	AACATTTTTGTTTG
M328_0.6	ELAVL2	hsa_circ_0000442_Extracellular	2003	2016	+	12.0355	2.27e-05	0.035	AACATTTTTGTTTG
M328_0.6	ELAVL2	hsa_circ_0000444_Extracellular	5358	5371	+	12.0355	2.27e-05	0.035	AACATTTTTGTTTG
M328_0.6	ELAVL2	hsa_circ_0000444_Extracellular	5358	5371	+	12.0355	2.27e-05	0.035	AACATTTTTGTTTG
M328_0.6	ELAVL2	hsa_circ_0000726_Extracellular	665	678	+	12.0296	2.28e-05	0.035	ACTCTTTCTTTTTT
M328_0.6	ELAVL2	hsa_circ_0000726_Extracellular	665	678	+	12.0296	2.28e-05	0.035	ACTCTTTCTTTTTT
M328_0.6	ELAVL2	hsa_circ_0000246_Extracellular	1389	1402	+	12.0237	2.29e-05	0.035	TTCATTTGCTTTTG
M328_0.6	ELAVL2	hsa_circ_0000246_Extracellular	1389	1402	+	12.0237	2.29e-05	0.035	TTCATTTGCTTTTG
M328_0.6	ELAVL2	hsa_circ_0004314_Extracellular	8872	8885	+	12.0237	2.29e-05	0.035	CTTTTTTTTTTTAG
M328_0.6	ELAVL2	hsa_circ_0004314_Extracellular	8872	8885	+	12.0237	2.29e-05	0.035	CTTTTTTTTTTTAG
M328_0.6	ELAVL2	hsa_circ_0103177_Extracellular	1051	1064	+	11.9941	2.36e-05	0.035	AAGCTTTTTTTTTT
M328_0.6	ELAVL2	hsa_circ_0103177_Extracellular	1051	1064	+	11.9941	2.36e-05	0.035	AAGCTTTTTTTTTT
M328_0.6	ELAVL2	hsa_circ_0100988_Extracellular	6090	6103	+	11.9941	2.36e-05	0.035	ATTCTATTTTTTCT
M328_0.6	ELAVL2	hsa_circ_0100988_Extracellular	6090	6103	+	11.9941	2.36e-05	0.035	ATTCTATTTTTTCT
M328_0.6	ELAVL2	mmu_circ_0000905_Extracellular	9987	10000	+	11.9763	2.4e-05	0.035	GTTATTTTTTTTTA
M328_0.6	ELAVL2	hsa_circ_0001013_Extracellular	1154	1167	+	11.9645	2.43e-05	0.035	TACCTTTTTTTTCC
M328_0.6	ELAVL2	hsa_circ_0001013_Extracellular	1154	1167	+	11.9645	2.43e-05	0.035	TACCTTTTTTTTCC
M328_0.6	ELAVL2	hsa_circ_0001190_Extracellular	656	669	+	11.9467	2.47e-05	0.035	ATTGTTTATTTTTT
M328_0.6	ELAVL2	hsa_circ_0001190_Extracellular	656	669	+	11.9467	2.47e-05	0.035	ATTGTTTATTTTTT
M328_0.6	ELAVL2	hsa_circ_0104980_Extracellular	813	826	+	11.9467	2.47e-05	0.035	ATTTTTTATTTTTT
M328_0.6	ELAVL2	hsa_circ_0104980_Extracellular	813	826	+	11.9467	2.47e-05	0.035	ATTTTTTATTTTTT
M328_0.6	ELAVL2	hsa_circ_0000246_Extracellular	4224	4237	+	11.9408	2.48e-05	0.035	TTTCTTTTTTTGTG
M328_0.6	ELAVL2	hsa_circ_0000246_Extracellular	4224	4237	+	11.9408	2.48e-05	0.035	TTTCTTTTTTTGTG
M328_0.6	ELAVL2	hsa_circ_0102294_Extracellular	3842	3855	+	11.9349	2.5e-05	0.035	CTTATTTTTCTTAT
M328_0.6	ELAVL2	hsa_circ_0102294_Extracellular	3842	3855	+	11.9349	2.5e-05	0.035	CTTATTTTTCTTAT
M328_0.6	ELAVL2	hsa_circ_0104808_Extracellular	11173	11186	+	11.9349	2.5e-05	0.035	ATCATTTACATTAT
M328_0.6	ELAVL2	hsa_circ_0104808_Extracellular	11173	11186	+	11.9349	2.5e-05	0.035	ATCATTTACATTAT
M328_0.6	ELAVL2	hsa_circ_0102349_Extracellular	1526	1539	+	11.929	2.51e-05	0.035	TTTCTTTTTAATCT
M328_0.6	ELAVL2	hsa_circ_0102349_Extracellular	1526	1539	+	11.929	2.51e-05	0.035	TTTCTTTTTAATCT
M328_0.6	ELAVL2	hsa_circ_0042003_Extracellular	2663	2676	+	11.929	2.51e-05	0.035	CTCATTTTCTTTGG
M328_0.6	ELAVL2	hsa_circ_0000204_Extracellular	1117	1130	+	11.9172	2.54e-05	0.035	TTTCTTTTGTTTCA
M328_0.6	ELAVL2	hsa_circ_0000204_Extracellular	1117	1130	+	11.9172	2.54e-05	0.035	TTTCTTTTGTTTCA
M328_0.6	ELAVL2	mmu_circ_0000713_Extracellular	9823	9836	+	11.9172	2.54e-05	0.035	ATTCTTTTACTTTG
M328_0.6	ELAVL2	hsa_circ_0000444_Extracellular	4431	4444	+	11.9112	2.56e-05	0.035	TTCATTTTTCTTTA
M328_0.6	ELAVL2	hsa_circ_0000444_Extracellular	4431	4444	+	11.9112	2.56e-05	0.035	TTCATTTTTCTTTA
M328_0.6	ELAVL2	hsa_circ_0001306_Extracellular	10193	10206	+	11.9112	2.56e-05	0.035	TTCATTTTTCTTTC
M328_0.6	ELAVL2	hsa_circ_0001306_Extracellular	10193	10206	+	11.9112	2.56e-05	0.035	TTCATTTTTCTTTC
M328_0.6	ELAVL2	hsa_circ_0002782_Extracellular	481	494	+	11.9053	2.57e-05	0.035	CTACTTTTCTTTTT
M328_0.6	ELAVL2	hsa_circ_0101493_Extracellular	1521	1534	+	11.8994	2.58e-05	0.035	ATCCTTTTCATTGT
M328_0.6	ELAVL2	hsa_circ_0101493_Extracellular	1521	1534	+	11.8994	2.58e-05	0.035	ATCCTTTTCATTGT
M328_0.6	ELAVL2	hsa_circ_0000752_Extracellular	886	899	+	11.8935	2.6e-05	0.035	CTCCTTTATTTAAT
M328_0.6	ELAVL2	hsa_circ_0000752_Extracellular	886	899	+	11.8935	2.6e-05	0.035	CTCCTTTATTTAAT
M328_0.6	ELAVL2	hsa_circ_0085428_Extracellular	2501	2514	+	11.8935	2.6e-05	0.035	ATTTTTTTTTTTTA
M328_0.6	ELAVL2	hsa_circ_0000996_Extracellular	3092	3105	+	11.8935	2.6e-05	0.035	ATTGTTTTTTTTTA
M328_0.6	ELAVL2	hsa_circ_0000996_Extracellular	3092	3105	+	11.8935	2.6e-05	0.035	ATTGTTTTTTTTTA
M328_0.6	ELAVL2	hsa_circ_0000246_Extracellular	4001	4014	+	11.8935	2.6e-05	0.035	ATTTTTTTTTTTTC
M328_0.6	ELAVL2	hsa_circ_0000246_Extracellular	4001	4014	+	11.8935	2.6e-05	0.035	ATTTTTTTTTTTTC
M328_0.6	ELAVL2	hsa_circ_0104761_Extracellular	5577	5590	+	11.8935	2.6e-05	0.035	ATTTTTTTTTTTTC
M328_0.6	ELAVL2	hsa_circ_0104761_Extracellular	5577	5590	+	11.8935	2.6e-05	0.035	ATTTTTTTTTTTTC
M328_0.6	ELAVL2	hsa_circ_0001812_Extracellular	2030	2043	+	11.8876	2.62e-05	0.035	ATCCTTTATTATCA
M328_0.6	ELAVL2	hsa_circ_0001812_Extracellular	2030	2043	+	11.8876	2.62e-05	0.035	ATCCTTTATTATCA
M328_0.6	ELAVL2	hsa_circ_0103045_Extracellular	8027	8040	+	11.8757	2.64e-05	0.035	TTCATTTATTTATT
M328_0.6	ELAVL2	hsa_circ_0103045_Extracellular	8027	8040	+	11.8757	2.64e-05	0.035	TTCATTTATTTATT
M328_0.6	ELAVL2	hsa_circ_0103682_Extracellular	366	379	+	11.858	2.68e-05	0.035	TTTTTTTTTTTTTT
M328_0.6	ELAVL2	hsa_circ_0103682_Extracellular	366	379	+	11.858	2.68e-05	0.035	TTTTTTTTTTTTTT
M328_0.6	ELAVL2	hsa_circ_0000726_Extracellular	683	696	+	11.858	2.68e-05	0.035	TTTTTTTTTTTTTT
M328_0.6	ELAVL2	hsa_circ_0000726_Extracellular	683	696	+	11.858	2.68e-05	0.035	TTTTTTTTTTTTTT
M328_0.6	ELAVL2	hsa_circ_0000726_Extracellular	684	697	+	11.858	2.68e-05	0.035	TTTTTTTTTTTTTT
M328_0.6	ELAVL2	hsa_circ_0000726_Extracellular	684	697	+	11.858	2.68e-05	0.035	TTTTTTTTTTTTTT
M328_0.6	ELAVL2	hsa_circ_0021091_Extracellular	896	909	+	11.858	2.68e-05	0.035	TTTTTTTTTTTTTT
M328_0.6	ELAVL2	hsa_circ_0000701_Extracellular	950	963	+	11.858	2.68e-05	0.035	TTTGTTTTTTTTTT
M328_0.6	ELAVL2	hsa_circ_0000701_Extracellular	950	963	+	11.858	2.68e-05	0.035	TTTGTTTTTTTTTT
M328_0.6	ELAVL2	hsa_circ_0103177_Extracellular	1055	1068	+	11.858	2.68e-05	0.035	TTTTTTTTTTTTTT
M328_0.6	ELAVL2	hsa_circ_0103177_Extracellular	1055	1068	+	11.858	2.68e-05	0.035	TTTTTTTTTTTTTT
M328_0.6	ELAVL2	mmu_circ_0000905_Extracellular	1068	1081	+	11.858	2.68e-05	0.035	TTTTTTTTTTTTTT
M328_0.6	ELAVL2	mmu_circ_0000905_Extracellular	1069	1082	+	11.858	2.68e-05	0.035	TTTTTTTTTTTTTT
M328_0.6	ELAVL2	hsa_circ_0102762_Extracellular	1466	1479	+	11.858	2.68e-05	0.035	TTTTTTTTTTTTTT
M328_0.6	ELAVL2	hsa_circ_0102762_Extracellular	1466	1479	+	11.858	2.68e-05	0.035	TTTTTTTTTTTTTT
M328_0.6	ELAVL2	hsa_circ_0102762_Extracellular	1467	1480	+	11.858	2.68e-05	0.035	TTTTTTTTTTTTTT
M328_0.6	ELAVL2	hsa_circ_0102762_Extracellular	1467	1480	+	11.858	2.68e-05	0.035	TTTTTTTTTTTTTT
M328_0.6	ELAVL2	hsa_circ_0102762_Extracellular	1468	1481	+	11.858	2.68e-05	0.035	TTTTTTTTTTTTTT
M328_0.6	ELAVL2	hsa_circ_0102762_Extracellular	1468	1481	+	11.858	2.68e-05	0.035	TTTTTTTTTTTTTT
M328_0.6	ELAVL2	hsa_circ_0102762_Extracellular	1469	1482	+	11.858	2.68e-05	0.035	TTTTTTTTTTTTTT
M328_0.6	ELAVL2	hsa_circ_0102762_Extracellular	1469	1482	+	11.858	2.68e-05	0.035	TTTTTTTTTTTTTT
M328_0.6	ELAVL2	hsa_circ_0102762_Extracellular	1470	1483	+	11.858	2.68e-05	0.035	TTTTTTTTTTTTTT
M328_0.6	ELAVL2	hsa_circ_0102762_Extracellular	1470	1483	+	11.858	2.68e-05	0.035	TTTTTTTTTTTTTT
M328_0.6	ELAVL2	hsa_circ_0102762_Extracellular	1471	1484	+	11.858	2.68e-05	0.035	TTTTTTTTTTTTTT
M328_0.6	ELAVL2	hsa_circ_0102762_Extracellular	1471	1484	+	11.858	2.68e-05	0.035	TTTTTTTTTTTTTT
M328_0.6	ELAVL2	hsa_circ_0102762_Extracellular	1472	1485	+	11.858	2.68e-05	0.035	TTTTTTTTTTTTTT
M328_0.6	ELAVL2	hsa_circ_0102762_Extracellular	1472	1485	+	11.858	2.68e-05	0.035	TTTTTTTTTTTTTT
M328_0.6	ELAVL2	hsa_circ_0102762_Extracellular	1473	1486	+	11.858	2.68e-05	0.035	TTTTTTTTTTTTTT
M328_0.6	ELAVL2	hsa_circ_0102762_Extracellular	1473	1486	+	11.858	2.68e-05	0.035	TTTTTTTTTTTTTT
M328_0.6	ELAVL2	hsa_circ_0100832_Extracellular	1707	1720	+	11.858	2.68e-05	0.035	TTTTTTTTTTTTTT
M328_0.6	ELAVL2	hsa_circ_0100832_Extracellular	1707	1720	+	11.858	2.68e-05	0.035	TTTTTTTTTTTTTT
M328_0.6	ELAVL2	hsa_circ_0100832_Extracellular	1708	1721	+	11.858	2.68e-05	0.035	TTTTTTTTTTTTTT
M328_0.6	ELAVL2	hsa_circ_0100832_Extracellular	1708	1721	+	11.858	2.68e-05	0.035	TTTTTTTTTTTTTT
M328_0.6	ELAVL2	hsa_circ_0100832_Extracellular	1709	1722	+	11.858	2.68e-05	0.035	TTTTTTTTTTTTTT
M328_0.6	ELAVL2	hsa_circ_0100832_Extracellular	1709	1722	+	11.858	2.68e-05	0.035	TTTTTTTTTTTTTT
M328_0.6	ELAVL2	hsa_circ_0100832_Extracellular	1710	1723	+	11.858	2.68e-05	0.035	TTTTTTTTTTTTTT
M328_0.6	ELAVL2	hsa_circ_0100832_Extracellular	1710	1723	+	11.858	2.68e-05	0.035	TTTTTTTTTTTTTT
M328_0.6	ELAVL2	hsa_circ_0100832_Extracellular	1711	1724	+	11.858	2.68e-05	0.035	TTTTTTTTTTTTTT
M328_0.6	ELAVL2	hsa_circ_0100832_Extracellular	1711	1724	+	11.858	2.68e-05	0.035	TTTTTTTTTTTTTT
M328_0.6	ELAVL2	hsa_circ_0100832_Extracellular	1712	1725	+	11.858	2.68e-05	0.035	TTTTTTTTTTTTTT
M328_0.6	ELAVL2	hsa_circ_0100832_Extracellular	1712	1725	+	11.858	2.68e-05	0.035	TTTTTTTTTTTTTT
M328_0.6	ELAVL2	hsa_circ_0000973_Extracellular	2120	2133	+	11.858	2.68e-05	0.035	TTTTTTTTTTTTTT
M328_0.6	ELAVL2	hsa_circ_0000973_Extracellular	2120	2133	+	11.858	2.68e-05	0.035	TTTTTTTTTTTTTT
M328_0.6	ELAVL2	hsa_circ_0000965_Extracellular	2382	2395	+	11.858	2.68e-05	0.035	TTTGTTTTTTTTTT
M328_0.6	ELAVL2	hsa_circ_0000965_Extracellular	2382	2395	+	11.858	2.68e-05	0.035	TTTGTTTTTTTTTT
M328_0.6	ELAVL2	hsa_circ_0000965_Extracellular	2382	2395	+	11.858	2.68e-05	0.035	TTTGTTTTTTTTTT
M328_0.6	ELAVL2	hsa_circ_0000246_Extracellular	2743	2756	+	11.858	2.68e-05	0.035	TTTTTTTTTTTTTT
M328_0.6	ELAVL2	hsa_circ_0000246_Extracellular	2743	2756	+	11.858	2.68e-05	0.035	TTTTTTTTTTTTTT
M328_0.6	ELAVL2	hsa_circ_0000246_Extracellular	2744	2757	+	11.858	2.68e-05	0.035	TTTTTTTTTTTTTT
M328_0.6	ELAVL2	hsa_circ_0000246_Extracellular	2744	2757	+	11.858	2.68e-05	0.035	TTTTTTTTTTTTTT
M328_0.6	ELAVL2	hsa_circ_0000246_Extracellular	2745	2758	+	11.858	2.68e-05	0.035	TTTTTTTTTTTTTT
M328_0.6	ELAVL2	hsa_circ_0000246_Extracellular	2745	2758	+	11.858	2.68e-05	0.035	TTTTTTTTTTTTTT
M328_0.6	ELAVL2	hsa_circ_0000246_Extracellular	2746	2759	+	11.858	2.68e-05	0.035	TTTTTTTTTTTTTT
M328_0.6	ELAVL2	hsa_circ_0000246_Extracellular	2746	2759	+	11.858	2.68e-05	0.035	TTTTTTTTTTTTTT
M328_0.6	ELAVL2	hsa_circ_0000246_Extracellular	2747	2760	+	11.858	2.68e-05	0.035	TTTTTTTTTTTTTT
M328_0.6	ELAVL2	hsa_circ_0000246_Extracellular	2747	2760	+	11.858	2.68e-05	0.035	TTTTTTTTTTTTTT
M328_0.6	ELAVL2	hsa_circ_0000246_Extracellular	2748	2761	+	11.858	2.68e-05	0.035	TTTTTTTTTTTTTT
M328_0.6	ELAVL2	hsa_circ_0000246_Extracellular	2748	2761	+	11.858	2.68e-05	0.035	TTTTTTTTTTTTTT
M328_0.6	ELAVL2	hsa_circ_0000246_Extracellular	2749	2762	+	11.858	2.68e-05	0.035	TTTTTTTTTTTTTT
M328_0.6	ELAVL2	hsa_circ_0000246_Extracellular	2749	2762	+	11.858	2.68e-05	0.035	TTTTTTTTTTTTTT
M328_0.6	ELAVL2	hsa_circ_0004062_Extracellular	2848	2861	+	11.858	2.68e-05	0.035	TTTTTTTTTTTTTT
M328_0.6	ELAVL2	hsa_circ_0004062_Extracellular	2848	2861	+	11.858	2.68e-05	0.035	TTTTTTTTTTTTTT
M328_0.6	ELAVL2	hsa_circ_0000233_Extracellular	3138	3151	+	11.858	2.68e-05	0.035	TTTTTTTTTTTTTT
M328_0.6	ELAVL2	hsa_circ_0000233_Extracellular	3138	3151	+	11.858	2.68e-05	0.035	TTTTTTTTTTTTTT
M328_0.6	ELAVL2	hsa_circ_0000233_Extracellular	3139	3152	+	11.858	2.68e-05	0.035	TTTTTTTTTTTTTT
M328_0.6	ELAVL2	hsa_circ_0000233_Extracellular	3139	3152	+	11.858	2.68e-05	0.035	TTTTTTTTTTTTTT
M328_0.6	ELAVL2	hsa_circ_0000233_Extracellular	3140	3153	+	11.858	2.68e-05	0.035	TTTTTTTTTTTTTT
M328_0.6	ELAVL2	hsa_circ_0000233_Extracellular	3140	3153	+	11.858	2.68e-05	0.035	TTTTTTTTTTTTTT
M328_0.6	ELAVL2	hsa_circ_0000233_Extracellular	3141	3154	+	11.858	2.68e-05	0.035	TTTTTTTTTTTTTT
M328_0.6	ELAVL2	hsa_circ_0000233_Extracellular	3141	3154	+	11.858	2.68e-05	0.035	TTTTTTTTTTTTTT
M328_0.6	ELAVL2	hsa_circ_0000233_Extracellular	3142	3155	+	11.858	2.68e-05	0.035	TTTTTTTTTTTTTT
M328_0.6	ELAVL2	hsa_circ_0000233_Extracellular	3142	3155	+	11.858	2.68e-05	0.035	TTTTTTTTTTTTTT
M328_0.6	ELAVL2	hsa_circ_0000233_Extracellular	3143	3156	+	11.858	2.68e-05	0.035	TTTTTTTTTTTTTT
M328_0.6	ELAVL2	hsa_circ_0000233_Extracellular	3143	3156	+	11.858	2.68e-05	0.035	TTTTTTTTTTTTTT
M328_0.6	ELAVL2	hsa_circ_0000233_Extracellular	3144	3157	+	11.858	2.68e-05	0.035	TTTTTTTTTTTTTT
M328_0.6	ELAVL2	hsa_circ_0000233_Extracellular	3144	3157	+	11.858	2.68e-05	0.035	TTTTTTTTTTTTTT
M328_0.6	ELAVL2	hsa_circ_0000233_Extracellular	3145	3158	+	11.858	2.68e-05	0.035	TTTTTTTTTTTTTT
M328_0.6	ELAVL2	hsa_circ_0000233_Extracellular	3145	3158	+	11.858	2.68e-05	0.035	TTTTTTTTTTTTTT
M328_0.6	ELAVL2	hsa_circ_0000233_Extracellular	3146	3159	+	11.858	2.68e-05	0.035	TTTTTTTTTTTTTT
M328_0.6	ELAVL2	hsa_circ_0000233_Extracellular	3146	3159	+	11.858	2.68e-05	0.035	TTTTTTTTTTTTTT
M328_0.6	ELAVL2	hsa_circ_0000233_Extracellular	3147	3160	+	11.858	2.68e-05	0.035	TTTTTTTTTTTTTT
M328_0.6	ELAVL2	hsa_circ_0000233_Extracellular	3147	3160	+	11.858	2.68e-05	0.035	TTTTTTTTTTTTTT
M328_0.6	ELAVL2	hsa_circ_0000233_Extracellular	3200	3213	+	11.858	2.68e-05	0.035	TTTTTTTTTTTTTT
M328_0.6	ELAVL2	hsa_circ_0000233_Extracellular	3200	3213	+	11.858	2.68e-05	0.035	TTTTTTTTTTTTTT
M328_0.6	ELAVL2	hsa_circ_0000246_Extracellular	3578	3591	+	11.858	2.68e-05	0.035	TTTTTTTTTTTTTT
M328_0.6	ELAVL2	hsa_circ_0000246_Extracellular	3578	3591	+	11.858	2.68e-05	0.035	TTTTTTTTTTTTTT
M328_0.6	ELAVL2	hsa_circ_0000246_Extracellular	3579	3592	+	11.858	2.68e-05	0.035	TTTTTTTTTTTTTT
M328_0.6	ELAVL2	hsa_circ_0000246_Extracellular	3579	3592	+	11.858	2.68e-05	0.035	TTTTTTTTTTTTTT
M328_0.6	ELAVL2	hsa_circ_0000246_Extracellular	3580	3593	+	11.858	2.68e-05	0.035	TTTTTTTTTTTTTT
M328_0.6	ELAVL2	hsa_circ_0000246_Extracellular	3580	3593	+	11.858	2.68e-05	0.035	TTTTTTTTTTTTTT
M328_0.6	ELAVL2	hsa_circ_0102520_Extracellular	4030	4043	+	11.858	2.68e-05	0.035	TTTTTTTTTTTTTT
M328_0.6	ELAVL2	hsa_circ_0102520_Extracellular	4030	4043	+	11.858	2.68e-05	0.035	TTTTTTTTTTTTTT
M328_0.6	ELAVL2	hsa_circ_0102520_Extracellular	4031	4044	+	11.858	2.68e-05	0.035	TTTTTTTTTTTTTT
M328_0.6	ELAVL2	hsa_circ_0102520_Extracellular	4031	4044	+	11.858	2.68e-05	0.035	TTTTTTTTTTTTTT
M328_0.6	ELAVL2	hsa_circ_0102520_Extracellular	4032	4045	+	11.858	2.68e-05	0.035	TTTTTTTTTTTTTT
M328_0.6	ELAVL2	hsa_circ_0102520_Extracellular	4032	4045	+	11.858	2.68e-05	0.035	TTTTTTTTTTTTTT
M328_0.6	ELAVL2	hsa_circ_0102520_Extracellular	4033	4046	+	11.858	2.68e-05	0.035	TTTTTTTTTTTTTT
M328_0.6	ELAVL2	hsa_circ_0102520_Extracellular	4033	4046	+	11.858	2.68e-05	0.035	TTTTTTTTTTTTTT
M328_0.6	ELAVL2	hsa_circ_0102520_Extracellular	4034	4047	+	11.858	2.68e-05	0.035	TTTTTTTTTTTTTT
M328_0.6	ELAVL2	hsa_circ_0102520_Extracellular	4034	4047	+	11.858	2.68e-05	0.035	TTTTTTTTTTTTTT
M328_0.6	ELAVL2	hsa_circ_0102520_Extracellular	4035	4048	+	11.858	2.68e-05	0.035	TTTTTTTTTTTTTT
M328_0.6	ELAVL2	hsa_circ_0102520_Extracellular	4035	4048	+	11.858	2.68e-05	0.035	TTTTTTTTTTTTTT
M328_0.6	ELAVL2	hsa_circ_0102520_Extracellular	4036	4049	+	11.858	2.68e-05	0.035	TTTTTTTTTTTTTT
M328_0.6	ELAVL2	hsa_circ_0102520_Extracellular	4036	4049	+	11.858	2.68e-05	0.035	TTTTTTTTTTTTTT
M328_0.6	ELAVL2	hsa_circ_0102520_Extracellular	4037	4050	+	11.858	2.68e-05	0.035	TTTTTTTTTTTTTT
M328_0.6	ELAVL2	hsa_circ_0102520_Extracellular	4037	4050	+	11.858	2.68e-05	0.035	TTTTTTTTTTTTTT
M328_0.6	ELAVL2	hsa_circ_0102520_Extracellular	4038	4051	+	11.858	2.68e-05	0.035	TTTTTTTTTTTTTT
M328_0.6	ELAVL2	hsa_circ_0102520_Extracellular	4038	4051	+	11.858	2.68e-05	0.035	TTTTTTTTTTTTTT
M328_0.6	ELAVL2	hsa_circ_0102520_Extracellular	4039	4052	+	11.858	2.68e-05	0.035	TTTTTTTTTTTTTT
M328_0.6	ELAVL2	hsa_circ_0102520_Extracellular	4039	4052	+	11.858	2.68e-05	0.035	TTTTTTTTTTTTTT
M328_0.6	ELAVL2	hsa_circ_0102520_Extracellular	4040	4053	+	11.858	2.68e-05	0.035	TTTTTTTTTTTTTT
M328_0.6	ELAVL2	hsa_circ_0102520_Extracellular	4040	4053	+	11.858	2.68e-05	0.035	TTTTTTTTTTTTTT
M328_0.6	ELAVL2	hsa_circ_0102520_Extracellular	4041	4054	+	11.858	2.68e-05	0.035	TTTTTTTTTTTTTT
M328_0.6	ELAVL2	hsa_circ_0102520_Extracellular	4041	4054	+	11.858	2.68e-05	0.035	TTTTTTTTTTTTTT
M328_0.6	ELAVL2	hsa_circ_0102520_Extracellular	4042	4055	+	11.858	2.68e-05	0.035	TTTTTTTTTTTTTT
M328_0.6	ELAVL2	hsa_circ_0102520_Extracellular	4042	4055	+	11.858	2.68e-05	0.035	TTTTTTTTTTTTTT
M328_0.6	ELAVL2	hsa_circ_0000246_Extracellular	4168	4181	+	11.858	2.68e-05	0.035	TTTTTTTTTTTTTT
M328_0.6	ELAVL2	hsa_circ_0000246_Extracellular	4168	4181	+	11.858	2.68e-05	0.035	TTTTTTTTTTTTTT
M328_0.6	ELAVL2	hsa_circ_0000246_Extracellular	4169	4182	+	11.858	2.68e-05	0.035	TTTTTTTTTTTTTT
M328_0.6	ELAVL2	hsa_circ_0000246_Extracellular	4169	4182	+	11.858	2.68e-05	0.035	TTTTTTTTTTTTTT
M328_0.6	ELAVL2	hsa_circ_0000246_Extracellular	4170	4183	+	11.858	2.68e-05	0.035	TTTTTTTTTTTTTT
M328_0.6	ELAVL2	hsa_circ_0000246_Extracellular	4170	4183	+	11.858	2.68e-05	0.035	TTTTTTTTTTTTTT
M328_0.6	ELAVL2	hsa_circ_0000246_Extracellular	4171	4184	+	11.858	2.68e-05	0.035	TTTTTTTTTTTTTT
M328_0.6	ELAVL2	hsa_circ_0000246_Extracellular	4171	4184	+	11.858	2.68e-05	0.035	TTTTTTTTTTTTTT
M328_0.6	ELAVL2	hsa_circ_0000246_Extracellular	4172	4185	+	11.858	2.68e-05	0.035	TTTTTTTTTTTTTT
M328_0.6	ELAVL2	hsa_circ_0000246_Extracellular	4172	4185	+	11.858	2.68e-05	0.035	TTTTTTTTTTTTTT
M328_0.6	ELAVL2	hsa_circ_0000246_Extracellular	4173	4186	+	11.858	2.68e-05	0.035	TTTTTTTTTTTTTT
M328_0.6	ELAVL2	hsa_circ_0000246_Extracellular	4173	4186	+	11.858	2.68e-05	0.035	TTTTTTTTTTTTTT
M328_0.6	ELAVL2	hsa_circ_0000246_Extracellular	4174	4187	+	11.858	2.68e-05	0.035	TTTTTTTTTTTTTT
M328_0.6	ELAVL2	hsa_circ_0000246_Extracellular	4174	4187	+	11.858	2.68e-05	0.035	TTTTTTTTTTTTTT
M328_0.6	ELAVL2	hsa_circ_0000246_Extracellular	4175	4188	+	11.858	2.68e-05	0.035	TTTTTTTTTTTTTT
M328_0.6	ELAVL2	hsa_circ_0000246_Extracellular	4175	4188	+	11.858	2.68e-05	0.035	TTTTTTTTTTTTTT
M328_0.6	ELAVL2	hsa_circ_0004314_Extracellular	4238	4251	+	11.858	2.68e-05	0.035	TTTTTTTTTTTTTT
M328_0.6	ELAVL2	hsa_circ_0004314_Extracellular	4238	4251	+	11.858	2.68e-05	0.035	TTTTTTTTTTTTTT
M328_0.6	ELAVL2	hsa_circ_0004314_Extracellular	4239	4252	+	11.858	2.68e-05	0.035	TTTTTTTTTTTTTT
M328_0.6	ELAVL2	hsa_circ_0004314_Extracellular	4239	4252	+	11.858	2.68e-05	0.035	TTTTTTTTTTTTTT
M328_0.6	ELAVL2	hsa_circ_0004314_Extracellular	4240	4253	+	11.858	2.68e-05	0.035	TTTTTTTTTTTTTT
M328_0.6	ELAVL2	hsa_circ_0004314_Extracellular	4240	4253	+	11.858	2.68e-05	0.035	TTTTTTTTTTTTTT
M328_0.6	ELAVL2	hsa_circ_0004314_Extracellular	4241	4254	+	11.858	2.68e-05	0.035	TTTTTTTTTTTTTT
M328_0.6	ELAVL2	hsa_circ_0004314_Extracellular	4241	4254	+	11.858	2.68e-05	0.035	TTTTTTTTTTTTTT
M328_0.6	ELAVL2	hsa_circ_0001812_Extracellular	4625	4638	+	11.858	2.68e-05	0.035	TTTTTTTTTTTTTT
M328_0.6	ELAVL2	hsa_circ_0001812_Extracellular	4625	4638	+	11.858	2.68e-05	0.035	TTTTTTTTTTTTTT
M328_0.6	ELAVL2	hsa_circ_0001812_Extracellular	4626	4639	+	11.858	2.68e-05	0.035	TTTTTTTTTTTTTT
M328_0.6	ELAVL2	hsa_circ_0001812_Extracellular	4626	4639	+	11.858	2.68e-05	0.035	TTTTTTTTTTTTTT
M328_0.6	ELAVL2	hsa_circ_0001812_Extracellular	4627	4640	+	11.858	2.68e-05	0.035	TTTTTTTTTTTTTT
M328_0.6	ELAVL2	hsa_circ_0001812_Extracellular	4627	4640	+	11.858	2.68e-05	0.035	TTTTTTTTTTTTTT
M328_0.6	ELAVL2	hsa_circ_0104980_Extracellular	4787	4800	+	11.858	2.68e-05	0.035	TTTTTTTTTTTTTT
M328_0.6	ELAVL2	hsa_circ_0104980_Extracellular	4787	4800	+	11.858	2.68e-05	0.035	TTTTTTTTTTTTTT
M328_0.6	ELAVL2	hsa_circ_0104980_Extracellular	4788	4801	+	11.858	2.68e-05	0.035	TTTTTTTTTTTTTT
M328_0.6	ELAVL2	hsa_circ_0104980_Extracellular	4788	4801	+	11.858	2.68e-05	0.035	TTTTTTTTTTTTTT
M328_0.6	ELAVL2	hsa_circ_0104980_Extracellular	4789	4802	+	11.858	2.68e-05	0.035	TTTTTTTTTTTTTT
M328_0.6	ELAVL2	hsa_circ_0104980_Extracellular	4789	4802	+	11.858	2.68e-05	0.035	TTTTTTTTTTTTTT
M328_0.6	ELAVL2	hsa_circ_0104980_Extracellular	4790	4803	+	11.858	2.68e-05	0.035	TTTTTTTTTTTTTT
M328_0.6	ELAVL2	hsa_circ_0104980_Extracellular	4790	4803	+	11.858	2.68e-05	0.035	TTTTTTTTTTTTTT
M328_0.6	ELAVL2	hsa_circ_0104980_Extracellular	4791	4804	+	11.858	2.68e-05	0.035	TTTTTTTTTTTTTT
M328_0.6	ELAVL2	hsa_circ_0104980_Extracellular	4791	4804	+	11.858	2.68e-05	0.035	TTTTTTTTTTTTTT
M328_0.6	ELAVL2	hsa_circ_0104980_Extracellular	4792	4805	+	11.858	2.68e-05	0.035	TTTTTTTTTTTTTT
M328_0.6	ELAVL2	hsa_circ_0104980_Extracellular	4792	4805	+	11.858	2.68e-05	0.035	TTTTTTTTTTTTTT
M328_0.6	ELAVL2	hsa_circ_0001812_Extracellular	4993	5006	+	11.858	2.68e-05	0.035	TTTTTTTTTTTTTT
M328_0.6	ELAVL2	hsa_circ_0001812_Extracellular	4993	5006	+	11.858	2.68e-05	0.035	TTTTTTTTTTTTTT
M328_0.6	ELAVL2	hsa_circ_0001306_Extracellular	5403	5416	+	11.858	2.68e-05	0.035	TTTTTTTTTTTTTT
M328_0.6	ELAVL2	hsa_circ_0001306_Extracellular	5403	5416	+	11.858	2.68e-05	0.035	TTTTTTTTTTTTTT
M328_0.6	ELAVL2	hsa_circ_0001306_Extracellular	5404	5417	+	11.858	2.68e-05	0.035	TTTTTTTTTTTTTT
M328_0.6	ELAVL2	hsa_circ_0001306_Extracellular	5404	5417	+	11.858	2.68e-05	0.035	TTTTTTTTTTTTTT
M328_0.6	ELAVL2	hsa_circ_0001306_Extracellular	5405	5418	+	11.858	2.68e-05	0.035	TTTTTTTTTTTTTT
M328_0.6	ELAVL2	hsa_circ_0001306_Extracellular	5405	5418	+	11.858	2.68e-05	0.035	TTTTTTTTTTTTTT
M328_0.6	ELAVL2	hsa_circ_0001306_Extracellular	5406	5419	+	11.858	2.68e-05	0.035	TTTTTTTTTTTTTT
M328_0.6	ELAVL2	hsa_circ_0001306_Extracellular	5406	5419	+	11.858	2.68e-05	0.035	TTTTTTTTTTTTTT
M328_0.6	ELAVL2	hsa_circ_0001306_Extracellular	5407	5420	+	11.858	2.68e-05	0.035	TTTTTTTTTTTTTT
M328_0.6	ELAVL2	hsa_circ_0001306_Extracellular	5407	5420	+	11.858	2.68e-05	0.035	TTTTTTTTTTTTTT
M328_0.6	ELAVL2	hsa_circ_0101018_Extracellular	5559	5572	+	11.858	2.68e-05	0.035	TTTTTTTTTTTTTT
M328_0.6	ELAVL2	hsa_circ_0101018_Extracellular	5559	5572	+	11.858	2.68e-05	0.035	TTTTTTTTTTTTTT
M328_0.6	ELAVL2	hsa_circ_0000443_Extracellular	5584	5597	+	11.858	2.68e-05	0.035	TTTTTTTTTTTTTT
M328_0.6	ELAVL2	hsa_circ_0000443_Extracellular	5584	5597	+	11.858	2.68e-05	0.035	TTTTTTTTTTTTTT
M328_0.6	ELAVL2	hsa_circ_0000442_Extracellular	5584	5597	+	11.858	2.68e-05	0.035	TTTTTTTTTTTTTT
M328_0.6	ELAVL2	hsa_circ_0000443_Extracellular	5584	5597	+	11.858	2.68e-05	0.035	TTTTTTTTTTTTTT
M328_0.6	ELAVL2	hsa_circ_0000442_Extracellular	5584	5597	+	11.858	2.68e-05	0.035	TTTTTTTTTTTTTT
M328_0.6	ELAVL2	hsa_circ_0000443_Extracellular	5585	5598	+	11.858	2.68e-05	0.035	TTTTTTTTTTTTTT
M328_0.6	ELAVL2	hsa_circ_0000442_Extracellular	5585	5598	+	11.858	2.68e-05	0.035	TTTTTTTTTTTTTT
M328_0.6	ELAVL2	hsa_circ_0000443_Extracellular	5585	5598	+	11.858	2.68e-05	0.035	TTTTTTTTTTTTTT
M328_0.6	ELAVL2	hsa_circ_0000442_Extracellular	5585	5598	+	11.858	2.68e-05	0.035	TTTTTTTTTTTTTT
M328_0.6	ELAVL2	hsa_circ_0000443_Extracellular	5585	5598	+	11.858	2.68e-05	0.035	TTTTTTTTTTTTTT
M328_0.6	ELAVL2	hsa_circ_0000443_Extracellular	5586	5599	+	11.858	2.68e-05	0.035	TTTTTTTTTTTTTT
M328_0.6	ELAVL2	hsa_circ_0000443_Extracellular	5586	5599	+	11.858	2.68e-05	0.035	TTTTTTTTTTTTTT
M328_0.6	ELAVL2	hsa_circ_0000442_Extracellular	5586	5599	+	11.858	2.68e-05	0.035	TTTTTTTTTTTTTT
M328_0.6	ELAVL2	hsa_circ_0000443_Extracellular	5586	5599	+	11.858	2.68e-05	0.035	TTTTTTTTTTTTTT
M328_0.6	ELAVL2	hsa_circ_0000442_Extracellular	5586	5599	+	11.858	2.68e-05	0.035	TTTTTTTTTTTTTT
M328_0.6	ELAVL2	hsa_circ_0000443_Extracellular	5587	5600	+	11.858	2.68e-05	0.035	TTTTTTTTTTTTTT
M328_0.6	ELAVL2	hsa_circ_0000443_Extracellular	5587	5600	+	11.858	2.68e-05	0.035	TTTTTTTTTTTTTT
M328_0.6	ELAVL2	hsa_circ_0000442_Extracellular	5587	5600	+	11.858	2.68e-05	0.035	TTTTTTTTTTTTTT
M328_0.6	ELAVL2	hsa_circ_0000443_Extracellular	5587	5600	+	11.858	2.68e-05	0.035	TTTTTTTTTTTTTT
M328_0.6	ELAVL2	hsa_circ_0000442_Extracellular	5587	5600	+	11.858	2.68e-05	0.035	TTTTTTTTTTTTTT
M328_0.6	ELAVL2	hsa_circ_0000443_Extracellular	5588	5601	+	11.858	2.68e-05	0.035	TTTTTTTTTTTTTT
M328_0.6	ELAVL2	hsa_circ_0000443_Extracellular	5588	5601	+	11.858	2.68e-05	0.035	TTTTTTTTTTTTTT
M328_0.6	ELAVL2	hsa_circ_0000442_Extracellular	5588	5601	+	11.858	2.68e-05	0.035	TTTTTTTTTTTTTT
M328_0.6	ELAVL2	hsa_circ_0000443_Extracellular	5588	5601	+	11.858	2.68e-05	0.035	TTTTTTTTTTTTTT
M328_0.6	ELAVL2	hsa_circ_0000442_Extracellular	5588	5601	+	11.858	2.68e-05	0.035	TTTTTTTTTTTTTT
M328_0.6	ELAVL2	hsa_circ_0000443_Extracellular	5589	5602	+	11.858	2.68e-05	0.035	TTTTTTTTTTTTTT
M328_0.6	ELAVL2	hsa_circ_0000443_Extracellular	5589	5602	+	11.858	2.68e-05	0.035	TTTTTTTTTTTTTT
M328_0.6	ELAVL2	hsa_circ_0000442_Extracellular	5589	5602	+	11.858	2.68e-05	0.035	TTTTTTTTTTTTTT
M328_0.6	ELAVL2	hsa_circ_0000443_Extracellular	5589	5602	+	11.858	2.68e-05	0.035	TTTTTTTTTTTTTT
M328_0.6	ELAVL2	hsa_circ_0000442_Extracellular	5589	5602	+	11.858	2.68e-05	0.035	TTTTTTTTTTTTTT
M328_0.6	ELAVL2	hsa_circ_0000442_Extracellular	5590	5603	+	11.858	2.68e-05	0.035	TTTTTTTTTTTTTT
M328_0.6	ELAVL2	hsa_circ_0000443_Extracellular	5590	5603	+	11.858	2.68e-05	0.035	TTTTTTTTTTTTTT
M328_0.6	ELAVL2	hsa_circ_0000443_Extracellular	5590	5603	+	11.858	2.68e-05	0.035	TTTTTTTTTTTTTT
M328_0.6	ELAVL2	hsa_circ_0000443_Extracellular	5590	5603	+	11.858	2.68e-05	0.035	TTTTTTTTTTTTTT
M328_0.6	ELAVL2	hsa_circ_0000442_Extracellular	5590	5603	+	11.858	2.68e-05	0.035	TTTTTTTTTTTTTT
M328_0.6	ELAVL2	hsa_circ_0001812_Extracellular	5717	5730	+	11.858	2.68e-05	0.035	TTTTTTTTTTTTTT
M328_0.6	ELAVL2	hsa_circ_0001812_Extracellular	5717	5730	+	11.858	2.68e-05	0.035	TTTTTTTTTTTTTT
M328_0.6	ELAVL2	hsa_circ_0001812_Extracellular	5718	5731	+	11.858	2.68e-05	0.035	TTTTTTTTTTTTTT
M328_0.6	ELAVL2	hsa_circ_0001812_Extracellular	5718	5731	+	11.858	2.68e-05	0.035	TTTTTTTTTTTTTT
M328_0.6	ELAVL2	hsa_circ_0001812_Extracellular	5719	5732	+	11.858	2.68e-05	0.035	TTTTTTTTTTTTTT
M328_0.6	ELAVL2	hsa_circ_0001812_Extracellular	5719	5732	+	11.858	2.68e-05	0.035	TTTTTTTTTTTTTT
M328_0.6	ELAVL2	hsa_circ_0001812_Extracellular	5720	5733	+	11.858	2.68e-05	0.035	TTTTTTTTTTTTTT
M328_0.6	ELAVL2	hsa_circ_0001812_Extracellular	5720	5733	+	11.858	2.68e-05	0.035	TTTTTTTTTTTTTT
M328_0.6	ELAVL2	hsa_circ_0001812_Extracellular	5721	5734	+	11.858	2.68e-05	0.035	TTTTTTTTTTTTTT
M328_0.6	ELAVL2	hsa_circ_0001812_Extracellular	5721	5734	+	11.858	2.68e-05	0.035	TTTTTTTTTTTTTT
M328_0.6	ELAVL2	hsa_circ_0001812_Extracellular	5722	5735	+	11.858	2.68e-05	0.035	TTTTTTTTTTTTTT
M328_0.6	ELAVL2	hsa_circ_0001812_Extracellular	5722	5735	+	11.858	2.68e-05	0.035	TTTTTTTTTTTTTT
M328_0.6	ELAVL2	hsa_circ_0001812_Extracellular	5723	5736	+	11.858	2.68e-05	0.035	TTTTTTTTTTTTTT
M328_0.6	ELAVL2	hsa_circ_0001812_Extracellular	5723	5736	+	11.858	2.68e-05	0.035	TTTTTTTTTTTTTT
M328_0.6	ELAVL2	hsa_circ_0001812_Extracellular	5724	5737	+	11.858	2.68e-05	0.035	TTTTTTTTTTTTTT
M328_0.6	ELAVL2	hsa_circ_0001812_Extracellular	5724	5737	+	11.858	2.68e-05	0.035	TTTTTTTTTTTTTT
M328_0.6	ELAVL2	hsa_circ_0001812_Extracellular	5725	5738	+	11.858	2.68e-05	0.035	TTTTTTTTTTTTTT
M328_0.6	ELAVL2	hsa_circ_0001812_Extracellular	5725	5738	+	11.858	2.68e-05	0.035	TTTTTTTTTTTTTT
M328_0.6	ELAVL2	hsa_circ_0001812_Extracellular	5726	5739	+	11.858	2.68e-05	0.035	TTTTTTTTTTTTTT
M328_0.6	ELAVL2	hsa_circ_0001812_Extracellular	5726	5739	+	11.858	2.68e-05	0.035	TTTTTTTTTTTTTT
M328_0.6	ELAVL2	hsa_circ_0001812_Extracellular	5727	5740	+	11.858	2.68e-05	0.035	TTTTTTTTTTTTTT
M328_0.6	ELAVL2	hsa_circ_0001812_Extracellular	5727	5740	+	11.858	2.68e-05	0.035	TTTTTTTTTTTTTT
M328_0.6	ELAVL2	hsa_circ_0001812_Extracellular	5728	5741	+	11.858	2.68e-05	0.035	TTTTTTTTTTTTTT
M328_0.6	ELAVL2	hsa_circ_0001812_Extracellular	5728	5741	+	11.858	2.68e-05	0.035	TTTTTTTTTTTTTT
M328_0.6	ELAVL2	hsa_circ_0001812_Extracellular	5729	5742	+	11.858	2.68e-05	0.035	TTTTTTTTTTTTTT
M328_0.6	ELAVL2	hsa_circ_0001812_Extracellular	5729	5742	+	11.858	2.68e-05	0.035	TTTTTTTTTTTTTT
M328_0.6	ELAVL2	hsa_circ_0001812_Extracellular	5730	5743	+	11.858	2.68e-05	0.035	TTTTTTTTTTTTTT
M328_0.6	ELAVL2	hsa_circ_0001812_Extracellular	5730	5743	+	11.858	2.68e-05	0.035	TTTTTTTTTTTTTT
M328_0.6	ELAVL2	hsa_circ_0001812_Extracellular	5731	5744	+	11.858	2.68e-05	0.035	TTTTTTTTTTTTTT
M328_0.6	ELAVL2	hsa_circ_0001812_Extracellular	5731	5744	+	11.858	2.68e-05	0.035	TTTTTTTTTTTTTT
M328_0.6	ELAVL2	hsa_circ_0100988_Extracellular	5732	5745	+	11.858	2.68e-05	0.035	TTTTTTTTTTTTTT
M328_0.6	ELAVL2	hsa_circ_0100988_Extracellular	5732	5745	+	11.858	2.68e-05	0.035	TTTTTTTTTTTTTT
M328_0.6	ELAVL2	hsa_circ_0001812_Extracellular	5732	5745	+	11.858	2.68e-05	0.035	TTTTTTTTTTTTTT
M328_0.6	ELAVL2	hsa_circ_0001812_Extracellular	5732	5745	+	11.858	2.68e-05	0.035	TTTTTTTTTTTTTT
M328_0.6	ELAVL2	hsa_circ_0001812_Extracellular	5733	5746	+	11.858	2.68e-05	0.035	TTTTTTTTTTTTTT
M328_0.6	ELAVL2	hsa_circ_0100988_Extracellular	5733	5746	+	11.858	2.68e-05	0.035	TTTTTTTTTTTTTT
M328_0.6	ELAVL2	hsa_circ_0001812_Extracellular	5733	5746	+	11.858	2.68e-05	0.035	TTTTTTTTTTTTTT
M328_0.6	ELAVL2	hsa_circ_0100988_Extracellular	5733	5746	+	11.858	2.68e-05	0.035	TTTTTTTTTTTTTT
M328_0.6	ELAVL2	hsa_circ_0001812_Extracellular	5734	5747	+	11.858	2.68e-05	0.035	TTTTTTTTTTTTTT
M328_0.6	ELAVL2	hsa_circ_0100988_Extracellular	5734	5747	+	11.858	2.68e-05	0.035	TTTTTTTTTTTTTT
M328_0.6	ELAVL2	hsa_circ_0001812_Extracellular	5734	5747	+	11.858	2.68e-05	0.035	TTTTTTTTTTTTTT
M328_0.6	ELAVL2	hsa_circ_0100988_Extracellular	5734	5747	+	11.858	2.68e-05	0.035	TTTTTTTTTTTTTT
M328_0.6	ELAVL2	hsa_circ_0001812_Extracellular	5735	5748	+	11.858	2.68e-05	0.035	TTTTTTTTTTTTTT
M328_0.6	ELAVL2	hsa_circ_0001812_Extracellular	5735	5748	+	11.858	2.68e-05	0.035	TTTTTTTTTTTTTT
M328_0.6	ELAVL2	hsa_circ_0001812_Extracellular	5736	5749	+	11.858	2.68e-05	0.035	TTTTTTTTTTTTTT
M328_0.6	ELAVL2	hsa_circ_0001812_Extracellular	5736	5749	+	11.858	2.68e-05	0.035	TTTTTTTTTTTTTT
M328_0.6	ELAVL2	hsa_circ_0001812_Extracellular	5737	5750	+	11.858	2.68e-05	0.035	TTTTTTTTTTTTTT
M328_0.6	ELAVL2	hsa_circ_0001812_Extracellular	5737	5750	+	11.858	2.68e-05	0.035	TTTTTTTTTTTTTT
M328_0.6	ELAVL2	hsa_circ_0000233_Extracellular	6397	6410	+	11.858	2.68e-05	0.035	TTTGTTTTTTTTTT
M328_0.6	ELAVL2	hsa_circ_0000233_Extracellular	6397	6410	+	11.858	2.68e-05	0.035	TTTGTTTTTTTTTT
M328_0.6	ELAVL2	hsa_circ_0000246_Extracellular	7377	7390	+	11.858	2.68e-05	0.035	TTTTTTTTTTTTTT
M328_0.6	ELAVL2	hsa_circ_0000246_Extracellular	7377	7390	+	11.858	2.68e-05	0.035	TTTTTTTTTTTTTT
M328_0.6	ELAVL2	hsa_circ_0000246_Extracellular	7378	7391	+	11.858	2.68e-05	0.035	TTTTTTTTTTTTTT
M328_0.6	ELAVL2	hsa_circ_0000246_Extracellular	7378	7391	+	11.858	2.68e-05	0.035	TTTTTTTTTTTTTT
M328_0.6	ELAVL2	hsa_circ_0000246_Extracellular	7379	7392	+	11.858	2.68e-05	0.035	TTTTTTTTTTTTTT
M328_0.6	ELAVL2	hsa_circ_0000246_Extracellular	7379	7392	+	11.858	2.68e-05	0.035	TTTTTTTTTTTTTT
M328_0.6	ELAVL2	hsa_circ_0000246_Extracellular	7380	7393	+	11.858	2.68e-05	0.035	TTTTTTTTTTTTTT
M328_0.6	ELAVL2	hsa_circ_0000246_Extracellular	7380	7393	+	11.858	2.68e-05	0.035	TTTTTTTTTTTTTT
M328_0.6	ELAVL2	hsa_circ_0000246_Extracellular	7381	7394	+	11.858	2.68e-05	0.035	TTTTTTTTTTTTTT
M328_0.6	ELAVL2	hsa_circ_0000246_Extracellular	7381	7394	+	11.858	2.68e-05	0.035	TTTTTTTTTTTTTT
M328_0.6	ELAVL2	hsa_circ_0000246_Extracellular	7382	7395	+	11.858	2.68e-05	0.035	TTTTTTTTTTTTTT
M328_0.6	ELAVL2	hsa_circ_0000246_Extracellular	7382	7395	+	11.858	2.68e-05	0.035	TTTTTTTTTTTTTT
M328_0.6	ELAVL2	hsa_circ_0000246_Extracellular	7383	7396	+	11.858	2.68e-05	0.035	TTTTTTTTTTTTTT
M328_0.6	ELAVL2	hsa_circ_0000246_Extracellular	7383	7396	+	11.858	2.68e-05	0.035	TTTTTTTTTTTTTT
M328_0.6	ELAVL2	hsa_circ_0000246_Extracellular	7384	7397	+	11.858	2.68e-05	0.035	TTTTTTTTTTTTTT
M328_0.6	ELAVL2	hsa_circ_0000246_Extracellular	7384	7397	+	11.858	2.68e-05	0.035	TTTTTTTTTTTTTT
M328_0.6	ELAVL2	hsa_circ_0000246_Extracellular	7385	7398	+	11.858	2.68e-05	0.035	TTTTTTTTTTTTTT
M328_0.6	ELAVL2	hsa_circ_0000246_Extracellular	7385	7398	+	11.858	2.68e-05	0.035	TTTTTTTTTTTTTT
M328_0.6	ELAVL2	hsa_circ_0000246_Extracellular	7386	7399	+	11.858	2.68e-05	0.035	TTTTTTTTTTTTTT
M328_0.6	ELAVL2	hsa_circ_0000246_Extracellular	7386	7399	+	11.858	2.68e-05	0.035	TTTTTTTTTTTTTT
M328_0.6	ELAVL2	hsa_circ_0001306_Extracellular	7391	7404	+	11.858	2.68e-05	0.035	TTTTTTTTTTTTTT
M328_0.6	ELAVL2	hsa_circ_0001306_Extracellular	7391	7404	+	11.858	2.68e-05	0.035	TTTTTTTTTTTTTT
M328_0.6	ELAVL2	hsa_circ_0001306_Extracellular	7392	7405	+	11.858	2.68e-05	0.035	TTTTTTTTTTTTTT
M328_0.6	ELAVL2	hsa_circ_0001306_Extracellular	7392	7405	+	11.858	2.68e-05	0.035	TTTTTTTTTTTTTT
M328_0.6	ELAVL2	hsa_circ_0001306_Extracellular	7393	7406	+	11.858	2.68e-05	0.035	TTTTTTTTTTTTTT
M328_0.6	ELAVL2	hsa_circ_0001306_Extracellular	7393	7406	+	11.858	2.68e-05	0.035	TTTTTTTTTTTTTT
M328_0.6	ELAVL2	hsa_circ_0001306_Extracellular	7394	7407	+	11.858	2.68e-05	0.035	TTTTTTTTTTTTTT
M328_0.6	ELAVL2	hsa_circ_0001306_Extracellular	7394	7407	+	11.858	2.68e-05	0.035	TTTTTTTTTTTTTT
M328_0.6	ELAVL2	hsa_circ_0001306_Extracellular	7395	7408	+	11.858	2.68e-05	0.035	TTTTTTTTTTTTTT
M328_0.6	ELAVL2	hsa_circ_0001306_Extracellular	7395	7408	+	11.858	2.68e-05	0.035	TTTTTTTTTTTTTT
M328_0.6	ELAVL2	hsa_circ_0001306_Extracellular	7396	7409	+	11.858	2.68e-05	0.035	TTTTTTTTTTTTTT
M328_0.6	ELAVL2	hsa_circ_0001306_Extracellular	7396	7409	+	11.858	2.68e-05	0.035	TTTTTTTTTTTTTT
M328_0.6	ELAVL2	hsa_circ_0000726_Extracellular	7534	7547	+	11.858	2.68e-05	0.035	TTTTTTTTTTTTTT
M328_0.6	ELAVL2	hsa_circ_0000726_Extracellular	7534	7547	+	11.858	2.68e-05	0.035	TTTTTTTTTTTTTT
M328_0.6	ELAVL2	hsa_circ_0000726_Extracellular	7535	7548	+	11.858	2.68e-05	0.035	TTTTTTTTTTTTTT
M328_0.6	ELAVL2	hsa_circ_0000726_Extracellular	7535	7548	+	11.858	2.68e-05	0.035	TTTTTTTTTTTTTT
M328_0.6	ELAVL2	hsa_circ_0000726_Extracellular	7536	7549	+	11.858	2.68e-05	0.035	TTTTTTTTTTTTTT
M328_0.6	ELAVL2	hsa_circ_0000726_Extracellular	7536	7549	+	11.858	2.68e-05	0.035	TTTTTTTTTTTTTT
M328_0.6	ELAVL2	hsa_circ_0001306_Extracellular	8911	8924	+	11.858	2.68e-05	0.035	TTTTTTTTTTTTTT
M328_0.6	ELAVL2	hsa_circ_0001306_Extracellular	8911	8924	+	11.858	2.68e-05	0.035	TTTTTTTTTTTTTT
M328_0.6	ELAVL2	hsa_circ_0001306_Extracellular	8912	8925	+	11.858	2.68e-05	0.035	TTTTTTTTTTTTTT
M328_0.6	ELAVL2	hsa_circ_0001306_Extracellular	8912	8925	+	11.858	2.68e-05	0.035	TTTTTTTTTTTTTT
M328_0.6	ELAVL2	hsa_circ_0001306_Extracellular	8913	8926	+	11.858	2.68e-05	0.035	TTTTTTTTTTTTTT
M328_0.6	ELAVL2	hsa_circ_0001306_Extracellular	8913	8926	+	11.858	2.68e-05	0.035	TTTTTTTTTTTTTT
M328_0.6	ELAVL2	hsa_circ_0001306_Extracellular	8914	8927	+	11.858	2.68e-05	0.035	TTTTTTTTTTTTTT
M328_0.6	ELAVL2	hsa_circ_0001306_Extracellular	8914	8927	+	11.858	2.68e-05	0.035	TTTTTTTTTTTTTT
M328_0.6	ELAVL2	hsa_circ_0001306_Extracellular	8915	8928	+	11.858	2.68e-05	0.035	TTTTTTTTTTTTTT
M328_0.6	ELAVL2	hsa_circ_0001306_Extracellular	8915	8928	+	11.858	2.68e-05	0.035	TTTTTTTTTTTTTT
M328_0.6	ELAVL2	hsa_circ_0001306_Extracellular	8916	8929	+	11.858	2.68e-05	0.035	TTTTTTTTTTTTTT
M328_0.6	ELAVL2	hsa_circ_0001306_Extracellular	8916	8929	+	11.858	2.68e-05	0.035	TTTTTTTTTTTTTT
M328_0.6	ELAVL2	hsa_circ_0001306_Extracellular	8917	8930	+	11.858	2.68e-05	0.035	TTTTTTTTTTTTTT
M328_0.6	ELAVL2	hsa_circ_0001306_Extracellular	8917	8930	+	11.858	2.68e-05	0.035	TTTTTTTTTTTTTT
M328_0.6	ELAVL2	hsa_circ_0001306_Extracellular	8918	8931	+	11.858	2.68e-05	0.035	TTTTTTTTTTTTTT
M328_0.6	ELAVL2	hsa_circ_0001306_Extracellular	8918	8931	+	11.858	2.68e-05	0.035	TTTTTTTTTTTTTT
M328_0.6	ELAVL2	hsa_circ_0001306_Extracellular	8919	8932	+	11.858	2.68e-05	0.035	TTTTTTTTTTTTTT
M328_0.6	ELAVL2	hsa_circ_0001306_Extracellular	8919	8932	+	11.858	2.68e-05	0.035	TTTTTTTTTTTTTT
M328_0.6	ELAVL2	hsa_circ_0001306_Extracellular	8920	8933	+	11.858	2.68e-05	0.035	TTTTTTTTTTTTTT
M328_0.6	ELAVL2	hsa_circ_0001306_Extracellular	8920	8933	+	11.858	2.68e-05	0.035	TTTTTTTTTTTTTT
M328_0.6	ELAVL2	hsa_circ_0000444_Extracellular	8939	8952	+	11.858	2.68e-05	0.035	TTTTTTTTTTTTTT
M328_0.6	ELAVL2	hsa_circ_0000444_Extracellular	8939	8952	+	11.858	2.68e-05	0.035	TTTTTTTTTTTTTT
M328_0.6	ELAVL2	hsa_circ_0000444_Extracellular	8940	8953	+	11.858	2.68e-05	0.035	TTTTTTTTTTTTTT
M328_0.6	ELAVL2	hsa_circ_0000444_Extracellular	8940	8953	+	11.858	2.68e-05	0.035	TTTTTTTTTTTTTT
M328_0.6	ELAVL2	hsa_circ_0000444_Extracellular	8941	8954	+	11.858	2.68e-05	0.035	TTTTTTTTTTTTTT
M328_0.6	ELAVL2	hsa_circ_0000444_Extracellular	8941	8954	+	11.858	2.68e-05	0.035	TTTTTTTTTTTTTT
M328_0.6	ELAVL2	hsa_circ_0000444_Extracellular	8942	8955	+	11.858	2.68e-05	0.035	TTTTTTTTTTTTTT
M328_0.6	ELAVL2	hsa_circ_0000444_Extracellular	8942	8955	+	11.858	2.68e-05	0.035	TTTTTTTTTTTTTT
M328_0.6	ELAVL2	hsa_circ_0000444_Extracellular	8943	8956	+	11.858	2.68e-05	0.035	TTTTTTTTTTTTTT
M328_0.6	ELAVL2	hsa_circ_0000444_Extracellular	8943	8956	+	11.858	2.68e-05	0.035	TTTTTTTTTTTTTT
M328_0.6	ELAVL2	hsa_circ_0000444_Extracellular	8944	8957	+	11.858	2.68e-05	0.035	TTTTTTTTTTTTTT
M328_0.6	ELAVL2	hsa_circ_0000444_Extracellular	8944	8957	+	11.858	2.68e-05	0.035	TTTTTTTTTTTTTT
M328_0.6	ELAVL2	hsa_circ_0000444_Extracellular	8945	8958	+	11.858	2.68e-05	0.035	TTTTTTTTTTTTTT
M328_0.6	ELAVL2	hsa_circ_0000444_Extracellular	8945	8958	+	11.858	2.68e-05	0.035	TTTTTTTTTTTTTT
M328_0.6	ELAVL2	mmu_circ_0000713_Extracellular	9363	9376	+	11.858	2.68e-05	0.035	TTTTTTTTTTTTTT
M328_0.6	ELAVL2	mmu_circ_0000713_Extracellular	9364	9377	+	11.858	2.68e-05	0.035	TTTTTTTTTTTTTT
M328_0.6	ELAVL2	mmu_circ_0000713_Extracellular	9365	9378	+	11.858	2.68e-05	0.035	TTTTTTTTTTTTTT
M328_0.6	ELAVL2	mmu_circ_0000713_Extracellular	9366	9379	+	11.858	2.68e-05	0.035	TTTTTTTTTTTTTT
M328_0.6	ELAVL2	mmu_circ_0000713_Extracellular	9367	9380	+	11.858	2.68e-05	0.035	TTTTTTTTTTTTTT
M328_0.6	ELAVL2	mmu_circ_0000713_Extracellular	9368	9381	+	11.858	2.68e-05	0.035	TTTTTTTTTTTTTT
M328_0.6	ELAVL2	mmu_circ_0000713_Extracellular	9369	9382	+	11.858	2.68e-05	0.035	TTTTTTTTTTTTTT
M328_0.6	ELAVL2	mmu_circ_0000713_Extracellular	9370	9383	+	11.858	2.68e-05	0.035	TTTTTTTTTTTTTT
M328_0.6	ELAVL2	hsa_circ_0104904_Extracellular	11608	11621	+	11.858	2.68e-05	0.035	TTTTTTTTTTTTTT
M328_0.6	ELAVL2	hsa_circ_0104904_Extracellular	11608	11621	+	11.858	2.68e-05	0.035	TTTTTTTTTTTTTT
M328_0.6	ELAVL2	hsa_circ_0104904_Extracellular	11609	11622	+	11.858	2.68e-05	0.035	TTTTTTTTTTTTTT
M328_0.6	ELAVL2	hsa_circ_0104904_Extracellular	11609	11622	+	11.858	2.68e-05	0.035	TTTTTTTTTTTTTT
M328_0.6	ELAVL2	hsa_circ_0104904_Extracellular	11610	11623	+	11.858	2.68e-05	0.035	TTTTTTTTTTTTTT
M328_0.6	ELAVL2	hsa_circ_0104904_Extracellular	11610	11623	+	11.858	2.68e-05	0.035	TTTTTTTTTTTTTT
M328_0.6	ELAVL2	hsa_circ_0104904_Extracellular	11611	11624	+	11.858	2.68e-05	0.035	TTTTTTTTTTTTTT
M328_0.6	ELAVL2	hsa_circ_0104904_Extracellular	11611	11624	+	11.858	2.68e-05	0.035	TTTTTTTTTTTTTT
M328_0.6	ELAVL2	hsa_circ_0104904_Extracellular	11612	11625	+	11.858	2.68e-05	0.035	TTTTTTTTTTTTTT
M328_0.6	ELAVL2	hsa_circ_0104904_Extracellular	11612	11625	+	11.858	2.68e-05	0.035	TTTTTTTTTTTTTT
M328_0.6	ELAVL2	hsa_circ_0104904_Extracellular	11613	11626	+	11.858	2.68e-05	0.035	TTTTTTTTTTTTTT
M328_0.6	ELAVL2	hsa_circ_0104904_Extracellular	11613	11626	+	11.858	2.68e-05	0.035	TTTTTTTTTTTTTT
M328_0.6	ELAVL2	hsa_circ_0104904_Extracellular	11614	11627	+	11.858	2.68e-05	0.035	TTTTTTTTTTTTTT
M328_0.6	ELAVL2	hsa_circ_0104904_Extracellular	11614	11627	+	11.858	2.68e-05	0.035	TTTTTTTTTTTTTT
M328_0.6	ELAVL2	hsa_circ_0104904_Extracellular	11615	11628	+	11.858	2.68e-05	0.035	TTTTTTTTTTTTTT
M328_0.6	ELAVL2	hsa_circ_0104904_Extracellular	11615	11628	+	11.858	2.68e-05	0.035	TTTTTTTTTTTTTT
M328_0.6	ELAVL2	hsa_circ_0104904_Extracellular	11616	11629	+	11.858	2.68e-05	0.035	TTTTTTTTTTTTTT
M328_0.6	ELAVL2	hsa_circ_0104904_Extracellular	11616	11629	+	11.858	2.68e-05	0.035	TTTTTTTTTTTTTT
M328_0.6	ELAVL2	hsa_circ_0104904_Extracellular	11617	11630	+	11.858	2.68e-05	0.035	TTTTTTTTTTTTTT
M328_0.6	ELAVL2	hsa_circ_0104904_Extracellular	11617	11630	+	11.858	2.68e-05	0.035	TTTTTTTTTTTTTT
M328_0.6	ELAVL2	hsa_circ_0104904_Extracellular	11618	11631	+	11.858	2.68e-05	0.035	TTTTTTTTTTTTTT
M328_0.6	ELAVL2	hsa_circ_0104904_Extracellular	11618	11631	+	11.858	2.68e-05	0.035	TTTTTTTTTTTTTT
M328_0.6	ELAVL2	hsa_circ_0104904_Extracellular	11667	11680	+	11.858	2.68e-05	0.035	TTTTTTTTTTTTTT
M328_0.6	ELAVL2	hsa_circ_0104904_Extracellular	11667	11680	+	11.858	2.68e-05	0.035	TTTTTTTTTTTTTT
M328_0.6	ELAVL2	hsa_circ_0104904_Extracellular	11668	11681	+	11.858	2.68e-05	0.035	TTTTTTTTTTTTTT
M328_0.6	ELAVL2	hsa_circ_0104904_Extracellular	11668	11681	+	11.858	2.68e-05	0.035	TTTTTTTTTTTTTT
M328_0.6	ELAVL2	hsa_circ_0001306_Extracellular	12089	12102	+	11.858	2.68e-05	0.035	TTTTTTTTTTTTTT
M328_0.6	ELAVL2	hsa_circ_0001306_Extracellular	12089	12102	+	11.858	2.68e-05	0.035	TTTTTTTTTTTTTT
M328_0.6	ELAVL2	hsa_circ_0001306_Extracellular	5023	5036	+	11.8402	2.74e-05	0.0356	GTAATTTTTTTTTG
M328_0.6	ELAVL2	hsa_circ_0001306_Extracellular	5023	5036	+	11.8402	2.74e-05	0.0356	GTAATTTTTTTTTG
M328_0.6	ELAVL2	hsa_circ_0000443_Extracellular	949	962	+	11.8107	2.81e-05	0.0364	ATTATTTCTGTTTT
M328_0.6	ELAVL2	hsa_circ_0000443_Extracellular	949	962	+	11.8107	2.81e-05	0.0364	ATTATTTCTGTTTT
M328_0.6	ELAVL2	hsa_circ_0000442_Extracellular	949	962	+	11.8107	2.81e-05	0.0364	ATTATTTCTGTTTT
M328_0.6	ELAVL2	hsa_circ_0000443_Extracellular	949	962	+	11.8107	2.81e-05	0.0364	ATTATTTCTGTTTT
M328_0.6	ELAVL2	hsa_circ_0000442_Extracellular	949	962	+	11.8107	2.81e-05	0.0364	ATTATTTCTGTTTT
M328_0.6	ELAVL2	hsa_circ_0000090_Extracellular	1846	1859	+	11.8047	2.83e-05	0.0364	ATCATTTGTCTTAG
M328_0.6	ELAVL2	hsa_circ_0000090_Extracellular	1846	1859	+	11.8047	2.83e-05	0.0364	ATCATTTGTCTTAG
M328_0.6	ELAVL2	hsa_circ_0063313_Extracellular	3751	3764	+	11.8047	2.83e-05	0.0364	CATCTTTTTTTTTA
M328_0.6	ELAVL2	hsa_circ_0063313_Extracellular	3751	3764	+	11.8047	2.83e-05	0.0364	CATCTTTTTTTTTA
M328_0.6	ELAVL2	hsa_circ_0063313_Extracellular	3751	3764	+	11.8047	2.83e-05	0.0364	CATCTTTTTTTTTA
M328_0.6	ELAVL2	hsa_circ_0001013_Extracellular	912	925	+	11.7988	2.85e-05	0.0366	ATTCTTTAATTTTA
M328_0.6	ELAVL2	hsa_circ_0001013_Extracellular	912	925	+	11.7988	2.85e-05	0.0366	ATTCTTTAATTTTA
M328_0.6	ELAVL2	hsa_circ_0104761_Extracellular	5587	5600	+	11.7929	2.86e-05	0.0366	TTTCTTTTTTTTGA
M328_0.6	ELAVL2	hsa_circ_0104761_Extracellular	5587	5600	+	11.7929	2.86e-05	0.0366	TTTCTTTTTTTTGA
M328_0.6	ELAVL2	hsa_circ_0001306_Extracellular	8141	8154	+	11.7929	2.86e-05	0.0366	TTTCTTTTTTTTGA
M328_0.6	ELAVL2	hsa_circ_0001306_Extracellular	8141	8154	+	11.7929	2.86e-05	0.0366	TTTCTTTTTTTTGA
M328_0.6	ELAVL2	hsa_circ_0000090_Extracellular	8712	8725	+	11.787	2.87e-05	0.0367	TTTCTTTATTTATT
M328_0.6	ELAVL2	hsa_circ_0000090_Extracellular	8712	8725	+	11.787	2.87e-05	0.0367	TTTCTTTATTTATT
M328_0.6	ELAVL2	hsa_circ_0101836_Extracellular	78	91	+	11.7811	2.89e-05	0.0367	ATGATTTATGTTTT
M328_0.6	ELAVL2	hsa_circ_0101836_Extracellular	78	91	+	11.7811	2.89e-05	0.0367	ATGATTTATGTTTT
M328_0.6	ELAVL2	hsa_circ_0000444_Extracellular	2913	2926	+	11.7811	2.89e-05	0.0367	ATTATTTGATTTCT
M328_0.6	ELAVL2	hsa_circ_0000444_Extracellular	2913	2926	+	11.7811	2.89e-05	0.0367	ATTATTTGATTTCT
M328_0.6	ELAVL2	hsa_circ_0104980_Extracellular	2994	3007	+	11.7811	2.89e-05	0.0367	ATCCTTTTCGTTTA
M328_0.6	ELAVL2	hsa_circ_0104980_Extracellular	2994	3007	+	11.7811	2.89e-05	0.0367	ATCCTTTTCGTTTA
M328_0.6	ELAVL2	hsa_circ_0000495_Extracellular	3130	3143	+	11.7751	2.91e-05	0.0368	ATTCTTTAATTTAT
M328_0.6	ELAVL2	hsa_circ_0000495_Extracellular	3130	3143	+	11.7751	2.91e-05	0.0368	ATTCTTTAATTTAT
M328_0.6	ELAVL2	hsa_circ_0000495_Extracellular	3130	3143	+	11.7751	2.91e-05	0.0368	ATTCTTTAATTTAT
M328_0.6	ELAVL2	hsa_circ_0000495_Extracellular	3130	3143	+	11.7751	2.91e-05	0.0368	ATTCTTTAATTTAT
M328_0.6	ELAVL2	hsa_circ_0104761_Extracellular	5574	5587	+	11.7751	2.91e-05	0.0368	GTGATTTTTTTTTT
M328_0.6	ELAVL2	hsa_circ_0104761_Extracellular	5574	5587	+	11.7751	2.91e-05	0.0368	GTGATTTTTTTTTT
M328_0.6	ELAVL2	hsa_circ_0001014_Extracellular	1912	1925	+	11.7633	2.94e-05	0.0369	TATATTTTTTTTTT
M328_0.6	ELAVL2	hsa_circ_0001014_Extracellular	1912	1925	+	11.7633	2.94e-05	0.0369	TATATTTTTTTTTT
M328_0.6	ELAVL2	hsa_circ_0103102_Extracellular	2378	2391	+	11.7633	2.94e-05	0.0369	CTTATTTTTTATAG
M328_0.6	ELAVL2	hsa_circ_0103102_Extracellular	2378	2391	+	11.7633	2.94e-05	0.0369	CTTATTTTTTATAG
M328_0.6	ELAVL2	hsa_circ_0001013_Extracellular	3433	3446	+	11.7633	2.94e-05	0.0369	TATATTTTTTTTTT
M328_0.6	ELAVL2	hsa_circ_0001013_Extracellular	3433	3446	+	11.7633	2.94e-05	0.0369	TATATTTTTTTTTT
M328_0.6	ELAVL2	hsa_circ_0001014_Extracellular	1913	1926	+	11.7574	2.96e-05	0.037	ATATTTTTTTTTTG
M328_0.6	ELAVL2	hsa_circ_0001014_Extracellular	1913	1926	+	11.7574	2.96e-05	0.037	ATATTTTTTTTTTG
M328_0.6	ELAVL2	hsa_circ_0001013_Extracellular	3434	3447	+	11.7574	2.96e-05	0.037	ATATTTTTTTTTTG
M328_0.6	ELAVL2	hsa_circ_0001013_Extracellular	3434	3447	+	11.7574	2.96e-05	0.037	ATATTTTTTTTTTG
M328_0.6	ELAVL2	hsa_circ_0101493_Extracellular	1130	1143	+	11.7456	2.99e-05	0.0372	ATTATTTACTTTTC
M328_0.6	ELAVL2	hsa_circ_0101493_Extracellular	1130	1143	+	11.7456	2.99e-05	0.0372	ATTATTTACTTTTC
M328_0.6	ELAVL2	hsa_circ_0103176_Extracellular	4798	4811	+	11.7456	2.99e-05	0.0372	ATTATTTACTTTTA
M328_0.6	ELAVL2	hsa_circ_0103176_Extracellular	4798	4811	+	11.7456	2.99e-05	0.0372	ATTATTTACTTTTA
M328_0.6	ELAVL2	hsa_circ_0102520_Extracellular	7953	7966	+	11.7456	2.99e-05	0.0372	ATGATTTAGTTTTG
M328_0.6	ELAVL2	hsa_circ_0102520_Extracellular	7953	7966	+	11.7456	2.99e-05	0.0372	ATGATTTAGTTTTG
M328_0.6	ELAVL2	hsa_circ_0000495_Extracellular	2832	2845	+	11.7337	3.02e-05	0.0374	CCTCTTTTTTTTAC
M328_0.6	ELAVL2	hsa_circ_0000495_Extracellular	2832	2845	+	11.7337	3.02e-05	0.0374	CCTCTTTTTTTTAC
M328_0.6	ELAVL2	hsa_circ_0000495_Extracellular	2832	2845	+	11.7337	3.02e-05	0.0374	CCTCTTTTTTTTAC
M328_0.6	ELAVL2	hsa_circ_0000495_Extracellular	2832	2845	+	11.7337	3.02e-05	0.0374	CCTCTTTTTTTTAC
M328_0.6	ELAVL2	hsa_circ_0104904_Extracellular	12077	12090	+	11.7278	3.04e-05	0.0375	ATCATTTTTATAGG
M328_0.6	ELAVL2	hsa_circ_0104904_Extracellular	12077	12090	+	11.7278	3.04e-05	0.0375	ATCATTTTTATAGG
M074_0.6	TARDBP	hsa_circ_0001707_Extracellular	6	13	+	10.966	3.05e-05	0.299	TGAATGAG
M074_0.6	TARDBP	hsa_circ_0001707_Extracellular	6	13	+	10.966	3.05e-05	0.299	TGAATGAG
M074_0.6	TARDBP	hsa_circ_0001853_Extracellular	9	16	+	10.966	3.05e-05	0.299	AGAATGAG
M074_0.6	TARDBP	hsa_circ_0001853_Extracellular	9	16	+	10.966	3.05e-05	0.299	AGAATGAG
M074_0.6	TARDBP	hsa_circ_0001707_Extracellular	66	73	+	10.966	3.05e-05	0.299	TGAATGAG
M074_0.6	TARDBP	hsa_circ_0001707_Extracellular	66	73	+	10.966	3.05e-05	0.299	TGAATGAG
M074_0.6	TARDBP	hsa_circ_0008172_Extracellular	141	148	+	10.966	3.05e-05	0.299	TGAATGAG
M074_0.6	TARDBP	hsa_circ_0008172_Extracellular	141	148	+	10.966	3.05e-05	0.299	TGAATGAG
M074_0.6	TARDBP	hsa_circ_0001174_Extracellular	143	150	+	10.966	3.05e-05	0.299	AGAATGAG
M074_0.6	TARDBP	hsa_circ_0001174_Extracellular	143	150	+	10.966	3.05e-05	0.299	AGAATGAG
M074_0.6	TARDBP	hsa_circ_0000487_Extracellular	169	176	+	10.966	3.05e-05	0.299	TGAATGAG
M074_0.6	TARDBP	hsa_circ_0000487_Extracellular	169	176	+	10.966	3.05e-05	0.299	TGAATGAG
M074_0.6	TARDBP	hsa_circ_0007293_Extracellular	193	200	+	10.966	3.05e-05	0.299	AGAATGAG
M074_0.6	TARDBP	hsa_circ_0024377_Extracellular	221	228	+	10.966	3.05e-05	0.299	AGAATGAG
M074_0.6	TARDBP	hsa_circ_0024377_Extracellular	221	228	+	10.966	3.05e-05	0.299	AGAATGAG
M074_0.6	TARDBP	hsa_circ_0103348_Extracellular	224	231	+	10.966	3.05e-05	0.299	AGAATGAG
M074_0.6	TARDBP	hsa_circ_0103348_Extracellular	224	231	+	10.966	3.05e-05	0.299	AGAATGAG
M074_0.6	TARDBP	hsa_circ_0023233_Extracellular	239	246	+	10.966	3.05e-05	0.299	TGAATGAG
M074_0.6	TARDBP	hsa_circ_0088300_Extracellular	276	283	+	10.966	3.05e-05	0.299	AGAATGAG
M074_0.6	TARDBP	hsa_circ_0024377_Extracellular	281	288	+	10.966	3.05e-05	0.299	AGAATGAG
M074_0.6	TARDBP	hsa_circ_0024377_Extracellular	281	288	+	10.966	3.05e-05	0.299	AGAATGAG
M074_0.6	TARDBP	hsa_circ_0103348_Extracellular	284	291	+	10.966	3.05e-05	0.299	AGAATGAG
M074_0.6	TARDBP	hsa_circ_0103348_Extracellular	284	291	+	10.966	3.05e-05	0.299	AGAATGAG
M074_0.6	TARDBP	hsa_circ_0019079_Extracellular	290	297	+	10.966	3.05e-05	0.299	AGAATGAG
M074_0.6	TARDBP	hsa_circ_0000747_Extracellular	299	306	+	10.966	3.05e-05	0.299	TGAATGAG
M074_0.6	TARDBP	hsa_circ_0000747_Extracellular	299	306	+	10.966	3.05e-05	0.299	TGAATGAG
M074_0.6	TARDBP	hsa_circ_0100705_Extracellular	303	310	+	10.966	3.05e-05	0.299	AGAATGAG
M074_0.6	TARDBP	hsa_circ_0100705_Extracellular	303	310	+	10.966	3.05e-05	0.299	AGAATGAG
M074_0.6	TARDBP	hsa_circ_0104618_Extracellular	304	311	+	10.966	3.05e-05	0.299	TGAATGAG
M074_0.6	TARDBP	hsa_circ_0104618_Extracellular	304	311	+	10.966	3.05e-05	0.299	TGAATGAG
M074_0.6	TARDBP	hsa_circ_0001250_Extracellular	331	338	+	10.966	3.05e-05	0.299	TGAATGAG
M074_0.6	TARDBP	hsa_circ_0043110_Extracellular	362	369	+	10.966	3.05e-05	0.299	AGAATGAG
M074_0.6	TARDBP	hsa_circ_0104854_Extracellular	372	379	+	10.966	3.05e-05	0.299	TGAATGAG
M074_0.6	TARDBP	hsa_circ_0104853_Extracellular	372	379	+	10.966	3.05e-05	0.299	TGAATGAG
M074_0.6	TARDBP	hsa_circ_0104853_Extracellular	372	379	+	10.966	3.05e-05	0.299	TGAATGAG
M074_0.6	TARDBP	hsa_circ_0104854_Extracellular	372	379	+	10.966	3.05e-05	0.299	TGAATGAG
M074_0.6	TARDBP	hsa_circ_0000246_Extracellular	381	388	+	10.966	3.05e-05	0.299	TGAATGAG
M074_0.6	TARDBP	hsa_circ_0000246_Extracellular	381	388	+	10.966	3.05e-05	0.299	TGAATGAG
M074_0.6	TARDBP	hsa_circ_0037108_Extracellular	468	475	+	10.966	3.05e-05	0.299	TGAATGAG
M074_0.6	TARDBP	hsa_circ_0037108_Extracellular	468	475	+	10.966	3.05e-05	0.299	TGAATGAG
M074_0.6	TARDBP	hsa_circ_0100456_Extracellular	527	534	+	10.966	3.05e-05	0.299	TGAATGAG
M074_0.6	TARDBP	hsa_circ_0100456_Extracellular	527	534	+	10.966	3.05e-05	0.299	TGAATGAG
M074_0.6	TARDBP	mmu_circ_0001388_Extracellular	566	573	+	10.966	3.05e-05	0.299	AGAATGAG
M074_0.6	TARDBP	hsa_circ_0036176_Extracellular	658	665	+	10.966	3.05e-05	0.299	TGAATGAG
M074_0.6	TARDBP	hsa_circ_0086841_Extracellular	677	684	+	10.966	3.05e-05	0.299	AGAATGAG
M074_0.6	TARDBP	hsa_circ_0003237_Extracellular	677	684	+	10.966	3.05e-05	0.299	TGAATGAG
M074_0.6	TARDBP	hsa_circ_0003237_Extracellular	677	684	+	10.966	3.05e-05	0.299	TGAATGAG
M074_0.6	TARDBP	hsa_circ_0021091_Extracellular	700	707	+	10.966	3.05e-05	0.299	TGAATGAG
M074_0.6	TARDBP	hsa_circ_0036176_Extracellular	718	725	+	10.966	3.05e-05	0.299	TGAATGAG
M074_0.6	TARDBP	hsa_circ_0008925_Extracellular	769	776	+	10.966	3.05e-05	0.299	AGAATGAG
M074_0.6	TARDBP	hsa_circ_0102349_Extracellular	825	832	+	10.966	3.05e-05	0.299	TGAATGAG
M074_0.6	TARDBP	hsa_circ_0102349_Extracellular	825	832	+	10.966	3.05e-05	0.299	TGAATGAG
M074_0.6	TARDBP	hsa_circ_0000395_Extracellular	906	913	+	10.966	3.05e-05	0.299	TGAATGAG
M074_0.6	TARDBP	hsa_circ_0000395_Extracellular	906	913	+	10.966	3.05e-05	0.299	TGAATGAG
M074_0.6	TARDBP	hsa_circ_0000395_Extracellular	906	913	+	10.966	3.05e-05	0.299	TGAATGAG
M074_0.6	TARDBP	hsa_circ_0000395_Extracellular	906	913	+	10.966	3.05e-05	0.299	TGAATGAG
M074_0.6	TARDBP	hsa_circ_0004099_Extracellular	934	941	+	10.966	3.05e-05	0.299	AGAATGAG
M074_0.6	TARDBP	hsa_circ_0004062_Extracellular	998	1005	+	10.966	3.05e-05	0.299	TGAATGAG
M074_0.6	TARDBP	hsa_circ_0004062_Extracellular	998	1005	+	10.966	3.05e-05	0.299	TGAATGAG
M074_0.6	TARDBP	hsa_circ_0000615_Extracellular	1003	1010	+	10.966	3.05e-05	0.299	AGAATGAG
M074_0.6	TARDBP	hsa_circ_0042003_Extracellular	1155	1162	+	10.966	3.05e-05	0.299	AGAATGAG
M074_0.6	TARDBP	hsa_circ_0086841_Extracellular	1328	1335	+	10.966	3.05e-05	0.299	AGAATGAG
M074_0.6	TARDBP	hsa_circ_0100718_Extracellular	1503	1510	+	10.966	3.05e-05	0.299	AGAATGAG
M074_0.6	TARDBP	hsa_circ_0100718_Extracellular	1503	1510	+	10.966	3.05e-05	0.299	AGAATGAG
M074_0.6	TARDBP	hsa_circ_0101493_Extracellular	1821	1828	+	10.966	3.05e-05	0.299	AGAATGAG
M074_0.6	TARDBP	hsa_circ_0101493_Extracellular	1821	1828	+	10.966	3.05e-05	0.299	AGAATGAG
M074_0.6	TARDBP	hsa_circ_0000998_Extracellular	1828	1835	+	10.966	3.05e-05	0.299	TGAATGAG
M074_0.6	TARDBP	hsa_circ_0000998_Extracellular	1828	1835	+	10.966	3.05e-05	0.299	TGAATGAG
M074_0.6	TARDBP	hsa_circ_0000998_Extracellular	1888	1895	+	10.966	3.05e-05	0.299	TGAATGAG
M074_0.6	TARDBP	hsa_circ_0000998_Extracellular	1888	1895	+	10.966	3.05e-05	0.299	TGAATGAG
M074_0.6	TARDBP	hsa_circ_0100722_Extracellular	2227	2234	+	10.966	3.05e-05	0.299	TGAATGAG
M074_0.6	TARDBP	hsa_circ_0100722_Extracellular	2227	2234	+	10.966	3.05e-05	0.299	TGAATGAG
M074_0.6	TARDBP	hsa_circ_0103176_Extracellular	2421	2428	+	10.966	3.05e-05	0.299	AGAATGAG
M074_0.6	TARDBP	hsa_circ_0103176_Extracellular	2421	2428	+	10.966	3.05e-05	0.299	AGAATGAG
M074_0.6	TARDBP	hsa_circ_0104904_Extracellular	2695	2702	+	10.966	3.05e-05	0.299	TGAATGAG
M074_0.6	TARDBP	hsa_circ_0104904_Extracellular	2695	2702	+	10.966	3.05e-05	0.299	TGAATGAG
M074_0.6	TARDBP	hsa_circ_0000965_Extracellular	3371	3378	+	10.966	3.05e-05	0.299	AGAATGAG
M074_0.6	TARDBP	hsa_circ_0000965_Extracellular	3371	3378	+	10.966	3.05e-05	0.299	AGAATGAG
M074_0.6	TARDBP	hsa_circ_0000965_Extracellular	3371	3378	+	10.966	3.05e-05	0.299	AGAATGAG
M074_0.6	TARDBP	hsa_circ_0104708_Extracellular	3533	3540	+	10.966	3.05e-05	0.299	AGAATGAG
M074_0.6	TARDBP	hsa_circ_0104708_Extracellular	3533	3540	+	10.966	3.05e-05	0.299	AGAATGAG
M074_0.6	TARDBP	hsa_circ_0001812_Extracellular	3722	3729	+	10.966	3.05e-05	0.299	TGAATGAG
M074_0.6	TARDBP	hsa_circ_0001812_Extracellular	3722	3729	+	10.966	3.05e-05	0.299	TGAATGAG
M074_0.6	TARDBP	hsa_circ_0104904_Extracellular	3980	3987	+	10.966	3.05e-05	0.299	AGAATGAG
M074_0.6	TARDBP	hsa_circ_0104904_Extracellular	3980	3987	+	10.966	3.05e-05	0.299	AGAATGAG
M074_0.6	TARDBP	hsa_circ_0104708_Extracellular	4868	4875	+	10.966	3.05e-05	0.299	AGAATGAG
M074_0.6	TARDBP	hsa_circ_0104708_Extracellular	4868	4875	+	10.966	3.05e-05	0.299	AGAATGAG
M074_0.6	TARDBP	hsa_circ_0104708_Extracellular	5271	5278	+	10.966	3.05e-05	0.299	AGAATGAG
M074_0.6	TARDBP	hsa_circ_0104708_Extracellular	5271	5278	+	10.966	3.05e-05	0.299	AGAATGAG
M074_0.6	TARDBP	hsa_circ_0100988_Extracellular	5303	5310	+	10.966	3.05e-05	0.299	TGAATGAG
M074_0.6	TARDBP	hsa_circ_0100988_Extracellular	5303	5310	+	10.966	3.05e-05	0.299	TGAATGAG
M074_0.6	TARDBP	hsa_circ_0104980_Extracellular	5782	5789	+	10.966	3.05e-05	0.299	AGAATGAG
M074_0.6	TARDBP	hsa_circ_0104980_Extracellular	5782	5789	+	10.966	3.05e-05	0.299	AGAATGAG
M074_0.6	TARDBP	hsa_circ_0001812_Extracellular	7177	7184	+	10.966	3.05e-05	0.299	AGAATGAG
M074_0.6	TARDBP	hsa_circ_0001812_Extracellular	7177	7184	+	10.966	3.05e-05	0.299	AGAATGAG
M074_0.6	TARDBP	hsa_circ_0000442_Extracellular	7260	7267	+	10.966	3.05e-05	0.299	TGAATGAG
M074_0.6	TARDBP	hsa_circ_0000443_Extracellular	7260	7267	+	10.966	3.05e-05	0.299	TGAATGAG
M074_0.6	TARDBP	hsa_circ_0000443_Extracellular	7260	7267	+	10.966	3.05e-05	0.299	TGAATGAG
M074_0.6	TARDBP	hsa_circ_0000443_Extracellular	7260	7267	+	10.966	3.05e-05	0.299	TGAATGAG
M074_0.6	TARDBP	hsa_circ_0000442_Extracellular	7260	7267	+	10.966	3.05e-05	0.299	TGAATGAG
M074_0.6	TARDBP	hsa_circ_0000090_Extracellular	7405	7412	+	10.966	3.05e-05	0.299	AGAATGAG
M074_0.6	TARDBP	hsa_circ_0000090_Extracellular	7405	7412	+	10.966	3.05e-05	0.299	AGAATGAG
M074_0.6	TARDBP	hsa_circ_0104904_Extracellular	8730	8737	+	10.966	3.05e-05	0.299	TGAATGAG
M074_0.6	TARDBP	hsa_circ_0104904_Extracellular	8730	8737	+	10.966	3.05e-05	0.299	TGAATGAG
M074_0.6	TARDBP	hsa_circ_0104808_Extracellular	9385	9392	+	10.966	3.05e-05	0.299	AGAATGAG
M074_0.6	TARDBP	hsa_circ_0104808_Extracellular	9385	9392	+	10.966	3.05e-05	0.299	AGAATGAG
M074_0.6	TARDBP	hsa_circ_0103176_Extracellular	9706	9713	+	10.966	3.05e-05	0.299	AGAATGAG
M074_0.6	TARDBP	hsa_circ_0103176_Extracellular	9706	9713	+	10.966	3.05e-05	0.299	AGAATGAG
M074_0.6	TARDBP	hsa_circ_0000233_Extracellular	9735	9742	+	10.966	3.05e-05	0.299	AGAATGAG
M074_0.6	TARDBP	hsa_circ_0000233_Extracellular	9735	9742	+	10.966	3.05e-05	0.299	AGAATGAG
M074_0.6	TARDBP	hsa_circ_0000444_Extracellular	10615	10622	+	10.966	3.05e-05	0.299	TGAATGAG
M074_0.6	TARDBP	hsa_circ_0000444_Extracellular	10615	10622	+	10.966	3.05e-05	0.299	TGAATGAG
M328_0.6	ELAVL2	hsa_circ_0002001_Extracellular	96	109	+	11.7101	3.09e-05	0.0377	CTGCTTTTTAGTTG
M328_0.6	ELAVL2	hsa_circ_0002001_Extracellular	96	109	+	11.7101	3.09e-05	0.0377	CTGCTTTTTAGTTG
M328_0.6	ELAVL2	hsa_circ_0001666_Extracellular	1162	1175	+	11.7101	3.09e-05	0.0377	CTTTTTTTTTTTCC
M328_0.6	ELAVL2	hsa_circ_0004314_Extracellular	1741	1754	+	11.7101	3.09e-05	0.0377	CTAATTTTATTTTG
M328_0.6	ELAVL2	hsa_circ_0004314_Extracellular	1741	1754	+	11.7101	3.09e-05	0.0377	CTAATTTTATTTTG
M328_0.6	ELAVL2	hsa_circ_0104808_Extracellular	1979	1992	+	11.7101	3.09e-05	0.0377	TTTATTTACTTTTT
M328_0.6	ELAVL2	hsa_circ_0104808_Extracellular	1979	1992	+	11.7101	3.09e-05	0.0377	TTTATTTACTTTTT
M328_0.6	ELAVL2	hsa_circ_0000246_Extracellular	3942	3955	+	11.7101	3.09e-05	0.0377	CTTTTTTTTTTTCC
M328_0.6	ELAVL2	hsa_circ_0000246_Extracellular	3942	3955	+	11.7101	3.09e-05	0.0377	CTTTTTTTTTTTCC
M328_0.6	ELAVL2	hsa_circ_0001306_Extracellular	11700	11713	+	11.7101	3.09e-05	0.0377	CTTTTTTTTTTTCA
M328_0.6	ELAVL2	hsa_circ_0001306_Extracellular	11700	11713	+	11.7101	3.09e-05	0.0377	CTTTTTTTTTTTCA
M328_0.6	ELAVL2	hsa_circ_0103682_Extracellular	362	375	+	11.6923	3.14e-05	0.0379	ATGGTTTTTTTTTT
M328_0.6	ELAVL2	hsa_circ_0103682_Extracellular	362	375	+	11.6923	3.14e-05	0.0379	ATGGTTTTTTTTTT
M328_0.6	ELAVL2	hsa_circ_0000443_Extracellular	1432	1445	+	11.6923	3.14e-05	0.0379	ATGTTTTTTTTTTT
M328_0.6	ELAVL2	hsa_circ_0000443_Extracellular	1432	1445	+	11.6923	3.14e-05	0.0379	ATGTTTTTTTTTTT
M328_0.6	ELAVL2	hsa_circ_0000442_Extracellular	1432	1445	+	11.6923	3.14e-05	0.0379	ATGTTTTTTTTTTT
M328_0.6	ELAVL2	hsa_circ_0000443_Extracellular	1432	1445	+	11.6923	3.14e-05	0.0379	ATGTTTTTTTTTTT
M328_0.6	ELAVL2	hsa_circ_0000442_Extracellular	1432	1445	+	11.6923	3.14e-05	0.0379	ATGTTTTTTTTTTT
M328_0.6	ELAVL2	hsa_circ_0001704_Extracellular	4484	4497	+	11.6923	3.14e-05	0.0379	ATTATTTCTTTTAA
M328_0.6	ELAVL2	hsa_circ_0001704_Extracellular	4484	4497	+	11.6923	3.14e-05	0.0379	ATTATTTCTTTTAA
M328_0.6	ELAVL2	hsa_circ_0000444_Extracellular	4787	4800	+	11.6923	3.14e-05	0.0379	ATGTTTTTTTTTTT
M328_0.6	ELAVL2	hsa_circ_0000444_Extracellular	4787	4800	+	11.6923	3.14e-05	0.0379	ATGTTTTTTTTTTT
M328_0.6	ELAVL2	hsa_circ_0001306_Extracellular	5460	5473	+	11.6923	3.14e-05	0.0379	ATGTTTTTTTTTTT
M328_0.6	ELAVL2	hsa_circ_0001306_Extracellular	5460	5473	+	11.6923	3.14e-05	0.0379	ATGTTTTTTTTTTT
M328_0.6	ELAVL2	hsa_circ_0100832_Extracellular	964	977	+	11.6627	3.22e-05	0.0386	ACTCTTTTATTTTT
M328_0.6	ELAVL2	hsa_circ_0100832_Extracellular	964	977	+	11.6627	3.22e-05	0.0386	ACTCTTTTATTTTT
M328_0.6	ELAVL2	hsa_circ_0001190_Extracellular	1072	1085	+	11.6627	3.22e-05	0.0386	ATTATATTTATTTG
M328_0.6	ELAVL2	hsa_circ_0001190_Extracellular	1072	1085	+	11.6627	3.22e-05	0.0386	ATTATATTTATTTG
M328_0.6	ELAVL2	hsa_circ_0063313_Extracellular	1867	1880	+	11.6627	3.22e-05	0.0386	TTCTTTTTTTTTCC
M328_0.6	ELAVL2	hsa_circ_0063313_Extracellular	1867	1880	+	11.6627	3.22e-05	0.0386	TTCTTTTTTTTTCC
M328_0.6	ELAVL2	hsa_circ_0063313_Extracellular	1867	1880	+	11.6627	3.22e-05	0.0386	TTCTTTTTTTTTCC
M328_0.6	ELAVL2	hsa_circ_0000495_Extracellular	2166	2179	+	11.645	3.27e-05	0.0388	TTTATTTACATTCT
M328_0.6	ELAVL2	hsa_circ_0000495_Extracellular	2166	2179	+	11.645	3.27e-05	0.0388	TTTATTTACATTCT
M328_0.6	ELAVL2	hsa_circ_0000495_Extracellular	2166	2179	+	11.645	3.27e-05	0.0388	TTTATTTACATTCT
M328_0.6	ELAVL2	hsa_circ_0000495_Extracellular	2166	2179	+	11.645	3.27e-05	0.0388	TTTATTTACATTCT
M328_0.6	ELAVL2	hsa_circ_0000443_Extracellular	4567	4580	+	11.645	3.27e-05	0.0388	ATACTTTTTGTTTA
M328_0.6	ELAVL2	hsa_circ_0000443_Extracellular	4567	4580	+	11.645	3.27e-05	0.0388	ATACTTTTTGTTTA
M328_0.6	ELAVL2	hsa_circ_0000442_Extracellular	4567	4580	+	11.645	3.27e-05	0.0388	ATACTTTTTGTTTA
M328_0.6	ELAVL2	hsa_circ_0000443_Extracellular	4567	4580	+	11.645	3.27e-05	0.0388	ATACTTTTTGTTTA
M328_0.6	ELAVL2	hsa_circ_0000442_Extracellular	4567	4580	+	11.645	3.27e-05	0.0388	ATACTTTTTGTTTA
M328_0.6	ELAVL2	hsa_circ_0000444_Extracellular	7922	7935	+	11.645	3.27e-05	0.0388	ATACTTTTTGTTTA
M328_0.6	ELAVL2	hsa_circ_0000444_Extracellular	7922	7935	+	11.645	3.27e-05	0.0388	ATACTTTTTGTTTA
M328_0.6	ELAVL2	hsa_circ_0000443_Extracellular	3299	3312	+	11.6331	3.31e-05	0.039	GTCATTTTATTTTG
M328_0.6	ELAVL2	hsa_circ_0000442_Extracellular	3299	3312	+	11.6331	3.31e-05	0.039	GTCATTTTATTTTG
M328_0.6	ELAVL2	hsa_circ_0000443_Extracellular	3299	3312	+	11.6331	3.31e-05	0.039	GTCATTTTATTTTG
M328_0.6	ELAVL2	hsa_circ_0000442_Extracellular	3299	3312	+	11.6331	3.31e-05	0.039	GTCATTTTATTTTG
M328_0.6	ELAVL2	hsa_circ_0000443_Extracellular	3299	3312	+	11.6331	3.31e-05	0.039	GTCATTTTATTTTG
M328_0.6	ELAVL2	hsa_circ_0000444_Extracellular	6654	6667	+	11.6331	3.31e-05	0.039	GTCATTTTATTTTG
M328_0.6	ELAVL2	hsa_circ_0000444_Extracellular	6654	6667	+	11.6331	3.31e-05	0.039	GTCATTTTATTTTG
M328_0.6	ELAVL2	hsa_circ_0102296_Extracellular	587	600	+	11.6272	3.32e-05	0.0391	CTAATTTTTTTTAA
M328_0.6	ELAVL2	hsa_circ_0102296_Extracellular	587	600	+	11.6272	3.32e-05	0.0391	CTAATTTTTTTTAA
M328_0.6	ELAVL2	hsa_circ_0000246_Extracellular	8072	8085	+	11.6272	3.32e-05	0.0391	CTAATTTTTTTTAA
M328_0.6	ELAVL2	hsa_circ_0000246_Extracellular	8072	8085	+	11.6272	3.32e-05	0.0391	CTAATTTTTTTTAA
M328_0.6	ELAVL2	hsa_circ_0001013_Extracellular	405	418	+	11.6095	3.38e-05	0.0397	TTCCTTTTTATGTT
M328_0.6	ELAVL2	hsa_circ_0001013_Extracellular	405	418	+	11.6095	3.38e-05	0.0397	TTCCTTTTTATGTT
M328_0.6	ELAVL2	hsa_circ_0104980_Extracellular	810	823	+	11.5976	3.41e-05	0.0399	TTTATTTTTTATTT
M328_0.6	ELAVL2	hsa_circ_0104980_Extracellular	810	823	+	11.5976	3.41e-05	0.0399	TTTATTTTTTATTT
M328_0.6	ELAVL2	hsa_circ_0009684_Extracellular	4149	4162	+	11.5976	3.41e-05	0.0399	TTTATTTTTTATTT
M328_0.6	ELAVL2	hsa_circ_0009684_Extracellular	4149	4162	+	11.5976	3.41e-05	0.0399	TTTATTTTTTATTT
M328_0.6	ELAVL2	mmu_circ_0000713_Extracellular	8474	8487	+	11.574	3.49e-05	0.0407	TTTATTTAATTTCT
M328_0.6	ELAVL2	mmu_circ_0000905_Extracellular	1122	1135	+	11.568	3.51e-05	0.0407	CTCATTTACATTTC
M328_0.6	ELAVL2	hsa_circ_0000443_Extracellular	3827	3840	+	11.568	3.51e-05	0.0407	CTTATTTATGTTAT
M328_0.6	ELAVL2	hsa_circ_0000443_Extracellular	3827	3840	+	11.568	3.51e-05	0.0407	CTTATTTATGTTAT
M328_0.6	ELAVL2	hsa_circ_0000442_Extracellular	3827	3840	+	11.568	3.51e-05	0.0407	CTTATTTATGTTAT
M328_0.6	ELAVL2	hsa_circ_0000443_Extracellular	3827	3840	+	11.568	3.51e-05	0.0407	CTTATTTATGTTAT
M328_0.6	ELAVL2	hsa_circ_0000442_Extracellular	3827	3840	+	11.568	3.51e-05	0.0407	CTTATTTATGTTAT
M328_0.6	ELAVL2	hsa_circ_0000444_Extracellular	7182	7195	+	11.568	3.51e-05	0.0407	CTTATTTATGTTAT
M328_0.6	ELAVL2	hsa_circ_0000444_Extracellular	7182	7195	+	11.568	3.51e-05	0.0407	CTTATTTATGTTAT
M328_0.6	ELAVL2	hsa_circ_0000726_Extracellular	7794	7807	+	11.5621	3.53e-05	0.0408	CTCATTTTTGTATT
M328_0.6	ELAVL2	hsa_circ_0000726_Extracellular	7794	7807	+	11.5621	3.53e-05	0.0408	CTCATTTTTGTATT
M328_0.6	ELAVL2	hsa_circ_0000246_Extracellular	2862	2875	+	11.5444	3.58e-05	0.0413	ATCTTTTATTTTTA
M328_0.6	ELAVL2	hsa_circ_0000246_Extracellular	2862	2875	+	11.5444	3.58e-05	0.0413	ATCTTTTATTTTTA
M328_0.6	ELAVL2	hsa_circ_0000998_Extracellular	4015	4028	+	11.5444	3.58e-05	0.0413	ATTATTTTTCTATG
M328_0.6	ELAVL2	hsa_circ_0000998_Extracellular	4015	4028	+	11.5444	3.58e-05	0.0413	ATTATTTTTCTATG
M328_0.6	ELAVL2	hsa_circ_0001190_Extracellular	746	759	+	11.5266	3.64e-05	0.0419	GTCATTTGTATTTT
M328_0.6	ELAVL2	hsa_circ_0001190_Extracellular	746	759	+	11.5266	3.64e-05	0.0419	GTCATTTGTATTTT
M328_0.6	ELAVL2	hsa_circ_0001174_Extracellular	581	594	+	11.5207	3.66e-05	0.0421	CTCATTTATTTATC
M328_0.6	ELAVL2	hsa_circ_0001174_Extracellular	581	594	+	11.5207	3.66e-05	0.0421	CTCATTTATTTATC
M328_0.6	ELAVL2	hsa_circ_0001484_Extracellular	27	40	+	11.5089	3.7e-05	0.0424	TTGCTTTTATTTTT
M328_0.6	ELAVL2	hsa_circ_0001484_Extracellular	27	40	+	11.5089	3.7e-05	0.0424	TTGCTTTTATTTTT
M328_0.6	ELAVL2	hsa_circ_0104980_Extracellular	1178	1191	+	11.503	3.73e-05	0.0426	CTTTTTTTTTTTTA
M328_0.6	ELAVL2	hsa_circ_0104980_Extracellular	1178	1191	+	11.503	3.73e-05	0.0426	CTTTTTTTTTTTTA
M328_0.6	ELAVL2	hsa_circ_0001306_Extracellular	12545	12558	+	11.503	3.73e-05	0.0426	CTTTTTTTTTTTTC
M328_0.6	ELAVL2	hsa_circ_0001306_Extracellular	12545	12558	+	11.503	3.73e-05	0.0426	CTTTTTTTTTTTTC
M328_0.6	ELAVL2	hsa_circ_0001812_Extracellular	1970	1983	+	11.497	3.75e-05	0.0427	CTCCTTTATTATCA
M328_0.6	ELAVL2	hsa_circ_0001812_Extracellular	1970	1983	+	11.497	3.75e-05	0.0427	CTCCTTTATTATCA
M328_0.6	ELAVL2	hsa_circ_0001306_Extracellular	1446	1459	+	11.4911	3.77e-05	0.0427	CTTATTTTTAGTAG
M328_0.6	ELAVL2	hsa_circ_0001306_Extracellular	1446	1459	+	11.4911	3.77e-05	0.0427	CTTATTTTTAGTAG
M328_0.6	ELAVL2	hsa_circ_0085428_Extracellular	2502	2515	+	11.4911	3.77e-05	0.0427	TTTTTTTTTTTTAG
M328_0.6	ELAVL2	hsa_circ_0001812_Extracellular	5739	5752	+	11.4911	3.77e-05	0.0427	TTTTTTTTTTTTAG
M328_0.6	ELAVL2	hsa_circ_0001812_Extracellular	5739	5752	+	11.4911	3.77e-05	0.0427	TTTTTTTTTTTTAG
M328_0.6	ELAVL2	hsa_circ_0104904_Extracellular	11670	11683	+	11.4911	3.77e-05	0.0427	TTTTTTTTTTTTAG
M328_0.6	ELAVL2	hsa_circ_0104904_Extracellular	11670	11683	+	11.4911	3.77e-05	0.0427	TTTTTTTTTTTTAG
M328_0.6	ELAVL2	hsa_circ_0001306_Extracellular	12091	12104	+	11.4911	3.77e-05	0.0427	TTTTTTTTTTTTAG
M328_0.6	ELAVL2	hsa_circ_0001306_Extracellular	12091	12104	+	11.4911	3.77e-05	0.0427	TTTTTTTTTTTTAG
M328_0.6	ELAVL2	hsa_circ_0000444_Extracellular	3230	3243	+	11.4852	3.79e-05	0.0428	AATATTTATTTTAG
M328_0.6	ELAVL2	hsa_circ_0000444_Extracellular	3230	3243	+	11.4852	3.79e-05	0.0428	AATATTTATTTTAG
M328_0.6	ELAVL2	hsa_circ_0102294_Extracellular	3982	3995	+	11.4852	3.79e-05	0.0428	TTCATTTTTTTGTT
M328_0.6	ELAVL2	hsa_circ_0102294_Extracellular	3982	3995	+	11.4852	3.79e-05	0.0428	TTCATTTTTTTGTT
M328_0.6	ELAVL2	hsa_circ_0000246_Extracellular	1449	1462	+	11.4793	3.82e-05	0.043	TTCATTTGCTTTTT
M328_0.6	ELAVL2	hsa_circ_0000246_Extracellular	1449	1462	+	11.4793	3.82e-05	0.043	TTCATTTGCTTTTT
M328_0.6	ELAVL2	hsa_circ_0063313_Extracellular	3752	3765	+	11.4675	3.85e-05	0.0432	ATCTTTTTTTTTAA
M328_0.6	ELAVL2	hsa_circ_0063313_Extracellular	3752	3765	+	11.4675	3.85e-05	0.0432	ATCTTTTTTTTTAA
M328_0.6	ELAVL2	hsa_circ_0063313_Extracellular	3752	3765	+	11.4675	3.85e-05	0.0432	ATCTTTTTTTTTAA
M328_0.6	ELAVL2	hsa_circ_0102296_Extracellular	761	774	+	11.4615	3.87e-05	0.0433	GTTCTTTTTTTTAA
M328_0.6	ELAVL2	hsa_circ_0102296_Extracellular	761	774	+	11.4615	3.87e-05	0.0433	GTTCTTTTTTTTAA
M328_0.6	ELAVL2	hsa_circ_0102294_Extracellular	2502	2515	+	11.4615	3.87e-05	0.0433	GTTCTTTTTTTTAA
M328_0.6	ELAVL2	hsa_circ_0102294_Extracellular	2502	2515	+	11.4615	3.87e-05	0.0433	GTTCTTTTTTTTAA
M328_0.6	ELAVL2	hsa_circ_0100988_Extracellular	4881	4894	+	11.4615	3.87e-05	0.0433	TTTCTTTTTATATC
M328_0.6	ELAVL2	hsa_circ_0100988_Extracellular	4881	4894	+	11.4615	3.87e-05	0.0433	TTTCTTTTTATATC
M328_0.6	ELAVL2	hsa_circ_0004314_Extracellular	4295	4308	+	11.4556	3.9e-05	0.0433	TTCTTTTTTTTTTA
M328_0.6	ELAVL2	hsa_circ_0004314_Extracellular	4295	4308	+	11.4556	3.9e-05	0.0433	TTCTTTTTTTTTTA
M328_0.6	ELAVL2	hsa_circ_0004314_Extracellular	4855	4868	+	11.4497	3.92e-05	0.0433	TACATTTGTTTTCG
M328_0.6	ELAVL2	hsa_circ_0004314_Extracellular	4855	4868	+	11.4497	3.92e-05	0.0433	TACATTTGTTTTCG
M328_0.6	ELAVL2	hsa_circ_0101493_Extracellular	1626	1639	+	11.4438	3.94e-05	0.0433	ACTCTTTACATTTG
M328_0.6	ELAVL2	hsa_circ_0101493_Extracellular	1626	1639	+	11.4438	3.94e-05	0.0433	ACTCTTTACATTTG
M328_0.6	ELAVL2	hsa_circ_0102373_Extracellular	196	209	+	11.4379	3.96e-05	0.0433	ATTATTTCATTTCT
M328_0.6	ELAVL2	hsa_circ_0102373_Extracellular	196	209	+	11.4379	3.96e-05	0.0433	ATTATTTCATTTCT
M328_0.6	ELAVL2	hsa_circ_0000090_Extracellular	2800	2813	+	11.4379	3.96e-05	0.0433	ATTTTTTGTTTTCT
M328_0.6	ELAVL2	hsa_circ_0000090_Extracellular	2800	2813	+	11.4379	3.96e-05	0.0433	ATTTTTTGTTTTCT
M328_0.6	ELAVL2	hsa_circ_0102762_Extracellular	1523	1536	+	11.432	3.99e-05	0.0433	TTCTTTTTTTTTAT
M328_0.6	ELAVL2	hsa_circ_0102762_Extracellular	1523	1536	+	11.432	3.99e-05	0.0433	TTCTTTTTTTTTAT
M328_0.6	ELAVL2	hsa_circ_0001306_Extracellular	1961	1974	+	11.432	3.99e-05	0.0433	GTCATTTTCTTTTT
M328_0.6	ELAVL2	hsa_circ_0001306_Extracellular	1961	1974	+	11.432	3.99e-05	0.0433	GTCATTTTCTTTTT
M328_0.6	ELAVL2	mmu_circ_0000713_Extracellular	4133	4146	+	11.432	3.99e-05	0.0433	TTCTTTTTTTTTAT
M328_0.6	ELAVL2	hsa_circ_0104904_Extracellular	11663	11676	+	11.432	3.99e-05	0.0433	TCACTTTTTTTTTT
M328_0.6	ELAVL2	hsa_circ_0104904_Extracellular	11663	11676	+	11.432	3.99e-05	0.0433	TCACTTTTTTTTTT
M328_0.6	ELAVL2	hsa_circ_0000437_Extracellular	98	111	+	11.426	4e-05	0.0433	ATCATTTACTTATG
M328_0.6	ELAVL2	hsa_circ_0000437_Extracellular	98	111	+	11.426	4e-05	0.0433	ATCATTTACTTATG
M328_0.6	ELAVL2	hsa_circ_0000437_Extracellular	98	111	+	11.426	4e-05	0.0433	ATCATTTACTTATG
M328_0.6	ELAVL2	hsa_circ_0000437_Extracellular	98	111	+	11.426	4e-05	0.0433	ATCATTTACTTATG
M328_0.6	ELAVL2	hsa_circ_0000495_Extracellular	3231	3244	+	11.426	4e-05	0.0433	TTTATTTTTCTTTC
M328_0.6	ELAVL2	hsa_circ_0000495_Extracellular	3231	3244	+	11.426	4e-05	0.0433	TTTATTTTTCTTTC
M328_0.6	ELAVL2	hsa_circ_0000495_Extracellular	3231	3244	+	11.426	4e-05	0.0433	TTTATTTTTCTTTC
M328_0.6	ELAVL2	hsa_circ_0000495_Extracellular	3231	3244	+	11.426	4e-05	0.0433	TTTATTTTTCTTTC
M328_0.6	ELAVL2	hsa_circ_0104904_Extracellular	7365	7378	+	11.426	4e-05	0.0433	ATTATTTATTTATC
M328_0.6	ELAVL2	hsa_circ_0104904_Extracellular	7365	7378	+	11.426	4e-05	0.0433	ATTATTTATTTATC
M328_0.6	ELAVL2	hsa_circ_0103045_Extracellular	6107	6120	+	11.4201	4.02e-05	0.0433	TTTCTTTATTTAAG
M328_0.6	ELAVL2	hsa_circ_0103045_Extracellular	6107	6120	+	11.4201	4.02e-05	0.0433	TTTCTTTATTTAAG
M328_0.6	ELAVL2	hsa_circ_0104904_Extracellular	7305	7318	+	11.4142	4.04e-05	0.0433	ATTATTTATAGTTT
M328_0.6	ELAVL2	hsa_circ_0104904_Extracellular	7305	7318	+	11.4142	4.04e-05	0.0433	ATTATTTATAGTTT
M328_0.6	ELAVL2	hsa_circ_0000726_Extracellular	218	231	+	11.4083	4.07e-05	0.0433	ATTCTTTTTTTGAT
M328_0.6	ELAVL2	hsa_circ_0000726_Extracellular	218	231	+	11.4083	4.07e-05	0.0433	ATTCTTTTTTTGAT
M328_0.6	ELAVL2	hsa_circ_0000377_Extracellular	1639	1652	+	11.4083	4.07e-05	0.0433	TCCATTTTTGTTTT
M328_0.6	ELAVL2	hsa_circ_0000377_Extracellular	1639	1652	+	11.4083	4.07e-05	0.0433	TCCATTTTTGTTTT
M328_0.6	ELAVL2	hsa_circ_0063313_Extracellular	2368	2381	+	11.4083	4.07e-05	0.0433	CACATTTTCTTTTG
M328_0.6	ELAVL2	hsa_circ_0063313_Extracellular	2368	2381	+	11.4083	4.07e-05	0.0433	CACATTTTCTTTTG
M328_0.6	ELAVL2	hsa_circ_0063313_Extracellular	2368	2381	+	11.4083	4.07e-05	0.0433	CACATTTTCTTTTG
M328_0.6	ELAVL2	hsa_circ_0004062_Extracellular	2845	2858	+	11.4083	4.07e-05	0.0433	ACCTTTTTTTTTTT
M328_0.6	ELAVL2	hsa_circ_0004062_Extracellular	2845	2858	+	11.4083	4.07e-05	0.0433	ACCTTTTTTTTTTT
M328_0.6	ELAVL2	hsa_circ_0001666_Extracellular	1159	1172	+	11.4024	4.09e-05	0.0433	GCTCTTTTTTTTTT
M328_0.6	ELAVL2	hsa_circ_0102296_Extracellular	2241	2254	+	11.4024	4.09e-05	0.0433	TTCATTTTTTATCA
M328_0.6	ELAVL2	hsa_circ_0102296_Extracellular	2241	2254	+	11.4024	4.09e-05	0.0433	TTCATTTTTTATCA
M328_0.6	ELAVL2	hsa_circ_0102296_Extracellular	379	392	+	11.3905	4.13e-05	0.0433	TTTATTTATTTATT
M328_0.6	ELAVL2	hsa_circ_0102296_Extracellular	379	392	+	11.3905	4.13e-05	0.0433	TTTATTTATTTATT
M328_0.6	ELAVL2	hsa_circ_0102296_Extracellular	383	396	+	11.3905	4.13e-05	0.0433	TTTATTTATTTATT
M328_0.6	ELAVL2	hsa_circ_0102296_Extracellular	383	396	+	11.3905	4.13e-05	0.0433	TTTATTTATTTATT
M328_0.6	ELAVL2	hsa_circ_0102296_Extracellular	387	400	+	11.3905	4.13e-05	0.0433	TTTATTTATTTATT
M328_0.6	ELAVL2	hsa_circ_0102296_Extracellular	387	400	+	11.3905	4.13e-05	0.0433	TTTATTTATTTATT
M328_0.6	ELAVL2	hsa_circ_0100832_Extracellular	1624	1637	+	11.3905	4.13e-05	0.0433	TTTATTTATTTATT
M328_0.6	ELAVL2	hsa_circ_0100832_Extracellular	1624	1637	+	11.3905	4.13e-05	0.0433	TTTATTTATTTATT
M328_0.6	ELAVL2	hsa_circ_0102294_Extracellular	2120	2133	+	11.3905	4.13e-05	0.0433	TTTATTTATTTATT
M328_0.6	ELAVL2	hsa_circ_0102294_Extracellular	2120	2133	+	11.3905	4.13e-05	0.0433	TTTATTTATTTATT
M328_0.6	ELAVL2	hsa_circ_0102294_Extracellular	2124	2137	+	11.3905	4.13e-05	0.0433	TTTATTTATTTATT
M328_0.6	ELAVL2	hsa_circ_0102294_Extracellular	2124	2137	+	11.3905	4.13e-05	0.0433	TTTATTTATTTATT
M328_0.6	ELAVL2	hsa_circ_0102294_Extracellular	2128	2141	+	11.3905	4.13e-05	0.0433	TTTATTTATTTATT
M328_0.6	ELAVL2	hsa_circ_0102294_Extracellular	2128	2141	+	11.3905	4.13e-05	0.0433	TTTATTTATTTATT
M328_0.6	ELAVL2	hsa_circ_0100988_Extracellular	2658	2671	+	11.3905	4.13e-05	0.0433	TTTATTTATTTATT
M328_0.6	ELAVL2	hsa_circ_0100988_Extracellular	2658	2671	+	11.3905	4.13e-05	0.0433	TTTATTTATTTATT
M328_0.6	ELAVL2	hsa_circ_0001704_Extracellular	3154	3167	+	11.3905	4.13e-05	0.0433	TTTATTTATTTATT
M328_0.6	ELAVL2	hsa_circ_0001704_Extracellular	3154	3167	+	11.3905	4.13e-05	0.0433	TTTATTTATTTATT
M328_0.6	ELAVL2	hsa_circ_0001704_Extracellular	3158	3171	+	11.3905	4.13e-05	0.0433	TTTATTTATTTATT
M328_0.6	ELAVL2	hsa_circ_0001704_Extracellular	3158	3171	+	11.3905	4.13e-05	0.0433	TTTATTTATTTATT
M328_0.6	ELAVL2	hsa_circ_0001704_Extracellular	3162	3175	+	11.3905	4.13e-05	0.0433	TTTATTTATTTATT
M328_0.6	ELAVL2	hsa_circ_0001704_Extracellular	3162	3175	+	11.3905	4.13e-05	0.0433	TTTATTTATTTATT
M328_0.6	ELAVL2	hsa_circ_0104808_Extracellular	5866	5879	+	11.3905	4.13e-05	0.0433	TTTATTTATTTATT
M328_0.6	ELAVL2	hsa_circ_0104808_Extracellular	5866	5879	+	11.3905	4.13e-05	0.0433	TTTATTTATTTATT
M328_0.6	ELAVL2	hsa_circ_0104808_Extracellular	5870	5883	+	11.3905	4.13e-05	0.0433	TTTATTTATTTATT
M328_0.6	ELAVL2	hsa_circ_0104808_Extracellular	5870	5883	+	11.3905	4.13e-05	0.0433	TTTATTTATTTATT
M328_0.6	ELAVL2	hsa_circ_0104808_Extracellular	5874	5887	+	11.3905	4.13e-05	0.0433	TTTATTTATTTATT
M328_0.6	ELAVL2	hsa_circ_0104808_Extracellular	5874	5887	+	11.3905	4.13e-05	0.0433	TTTATTTATTTATT
M328_0.6	ELAVL2	hsa_circ_0104808_Extracellular	5878	5891	+	11.3905	4.13e-05	0.0433	TTTATTTATTTATT
M328_0.6	ELAVL2	hsa_circ_0104808_Extracellular	5878	5891	+	11.3905	4.13e-05	0.0433	TTTATTTATTTATT
M328_0.6	ELAVL2	hsa_circ_0000204_Extracellular	785	798	+	11.3846	4.16e-05	0.0435	AACATTTATATTCC
M328_0.6	ELAVL2	hsa_circ_0000204_Extracellular	785	798	+	11.3846	4.16e-05	0.0435	AACATTTATATTCC
M328_0.6	ELAVL2	mmu_circ_0000905_Extracellular	873	886	+	11.3846	4.16e-05	0.0435	CCTCTTTTTCTTTT
M328_0.6	ELAVL2	hsa_circ_0104808_Extracellular	11850	11863	+	11.3787	4.18e-05	0.0436	AACCTTTTCATTTT
M328_0.6	ELAVL2	hsa_circ_0104808_Extracellular	11850	11863	+	11.3787	4.18e-05	0.0436	AACCTTTTCATTTT
M328_0.6	ELAVL2	hsa_circ_0000443_Extracellular	4307	4320	+	11.3728	4.2e-05	0.0436	AACATTTTTTTTAA
M328_0.6	ELAVL2	hsa_circ_0000443_Extracellular	4307	4320	+	11.3728	4.2e-05	0.0436	AACATTTTTTTTAA
M328_0.6	ELAVL2	hsa_circ_0000442_Extracellular	4307	4320	+	11.3728	4.2e-05	0.0436	AACATTTTTTTTAA
M328_0.6	ELAVL2	hsa_circ_0000443_Extracellular	4307	4320	+	11.3728	4.2e-05	0.0436	AACATTTTTTTTAA
M328_0.6	ELAVL2	hsa_circ_0000442_Extracellular	4307	4320	+	11.3728	4.2e-05	0.0436	AACATTTTTTTTAA
M328_0.6	ELAVL2	hsa_circ_0102520_Extracellular	4835	4848	+	11.3728	4.2e-05	0.0436	ATCATTTTTTATGG
M328_0.6	ELAVL2	hsa_circ_0102520_Extracellular	4835	4848	+	11.3728	4.2e-05	0.0436	ATCATTTTTTATGG
M328_0.6	ELAVL2	hsa_circ_0000246_Extracellular	6641	6654	+	11.3728	4.2e-05	0.0436	AACATTTTTTTTAA
M328_0.6	ELAVL2	hsa_circ_0000246_Extracellular	6641	6654	+	11.3728	4.2e-05	0.0436	AACATTTTTTTTAA
M328_0.6	ELAVL2	hsa_circ_0104808_Extracellular	5019	5032	+	11.3669	4.22e-05	0.0437	ATTCTTTTTTTAGT
M328_0.6	ELAVL2	hsa_circ_0104808_Extracellular	5019	5032	+	11.3669	4.22e-05	0.0437	ATTCTTTTTTTAGT
M328_0.6	ELAVL2	hsa_circ_0000423_Extracellular	282	295	+	11.3491	4.28e-05	0.0442	ATACTTTATTTACT
M328_0.6	ELAVL2	hsa_circ_0000423_Extracellular	282	295	+	11.3491	4.28e-05	0.0442	ATACTTTATTTACT
M328_0.6	ELAVL2	hsa_circ_0000423_Extracellular	282	295	+	11.3491	4.28e-05	0.0442	ATACTTTATTTACT
M328_0.6	ELAVL2	hsa_circ_0101493_Extracellular	1901	1914	+	11.3491	4.28e-05	0.0442	ATCTTTTTCTTTTT
M328_0.6	ELAVL2	hsa_circ_0101493_Extracellular	1901	1914	+	11.3491	4.28e-05	0.0442	ATCTTTTTCTTTTT
M328_0.6	ELAVL2	mmu_circ_0000905_Extracellular	9108	9121	+	11.3432	4.3e-05	0.0444	GTTCTTTTCTTTTT
M328_0.6	ELAVL2	hsa_circ_0102349_Extracellular	699	712	+	11.3373	4.33e-05	0.0444	AATCTTTATTTTAT
M328_0.6	ELAVL2	hsa_circ_0102349_Extracellular	699	712	+	11.3373	4.33e-05	0.0444	AATCTTTATTTTAT
M328_0.6	ELAVL2	hsa_circ_0103176_Extracellular	858	871	+	11.3373	4.33e-05	0.0444	CTCATTTGTGTTAT
M328_0.6	ELAVL2	hsa_circ_0103176_Extracellular	858	871	+	11.3373	4.33e-05	0.0444	CTCATTTGTGTTAT
M328_0.6	ELAVL2	hsa_circ_0104761_Extracellular	4589	4602	+	11.3314	4.35e-05	0.0446	TTTCTTTCTTTTGG
M328_0.6	ELAVL2	hsa_circ_0104761_Extracellular	4589	4602	+	11.3314	4.35e-05	0.0446	TTTCTTTCTTTTGG
M328_0.6	ELAVL2	hsa_circ_0101493_Extracellular	195	208	+	11.3254	4.37e-05	0.0447	CTCATTTGTTTAAG
M328_0.6	ELAVL2	hsa_circ_0101493_Extracellular	195	208	+	11.3254	4.37e-05	0.0447	CTCATTTGTTTAAG
M328_0.6	ELAVL2	hsa_circ_0024108_Extracellular	1224	1237	+	11.3254	4.37e-05	0.0447	ACTCTTTTCTTTCA
M328_0.6	ELAVL2	hsa_circ_0001492_Extracellular	216	229	+	11.3195	4.39e-05	0.0448	ACTATTTACTTTTG
M328_0.6	ELAVL2	hsa_circ_0001492_Extracellular	216	229	+	11.3195	4.39e-05	0.0448	ACTATTTACTTTTG
M328_0.6	ELAVL2	hsa_circ_0001492_Extracellular	216	229	+	11.3195	4.39e-05	0.0448	ACTATTTACTTTTG
M328_0.6	ELAVL2	mmu_circ_0000905_Extracellular	7381	7394	+	11.3195	4.39e-05	0.0448	CTGCTTTATCTTTT
M328_0.6	ELAVL2	mmu_circ_0000905_Extracellular	939	952	+	11.3136	4.42e-05	0.0449	TTTCTTTTTTGTCA
M328_0.6	ELAVL2	hsa_circ_0000701_Extracellular	951	964	+	11.3136	4.42e-05	0.0449	TTGTTTTTTTTTTG
M328_0.6	ELAVL2	hsa_circ_0000701_Extracellular	951	964	+	11.3136	4.42e-05	0.0449	TTGTTTTTTTTTTG
M328_0.6	ELAVL2	hsa_circ_0104904_Extracellular	1777	1790	+	11.3136	4.42e-05	0.0449	TTTATTTTATTTTC
M328_0.6	ELAVL2	hsa_circ_0104904_Extracellular	1777	1790	+	11.3136	4.42e-05	0.0449	TTTATTTTATTTTC
M328_0.6	ELAVL2	mmu_circ_0000905_Extracellular	9363	9376	+	11.3018	4.46e-05	0.0452	CTGTTTTTTTTTTT
M328_0.6	ELAVL2	hsa_circ_0104649_Extracellular	71	84	+	11.2959	4.49e-05	0.0452	ATTCTTTTCGTTTC
M328_0.6	ELAVL2	hsa_circ_0104649_Extracellular	71	84	+	11.2959	4.49e-05	0.0452	ATTCTTTTCGTTTC
M328_0.6	ELAVL2	hsa_circ_0103102_Extracellular	1650	1663	+	11.2959	4.49e-05	0.0452	GTAATTTTTTTTTT
M328_0.6	ELAVL2	hsa_circ_0103102_Extracellular	1650	1663	+	11.2959	4.49e-05	0.0452	GTAATTTTTTTTTT
M328_0.6	ELAVL2	hsa_circ_0000233_Extracellular	3620	3633	+	11.2959	4.49e-05	0.0452	TTCCTTTAGATTCA
M328_0.6	ELAVL2	hsa_circ_0000233_Extracellular	3620	3633	+	11.2959	4.49e-05	0.0452	TTCCTTTAGATTCA
M328_0.6	ELAVL2	hsa_circ_0021091_Extracellular	5144	5157	+	11.2959	4.49e-05	0.0452	CCAATTTTTATTTT
M328_0.6	ELAVL2	mmu_circ_0000905_Extracellular	7388	7401	+	11.2959	4.49e-05	0.0452	ATCTTTTATGTTTG
M328_0.6	ELAVL2	hsa_circ_0000246_Extracellular	5197	5210	+	11.2899	4.52e-05	0.0452	CTGCTTTATTTTGT
M328_0.6	ELAVL2	hsa_circ_0000246_Extracellular	5197	5210	+	11.2899	4.52e-05	0.0452	CTGCTTTATTTTGT
M328_0.6	ELAVL2	hsa_circ_0101018_Extracellular	5295	5308	+	11.2899	4.52e-05	0.0452	TCTCTTTTCTTTCT
M328_0.6	ELAVL2	hsa_circ_0101018_Extracellular	5295	5308	+	11.2899	4.52e-05	0.0452	TCTCTTTTCTTTCT
M328_0.6	ELAVL2	hsa_circ_0000246_Extracellular	7434	7447	+	11.2899	4.52e-05	0.0452	GTCTTTTTTTTTTG
M328_0.6	ELAVL2	hsa_circ_0000246_Extracellular	7434	7447	+	11.2899	4.52e-05	0.0452	GTCTTTTTTTTTTG
M328_0.6	ELAVL2	hsa_circ_0000233_Extracellular	8987	9000	+	11.2899	4.52e-05	0.0452	ATTATTTTCTTTGT
M328_0.6	ELAVL2	hsa_circ_0000233_Extracellular	8987	9000	+	11.2899	4.52e-05	0.0452	ATTATTTTCTTTGT
M328_0.6	ELAVL2	hsa_circ_0000233_Extracellular	9037	9050	+	11.2899	4.52e-05	0.0452	CTCCTTTATTATTA
M328_0.6	ELAVL2	hsa_circ_0000233_Extracellular	9037	9050	+	11.2899	4.52e-05	0.0452	CTCCTTTATTATTA
M328_0.6	ELAVL2	hsa_circ_0101493_Extracellular	1173	1186	+	11.284	4.54e-05	0.0453	ATAATTTTAATTTT
M328_0.6	ELAVL2	hsa_circ_0101493_Extracellular	1173	1186	+	11.284	4.54e-05	0.0453	ATAATTTTAATTTT
M328_0.6	ELAVL2	hsa_circ_0004623_Extracellular	342	355	+	11.2722	4.59e-05	0.0457	ATGATTTACATTTT
M328_0.6	ELAVL2	hsa_circ_0001190_Extracellular	1220	1233	+	11.2722	4.59e-05	0.0457	TTTATTTTTATACC
M328_0.6	ELAVL2	hsa_circ_0001190_Extracellular	1220	1233	+	11.2722	4.59e-05	0.0457	TTTATTTTTATACC
M328_0.6	ELAVL2	hsa_circ_0000444_Extracellular	11945	11958	+	11.2722	4.59e-05	0.0457	TATCTTTTTTTTTA
M328_0.6	ELAVL2	hsa_circ_0000444_Extracellular	11945	11958	+	11.2722	4.59e-05	0.0457	TATCTTTTTTTTTA
M328_0.6	ELAVL2	hsa_circ_0001013_Extracellular	1799	1812	+	11.2663	4.61e-05	0.0458	CTCCTTTATTGTAT
M328_0.6	ELAVL2	hsa_circ_0001013_Extracellular	1799	1812	+	11.2663	4.61e-05	0.0458	CTCCTTTATTGTAT
M328_0.6	ELAVL2	hsa_circ_0103045_Extracellular	8953	8966	+	11.2544	4.65e-05	0.0461	TCCCTTTGTTTTCC
M328_0.6	ELAVL2	hsa_circ_0103045_Extracellular	8953	8966	+	11.2544	4.65e-05	0.0461	TCCCTTTGTTTTCC
M328_0.6	ELAVL2	hsa_circ_0000233_Extracellular	10562	10575	+	11.2485	4.68e-05	0.0464	TTAATTTTCATTTG
M328_0.6	ELAVL2	hsa_circ_0000233_Extracellular	10562	10575	+	11.2485	4.68e-05	0.0464	TTAATTTTCATTTG
M328_0.6	ELAVL2	hsa_circ_0001812_Extracellular	7058	7071	+	11.2367	4.73e-05	0.0467	TTGCTTTTGATTTT
M328_0.6	ELAVL2	hsa_circ_0001812_Extracellular	7058	7071	+	11.2367	4.73e-05	0.0467	TTGCTTTTGATTTT
M328_0.6	ELAVL2	hsa_circ_0000701_Extracellular	1006	1019	+	11.2308	4.75e-05	0.0467	CACATTTGTTTTTT
M328_0.6	ELAVL2	hsa_circ_0000701_Extracellular	1006	1019	+	11.2308	4.75e-05	0.0467	CACATTTGTTTTTT
M328_0.6	ELAVL2	mmu_circ_0000713_Extracellular	2361	2374	+	11.2308	4.75e-05	0.0467	TTTATTTGTGTTTT
M328_0.6	ELAVL2	hsa_circ_0103140_Extracellular	2482	2495	+	11.2308	4.75e-05	0.0467	CTTGTTTTTATTTC
M328_0.6	ELAVL2	hsa_circ_0103140_Extracellular	2482	2495	+	11.2308	4.75e-05	0.0467	CTTGTTTTTATTTC
M328_0.6	ELAVL2	hsa_circ_0000973_Extracellular	3178	3191	+	11.2308	4.75e-05	0.0467	ATGATTTTTTTTGC
M328_0.6	ELAVL2	hsa_circ_0000973_Extracellular	3178	3191	+	11.2308	4.75e-05	0.0467	ATGATTTTTTTTGC
M328_0.6	ELAVL2	hsa_circ_0001998_Extracellular	503	516	+	11.2249	4.78e-05	0.0469	ATTCTTTTTTAATG
M328_0.6	ELAVL2	hsa_circ_0001998_Extracellular	503	516	+	11.2249	4.78e-05	0.0469	ATTCTTTTTTAATG
M328_0.6	ELAVL2	mmu_circ_0000713_Extracellular	953	966	+	11.2189	4.8e-05	0.0471	ACCCTTTTTATACC
M328_0.6	ELAVL2	hsa_circ_0004062_Extracellular	1339	1352	+	11.213	4.83e-05	0.0472	TTCATTTTTATGTT
M328_0.6	ELAVL2	hsa_circ_0004062_Extracellular	1339	1352	+	11.213	4.83e-05	0.0472	TTCATTTTTATGTT
M328_0.6	ELAVL2	hsa_circ_0000973_Extracellular	3893	3906	+	11.213	4.83e-05	0.0472	TCTCTTTATATTCC
M328_0.6	ELAVL2	hsa_circ_0000973_Extracellular	3893	3906	+	11.213	4.83e-05	0.0472	TCTCTTTATATTCC
M328_0.6	ELAVL2	hsa_circ_0000233_Extracellular	6555	6568	+	11.213	4.83e-05	0.0472	TTCATTTTTATGTT
M328_0.6	ELAVL2	hsa_circ_0000233_Extracellular	6555	6568	+	11.213	4.83e-05	0.0472	TTCATTTTTATGTT
M328_0.6	ELAVL2	hsa_circ_0000495_Extracellular	2772	2785	+	11.2012	4.88e-05	0.0474	TCTCTTTTTTTTAC
M328_0.6	ELAVL2	hsa_circ_0000495_Extracellular	2772	2785	+	11.2012	4.88e-05	0.0474	TCTCTTTTTTTTAC
M328_0.6	ELAVL2	hsa_circ_0000495_Extracellular	2772	2785	+	11.2012	4.88e-05	0.0474	TCTCTTTTTTTTAC
M328_0.6	ELAVL2	hsa_circ_0000495_Extracellular	2772	2785	+	11.2012	4.88e-05	0.0474	TCTCTTTTTTTTAC
M328_0.6	ELAVL2	hsa_circ_0104761_Extracellular	7016	7029	+	11.2012	4.88e-05	0.0474	CTCCTTTATCTATG
M328_0.6	ELAVL2	hsa_circ_0104761_Extracellular	7016	7029	+	11.2012	4.88e-05	0.0474	CTCCTTTATCTATG
M328_0.6	ELAVL2	mmu_circ_0000905_Extracellular	1099	1112	+	11.1953	4.9e-05	0.0475	TTCATTTTTTATTA
M328_0.6	ELAVL2	hsa_circ_0070762_Extracellular	2239	2252	+	11.1953	4.9e-05	0.0475	CTACTTTTGTTTAG
M328_0.6	ELAVL2	hsa_circ_0103670_Extracellular	1689	1702	+	11.1893	4.92e-05	0.0475	CTAATTTTTTTATT
M328_0.6	ELAVL2	hsa_circ_0103670_Extracellular	1689	1702	+	11.1893	4.92e-05	0.0475	CTAATTTTTTTATT
M328_0.6	ELAVL2	mmu_circ_0000905_Extracellular	9006	9019	+	11.1893	4.92e-05	0.0475	CTCTTTTCTTTTCT
M328_0.6	ELAVL2	hsa_circ_0002638_Extracellular	141	154	+	11.1834	4.95e-05	0.0475	CTTCTTTATGTATG
M328_0.6	ELAVL2	hsa_circ_0047744_Extracellular	504	517	+	11.1834	4.95e-05	0.0475	CTTATTTCCTTTTT
M328_0.6	ELAVL2	hsa_circ_0000973_Extracellular	2122	2135	+	11.1775	4.98e-05	0.0475	TTTTTTTTTTTTCC
M328_0.6	ELAVL2	hsa_circ_0000973_Extracellular	2122	2135	+	11.1775	4.98e-05	0.0475	TTTTTTTTTTTTCC
M328_0.6	ELAVL2	hsa_circ_0000246_Extracellular	2751	2764	+	11.1775	4.98e-05	0.0475	TTTTTTTTTTTTCA
M328_0.6	ELAVL2	hsa_circ_0000246_Extracellular	2751	2764	+	11.1775	4.98e-05	0.0475	TTTTTTTTTTTTCA
M328_0.6	ELAVL2	hsa_circ_0000246_Extracellular	4002	4015	+	11.1775	4.98e-05	0.0475	TTTTTTTTTTTTCC
M328_0.6	ELAVL2	hsa_circ_0000246_Extracellular	4002	4015	+	11.1775	4.98e-05	0.0475	TTTTTTTTTTTTCC
M328_0.6	ELAVL2	hsa_circ_0001812_Extracellular	4995	5008	+	11.1775	4.98e-05	0.0475	TTTTTTTTTTTTCC
M328_0.6	ELAVL2	hsa_circ_0001812_Extracellular	4995	5008	+	11.1775	4.98e-05	0.0475	TTTTTTTTTTTTCC
M328_0.6	ELAVL2	hsa_circ_0000443_Extracellular	5592	5605	+	11.1775	4.98e-05	0.0475	TTTTTTTTTTTTCC
M328_0.6	ELAVL2	hsa_circ_0000443_Extracellular	5592	5605	+	11.1775	4.98e-05	0.0475	TTTTTTTTTTTTCC
M328_0.6	ELAVL2	hsa_circ_0000442_Extracellular	5592	5605	+	11.1775	4.98e-05	0.0475	TTTTTTTTTTTTCC
M328_0.6	ELAVL2	hsa_circ_0000443_Extracellular	5592	5605	+	11.1775	4.98e-05	0.0475	TTTTTTTTTTTTCC
M328_0.6	ELAVL2	hsa_circ_0000442_Extracellular	5592	5605	+	11.1775	4.98e-05	0.0475	TTTTTTTTTTTTCC
M328_0.6	ELAVL2	hsa_circ_0100988_Extracellular	8201	8214	+	11.1775	4.98e-05	0.0475	TTTGTTTTTTTTCA
M328_0.6	ELAVL2	hsa_circ_0100988_Extracellular	8201	8214	+	11.1775	4.98e-05	0.0475	TTTGTTTTTTTTCA
M328_0.6	ELAVL2	hsa_circ_0000444_Extracellular	8947	8960	+	11.1775	4.98e-05	0.0475	TTTTTTTTTTTTCC
M328_0.6	ELAVL2	hsa_circ_0000444_Extracellular	8947	8960	+	11.1775	4.98e-05	0.0475	TTTTTTTTTTTTCC
M328_0.6	ELAVL2	mmu_circ_0000713_Extracellular	5598	5611	+	11.1716	5e-05	0.0476	ATGATTTTTTTATC
M328_0.6	ELAVL2	hsa_circ_0000090_Extracellular	5886	5899	+	11.1716	5e-05	0.0476	ATGATTTTTTTATA
M328_0.6	ELAVL2	hsa_circ_0000090_Extracellular	5886	5899	+	11.1716	5e-05	0.0476	ATGATTTTTTTATA
M328_0.6	ELAVL2	hsa_circ_0104808_Extracellular	11910	11923	+	11.1716	5e-05	0.0476	TTCATTTTTTATAT
M328_0.6	ELAVL2	hsa_circ_0104808_Extracellular	11910	11923	+	11.1716	5e-05	0.0476	TTCATTTTTTATAT
M328_0.6	ELAVL2	hsa_circ_0103911_Extracellular	91	104	+	11.1657	5.03e-05	0.0476	ATGCTTTTTATGCT
M328_0.6	ELAVL2	hsa_circ_0103911_Extracellular	91	104	+	11.1657	5.03e-05	0.0476	ATGCTTTTTATGCT
M328_0.6	ELAVL2	hsa_circ_0100832_Extracellular	1592	1605	+	11.1657	5.03e-05	0.0476	CTAATTTTATTTTT
M328_0.6	ELAVL2	hsa_circ_0100832_Extracellular	1592	1605	+	11.1657	5.03e-05	0.0476	CTAATTTTATTTTT
M328_0.6	ELAVL2	hsa_circ_0104761_Extracellular	3999	4012	+	11.1657	5.03e-05	0.0476	CTTATTTTTTTGAG
M328_0.6	ELAVL2	hsa_circ_0104761_Extracellular	3999	4012	+	11.1657	5.03e-05	0.0476	CTTATTTTTTTGAG
M328_0.6	ELAVL2	hsa_circ_0091803_Extracellular	4895	4908	+	11.1657	5.03e-05	0.0476	TCCCTTTTTTGTTG
M328_0.6	ELAVL2	hsa_circ_0100832_Extracellular	965	978	+	11.1538	5.08e-05	0.048	CTCTTTTATTTTTC
M328_0.6	ELAVL2	hsa_circ_0100832_Extracellular	965	978	+	11.1538	5.08e-05	0.048	CTCTTTTATTTTTC
M328_0.6	ELAVL2	hsa_circ_0103695_Extracellular	264	277	+	11.1479	5.11e-05	0.0482	ATAGTTTTTATTCT
M328_0.6	ELAVL2	hsa_circ_0103695_Extracellular	264	277	+	11.1479	5.11e-05	0.0482	ATAGTTTTTATTCT
M328_0.6	ELAVL2	hsa_circ_0004344_Extracellular	827	840	+	11.1361	5.15e-05	0.0486	CTTCTTTAAATTTA
M328_0.6	ELAVL2	hsa_circ_0004344_Extracellular	857	870	+	11.1361	5.15e-05	0.0486	AATATTTGTTTTTT
M328_0.6	ELAVL2	hsa_circ_0004623_Extracellular	872	885	+	11.1302	5.18e-05	0.0488	TTCCTTTCTTATTG
M328_0.6	ELAVL2	hsa_circ_0101050_Extracellular	616	629	+	11.1243	5.21e-05	0.0488	ATCATTTTTGTTGA
M328_0.6	ELAVL2	hsa_circ_0101050_Extracellular	616	629	+	11.1243	5.21e-05	0.0488	ATCATTTTTGTTGA
M328_0.6	ELAVL2	hsa_circ_0104761_Extracellular	3916	3929	+	11.1243	5.21e-05	0.0488	CAACTTTTTTTTTT
M328_0.6	ELAVL2	hsa_circ_0104761_Extracellular	3916	3929	+	11.1243	5.21e-05	0.0488	CAACTTTTTTTTTT
M328_0.6	ELAVL2	hsa_circ_0000726_Extracellular	6746	6759	+	11.1243	5.21e-05	0.0488	TTTATTTTTATTGA
M328_0.6	ELAVL2	hsa_circ_0000726_Extracellular	6746	6759	+	11.1243	5.21e-05	0.0488	TTTATTTTTATTGA
M328_0.6	ELAVL2	hsa_circ_0101050_Extracellular	327	340	+	11.1183	5.23e-05	0.0489	ATGCTTTCTGTTTT
M328_0.6	ELAVL2	hsa_circ_0101050_Extracellular	327	340	+	11.1183	5.23e-05	0.0489	ATGCTTTCTGTTTT
M328_0.6	ELAVL2	hsa_circ_0091803_Extracellular	4934	4947	+	11.1183	5.23e-05	0.0489	ATCTTTTTTCTTTT
M328_0.6	ELAVL2	hsa_circ_0000090_Extracellular	5420	5433	+	11.1183	5.23e-05	0.0489	AAAATTTTTTTTTT
M328_0.6	ELAVL2	hsa_circ_0000090_Extracellular	5420	5433	+	11.1183	5.23e-05	0.0489	AAAATTTTTTTTTT
M328_0.6	ELAVL2	mmu_circ_0000905_Extracellular	4035	4048	+	11.1124	5.26e-05	0.0491	TTGCTTTTTTATCT
M328_0.6	ELAVL2	hsa_circ_0004314_Extracellular	5796	5809	+	11.1065	5.29e-05	0.0493	TTCCTTTTCTATTG
M328_0.6	ELAVL2	hsa_circ_0004314_Extracellular	5796	5809	+	11.1065	5.29e-05	0.0493	TTCCTTTTCTATTG
M328_0.6	ELAVL2	hsa_circ_0004314_Extracellular	6878	6891	+	11.1006	5.32e-05	0.0495	CTCATTTGTCTTCC
M328_0.6	ELAVL2	hsa_circ_0004314_Extracellular	6878	6891	+	11.1006	5.32e-05	0.0495	CTCATTTGTCTTCC
M328_0.6	ELAVL2	hsa_circ_0103176_Extracellular	682	695	+	11.0947	5.35e-05	0.0495	GTGATTTTTTTTCC
M328_0.6	ELAVL2	hsa_circ_0103176_Extracellular	682	695	+	11.0947	5.35e-05	0.0495	GTGATTTTTTTTCC
M328_0.6	ELAVL2	hsa_circ_0103654_Extracellular	1239	1252	+	11.0947	5.35e-05	0.0495	TCCATTTATATTTA
M328_0.6	ELAVL2	hsa_circ_0103654_Extracellular	1239	1252	+	11.0947	5.35e-05	0.0495	TCCATTTATATTTA
M328_0.6	ELAVL2	hsa_circ_0000246_Extracellular	5136	5149	+	11.0947	5.35e-05	0.0495	ATTGTTTCTTTTCT
M328_0.6	ELAVL2	hsa_circ_0000246_Extracellular	5136	5149	+	11.0947	5.35e-05	0.0495	ATTGTTTCTTTTCT
M328_0.6	ELAVL2	hsa_circ_0104808_Extracellular	5777	5790	+	11.0947	5.35e-05	0.0495	GTGATTTTTTTTCA
M328_0.6	ELAVL2	hsa_circ_0104808_Extracellular	5777	5790	+	11.0947	5.35e-05	0.0495	GTGATTTTTTTTCA
M328_0.6	ELAVL2	hsa_circ_0000701_Extracellular	1712	1725	+	11.0888	5.38e-05	0.0497	TTCATTTTTGTTGT
M328_0.6	ELAVL2	hsa_circ_0000701_Extracellular	1712	1725	+	11.0888	5.38e-05	0.0497	TTCATTTTTGTTGT
M328_0.6	ELAVL2	hsa_circ_0103176_Extracellular	9925	9938	+	11.0828	5.41e-05	0.0499	TTTCTTTAATTTCA
M328_0.6	ELAVL2	hsa_circ_0103176_Extracellular	9925	9938	+	11.0828	5.41e-05	0.0499	TTTCTTTAATTTCA
M328_0.6	ELAVL2	hsa_circ_0000264_Extracellular	446	459	+	11.0769	5.43e-05	0.05	CTTATTTTTGTATT
M328_0.6	ELAVL2	hsa_circ_0000264_Extracellular	446	459	+	11.0769	5.43e-05	0.05	CTTATTTTTGTATT
M328_0.6	ELAVL2	hsa_circ_0101066_Extracellular	544	557	+	11.0769	5.43e-05	0.05	TTTCTTTTTCTTGG
M328_0.6	ELAVL2	hsa_circ_0101066_Extracellular	544	557	+	11.0769	5.43e-05	0.05	TTTCTTTTTCTTGG
M328_0.6	ELAVL2	hsa_circ_0001301_Extracellular	359	372	+	11.071	5.46e-05	0.05	CTCATTTTACTTTT
M328_0.6	ELAVL2	hsa_circ_0001301_Extracellular	359	372	+	11.071	5.46e-05	0.05	CTCATTTTACTTTT
M328_0.6	ELAVL2	hsa_circ_0001749_Extracellular	709	722	+	11.071	5.46e-05	0.05	ATTTTTTTCTTTCT
M328_0.6	ELAVL2	hsa_circ_0001749_Extracellular	709	722	+	11.071	5.46e-05	0.05	ATTTTTTTCTTTCT
M328_0.6	ELAVL2	hsa_circ_0004314_Extracellular	3132	3145	+	11.071	5.46e-05	0.05	ACAATTTTTTTTTC
M328_0.6	ELAVL2	hsa_circ_0004314_Extracellular	3132	3145	+	11.071	5.46e-05	0.05	ACAATTTTTTTTTC
M328_0.6	ELAVL2	hsa_circ_0102294_Extracellular	3985	3998	+	11.0651	5.49e-05	0.0502	ATTTTTTTGTTTTG
M328_0.6	ELAVL2	hsa_circ_0102294_Extracellular	3985	3998	+	11.0651	5.49e-05	0.0502	ATTTTTTTGTTTTG
M328_0.6	ELAVL2	hsa_circ_0004314_Extracellular	4066	4079	+	11.0592	5.52e-05	0.0502	CACATTTATTTTTC
M328_0.6	ELAVL2	hsa_circ_0004314_Extracellular	4066	4079	+	11.0592	5.52e-05	0.0502	CACATTTATTTTTC
M328_0.6	ELAVL2	hsa_circ_0000726_Extracellular	6742	6755	+	11.0592	5.52e-05	0.0502	CACATTTATTTTTA
M328_0.6	ELAVL2	hsa_circ_0000726_Extracellular	6742	6755	+	11.0592	5.52e-05	0.0502	CACATTTATTTTTA
M328_0.6	ELAVL2	hsa_circ_0102520_Extracellular	7668	7681	+	11.0592	5.52e-05	0.0502	ATCATTTCTTTGTG
M328_0.6	ELAVL2	hsa_circ_0102520_Extracellular	7668	7681	+	11.0592	5.52e-05	0.0502	ATCATTTCTTTGTG
M328_0.6	ELAVL2	hsa_circ_0004062_Extracellular	2844	2857	+	11.0473	5.57e-05	0.0506	GACCTTTTTTTTTT
M328_0.6	ELAVL2	hsa_circ_0004062_Extracellular	2844	2857	+	11.0473	5.57e-05	0.0506	GACCTTTTTTTTTT
M328_0.6	ELAVL2	hsa_circ_0101066_Extracellular	540	553	+	11.0414	5.6e-05	0.0509	CTACTTTCTTTTTC
M328_0.6	ELAVL2	hsa_circ_0101066_Extracellular	540	553	+	11.0414	5.6e-05	0.0509	CTACTTTCTTTTTC
M328_0.6	ELAVL2	hsa_circ_0104980_Extracellular	11559	11572	+	11.0296	5.66e-05	0.0512	TTTCTTTTTTTGAG
M328_0.6	ELAVL2	hsa_circ_0104980_Extracellular	11559	11572	+	11.0296	5.66e-05	0.0512	TTTCTTTTTTTGAG
M328_0.6	ELAVL2	hsa_circ_0091803_Extracellular	4956	4969	+	11.0178	5.71e-05	0.0512	CCCTTTTTTTTTTT
M328_0.6	ELAVL2	hsa_circ_0103045_Extracellular	8729	8742	+	11.0178	5.71e-05	0.0512	TTGCTTTACTTTTT
M328_0.6	ELAVL2	hsa_circ_0103045_Extracellular	8729	8742	+	11.0178	5.71e-05	0.0512	TTGCTTTACTTTTT
M328_0.6	ELAVL2	hsa_circ_0104534_Extracellular	24	37	+	11.0118	5.75e-05	0.0512	CTTCTTTATTGTCC
M328_0.6	ELAVL2	hsa_circ_0104534_Extracellular	24	37	+	11.0118	5.75e-05	0.0512	CTTCTTTATTGTCC
M328_0.6	ELAVL2	hsa_circ_0101493_Extracellular	1461	1474	+	11.0118	5.75e-05	0.0512	ATCCTTTTCATTGC
M328_0.6	ELAVL2	hsa_circ_0101493_Extracellular	1461	1474	+	11.0118	5.75e-05	0.0512	ATCCTTTTCATTGC
M328_0.6	ELAVL2	hsa_circ_0001174_Extracellular	88	101	+	11.0059	5.78e-05	0.0512	ATTCTTTAAGTTTT
M328_0.6	ELAVL2	hsa_circ_0001174_Extracellular	88	101	+	11.0059	5.78e-05	0.0512	ATTCTTTAAGTTTT
M328_0.6	ELAVL2	hsa_circ_0004062_Extracellular	475	488	+	11	5.81e-05	0.0512	TTCATTTTTCTTAA
M328_0.6	ELAVL2	hsa_circ_0004062_Extracellular	475	488	+	11	5.81e-05	0.0512	TTCATTTTTCTTAA
M328_0.6	ELAVL2	mmu_circ_0000905_Extracellular	9109	9122	+	10.9941	5.84e-05	0.0512	TTCTTTTCTTTTTG
M328_0.6	ELAVL2	hsa_circ_0000090_Extracellular	696	709	+	10.9882	5.87e-05	0.0512	TTCCTTTGCTTTTC
M328_0.6	ELAVL2	hsa_circ_0000090_Extracellular	696	709	+	10.9882	5.87e-05	0.0512	TTCCTTTGCTTTTC
M328_0.6	ELAVL2	hsa_circ_0000204_Extracellular	933	946	+	10.9822	5.9e-05	0.0512	ATTTTTTTTTTTAA
M328_0.6	ELAVL2	hsa_circ_0000204_Extracellular	933	946	+	10.9822	5.9e-05	0.0512	ATTTTTTTTTTTAA
M328_0.6	ELAVL2	hsa_circ_0002027_Extracellular	1005	1018	+	10.9822	5.9e-05	0.0512	CTCATTTTATTATT
M328_0.6	ELAVL2	hsa_circ_0004062_Extracellular	1179	1192	+	10.9763	5.93e-05	0.0512	ATTATTTTACTTTT
M328_0.6	ELAVL2	hsa_circ_0004062_Extracellular	1179	1192	+	10.9763	5.93e-05	0.0512	ATTATTTTACTTTT
M328_0.6	ELAVL2	hsa_circ_0102762_Extracellular	338	351	+	10.9704	5.96e-05	0.0512	TTTGTTTTTTTTTA
M328_0.6	ELAVL2	hsa_circ_0102762_Extracellular	338	351	+	10.9704	5.96e-05	0.0512	TTTGTTTTTTTTTA
M328_0.6	ELAVL2	hsa_circ_0000726_Extracellular	685	698	+	10.9704	5.96e-05	0.0512	TTTTTTTTTTTTTA
M328_0.6	ELAVL2	hsa_circ_0000726_Extracellular	685	698	+	10.9704	5.96e-05	0.0512	TTTTTTTTTTTTTA
M328_0.6	ELAVL2	hsa_circ_0021091_Extracellular	897	910	+	10.9704	5.96e-05	0.0512	TTTTTTTTTTTTTA
M328_0.6	ELAVL2	hsa_circ_0000701_Extracellular	1010	1023	+	10.9704	5.96e-05	0.0512	TTTGTTTTTTTTTA
M328_0.6	ELAVL2	hsa_circ_0000701_Extracellular	1010	1023	+	10.9704	5.96e-05	0.0512	TTTGTTTTTTTTTA
M328_0.6	ELAVL2	hsa_circ_0100832_Extracellular	1713	1726	+	10.9704	5.96e-05	0.0512	TTTTTTTTTTTTTC
M328_0.6	ELAVL2	hsa_circ_0100832_Extracellular	1713	1726	+	10.9704	5.96e-05	0.0512	TTTTTTTTTTTTTC
M328_0.6	ELAVL2	hsa_circ_0063313_Extracellular	1901	1914	+	10.9704	5.96e-05	0.0512	TTTTTTTTTTTTTA
M328_0.6	ELAVL2	hsa_circ_0063313_Extracellular	1901	1914	+	10.9704	5.96e-05	0.0512	TTTTTTTTTTTTTA
M328_0.6	ELAVL2	hsa_circ_0063313_Extracellular	1901	1914	+	10.9704	5.96e-05	0.0512	TTTTTTTTTTTTTA
M328_0.6	ELAVL2	hsa_circ_0000973_Extracellular	2121	2134	+	10.9704	5.96e-05	0.0512	TTTTTTTTTTTTTC
M328_0.6	ELAVL2	hsa_circ_0000973_Extracellular	2121	2134	+	10.9704	5.96e-05	0.0512	TTTTTTTTTTTTTC
M328_0.6	ELAVL2	hsa_circ_0000246_Extracellular	2750	2763	+	10.9704	5.96e-05	0.0512	TTTTTTTTTTTTTC
M328_0.6	ELAVL2	hsa_circ_0000246_Extracellular	2750	2763	+	10.9704	5.96e-05	0.0512	TTTTTTTTTTTTTC
M328_0.6	ELAVL2	hsa_circ_0000246_Extracellular	3638	3651	+	10.9704	5.96e-05	0.0512	TTTTTTTTTTTTTC
M328_0.6	ELAVL2	hsa_circ_0000246_Extracellular	3638	3651	+	10.9704	5.96e-05	0.0512	TTTTTTTTTTTTTC
M328_0.6	ELAVL2	hsa_circ_0102520_Extracellular	4043	4056	+	10.9704	5.96e-05	0.0512	TTTTTTTTTTTTTA
M328_0.6	ELAVL2	hsa_circ_0102520_Extracellular	4043	4056	+	10.9704	5.96e-05	0.0512	TTTTTTTTTTTTTA
M328_0.6	ELAVL2	hsa_circ_0102520_Extracellular	4418	4431	+	10.9704	5.96e-05	0.0512	TTTTTTTTTTTTTA
M328_0.6	ELAVL2	hsa_circ_0102520_Extracellular	4418	4431	+	10.9704	5.96e-05	0.0512	TTTTTTTTTTTTTA
M328_0.6	ELAVL2	hsa_circ_0101018_Extracellular	4647	4660	+	10.9704	5.96e-05	0.0512	TTTTTTTTTTTTTA
M328_0.6	ELAVL2	hsa_circ_0101018_Extracellular	4647	4660	+	10.9704	5.96e-05	0.0512	TTTTTTTTTTTTTA
M328_0.6	ELAVL2	hsa_circ_0001812_Extracellular	4994	5007	+	10.9704	5.96e-05	0.0512	TTTTTTTTTTTTTC
M328_0.6	ELAVL2	hsa_circ_0001812_Extracellular	4994	5007	+	10.9704	5.96e-05	0.0512	TTTTTTTTTTTTTC
M328_0.6	ELAVL2	hsa_circ_0000443_Extracellular	5591	5604	+	10.9704	5.96e-05	0.0512	TTTTTTTTTTTTTC
M328_0.6	ELAVL2	hsa_circ_0000442_Extracellular	5591	5604	+	10.9704	5.96e-05	0.0512	TTTTTTTTTTTTTC
M328_0.6	ELAVL2	hsa_circ_0000443_Extracellular	5591	5604	+	10.9704	5.96e-05	0.0512	TTTTTTTTTTTTTC
M328_0.6	ELAVL2	hsa_circ_0000443_Extracellular	5591	5604	+	10.9704	5.96e-05	0.0512	TTTTTTTTTTTTTC
M328_0.6	ELAVL2	hsa_circ_0000442_Extracellular	5591	5604	+	10.9704	5.96e-05	0.0512	TTTTTTTTTTTTTC
M328_0.6	ELAVL2	hsa_circ_0001812_Extracellular	5738	5751	+	10.9704	5.96e-05	0.0512	TTTTTTTTTTTTTA
M328_0.6	ELAVL2	hsa_circ_0001812_Extracellular	5738	5751	+	10.9704	5.96e-05	0.0512	TTTTTTTTTTTTTA
M328_0.6	ELAVL2	hsa_circ_0000246_Extracellular	7387	7400	+	10.9704	5.96e-05	0.0512	TTTTTTTTTTTTTA
M328_0.6	ELAVL2	hsa_circ_0000246_Extracellular	7387	7400	+	10.9704	5.96e-05	0.0512	TTTTTTTTTTTTTA
M328_0.6	ELAVL2	hsa_circ_0001306_Extracellular	7397	7410	+	10.9704	5.96e-05	0.0512	TTTTTTTTTTTTTA
M328_0.6	ELAVL2	hsa_circ_0001306_Extracellular	7397	7410	+	10.9704	5.96e-05	0.0512	TTTTTTTTTTTTTA
M328_0.6	ELAVL2	hsa_circ_0000726_Extracellular	7537	7550	+	10.9704	5.96e-05	0.0512	TTTTTTTTTTTTTA
M328_0.6	ELAVL2	hsa_circ_0000726_Extracellular	7537	7550	+	10.9704	5.96e-05	0.0512	TTTTTTTTTTTTTA
M328_0.6	ELAVL2	hsa_circ_0000444_Extracellular	8946	8959	+	10.9704	5.96e-05	0.0512	TTTTTTTTTTTTTC
M328_0.6	ELAVL2	hsa_circ_0000444_Extracellular	8946	8959	+	10.9704	5.96e-05	0.0512	TTTTTTTTTTTTTC
M328_0.6	ELAVL2	mmu_circ_0000905_Extracellular	9366	9379	+	10.9704	5.96e-05	0.0512	TTTTTTTTTTTTTC
M328_0.6	ELAVL2	mmu_circ_0000713_Extracellular	9371	9384	+	10.9704	5.96e-05	0.0512	TTTTTTTTTTTTTA
M328_0.6	ELAVL2	hsa_circ_0104904_Extracellular	11619	11632	+	10.9704	5.96e-05	0.0512	TTTTTTTTTTTTTA
M328_0.6	ELAVL2	hsa_circ_0104904_Extracellular	11619	11632	+	10.9704	5.96e-05	0.0512	TTTTTTTTTTTTTA
M328_0.6	ELAVL2	hsa_circ_0104904_Extracellular	11669	11682	+	10.9704	5.96e-05	0.0512	TTTTTTTTTTTTTA
M328_0.6	ELAVL2	hsa_circ_0104904_Extracellular	11669	11682	+	10.9704	5.96e-05	0.0512	TTTTTTTTTTTTTA
M328_0.6	ELAVL2	hsa_circ_0001306_Extracellular	12090	12103	+	10.9704	5.96e-05	0.0512	TTTTTTTTTTTTTA
M328_0.6	ELAVL2	hsa_circ_0001306_Extracellular	12090	12103	+	10.9704	5.96e-05	0.0512	TTTTTTTTTTTTTA
M328_0.6	ELAVL2	hsa_circ_0000965_Extracellular	1116	1129	+	10.9645	5.99e-05	0.0512	AATATTTATTTTTA
M328_0.6	ELAVL2	hsa_circ_0000965_Extracellular	1116	1129	+	10.9645	5.99e-05	0.0512	AATATTTATTTTTA
M328_0.6	ELAVL2	hsa_circ_0000965_Extracellular	1116	1129	+	10.9645	5.99e-05	0.0512	AATATTTATTTTTA
M328_0.6	ELAVL2	hsa_circ_0104904_Extracellular	6078	6091	+	10.9645	5.99e-05	0.0512	TTGCTTTTCTTTTA
M328_0.6	ELAVL2	hsa_circ_0104904_Extracellular	6078	6091	+	10.9645	5.99e-05	0.0512	TTGCTTTTCTTTTA
M328_0.6	ELAVL2	mmu_circ_0000905_Extracellular	874	887	+	10.9586	6.02e-05	0.0512	CTCTTTTTCTTTTT
M328_0.6	ELAVL2	hsa_circ_0000965_Extracellular	1090	1103	+	10.9586	6.02e-05	0.0512	ACTATTTTTGTTTA
M328_0.6	ELAVL2	hsa_circ_0000965_Extracellular	1090	1103	+	10.9586	6.02e-05	0.0512	ACTATTTTTGTTTA
M328_0.6	ELAVL2	hsa_circ_0000965_Extracellular	1090	1103	+	10.9586	6.02e-05	0.0512	ACTATTTTTGTTTA
M328_0.6	ELAVL2	hsa_circ_0000443_Extracellular	1103	1116	+	10.9586	6.02e-05	0.0512	CTGCTTTATATATT
M328_0.6	ELAVL2	hsa_circ_0000443_Extracellular	1103	1116	+	10.9586	6.02e-05	0.0512	CTGCTTTATATATT
M328_0.6	ELAVL2	hsa_circ_0000442_Extracellular	1103	1116	+	10.9586	6.02e-05	0.0512	CTGCTTTATATATT
M328_0.6	ELAVL2	hsa_circ_0000443_Extracellular	1103	1116	+	10.9586	6.02e-05	0.0512	CTGCTTTATATATT
M328_0.6	ELAVL2	hsa_circ_0000442_Extracellular	1103	1116	+	10.9586	6.02e-05	0.0512	CTGCTTTATATATT
M328_0.6	ELAVL2	hsa_circ_0069313_Extracellular	1552	1565	+	10.9586	6.02e-05	0.0512	ATTTTTTGTATTTT
M328_0.6	ELAVL2	hsa_circ_0069313_Extracellular	1552	1565	+	10.9586	6.02e-05	0.0512	ATTTTTTGTATTTT
M328_0.6	ELAVL2	hsa_circ_0100988_Extracellular	2861	2874	+	10.9586	6.02e-05	0.0512	ATTTTTTGTATTTT
M328_0.6	ELAVL2	hsa_circ_0100988_Extracellular	2861	2874	+	10.9586	6.02e-05	0.0512	ATTTTTTGTATTTT
M328_0.6	ELAVL2	hsa_circ_0104761_Extracellular	4127	4140	+	10.9586	6.02e-05	0.0512	ATTTTTTGTATTTT
M328_0.6	ELAVL2	hsa_circ_0104761_Extracellular	4127	4140	+	10.9586	6.02e-05	0.0512	ATTTTTTGTATTTT
M328_0.6	ELAVL2	hsa_circ_0000444_Extracellular	4458	4471	+	10.9586	6.02e-05	0.0512	CTGCTTTATATATT
M328_0.6	ELAVL2	hsa_circ_0000444_Extracellular	4458	4471	+	10.9586	6.02e-05	0.0512	CTGCTTTATATATT
M328_0.6	ELAVL2	hsa_circ_0001812_Extracellular	4835	4848	+	10.9586	6.02e-05	0.0512	TTTATTTTTAGTAG
M328_0.6	ELAVL2	hsa_circ_0001812_Extracellular	4835	4848	+	10.9586	6.02e-05	0.0512	TTTATTTTTAGTAG
M328_0.6	ELAVL2	hsa_circ_0001812_Extracellular	5938	5951	+	10.9586	6.02e-05	0.0512	ATTTTTTGTATTTT
M328_0.6	ELAVL2	hsa_circ_0001812_Extracellular	5938	5951	+	10.9586	6.02e-05	0.0512	ATTTTTTGTATTTT
M328_0.6	ELAVL2	hsa_circ_0070761_Extracellular	191	204	+	10.9527	6.05e-05	0.0513	TTGCTTTACATTCT
M328_0.6	ELAVL2	hsa_circ_0070762_Extracellular	191	204	+	10.9527	6.05e-05	0.0513	TTGCTTTACATTCT
M328_0.6	ELAVL2	hsa_circ_0000090_Extracellular	883	896	+	10.9527	6.05e-05	0.0513	TTCATATTTTTTTT
M328_0.6	ELAVL2	hsa_circ_0000090_Extracellular	883	896	+	10.9527	6.05e-05	0.0513	TTCATATTTTTTTT
M328_0.6	ELAVL2	hsa_circ_0021091_Extracellular	1409	1422	+	10.9527	6.05e-05	0.0513	TTAATTTTTCTTCT
M328_0.6	ELAVL2	hsa_circ_0101066_Extracellular	449	462	+	10.9467	6.09e-05	0.0514	ATACTTTGATTTTG
M328_0.6	ELAVL2	hsa_circ_0101066_Extracellular	449	462	+	10.9467	6.09e-05	0.0514	ATACTTTGATTTTG
M328_0.6	ELAVL2	hsa_circ_0104980_Extracellular	1179	1192	+	10.9467	6.09e-05	0.0514	TTTTTTTTTTTTAT
M328_0.6	ELAVL2	hsa_circ_0104980_Extracellular	1179	1192	+	10.9467	6.09e-05	0.0514	TTTTTTTTTTTTAT
M328_0.6	ELAVL2	hsa_circ_0001306_Extracellular	11718	11731	+	10.9467	6.09e-05	0.0514	ATCTTTTTTTGTTG
M328_0.6	ELAVL2	hsa_circ_0001306_Extracellular	11718	11731	+	10.9467	6.09e-05	0.0514	ATCTTTTTTTGTTG
M159_0.6	A2BP1	hsa_circ_0008989_Extracellular	18	24	+	11.4412	6.1e-05	1	TGCATGC
M159_0.6	A2BP1	hsa_circ_0000851_Extracellular	22	28	+	11.4412	6.1e-05	1	TGCATGC
M159_0.6	A2BP1	hsa_circ_0000851_Extracellular	22	28	+	11.4412	6.1e-05	1	TGCATGC
M159_0.6	A2BP1	hsa_circ_0103790_Extracellular	23	29	+	11.4412	6.1e-05	1	TGCATGC
M159_0.6	A2BP1	hsa_circ_0103790_Extracellular	23	29	+	11.4412	6.1e-05	1	TGCATGC
M159_0.6	A2BP1	hsa_circ_0008989_Extracellular	48	54	+	11.4412	6.1e-05	1	TGCATGC
M159_0.6	A2BP1	hsa_circ_0008199_Extracellular	130	136	+	11.4412	6.1e-05	1	TGCATGC
M159_0.6	A2BP1	hsa_circ_0008199_Extracellular	130	136	+	11.4412	6.1e-05	1	TGCATGC
M159_0.6	A2BP1	hsa_circ_0002638_Extracellular	153	159	+	11.4412	6.1e-05	1	TGCATGC
M159_0.6	A2BP1	hsa_circ_0000747_Extracellular	182	188	+	11.4412	6.1e-05	1	TGCATGC
M159_0.6	A2BP1	hsa_circ_0000747_Extracellular	182	188	+	11.4412	6.1e-05	1	TGCATGC
M159_0.6	A2BP1	hsa_circ_0002638_Extracellular	213	219	+	11.4412	6.1e-05	1	TGCATGC
M159_0.6	A2BP1	hsa_circ_0079230_Extracellular	226	232	+	11.4412	6.1e-05	1	TGCATGC
M159_0.6	A2BP1	hsa_circ_0079230_Extracellular	226	232	+	11.4412	6.1e-05	1	TGCATGC
M159_0.6	A2BP1	hsa_circ_0000053_Extracellular	231	237	+	11.4412	6.1e-05	1	TGCATGC
M159_0.6	A2BP1	hsa_circ_0000053_Extracellular	231	237	+	11.4412	6.1e-05	1	TGCATGC
M159_0.6	A2BP1	hsa_circ_0006859_Extracellular	247	253	+	11.4412	6.1e-05	1	TGCATGC
M159_0.6	A2BP1	hsa_circ_0079230_Extracellular	286	292	+	11.4412	6.1e-05	1	TGCATGC
M159_0.6	A2BP1	hsa_circ_0079230_Extracellular	286	292	+	11.4412	6.1e-05	1	TGCATGC
M159_0.6	A2BP1	hsa_circ_0000759_Extracellular	333	339	+	11.4412	6.1e-05	1	TGCATGC
M159_0.6	A2BP1	hsa_circ_0000759_Extracellular	333	339	+	11.4412	6.1e-05	1	TGCATGC
M159_0.6	A2BP1	hsa_circ_0102394_Extracellular	397	403	+	11.4412	6.1e-05	1	TGCATGC
M159_0.6	A2BP1	hsa_circ_0102394_Extracellular	397	403	+	11.4412	6.1e-05	1	TGCATGC
M159_0.6	A2BP1	hsa_circ_0008199_Extracellular	413	419	+	11.4412	6.1e-05	1	TGCATGC
M159_0.6	A2BP1	hsa_circ_0008199_Extracellular	413	419	+	11.4412	6.1e-05	1	TGCATGC
M159_0.6	A2BP1	hsa_circ_0007783_Extracellular	422	428	+	11.4412	6.1e-05	1	TGCATGC
M159_0.6	A2BP1	hsa_circ_0007783_Extracellular	422	428	+	11.4412	6.1e-05	1	TGCATGC
M159_0.6	A2BP1	hsa_circ_0100796_Extracellular	435	441	+	11.4412	6.1e-05	1	TGCATGC
M159_0.6	A2BP1	hsa_circ_0100796_Extracellular	435	441	+	11.4412	6.1e-05	1	TGCATGC
M159_0.6	A2BP1	hsa_circ_0003863_Extracellular	456	462	+	11.4412	6.1e-05	1	TGCATGC
M159_0.6	A2BP1	hsa_circ_0103654_Extracellular	566	572	+	11.4412	6.1e-05	1	TGCATGC
M159_0.6	A2BP1	hsa_circ_0103654_Extracellular	566	572	+	11.4412	6.1e-05	1	TGCATGC
M159_0.6	A2BP1	hsa_circ_0001273_Extracellular	638	644	+	11.4412	6.1e-05	1	TGCATGC
M159_0.6	A2BP1	hsa_circ_0001273_Extracellular	638	644	+	11.4412	6.1e-05	1	TGCATGC
M159_0.6	A2BP1	hsa_circ_0026129_Extracellular	907	913	+	11.4412	6.1e-05	1	TGCATGC
M159_0.6	A2BP1	hsa_circ_0026102_Extracellular	1202	1208	+	11.4412	6.1e-05	1	TGCATGC
M159_0.6	A2BP1	hsa_circ_0000377_Extracellular	1404	1410	+	11.4412	6.1e-05	1	TGCATGC
M159_0.6	A2BP1	hsa_circ_0000377_Extracellular	1404	1410	+	11.4412	6.1e-05	1	TGCATGC
M159_0.6	A2BP1	hsa_circ_0087783_Extracellular	1497	1503	+	11.4412	6.1e-05	1	TGCATGC
M159_0.6	A2BP1	hsa_circ_0001190_Extracellular	1513	1519	+	11.4412	6.1e-05	1	TGCATGC
M159_0.6	A2BP1	hsa_circ_0001190_Extracellular	1513	1519	+	11.4412	6.1e-05	1	TGCATGC
M159_0.6	A2BP1	hsa_circ_0001704_Extracellular	1984	1990	+	11.4412	6.1e-05	1	TGCATGC
M159_0.6	A2BP1	hsa_circ_0001704_Extracellular	1984	1990	+	11.4412	6.1e-05	1	TGCATGC
M159_0.6	A2BP1	hsa_circ_0104168_Extracellular	2025	2031	+	11.4412	6.1e-05	1	TGCATGC
M159_0.6	A2BP1	hsa_circ_0104168_Extracellular	2025	2031	+	11.4412	6.1e-05	1	TGCATGC
M159_0.6	A2BP1	hsa_circ_0001704_Extracellular	2143	2149	+	11.4412	6.1e-05	1	TGCATGC
M159_0.6	A2BP1	hsa_circ_0001704_Extracellular	2143	2149	+	11.4412	6.1e-05	1	TGCATGC
M159_0.6	A2BP1	hsa_circ_0104980_Extracellular	2172	2178	+	11.4412	6.1e-05	1	TGCATGC
M159_0.6	A2BP1	hsa_circ_0104980_Extracellular	2172	2178	+	11.4412	6.1e-05	1	TGCATGC
M159_0.6	A2BP1	hsa_circ_0102520_Extracellular	2283	2289	+	11.4412	6.1e-05	1	TGCATGC
M159_0.6	A2BP1	hsa_circ_0102520_Extracellular	2283	2289	+	11.4412	6.1e-05	1	TGCATGC
M159_0.6	A2BP1	hsa_circ_0110664_Extracellular	2600	2606	+	11.4412	6.1e-05	1	TGCATGC
M159_0.6	A2BP1	hsa_circ_0000973_Extracellular	3607	3613	+	11.4412	6.1e-05	1	TGCATGC
M159_0.6	A2BP1	hsa_circ_0000973_Extracellular	3607	3613	+	11.4412	6.1e-05	1	TGCATGC
M159_0.6	A2BP1	hsa_circ_0009684_Extracellular	3610	3616	+	11.4412	6.1e-05	1	TGCATGC
M159_0.6	A2BP1	hsa_circ_0009684_Extracellular	3610	3616	+	11.4412	6.1e-05	1	TGCATGC
M159_0.6	A2BP1	hsa_circ_0059639_Extracellular	4109	4115	+	11.4412	6.1e-05	1	TGCATGC
M159_0.6	A2BP1	hsa_circ_0104808_Extracellular	4854	4860	+	11.4412	6.1e-05	1	TGCATGC
M159_0.6	A2BP1	hsa_circ_0104808_Extracellular	4854	4860	+	11.4412	6.1e-05	1	TGCATGC
M159_0.6	A2BP1	hsa_circ_0026102_Extracellular	5362	5368	+	11.4412	6.1e-05	1	TGCATGC
M159_0.6	A2BP1	hsa_circ_0000090_Extracellular	7350	7356	+	11.4412	6.1e-05	1	TGCATGC
M159_0.6	A2BP1	hsa_circ_0000090_Extracellular	7350	7356	+	11.4412	6.1e-05	1	TGCATGC
M159_0.6	A2BP1	mmu_circ_0000713_Extracellular	7943	7949	+	11.4412	6.1e-05	1	TGCATGC
M159_0.6	A2BP1	hsa_circ_0001812_Extracellular	9741	9747	+	11.4412	6.1e-05	1	TGCATGC
M159_0.6	A2BP1	hsa_circ_0001812_Extracellular	9741	9747	+	11.4412	6.1e-05	1	TGCATGC
M159_0.6	A2BP1	mmu_circ_0000905_Extracellular	9856	9862	+	11.4412	6.1e-05	1	TGCATGC
M159_0.6	A2BP1	mmu_circ_0000905_Extracellular	9916	9922	+	11.4412	6.1e-05	1	TGCATGC
M159_0.6	A2BP1	hsa_circ_0000233_Extracellular	10348	10354	+	11.4412	6.1e-05	1	TGCATGC
M159_0.6	A2BP1	hsa_circ_0000233_Extracellular	10348	10354	+	11.4412	6.1e-05	1	TGCATGC
M159_0.6	A2BP1	hsa_circ_0001306_Extracellular	11899	11905	+	11.4412	6.1e-05	1	TGCATGC
M159_0.6	A2BP1	hsa_circ_0001306_Extracellular	11899	11905	+	11.4412	6.1e-05	1	TGCATGC
M159_0.6	A2BP1	hsa_circ_0001306_Extracellular	11959	11965	+	11.4412	6.1e-05	1	TGCATGC
M159_0.6	A2BP1	hsa_circ_0001306_Extracellular	11959	11965	+	11.4412	6.1e-05	1	TGCATGC
M158_0.6	HNRNPCL1	hsa_circ_0003823_Extracellular	10	16	+	11.5118	6.1e-05	0.147	ATTTTTT
M158_0.6	HNRNPCL1	hsa_circ_0002555_Extracellular	11	17	+	11.5118	6.1e-05	0.147	ATTTTTT
M158_0.6	HNRNPCL1	hsa_circ_0000264_Extracellular	11	17	+	11.5118	6.1e-05	0.147	ATTTTTT
M158_0.6	HNRNPCL1	hsa_circ_0000264_Extracellular	11	17	+	11.5118	6.1e-05	0.147	ATTTTTT
M158_0.6	HNRNPCL1	hsa_circ_0100705_Extracellular	31	37	+	11.5118	6.1e-05	0.147	ATTTTTT
M158_0.6	HNRNPCL1	hsa_circ_0100705_Extracellular	31	37	+	11.5118	6.1e-05	0.147	ATTTTTT
M158_0.6	HNRNPCL1	hsa_circ_0001484_Extracellular	35	41	+	11.5118	6.1e-05	0.147	ATTTTTT
M158_0.6	HNRNPCL1	hsa_circ_0001484_Extracellular	35	41	+	11.5118	6.1e-05	0.147	ATTTTTT
M158_0.6	HNRNPCL1	hsa_circ_0001675_Extracellular	40	46	+	11.5118	6.1e-05	0.147	ATTTTTT
M158_0.6	HNRNPCL1	hsa_circ_0001675_Extracellular	40	46	+	11.5118	6.1e-05	0.147	ATTTTTT
M158_0.6	HNRNPCL1	hsa_circ_0003823_Extracellular	70	76	+	11.5118	6.1e-05	0.147	ATTTTTT
M158_0.6	HNRNPCL1	hsa_circ_0001998_Extracellular	76	82	+	11.5118	6.1e-05	0.147	ATTTTTT
M158_0.6	HNRNPCL1	hsa_circ_0001998_Extracellular	76	82	+	11.5118	6.1e-05	0.147	ATTTTTT
M158_0.6	HNRNPCL1	hsa_circ_0001534_Extracellular	78	84	+	11.5118	6.1e-05	0.147	ATTTTTT
M158_0.6	HNRNPCL1	hsa_circ_0001534_Extracellular	78	84	+	11.5118	6.1e-05	0.147	ATTTTTT
M158_0.6	HNRNPCL1	hsa_circ_0001844_Extracellular	83	89	+	11.5118	6.1e-05	0.147	ATTTTTT
M158_0.6	HNRNPCL1	hsa_circ_0001844_Extracellular	83	89	+	11.5118	6.1e-05	0.147	ATTTTTT
M158_0.6	HNRNPCL1	hsa_circ_0125310_Extracellular	87	93	+	11.5118	6.1e-05	0.147	ATTTTTT
M158_0.6	HNRNPCL1	hsa_circ_0001451_Extracellular	95	101	+	11.5118	6.1e-05	0.147	ATTTTTT
M158_0.6	HNRNPCL1	hsa_circ_0001451_Extracellular	95	101	+	11.5118	6.1e-05	0.147	ATTTTTT
M158_0.6	HNRNPCL1	hsa_circ_0004089_Extracellular	101	107	+	11.5118	6.1e-05	0.147	ATTTTTT
M158_0.6	HNRNPCL1	hsa_circ_0004089_Extracellular	101	107	+	11.5118	6.1e-05	0.147	ATTTTTT
M158_0.6	HNRNPCL1	hsa_circ_0007293_Extracellular	106	112	+	11.5118	6.1e-05	0.147	ATTTTTT
M158_0.6	HNRNPCL1	hsa_circ_0047156_Extracellular	108	114	+	11.5118	6.1e-05	0.147	ATTTTTT
M158_0.6	HNRNPCL1	hsa_circ_0086471_Extracellular	111	117	+	11.5118	6.1e-05	0.147	ATTTTTT
M158_0.6	HNRNPCL1	hsa_circ_0002412_Extracellular	118	124	+	11.5118	6.1e-05	0.147	ATTTTTT
M158_0.6	HNRNPCL1	hsa_circ_0002412_Extracellular	118	124	+	11.5118	6.1e-05	0.147	ATTTTTT
M158_0.6	HNRNPCL1	hsa_circ_0049058_Extracellular	133	139	+	11.5118	6.1e-05	0.147	ATTTTTT
M158_0.6	HNRNPCL1	hsa_circ_0001998_Extracellular	136	142	+	11.5118	6.1e-05	0.147	ATTTTTT
M158_0.6	HNRNPCL1	hsa_circ_0001998_Extracellular	136	142	+	11.5118	6.1e-05	0.147	ATTTTTT
M158_0.6	HNRNPCL1	hsa_circ_0001534_Extracellular	138	144	+	11.5118	6.1e-05	0.147	ATTTTTT
M158_0.6	HNRNPCL1	hsa_circ_0001534_Extracellular	138	144	+	11.5118	6.1e-05	0.147	ATTTTTT
M158_0.6	HNRNPCL1	hsa_circ_0073470_Extracellular	143	149	+	11.5118	6.1e-05	0.147	ATTTTTT
M158_0.6	HNRNPCL1	hsa_circ_0004089_Extracellular	172	178	+	11.5118	6.1e-05	0.147	ATTTTTT
M158_0.6	HNRNPCL1	hsa_circ_0004089_Extracellular	172	178	+	11.5118	6.1e-05	0.147	ATTTTTT
M158_0.6	HNRNPCL1	hsa_circ_0001297_Extracellular	177	183	+	11.5118	6.1e-05	0.147	ATTTTTT
M158_0.6	HNRNPCL1	hsa_circ_0001297_Extracellular	177	183	+	11.5118	6.1e-05	0.147	ATTTTTT
M158_0.6	HNRNPCL1	hsa_circ_0100988_Extracellular	196	202	+	11.5118	6.1e-05	0.147	ATTTTTT
M158_0.6	HNRNPCL1	hsa_circ_0100988_Extracellular	196	202	+	11.5118	6.1e-05	0.147	ATTTTTT
M158_0.6	HNRNPCL1	hsa_circ_0104904_Extracellular	203	209	+	11.5118	6.1e-05	0.147	ATTTTTT
M158_0.6	HNRNPCL1	hsa_circ_0104904_Extracellular	203	209	+	11.5118	6.1e-05	0.147	ATTTTTT
M158_0.6	HNRNPCL1	hsa_circ_0000538_Extracellular	205	211	+	11.5118	6.1e-05	0.147	ATTTTTT
M158_0.6	HNRNPCL1	hsa_circ_0000538_Extracellular	205	211	+	11.5118	6.1e-05	0.147	ATTTTTT
M158_0.6	HNRNPCL1	hsa_circ_0043837_Extracellular	247	253	+	11.5118	6.1e-05	0.147	ATTTTTT
M158_0.6	HNRNPCL1	hsa_circ_0000996_Extracellular	259	265	+	11.5118	6.1e-05	0.147	ATTTTTT
M158_0.6	HNRNPCL1	hsa_circ_0000996_Extracellular	259	265	+	11.5118	6.1e-05	0.147	ATTTTTT
M158_0.6	HNRNPCL1	hsa_circ_0101050_Extracellular	263	269	+	11.5118	6.1e-05	0.147	ATTTTTT
M158_0.6	HNRNPCL1	hsa_circ_0101050_Extracellular	263	269	+	11.5118	6.1e-05	0.147	ATTTTTT
M158_0.6	HNRNPCL1	hsa_circ_0008957_Extracellular	287	293	+	11.5118	6.1e-05	0.147	ATTTTTT
M158_0.6	HNRNPCL1	hsa_circ_0100039_Extracellular	288	294	+	11.5118	6.1e-05	0.147	ATTTTTT
M158_0.6	HNRNPCL1	hsa_circ_0100039_Extracellular	288	294	+	11.5118	6.1e-05	0.147	ATTTTTT
M158_0.6	HNRNPCL1	hsa_circ_0001155_Extracellular	306	312	+	11.5118	6.1e-05	0.147	ATTTTTT
M158_0.6	HNRNPCL1	hsa_circ_0001155_Extracellular	306	312	+	11.5118	6.1e-05	0.147	ATTTTTT
M158_0.6	HNRNPCL1	hsa_circ_0001704_Extracellular	321	327	+	11.5118	6.1e-05	0.147	ATTTTTT
M158_0.6	HNRNPCL1	hsa_circ_0001704_Extracellular	321	327	+	11.5118	6.1e-05	0.147	ATTTTTT
M158_0.6	HNRNPCL1	hsa_circ_0001451_Extracellular	323	329	+	11.5118	6.1e-05	0.147	ATTTTTT
M158_0.6	HNRNPCL1	hsa_circ_0001451_Extracellular	323	329	+	11.5118	6.1e-05	0.147	ATTTTTT
M158_0.6	HNRNPCL1	hsa_circ_0005310_Extracellular	327	333	+	11.5118	6.1e-05	0.147	ATTTTTT
M158_0.6	HNRNPCL1	hsa_circ_0000869_Extracellular	327	333	+	11.5118	6.1e-05	0.147	ATTTTTT
M158_0.6	HNRNPCL1	hsa_circ_0000869_Extracellular	327	333	+	11.5118	6.1e-05	0.147	ATTTTTT
M158_0.6	HNRNPCL1	hsa_circ_0005310_Extracellular	327	333	+	11.5118	6.1e-05	0.147	ATTTTTT
M158_0.6	HNRNPCL1	hsa_circ_0000442_Extracellular	331	337	+	11.5118	6.1e-05	0.147	ATTTTTT
M158_0.6	HNRNPCL1	hsa_circ_0000443_Extracellular	331	337	+	11.5118	6.1e-05	0.147	ATTTTTT
M158_0.6	HNRNPCL1	hsa_circ_0000443_Extracellular	331	337	+	11.5118	6.1e-05	0.147	ATTTTTT
M158_0.6	HNRNPCL1	hsa_circ_0000442_Extracellular	331	337	+	11.5118	6.1e-05	0.147	ATTTTTT
M158_0.6	HNRNPCL1	hsa_circ_0000443_Extracellular	331	337	+	11.5118	6.1e-05	0.147	ATTTTTT
M158_0.6	HNRNPCL1	hsa_circ_0002782_Extracellular	363	369	+	11.5118	6.1e-05	0.147	ATTTTTT
M158_0.6	HNRNPCL1	hsa_circ_0102520_Extracellular	371	377	+	11.5118	6.1e-05	0.147	ATTTTTT
M158_0.6	HNRNPCL1	hsa_circ_0102520_Extracellular	371	377	+	11.5118	6.1e-05	0.147	ATTTTTT
M158_0.6	HNRNPCL1	hsa_circ_0102762_Extracellular	381	387	+	11.5118	6.1e-05	0.147	ATTTTTT
M158_0.6	HNRNPCL1	hsa_circ_0102762_Extracellular	381	387	+	11.5118	6.1e-05	0.147	ATTTTTT
M158_0.6	HNRNPCL1	hsa_circ_0001013_Extracellular	393	399	+	11.5118	6.1e-05	0.147	ATTTTTT
M158_0.6	HNRNPCL1	hsa_circ_0001013_Extracellular	393	399	+	11.5118	6.1e-05	0.147	ATTTTTT
M158_0.6	HNRNPCL1	hsa_circ_0000973_Extracellular	395	401	+	11.5118	6.1e-05	0.147	ATTTTTT
M158_0.6	HNRNPCL1	hsa_circ_0000973_Extracellular	395	401	+	11.5118	6.1e-05	0.147	ATTTTTT
M158_0.6	HNRNPCL1	hsa_circ_0102520_Extracellular	431	437	+	11.5118	6.1e-05	0.147	ATTTTTT
M158_0.6	HNRNPCL1	hsa_circ_0102520_Extracellular	431	437	+	11.5118	6.1e-05	0.147	ATTTTTT
M158_0.6	HNRNPCL1	hsa_circ_0000495_Extracellular	466	472	+	11.5118	6.1e-05	0.147	ATTTTTT
M158_0.6	HNRNPCL1	hsa_circ_0000495_Extracellular	466	472	+	11.5118	6.1e-05	0.147	ATTTTTT
M158_0.6	HNRNPCL1	hsa_circ_0000495_Extracellular	466	472	+	11.5118	6.1e-05	0.147	ATTTTTT
M158_0.6	HNRNPCL1	hsa_circ_0000495_Extracellular	466	472	+	11.5118	6.1e-05	0.147	ATTTTTT
M158_0.6	HNRNPCL1	hsa_circ_0001297_Extracellular	508	514	+	11.5118	6.1e-05	0.147	ATTTTTT
M158_0.6	HNRNPCL1	hsa_circ_0001297_Extracellular	508	514	+	11.5118	6.1e-05	0.147	ATTTTTT
M158_0.6	HNRNPCL1	hsa_circ_0001301_Extracellular	561	567	+	11.5118	6.1e-05	0.147	ATTTTTT
M158_0.6	HNRNPCL1	hsa_circ_0001301_Extracellular	561	567	+	11.5118	6.1e-05	0.147	ATTTTTT
M158_0.6	HNRNPCL1	hsa_circ_0070762_Extracellular	570	576	+	11.5118	6.1e-05	0.147	ATTTTTT
M158_0.6	HNRNPCL1	hsa_circ_0070761_Extracellular	570	576	+	11.5118	6.1e-05	0.147	ATTTTTT
M158_0.6	HNRNPCL1	hsa_circ_0102296_Extracellular	590	596	+	11.5118	6.1e-05	0.147	ATTTTTT
M158_0.6	HNRNPCL1	hsa_circ_0102296_Extracellular	590	596	+	11.5118	6.1e-05	0.147	ATTTTTT
M158_0.6	HNRNPCL1	hsa_circ_0000996_Extracellular	596	602	+	11.5118	6.1e-05	0.147	ATTTTTT
M158_0.6	HNRNPCL1	hsa_circ_0000996_Extracellular	596	602	+	11.5118	6.1e-05	0.147	ATTTTTT
M158_0.6	HNRNPCL1	hsa_circ_0000701_Extracellular	601	607	+	11.5118	6.1e-05	0.147	ATTTTTT
M158_0.6	HNRNPCL1	hsa_circ_0000701_Extracellular	601	607	+	11.5118	6.1e-05	0.147	ATTTTTT
M158_0.6	HNRNPCL1	hsa_circ_0100039_Extracellular	608	614	+	11.5118	6.1e-05	0.147	ATTTTTT
M158_0.6	HNRNPCL1	hsa_circ_0100039_Extracellular	608	614	+	11.5118	6.1e-05	0.147	ATTTTTT
M158_0.6	HNRNPCL1	hsa_circ_0102294_Extracellular	631	637	+	11.5118	6.1e-05	0.147	ATTTTTT
M158_0.6	HNRNPCL1	hsa_circ_0102294_Extracellular	631	637	+	11.5118	6.1e-05	0.147	ATTTTTT
M158_0.6	HNRNPCL1	hsa_circ_0102296_Extracellular	650	656	+	11.5118	6.1e-05	0.147	ATTTTTT
M158_0.6	HNRNPCL1	hsa_circ_0102296_Extracellular	650	656	+	11.5118	6.1e-05	0.147	ATTTTTT
M158_0.6	HNRNPCL1	hsa_circ_0001190_Extracellular	663	669	+	11.5118	6.1e-05	0.147	ATTTTTT
M158_0.6	HNRNPCL1	hsa_circ_0001190_Extracellular	663	669	+	11.5118	6.1e-05	0.147	ATTTTTT
M158_0.6	HNRNPCL1	hsa_circ_0103176_Extracellular	685	691	+	11.5118	6.1e-05	0.147	ATTTTTT
M158_0.6	HNRNPCL1	hsa_circ_0103176_Extracellular	685	691	+	11.5118	6.1e-05	0.147	ATTTTTT
M158_0.6	HNRNPCL1	hsa_circ_0001174_Extracellular	700	706	+	11.5118	6.1e-05	0.147	ATTTTTT
M158_0.6	HNRNPCL1	hsa_circ_0001174_Extracellular	700	706	+	11.5118	6.1e-05	0.147	ATTTTTT
M158_0.6	HNRNPCL1	hsa_circ_0001077_Extracellular	703	709	+	11.5118	6.1e-05	0.147	ATTTTTT
M158_0.6	HNRNPCL1	hsa_circ_0001077_Extracellular	703	709	+	11.5118	6.1e-05	0.147	ATTTTTT
M158_0.6	HNRNPCL1	hsa_circ_0001749_Extracellular	709	715	+	11.5118	6.1e-05	0.147	ATTTTTT
M158_0.6	HNRNPCL1	hsa_circ_0001749_Extracellular	709	715	+	11.5118	6.1e-05	0.147	ATTTTTT
M158_0.6	HNRNPCL1	hsa_circ_0042882_Extracellular	714	720	+	11.5118	6.1e-05	0.147	ATTTTTT
M158_0.6	HNRNPCL1	hsa_circ_0001190_Extracellular	723	729	+	11.5118	6.1e-05	0.147	ATTTTTT
M158_0.6	HNRNPCL1	hsa_circ_0001190_Extracellular	723	729	+	11.5118	6.1e-05	0.147	ATTTTTT
M158_0.6	HNRNPCL1	hsa_circ_0000247_Extracellular	727	733	+	11.5118	6.1e-05	0.147	ATTTTTT
M158_0.6	HNRNPCL1	hsa_circ_0000247_Extracellular	727	733	+	11.5118	6.1e-05	0.147	ATTTTTT
M158_0.6	HNRNPCL1	hsa_circ_0049015_Extracellular	747	753	+	11.5118	6.1e-05	0.147	ATTTTTT
M158_0.6	HNRNPCL1	hsa_circ_0004344_Extracellular	771	777	+	11.5118	6.1e-05	0.147	ATTTTTT
M158_0.6	HNRNPCL1	hsa_circ_0000233_Extracellular	801	807	+	11.5118	6.1e-05	0.147	ATTTTTT
M158_0.6	HNRNPCL1	hsa_circ_0000233_Extracellular	801	807	+	11.5118	6.1e-05	0.147	ATTTTTT
M158_0.6	HNRNPCL1	hsa_circ_0001190_Extracellular	812	818	+	11.5118	6.1e-05	0.147	ATTTTTT
M158_0.6	HNRNPCL1	hsa_circ_0001190_Extracellular	812	818	+	11.5118	6.1e-05	0.147	ATTTTTT
M158_0.6	HNRNPCL1	hsa_circ_0104980_Extracellular	813	819	+	11.5118	6.1e-05	0.147	ATTTTTT
M158_0.6	HNRNPCL1	hsa_circ_0104980_Extracellular	813	819	+	11.5118	6.1e-05	0.147	ATTTTTT
M158_0.6	HNRNPCL1	hsa_circ_0104980_Extracellular	820	826	+	11.5118	6.1e-05	0.147	ATTTTTT
M158_0.6	HNRNPCL1	hsa_circ_0104980_Extracellular	820	826	+	11.5118	6.1e-05	0.147	ATTTTTT
M158_0.6	HNRNPCL1	hsa_circ_0000701_Extracellular	847	853	+	11.5118	6.1e-05	0.147	ATTTTTT
M158_0.6	HNRNPCL1	hsa_circ_0000701_Extracellular	847	853	+	11.5118	6.1e-05	0.147	ATTTTTT
M158_0.6	HNRNPCL1	hsa_circ_0001844_Extracellular	881	887	+	11.5118	6.1e-05	0.147	ATTTTTT
M158_0.6	HNRNPCL1	hsa_circ_0001844_Extracellular	881	887	+	11.5118	6.1e-05	0.147	ATTTTTT
M158_0.6	HNRNPCL1	hsa_circ_0000090_Extracellular	888	894	+	11.5118	6.1e-05	0.147	ATTTTTT
M158_0.6	HNRNPCL1	hsa_circ_0000090_Extracellular	888	894	+	11.5118	6.1e-05	0.147	ATTTTTT
M158_0.6	HNRNPCL1	hsa_circ_0100912_Extracellular	897	903	+	11.5118	6.1e-05	0.147	ATTTTTT
M158_0.6	HNRNPCL1	hsa_circ_0100914_Extracellular	897	903	+	11.5118	6.1e-05	0.147	ATTTTTT
M158_0.6	HNRNPCL1	hsa_circ_0100912_Extracellular	897	903	+	11.5118	6.1e-05	0.147	ATTTTTT
M158_0.6	HNRNPCL1	hsa_circ_0100914_Extracellular	897	903	+	11.5118	6.1e-05	0.147	ATTTTTT
M158_0.6	HNRNPCL1	hsa_circ_0102294_Extracellular	927	933	+	11.5118	6.1e-05	0.147	ATTTTTT
M158_0.6	HNRNPCL1	hsa_circ_0102294_Extracellular	927	933	+	11.5118	6.1e-05	0.147	ATTTTTT
M158_0.6	HNRNPCL1	hsa_circ_0000204_Extracellular	933	939	+	11.5118	6.1e-05	0.147	ATTTTTT
M158_0.6	HNRNPCL1	hsa_circ_0000204_Extracellular	933	939	+	11.5118	6.1e-05	0.147	ATTTTTT
M158_0.6	HNRNPCL1	hsa_circ_0001844_Extracellular	941	947	+	11.5118	6.1e-05	0.147	ATTTTTT
M158_0.6	HNRNPCL1	hsa_circ_0001844_Extracellular	941	947	+	11.5118	6.1e-05	0.147	ATTTTTT
M158_0.6	HNRNPCL1	hsa_circ_0100988_Extracellular	980	986	+	11.5118	6.1e-05	0.147	ATTTTTT
M158_0.6	HNRNPCL1	hsa_circ_0100988_Extracellular	980	986	+	11.5118	6.1e-05	0.147	ATTTTTT
M158_0.6	HNRNPCL1	hsa_circ_0100917_Extracellular	986	992	+	11.5118	6.1e-05	0.147	ATTTTTT
M158_0.6	HNRNPCL1	hsa_circ_0100915_Extracellular	986	992	+	11.5118	6.1e-05	0.147	ATTTTTT
M158_0.6	HNRNPCL1	hsa_circ_0100913_Extracellular	986	992	+	11.5118	6.1e-05	0.147	ATTTTTT
M158_0.6	HNRNPCL1	hsa_circ_0100917_Extracellular	986	992	+	11.5118	6.1e-05	0.147	ATTTTTT
M158_0.6	HNRNPCL1	hsa_circ_0100913_Extracellular	986	992	+	11.5118	6.1e-05	0.147	ATTTTTT
M158_0.6	HNRNPCL1	hsa_circ_0100915_Extracellular	986	992	+	11.5118	6.1e-05	0.147	ATTTTTT
M158_0.6	HNRNPCL1	hsa_circ_0000965_Extracellular	989	995	+	11.5118	6.1e-05	0.147	ATTTTTT
M158_0.6	HNRNPCL1	hsa_circ_0000965_Extracellular	989	995	+	11.5118	6.1e-05	0.147	ATTTTTT
M158_0.6	HNRNPCL1	hsa_circ_0101796_Extracellular	989	995	+	11.5118	6.1e-05	0.147	ATTTTTT
M158_0.6	HNRNPCL1	hsa_circ_0000965_Extracellular	989	995	+	11.5118	6.1e-05	0.147	ATTTTTT
M158_0.6	HNRNPCL1	hsa_circ_0101796_Extracellular	989	995	+	11.5118	6.1e-05	0.147	ATTTTTT
M158_0.6	HNRNPCL1	hsa_circ_0101493_Extracellular	1032	1038	+	11.5118	6.1e-05	0.147	ATTTTTT
M158_0.6	HNRNPCL1	hsa_circ_0101493_Extracellular	1032	1038	+	11.5118	6.1e-05	0.147	ATTTTTT
M158_0.6	HNRNPCL1	hsa_circ_0116061_Extracellular	1036	1042	+	11.5118	6.1e-05	0.147	ATTTTTT
M158_0.6	HNRNPCL1	hsa_circ_0001704_Extracellular	1074	1080	+	11.5118	6.1e-05	0.147	ATTTTTT
M158_0.6	HNRNPCL1	hsa_circ_0001704_Extracellular	1074	1080	+	11.5118	6.1e-05	0.147	ATTTTTT
M158_0.6	HNRNPCL1	hsa_circ_0000233_Extracellular	1078	1084	+	11.5118	6.1e-05	0.147	ATTTTTT
M158_0.6	HNRNPCL1	hsa_circ_0000233_Extracellular	1078	1084	+	11.5118	6.1e-05	0.147	ATTTTTT
M158_0.6	HNRNPCL1	hsa_circ_0133794_Extracellular	1080	1086	+	11.5118	6.1e-05	0.147	ATTTTTT
M158_0.6	HNRNPCL1	mmu_circ_0000905_Extracellular	1102	1108	+	11.5118	6.1e-05	0.147	ATTTTTT
M158_0.6	HNRNPCL1	hsa_circ_0000965_Extracellular	1135	1141	+	11.5118	6.1e-05	0.147	ATTTTTT
M158_0.6	HNRNPCL1	hsa_circ_0000965_Extracellular	1135	1141	+	11.5118	6.1e-05	0.147	ATTTTTT
M158_0.6	HNRNPCL1	hsa_circ_0000965_Extracellular	1135	1141	+	11.5118	6.1e-05	0.147	ATTTTTT
M158_0.6	HNRNPCL1	hsa_circ_0000701_Extracellular	1146	1152	+	11.5118	6.1e-05	0.147	ATTTTTT
M158_0.6	HNRNPCL1	hsa_circ_0000701_Extracellular	1146	1152	+	11.5118	6.1e-05	0.147	ATTTTTT
M158_0.6	HNRNPCL1	mmu_circ_0000905_Extracellular	1162	1168	+	11.5118	6.1e-05	0.147	ATTTTTT
M158_0.6	HNRNPCL1	hsa_circ_0103790_Extracellular	1198	1204	+	11.5118	6.1e-05	0.147	ATTTTTT
M158_0.6	HNRNPCL1	hsa_circ_0103790_Extracellular	1198	1204	+	11.5118	6.1e-05	0.147	ATTTTTT
M158_0.6	HNRNPCL1	hsa_circ_0103881_Extracellular	1225	1231	+	11.5118	6.1e-05	0.147	ATTTTTT
M158_0.6	HNRNPCL1	hsa_circ_0103881_Extracellular	1225	1231	+	11.5118	6.1e-05	0.147	ATTTTTT
M158_0.6	HNRNPCL1	hsa_circ_0103177_Extracellular	1255	1261	+	11.5118	6.1e-05	0.147	ATTTTTT
M158_0.6	HNRNPCL1	hsa_circ_0103177_Extracellular	1255	1261	+	11.5118	6.1e-05	0.147	ATTTTTT
M158_0.6	HNRNPCL1	hsa_circ_0001014_Extracellular	1283	1289	+	11.5118	6.1e-05	0.147	ATTTTTT
M158_0.6	HNRNPCL1	hsa_circ_0001014_Extracellular	1283	1289	+	11.5118	6.1e-05	0.147	ATTTTTT
M158_0.6	HNRNPCL1	hsa_circ_0101493_Extracellular	1294	1300	+	11.5118	6.1e-05	0.147	ATTTTTT
M158_0.6	HNRNPCL1	hsa_circ_0101493_Extracellular	1294	1300	+	11.5118	6.1e-05	0.147	ATTTTTT
M158_0.6	HNRNPCL1	hsa_circ_0000998_Extracellular	1318	1324	+	11.5118	6.1e-05	0.147	ATTTTTT
M158_0.6	HNRNPCL1	hsa_circ_0000998_Extracellular	1318	1324	+	11.5118	6.1e-05	0.147	ATTTTTT
M158_0.6	HNRNPCL1	hsa_circ_0065642_Extracellular	1329	1335	+	11.5118	6.1e-05	0.147	ATTTTTT
M158_0.6	HNRNPCL1	hsa_circ_0000965_Extracellular	1331	1337	+	11.5118	6.1e-05	0.147	ATTTTTT
M158_0.6	HNRNPCL1	hsa_circ_0000965_Extracellular	1331	1337	+	11.5118	6.1e-05	0.147	ATTTTTT
M158_0.6	HNRNPCL1	hsa_circ_0000965_Extracellular	1331	1337	+	11.5118	6.1e-05	0.147	ATTTTTT
M158_0.6	HNRNPCL1	hsa_circ_0001306_Extracellular	1367	1373	+	11.5118	6.1e-05	0.147	ATTTTTT
M158_0.6	HNRNPCL1	hsa_circ_0001306_Extracellular	1367	1373	+	11.5118	6.1e-05	0.147	ATTTTTT
M158_0.6	HNRNPCL1	hsa_circ_0000998_Extracellular	1378	1384	+	11.5118	6.1e-05	0.147	ATTTTTT
M158_0.6	HNRNPCL1	hsa_circ_0000998_Extracellular	1378	1384	+	11.5118	6.1e-05	0.147	ATTTTTT
M158_0.6	HNRNPCL1	hsa_circ_0000246_Extracellular	1413	1419	+	11.5118	6.1e-05	0.147	ATTTTTT
M158_0.6	HNRNPCL1	hsa_circ_0000246_Extracellular	1413	1419	+	11.5118	6.1e-05	0.147	ATTTTTT
M158_0.6	HNRNPCL1	hsa_circ_0000998_Extracellular	1415	1421	+	11.5118	6.1e-05	0.147	ATTTTTT
M158_0.6	HNRNPCL1	hsa_circ_0000998_Extracellular	1415	1421	+	11.5118	6.1e-05	0.147	ATTTTTT
M158_0.6	HNRNPCL1	hsa_circ_0024108_Extracellular	1463	1469	+	11.5118	6.1e-05	0.147	ATTTTTT
M158_0.6	HNRNPCL1	hsa_circ_0001014_Extracellular	1472	1478	+	11.5118	6.1e-05	0.147	ATTTTTT
M158_0.6	HNRNPCL1	hsa_circ_0001014_Extracellular	1472	1478	+	11.5118	6.1e-05	0.147	ATTTTTT
M158_0.6	HNRNPCL1	hsa_circ_0000090_Extracellular	1490	1496	+	11.5118	6.1e-05	0.147	ATTTTTT
M158_0.6	HNRNPCL1	hsa_circ_0000090_Extracellular	1490	1496	+	11.5118	6.1e-05	0.147	ATTTTTT
M158_0.6	HNRNPCL1	hsa_circ_0024108_Extracellular	1523	1529	+	11.5118	6.1e-05	0.147	ATTTTTT
M158_0.6	HNRNPCL1	hsa_circ_0001014_Extracellular	1532	1538	+	11.5118	6.1e-05	0.147	ATTTTTT
M158_0.6	HNRNPCL1	hsa_circ_0001014_Extracellular	1532	1538	+	11.5118	6.1e-05	0.147	ATTTTTT
M158_0.6	HNRNPCL1	hsa_circ_0069313_Extracellular	1552	1558	+	11.5118	6.1e-05	0.147	ATTTTTT
M158_0.6	HNRNPCL1	hsa_circ_0069313_Extracellular	1552	1558	+	11.5118	6.1e-05	0.147	ATTTTTT
M158_0.6	HNRNPCL1	hsa_circ_0103827_Extracellular	1553	1559	+	11.5118	6.1e-05	0.147	ATTTTTT
M158_0.6	HNRNPCL1	hsa_circ_0103827_Extracellular	1553	1559	+	11.5118	6.1e-05	0.147	ATTTTTT
M158_0.6	HNRNPCL1	hsa_circ_0102296_Extracellular	1580	1586	+	11.5118	6.1e-05	0.147	ATTTTTT
M158_0.6	HNRNPCL1	hsa_circ_0102296_Extracellular	1580	1586	+	11.5118	6.1e-05	0.147	ATTTTTT
M158_0.6	HNRNPCL1	hsa_circ_0000443_Extracellular	1607	1613	+	11.5118	6.1e-05	0.147	ATTTTTT
M158_0.6	HNRNPCL1	hsa_circ_0000443_Extracellular	1607	1613	+	11.5118	6.1e-05	0.147	ATTTTTT
M158_0.6	HNRNPCL1	hsa_circ_0000442_Extracellular	1607	1613	+	11.5118	6.1e-05	0.147	ATTTTTT
M158_0.6	HNRNPCL1	hsa_circ_0000443_Extracellular	1607	1613	+	11.5118	6.1e-05	0.147	ATTTTTT
M158_0.6	HNRNPCL1	hsa_circ_0000442_Extracellular	1607	1613	+	11.5118	6.1e-05	0.147	ATTTTTT
M158_0.6	HNRNPCL1	hsa_circ_0000322_Extracellular	1608	1614	+	11.5118	6.1e-05	0.147	ATTTTTT
M158_0.6	HNRNPCL1	hsa_circ_0000322_Extracellular	1608	1614	+	11.5118	6.1e-05	0.147	ATTTTTT
M158_0.6	HNRNPCL1	hsa_circ_0103102_Extracellular	1653	1659	+	11.5118	6.1e-05	0.147	ATTTTTT
M158_0.6	HNRNPCL1	hsa_circ_0103102_Extracellular	1653	1659	+	11.5118	6.1e-05	0.147	ATTTTTT
M158_0.6	HNRNPCL1	hsa_circ_0000443_Extracellular	1667	1673	+	11.5118	6.1e-05	0.147	ATTTTTT
M158_0.6	HNRNPCL1	hsa_circ_0000443_Extracellular	1667	1673	+	11.5118	6.1e-05	0.147	ATTTTTT
M158_0.6	HNRNPCL1	hsa_circ_0000442_Extracellular	1667	1673	+	11.5118	6.1e-05	0.147	ATTTTTT
M158_0.6	HNRNPCL1	hsa_circ_0000443_Extracellular	1667	1673	+	11.5118	6.1e-05	0.147	ATTTTTT
M158_0.6	HNRNPCL1	hsa_circ_0000442_Extracellular	1667	1673	+	11.5118	6.1e-05	0.147	ATTTTTT
M158_0.6	HNRNPCL1	hsa_circ_0000322_Extracellular	1668	1674	+	11.5118	6.1e-05	0.147	ATTTTTT
M158_0.6	HNRNPCL1	hsa_circ_0000322_Extracellular	1668	1674	+	11.5118	6.1e-05	0.147	ATTTTTT
M158_0.6	HNRNPCL1	hsa_circ_0100262_Extracellular	1676	1682	+	11.5118	6.1e-05	0.147	ATTTTTT
M158_0.6	HNRNPCL1	hsa_circ_0100262_Extracellular	1676	1682	+	11.5118	6.1e-05	0.147	ATTTTTT
M158_0.6	HNRNPCL1	hsa_circ_0000973_Extracellular	1688	1694	+	11.5118	6.1e-05	0.147	ATTTTTT
M158_0.6	HNRNPCL1	hsa_circ_0000973_Extracellular	1688	1694	+	11.5118	6.1e-05	0.147	ATTTTTT
M158_0.6	HNRNPCL1	hsa_circ_0103670_Extracellular	1692	1698	+	11.5118	6.1e-05	0.147	ATTTTTT
M158_0.6	HNRNPCL1	hsa_circ_0103670_Extracellular	1692	1698	+	11.5118	6.1e-05	0.147	ATTTTTT
M158_0.6	HNRNPCL1	hsa_circ_0001190_Extracellular	1731	1737	+	11.5118	6.1e-05	0.147	ATTTTTT
M158_0.6	HNRNPCL1	hsa_circ_0001190_Extracellular	1731	1737	+	11.5118	6.1e-05	0.147	ATTTTTT
M158_0.6	HNRNPCL1	hsa_circ_0000065_Extracellular	1831	1837	+	11.5118	6.1e-05	0.147	ATTTTTT
M158_0.6	HNRNPCL1	hsa_circ_0000065_Extracellular	1831	1837	+	11.5118	6.1e-05	0.147	ATTTTTT
M158_0.6	HNRNPCL1	hsa_circ_0001077_Extracellular	1864	1870	+	11.5118	6.1e-05	0.147	ATTTTTT
M158_0.6	HNRNPCL1	hsa_circ_0001077_Extracellular	1864	1870	+	11.5118	6.1e-05	0.147	ATTTTTT
M158_0.6	HNRNPCL1	hsa_circ_0000065_Extracellular	1891	1897	+	11.5118	6.1e-05	0.147	ATTTTTT
M158_0.6	HNRNPCL1	hsa_circ_0000065_Extracellular	1891	1897	+	11.5118	6.1e-05	0.147	ATTTTTT
M158_0.6	HNRNPCL1	hsa_circ_0001014_Extracellular	1915	1921	+	11.5118	6.1e-05	0.147	ATTTTTT
M158_0.6	HNRNPCL1	hsa_circ_0001014_Extracellular	1915	1921	+	11.5118	6.1e-05	0.147	ATTTTTT
M158_0.6	HNRNPCL1	hsa_circ_0100832_Extracellular	1923	1929	+	11.5118	6.1e-05	0.147	ATTTTTT
M158_0.6	HNRNPCL1	hsa_circ_0100832_Extracellular	1923	1929	+	11.5118	6.1e-05	0.147	ATTTTTT
M158_0.6	HNRNPCL1	hsa_circ_0102762_Extracellular	1969	1975	+	11.5118	6.1e-05	0.147	ATTTTTT
M158_0.6	HNRNPCL1	hsa_circ_0102762_Extracellular	1969	1975	+	11.5118	6.1e-05	0.147	ATTTTTT
M158_0.6	HNRNPCL1	hsa_circ_0001306_Extracellular	2009	2015	+	11.5118	6.1e-05	0.147	ATTTTTT
M158_0.6	HNRNPCL1	hsa_circ_0001306_Extracellular	2009	2015	+	11.5118	6.1e-05	0.147	ATTTTTT
M158_0.6	HNRNPCL1	hsa_circ_0004062_Extracellular	2062	2068	+	11.5118	6.1e-05	0.147	ATTTTTT
M158_0.6	HNRNPCL1	hsa_circ_0004062_Extracellular	2062	2068	+	11.5118	6.1e-05	0.147	ATTTTTT
M158_0.6	HNRNPCL1	hsa_circ_0101493_Extracellular	2091	2097	+	11.5118	6.1e-05	0.147	ATTTTTT
M158_0.6	HNRNPCL1	hsa_circ_0101493_Extracellular	2091	2097	+	11.5118	6.1e-05	0.147	ATTTTTT
M158_0.6	HNRNPCL1	hsa_circ_0000444_Extracellular	2112	2118	+	11.5118	6.1e-05	0.147	ATTTTTT
M158_0.6	HNRNPCL1	hsa_circ_0000444_Extracellular	2112	2118	+	11.5118	6.1e-05	0.147	ATTTTTT
M158_0.6	HNRNPCL1	hsa_circ_0070762_Extracellular	2141	2147	+	11.5118	6.1e-05	0.147	ATTTTTT
M158_0.6	HNRNPCL1	hsa_circ_0102296_Extracellular	2244	2250	+	11.5118	6.1e-05	0.147	ATTTTTT
M158_0.6	HNRNPCL1	hsa_circ_0102296_Extracellular	2244	2250	+	11.5118	6.1e-05	0.147	ATTTTTT
M158_0.6	HNRNPCL1	hsa_circ_0000377_Extracellular	2258	2264	+	11.5118	6.1e-05	0.147	ATTTTTT
M158_0.6	HNRNPCL1	hsa_circ_0000377_Extracellular	2258	2264	+	11.5118	6.1e-05	0.147	ATTTTTT
M158_0.6	HNRNPCL1	hsa_circ_0069313_Extracellular	2294	2300	+	11.5118	6.1e-05	0.147	ATTTTTT
M158_0.6	HNRNPCL1	hsa_circ_0069313_Extracellular	2294	2300	+	11.5118	6.1e-05	0.147	ATTTTTT
M158_0.6	HNRNPCL1	hsa_circ_0103102_Extracellular	2381	2387	+	11.5118	6.1e-05	0.147	ATTTTTT
M158_0.6	HNRNPCL1	hsa_circ_0103102_Extracellular	2381	2387	+	11.5118	6.1e-05	0.147	ATTTTTT
M158_0.6	HNRNPCL1	hsa_circ_0047156_Extracellular	2405	2411	+	11.5118	6.1e-05	0.147	ATTTTTT
M158_0.6	HNRNPCL1	hsa_circ_0102481_Extracellular	2480	2486	+	11.5118	6.1e-05	0.147	ATTTTTT
M158_0.6	HNRNPCL1	hsa_circ_0102481_Extracellular	2480	2486	+	11.5118	6.1e-05	0.147	ATTTTTT
M158_0.6	HNRNPCL1	hsa_circ_0103829_Extracellular	2500	2506	+	11.5118	6.1e-05	0.147	ATTTTTT
M158_0.6	HNRNPCL1	hsa_circ_0103829_Extracellular	2500	2506	+	11.5118	6.1e-05	0.147	ATTTTTT
M158_0.6	HNRNPCL1	hsa_circ_0085428_Extracellular	2501	2507	+	11.5118	6.1e-05	0.147	ATTTTTT
M158_0.6	HNRNPCL1	hsa_circ_0034173_Extracellular	2516	2522	+	11.5118	6.1e-05	0.147	ATTTTTT
M158_0.6	HNRNPCL1	hsa_circ_0000443_Extracellular	2527	2533	+	11.5118	6.1e-05	0.147	ATTTTTT
M158_0.6	HNRNPCL1	hsa_circ_0000443_Extracellular	2527	2533	+	11.5118	6.1e-05	0.147	ATTTTTT
M158_0.6	HNRNPCL1	hsa_circ_0000442_Extracellular	2527	2533	+	11.5118	6.1e-05	0.147	ATTTTTT
M158_0.6	HNRNPCL1	hsa_circ_0000443_Extracellular	2527	2533	+	11.5118	6.1e-05	0.147	ATTTTTT
M158_0.6	HNRNPCL1	hsa_circ_0000442_Extracellular	2527	2533	+	11.5118	6.1e-05	0.147	ATTTTTT
M158_0.6	HNRNPCL1	mmu_circ_0000905_Extracellular	2570	2576	+	11.5118	6.1e-05	0.147	ATTTTTT
M158_0.6	HNRNPCL1	hsa_circ_0021091_Extracellular	2583	2589	+	11.5118	6.1e-05	0.147	ATTTTTT
M158_0.6	HNRNPCL1	hsa_circ_0000965_Extracellular	2592	2598	+	11.5118	6.1e-05	0.147	ATTTTTT
M158_0.6	HNRNPCL1	hsa_circ_0000965_Extracellular	2592	2598	+	11.5118	6.1e-05	0.147	ATTTTTT
M158_0.6	HNRNPCL1	hsa_circ_0000965_Extracellular	2592	2598	+	11.5118	6.1e-05	0.147	ATTTTTT
M158_0.6	HNRNPCL1	mmu_circ_0000713_Extracellular	2601	2607	+	11.5118	6.1e-05	0.147	ATTTTTT
M158_0.6	HNRNPCL1	hsa_circ_0004314_Extracellular	2632	2638	+	11.5118	6.1e-05	0.147	ATTTTTT
M158_0.6	HNRNPCL1	hsa_circ_0004314_Extracellular	2632	2638	+	11.5118	6.1e-05	0.147	ATTTTTT
M158_0.6	HNRNPCL1	hsa_circ_0034173_Extracellular	2645	2651	+	11.5118	6.1e-05	0.147	ATTTTTT
M158_0.6	HNRNPCL1	mmu_circ_0000905_Extracellular	2652	2658	+	11.5118	6.1e-05	0.147	ATTTTTT
M158_0.6	HNRNPCL1	hsa_circ_0100988_Extracellular	2669	2675	+	11.5118	6.1e-05	0.147	ATTTTTT
M158_0.6	HNRNPCL1	hsa_circ_0100988_Extracellular	2669	2675	+	11.5118	6.1e-05	0.147	ATTTTTT
M158_0.6	HNRNPCL1	hsa_circ_0004314_Extracellular	2692	2698	+	11.5118	6.1e-05	0.147	ATTTTTT
M158_0.6	HNRNPCL1	hsa_circ_0004314_Extracellular	2692	2698	+	11.5118	6.1e-05	0.147	ATTTTTT
M158_0.6	HNRNPCL1	hsa_circ_0000965_Extracellular	2755	2761	+	11.5118	6.1e-05	0.147	ATTTTTT
M158_0.6	HNRNPCL1	hsa_circ_0000965_Extracellular	2755	2761	+	11.5118	6.1e-05	0.147	ATTTTTT
M158_0.6	HNRNPCL1	hsa_circ_0000965_Extracellular	2755	2761	+	11.5118	6.1e-05	0.147	ATTTTTT
M158_0.6	HNRNPCL1	hsa_circ_0000246_Extracellular	2774	2780	+	11.5118	6.1e-05	0.147	ATTTTTT
M158_0.6	HNRNPCL1	hsa_circ_0000246_Extracellular	2774	2780	+	11.5118	6.1e-05	0.147	ATTTTTT
M158_0.6	HNRNPCL1	hsa_circ_0021091_Extracellular	2787	2793	+	11.5118	6.1e-05	0.147	ATTTTTT
M158_0.6	HNRNPCL1	hsa_circ_0000090_Extracellular	2800	2806	+	11.5118	6.1e-05	0.147	ATTTTTT
M158_0.6	HNRNPCL1	hsa_circ_0000090_Extracellular	2800	2806	+	11.5118	6.1e-05	0.147	ATTTTTT
M158_0.6	HNRNPCL1	hsa_circ_0001013_Extracellular	2804	2810	+	11.5118	6.1e-05	0.147	ATTTTTT
M158_0.6	HNRNPCL1	hsa_circ_0001013_Extracellular	2804	2810	+	11.5118	6.1e-05	0.147	ATTTTTT
M158_0.6	HNRNPCL1	hsa_circ_0000377_Extracellular	2827	2833	+	11.5118	6.1e-05	0.147	ATTTTTT
M158_0.6	HNRNPCL1	hsa_circ_0000377_Extracellular	2827	2833	+	11.5118	6.1e-05	0.147	ATTTTTT
M158_0.6	HNRNPCL1	hsa_circ_0000973_Extracellular	2846	2852	+	11.5118	6.1e-05	0.147	ATTTTTT
M158_0.6	HNRNPCL1	hsa_circ_0000973_Extracellular	2846	2852	+	11.5118	6.1e-05	0.147	ATTTTTT
M158_0.6	HNRNPCL1	hsa_circ_0100988_Extracellular	2861	2867	+	11.5118	6.1e-05	0.147	ATTTTTT
M158_0.6	HNRNPCL1	hsa_circ_0100988_Extracellular	2861	2867	+	11.5118	6.1e-05	0.147	ATTTTTT
M158_0.6	HNRNPCL1	hsa_circ_0100988_Extracellular	2870	2876	+	11.5118	6.1e-05	0.147	ATTTTTT
M158_0.6	HNRNPCL1	hsa_circ_0100988_Extracellular	2870	2876	+	11.5118	6.1e-05	0.147	ATTTTTT
M158_0.6	HNRNPCL1	hsa_circ_0001306_Extracellular	3082	3088	+	11.5118	6.1e-05	0.147	ATTTTTT
M158_0.6	HNRNPCL1	hsa_circ_0001306_Extracellular	3082	3088	+	11.5118	6.1e-05	0.147	ATTTTTT
M158_0.6	HNRNPCL1	hsa_circ_0103830_Extracellular	3084	3090	+	11.5118	6.1e-05	0.147	ATTTTTT
M158_0.6	HNRNPCL1	hsa_circ_0103830_Extracellular	3084	3090	+	11.5118	6.1e-05	0.147	ATTTTTT
M158_0.6	HNRNPCL1	hsa_circ_0085428_Extracellular	3094	3100	+	11.5118	6.1e-05	0.147	ATTTTTT
M158_0.6	HNRNPCL1	hsa_circ_0004314_Extracellular	3135	3141	+	11.5118	6.1e-05	0.147	ATTTTTT
M158_0.6	HNRNPCL1	hsa_circ_0004314_Extracellular	3135	3141	+	11.5118	6.1e-05	0.147	ATTTTTT
M158_0.6	HNRNPCL1	hsa_circ_0000377_Extracellular	3177	3183	+	11.5118	6.1e-05	0.147	ATTTTTT
M158_0.6	HNRNPCL1	hsa_circ_0000377_Extracellular	3177	3183	+	11.5118	6.1e-05	0.147	ATTTTTT
M158_0.6	HNRNPCL1	hsa_circ_0000973_Extracellular	3181	3187	+	11.5118	6.1e-05	0.147	ATTTTTT
M158_0.6	HNRNPCL1	hsa_circ_0000973_Extracellular	3181	3187	+	11.5118	6.1e-05	0.147	ATTTTTT
M158_0.6	HNRNPCL1	hsa_circ_0104980_Extracellular	3193	3199	+	11.5118	6.1e-05	0.147	ATTTTTT
M158_0.6	HNRNPCL1	hsa_circ_0104980_Extracellular	3193	3199	+	11.5118	6.1e-05	0.147	ATTTTTT
M158_0.6	HNRNPCL1	hsa_circ_0001812_Extracellular	3318	3324	+	11.5118	6.1e-05	0.147	ATTTTTT
M158_0.6	HNRNPCL1	hsa_circ_0001812_Extracellular	3318	3324	+	11.5118	6.1e-05	0.147	ATTTTTT
M158_0.6	HNRNPCL1	hsa_circ_0102294_Extracellular	3321	3327	+	11.5118	6.1e-05	0.147	ATTTTTT
M158_0.6	HNRNPCL1	hsa_circ_0102294_Extracellular	3321	3327	+	11.5118	6.1e-05	0.147	ATTTTTT
M158_0.6	HNRNPCL1	hsa_circ_0000444_Extracellular	3324	3330	+	11.5118	6.1e-05	0.147	ATTTTTT
M158_0.6	HNRNPCL1	hsa_circ_0000444_Extracellular	3324	3330	+	11.5118	6.1e-05	0.147	ATTTTTT
M158_0.6	HNRNPCL1	hsa_circ_0001013_Extracellular	3436	3442	+	11.5118	6.1e-05	0.147	ATTTTTT
M158_0.6	HNRNPCL1	hsa_circ_0001013_Extracellular	3436	3442	+	11.5118	6.1e-05	0.147	ATTTTTT
M158_0.6	HNRNPCL1	hsa_circ_0000996_Extracellular	3476	3482	+	11.5118	6.1e-05	0.147	ATTTTTT
M158_0.6	HNRNPCL1	hsa_circ_0000996_Extracellular	3476	3482	+	11.5118	6.1e-05	0.147	ATTTTTT
M158_0.6	HNRNPCL1	hsa_circ_0103045_Extracellular	3477	3483	+	11.5118	6.1e-05	0.147	ATTTTTT
M158_0.6	HNRNPCL1	hsa_circ_0103045_Extracellular	3477	3483	+	11.5118	6.1e-05	0.147	ATTTTTT
M158_0.6	HNRNPCL1	hsa_circ_0001013_Extracellular	3496	3502	+	11.5118	6.1e-05	0.147	ATTTTTT
M158_0.6	HNRNPCL1	hsa_circ_0001013_Extracellular	3496	3502	+	11.5118	6.1e-05	0.147	ATTTTTT
M158_0.6	HNRNPCL1	hsa_circ_0004314_Extracellular	3540	3546	+	11.5118	6.1e-05	0.147	ATTTTTT
M158_0.6	HNRNPCL1	hsa_circ_0004314_Extracellular	3540	3546	+	11.5118	6.1e-05	0.147	ATTTTTT
M158_0.6	HNRNPCL1	hsa_circ_0103140_Extracellular	3622	3628	+	11.5118	6.1e-05	0.147	ATTTTTT
M158_0.6	HNRNPCL1	hsa_circ_0103140_Extracellular	3622	3628	+	11.5118	6.1e-05	0.147	ATTTTTT
M158_0.6	HNRNPCL1	hsa_circ_0104808_Extracellular	3652	3658	+	11.5118	6.1e-05	0.147	ATTTTTT
M158_0.6	HNRNPCL1	hsa_circ_0104808_Extracellular	3652	3658	+	11.5118	6.1e-05	0.147	ATTTTTT
M158_0.6	HNRNPCL1	hsa_circ_0000965_Extracellular	3653	3659	+	11.5118	6.1e-05	0.147	ATTTTTT
M158_0.6	HNRNPCL1	hsa_circ_0000965_Extracellular	3653	3659	+	11.5118	6.1e-05	0.147	ATTTTTT
M158_0.6	HNRNPCL1	hsa_circ_0000965_Extracellular	3653	3659	+	11.5118	6.1e-05	0.147	ATTTTTT
M158_0.6	HNRNPCL1	hsa_circ_0000444_Extracellular	3686	3692	+	11.5118	6.1e-05	0.147	ATTTTTT
M158_0.6	HNRNPCL1	hsa_circ_0000444_Extracellular	3686	3692	+	11.5118	6.1e-05	0.147	ATTTTTT
M158_0.6	HNRNPCL1	hsa_circ_0104808_Extracellular	3712	3718	+	11.5118	6.1e-05	0.147	ATTTTTT
M158_0.6	HNRNPCL1	hsa_circ_0104808_Extracellular	3712	3718	+	11.5118	6.1e-05	0.147	ATTTTTT
M158_0.6	HNRNPCL1	hsa_circ_0000965_Extracellular	3713	3719	+	11.5118	6.1e-05	0.147	ATTTTTT
M158_0.6	HNRNPCL1	hsa_circ_0000965_Extracellular	3713	3719	+	11.5118	6.1e-05	0.147	ATTTTTT
M158_0.6	HNRNPCL1	hsa_circ_0000965_Extracellular	3713	3719	+	11.5118	6.1e-05	0.147	ATTTTTT
M158_0.6	HNRNPCL1	hsa_circ_0000443_Extracellular	3773	3779	+	11.5118	6.1e-05	0.147	ATTTTTT
M158_0.6	HNRNPCL1	hsa_circ_0000443_Extracellular	3773	3779	+	11.5118	6.1e-05	0.147	ATTTTTT
M158_0.6	HNRNPCL1	hsa_circ_0000442_Extracellular	3773	3779	+	11.5118	6.1e-05	0.147	ATTTTTT
M158_0.6	HNRNPCL1	hsa_circ_0000443_Extracellular	3773	3779	+	11.5118	6.1e-05	0.147	ATTTTTT
M158_0.6	HNRNPCL1	hsa_circ_0000442_Extracellular	3773	3779	+	11.5118	6.1e-05	0.147	ATTTTTT
M158_0.6	HNRNPCL1	hsa_circ_0001704_Extracellular	3775	3781	+	11.5118	6.1e-05	0.147	ATTTTTT
M158_0.6	HNRNPCL1	hsa_circ_0001704_Extracellular	3775	3781	+	11.5118	6.1e-05	0.147	ATTTTTT
M158_0.6	HNRNPCL1	hsa_circ_0001704_Extracellular	3797	3803	+	11.5118	6.1e-05	0.147	ATTTTTT
M158_0.6	HNRNPCL1	hsa_circ_0001704_Extracellular	3797	3803	+	11.5118	6.1e-05	0.147	ATTTTTT
M158_0.6	HNRNPCL1	hsa_circ_0001704_Extracellular	3857	3863	+	11.5118	6.1e-05	0.147	ATTTTTT
M158_0.6	HNRNPCL1	hsa_circ_0001704_Extracellular	3857	3863	+	11.5118	6.1e-05	0.147	ATTTTTT
M158_0.6	HNRNPCL1	mmu_circ_0000905_Extracellular	3949	3955	+	11.5118	6.1e-05	0.147	ATTTTTT
M158_0.6	HNRNPCL1	hsa_circ_0102294_Extracellular	3985	3991	+	11.5118	6.1e-05	0.147	ATTTTTT
M158_0.6	HNRNPCL1	hsa_circ_0102294_Extracellular	3985	3991	+	11.5118	6.1e-05	0.147	ATTTTTT
M158_0.6	HNRNPCL1	hsa_circ_0000246_Extracellular	4001	4007	+	11.5118	6.1e-05	0.147	ATTTTTT
M158_0.6	HNRNPCL1	hsa_circ_0000246_Extracellular	4001	4007	+	11.5118	6.1e-05	0.147	ATTTTTT
M158_0.6	HNRNPCL1	hsa_circ_0104761_Extracellular	4002	4008	+	11.5118	6.1e-05	0.147	ATTTTTT
M158_0.6	HNRNPCL1	hsa_circ_0104761_Extracellular	4002	4008	+	11.5118	6.1e-05	0.147	ATTTTTT
M158_0.6	HNRNPCL1	mmu_circ_0000905_Extracellular	4009	4015	+	11.5118	6.1e-05	0.147	ATTTTTT
M158_0.6	HNRNPCL1	hsa_circ_0101493_Extracellular	4054	4060	+	11.5118	6.1e-05	0.147	ATTTTTT
M158_0.6	HNRNPCL1	hsa_circ_0101493_Extracellular	4054	4060	+	11.5118	6.1e-05	0.147	ATTTTTT
M158_0.6	HNRNPCL1	hsa_circ_0009684_Extracellular	4092	4098	+	11.5118	6.1e-05	0.147	ATTTTTT
M158_0.6	HNRNPCL1	hsa_circ_0009684_Extracellular	4092	4098	+	11.5118	6.1e-05	0.147	ATTTTTT
M158_0.6	HNRNPCL1	mmu_circ_0000905_Extracellular	4094	4100	+	11.5118	6.1e-05	0.147	ATTTTTT
M158_0.6	HNRNPCL1	hsa_circ_0104761_Extracellular	4127	4133	+	11.5118	6.1e-05	0.147	ATTTTTT
M158_0.6	HNRNPCL1	hsa_circ_0104761_Extracellular	4127	4133	+	11.5118	6.1e-05	0.147	ATTTTTT
M158_0.6	HNRNPCL1	hsa_circ_0104904_Extracellular	4131	4137	+	11.5118	6.1e-05	0.147	ATTTTTT
M158_0.6	HNRNPCL1	hsa_circ_0104904_Extracellular	4131	4137	+	11.5118	6.1e-05	0.147	ATTTTTT
M158_0.6	HNRNPCL1	hsa_circ_0102481_Extracellular	4144	4150	+	11.5118	6.1e-05	0.147	ATTTTTT
M158_0.6	HNRNPCL1	hsa_circ_0102481_Extracellular	4144	4150	+	11.5118	6.1e-05	0.147	ATTTTTT
M158_0.6	HNRNPCL1	hsa_circ_0009684_Extracellular	4152	4158	+	11.5118	6.1e-05	0.147	ATTTTTT
M158_0.6	HNRNPCL1	hsa_circ_0009684_Extracellular	4152	4158	+	11.5118	6.1e-05	0.147	ATTTTTT
M158_0.6	HNRNPCL1	mmu_circ_0000905_Extracellular	4154	4160	+	11.5118	6.1e-05	0.147	ATTTTTT
M158_0.6	HNRNPCL1	hsa_circ_0104808_Extracellular	4230	4236	+	11.5118	6.1e-05	0.147	ATTTTTT
M158_0.6	HNRNPCL1	hsa_circ_0104808_Extracellular	4230	4236	+	11.5118	6.1e-05	0.147	ATTTTTT
M158_0.6	HNRNPCL1	hsa_circ_0103140_Extracellular	4258	4264	+	11.5118	6.1e-05	0.147	ATTTTTT
M158_0.6	HNRNPCL1	hsa_circ_0103140_Extracellular	4258	4264	+	11.5118	6.1e-05	0.147	ATTTTTT
M158_0.6	HNRNPCL1	mmu_circ_0000905_Extracellular	4286	4292	+	11.5118	6.1e-05	0.147	ATTTTTT
M158_0.6	HNRNPCL1	hsa_circ_0000443_Extracellular	4310	4316	+	11.5118	6.1e-05	0.147	ATTTTTT
M158_0.6	HNRNPCL1	hsa_circ_0000442_Extracellular	4310	4316	+	11.5118	6.1e-05	0.147	ATTTTTT
M158_0.6	HNRNPCL1	hsa_circ_0000443_Extracellular	4310	4316	+	11.5118	6.1e-05	0.147	ATTTTTT
M158_0.6	HNRNPCL1	hsa_circ_0000442_Extracellular	4310	4316	+	11.5118	6.1e-05	0.147	ATTTTTT
M158_0.6	HNRNPCL1	hsa_circ_0000443_Extracellular	4310	4316	+	11.5118	6.1e-05	0.147	ATTTTTT
M158_0.6	HNRNPCL1	hsa_circ_0000443_Extracellular	4370	4376	+	11.5118	6.1e-05	0.147	ATTTTTT
M158_0.6	HNRNPCL1	hsa_circ_0000442_Extracellular	4370	4376	+	11.5118	6.1e-05	0.147	ATTTTTT
M158_0.6	HNRNPCL1	hsa_circ_0000443_Extracellular	4370	4376	+	11.5118	6.1e-05	0.147	ATTTTTT
M158_0.6	HNRNPCL1	hsa_circ_0000442_Extracellular	4370	4376	+	11.5118	6.1e-05	0.147	ATTTTTT
M158_0.6	HNRNPCL1	hsa_circ_0000443_Extracellular	4370	4376	+	11.5118	6.1e-05	0.147	ATTTTTT
M158_0.6	HNRNPCL1	hsa_circ_0000246_Extracellular	4385	4391	+	11.5118	6.1e-05	0.147	ATTTTTT
M158_0.6	HNRNPCL1	hsa_circ_0000246_Extracellular	4385	4391	+	11.5118	6.1e-05	0.147	ATTTTTT
M158_0.6	HNRNPCL1	hsa_circ_0100988_Extracellular	4395	4401	+	11.5118	6.1e-05	0.147	ATTTTTT
M158_0.6	HNRNPCL1	hsa_circ_0100988_Extracellular	4395	4401	+	11.5118	6.1e-05	0.147	ATTTTTT
M158_0.6	HNRNPCL1	hsa_circ_0000246_Extracellular	4445	4451	+	11.5118	6.1e-05	0.147	ATTTTTT
M158_0.6	HNRNPCL1	hsa_circ_0000246_Extracellular	4445	4451	+	11.5118	6.1e-05	0.147	ATTTTTT
M158_0.6	HNRNPCL1	hsa_circ_0001704_Extracellular	4449	4455	+	11.5118	6.1e-05	0.147	ATTTTTT
M158_0.6	HNRNPCL1	hsa_circ_0001704_Extracellular	4449	4455	+	11.5118	6.1e-05	0.147	ATTTTTT
M158_0.6	HNRNPCL1	hsa_circ_0104808_Extracellular	4572	4578	+	11.5118	6.1e-05	0.147	ATTTTTT
M158_0.6	HNRNPCL1	hsa_circ_0104808_Extracellular	4572	4578	+	11.5118	6.1e-05	0.147	ATTTTTT
M158_0.6	HNRNPCL1	hsa_circ_0104980_Extracellular	4580	4586	+	11.5118	6.1e-05	0.147	ATTTTTT
M158_0.6	HNRNPCL1	hsa_circ_0104980_Extracellular	4580	4586	+	11.5118	6.1e-05	0.147	ATTTTTT
M158_0.6	HNRNPCL1	hsa_circ_0104808_Extracellular	4688	4694	+	11.5118	6.1e-05	0.147	ATTTTTT
M158_0.6	HNRNPCL1	hsa_circ_0104808_Extracellular	4688	4694	+	11.5118	6.1e-05	0.147	ATTTTTT
M158_0.6	HNRNPCL1	hsa_circ_0004314_Extracellular	4703	4709	+	11.5118	6.1e-05	0.147	ATTTTTT
M158_0.6	HNRNPCL1	hsa_circ_0004314_Extracellular	4703	4709	+	11.5118	6.1e-05	0.147	ATTTTTT
M158_0.6	HNRNPCL1	hsa_circ_0004314_Extracellular	4722	4728	+	11.5118	6.1e-05	0.147	ATTTTTT
M158_0.6	HNRNPCL1	hsa_circ_0004314_Extracellular	4722	4728	+	11.5118	6.1e-05	0.147	ATTTTTT
M158_0.6	HNRNPCL1	hsa_circ_0104980_Extracellular	4778	4784	+	11.5118	6.1e-05	0.147	ATTTTTT
M158_0.6	HNRNPCL1	hsa_circ_0104980_Extracellular	4778	4784	+	11.5118	6.1e-05	0.147	ATTTTTT
M158_0.6	HNRNPCL1	hsa_circ_0104808_Extracellular	4781	4787	+	11.5118	6.1e-05	0.147	ATTTTTT
M158_0.6	HNRNPCL1	hsa_circ_0104808_Extracellular	4781	4787	+	11.5118	6.1e-05	0.147	ATTTTTT
M158_0.6	HNRNPCL1	hsa_circ_0102520_Extracellular	4805	4811	+	11.5118	6.1e-05	0.147	ATTTTTT
M158_0.6	HNRNPCL1	hsa_circ_0102520_Extracellular	4805	4811	+	11.5118	6.1e-05	0.147	ATTTTTT
M158_0.6	HNRNPCL1	hsa_circ_0102520_Extracellular	4838	4844	+	11.5118	6.1e-05	0.147	ATTTTTT
M158_0.6	HNRNPCL1	hsa_circ_0102520_Extracellular	4838	4844	+	11.5118	6.1e-05	0.147	ATTTTTT
M158_0.6	HNRNPCL1	mmu_circ_0000905_Extracellular	4849	4855	+	11.5118	6.1e-05	0.147	ATTTTTT
M158_0.6	HNRNPCL1	hsa_circ_0101018_Extracellular	4852	4858	+	11.5118	6.1e-05	0.147	ATTTTTT
M158_0.6	HNRNPCL1	hsa_circ_0101018_Extracellular	4852	4858	+	11.5118	6.1e-05	0.147	ATTTTTT
M158_0.6	HNRNPCL1	hsa_circ_0001306_Extracellular	4935	4941	+	11.5118	6.1e-05	0.147	ATTTTTT
M158_0.6	HNRNPCL1	hsa_circ_0001306_Extracellular	4935	4941	+	11.5118	6.1e-05	0.147	ATTTTTT
M158_0.6	HNRNPCL1	hsa_circ_0001306_Extracellular	4966	4972	+	11.5118	6.1e-05	0.147	ATTTTTT
M158_0.6	HNRNPCL1	hsa_circ_0001306_Extracellular	4966	4972	+	11.5118	6.1e-05	0.147	ATTTTTT
M158_0.6	HNRNPCL1	hsa_circ_0001306_Extracellular	5026	5032	+	11.5118	6.1e-05	0.147	ATTTTTT
M158_0.6	HNRNPCL1	hsa_circ_0001306_Extracellular	5026	5032	+	11.5118	6.1e-05	0.147	ATTTTTT
M158_0.6	HNRNPCL1	hsa_circ_0104708_Extracellular	5259	5265	+	11.5118	6.1e-05	0.147	ATTTTTT
M158_0.6	HNRNPCL1	hsa_circ_0104708_Extracellular	5259	5265	+	11.5118	6.1e-05	0.147	ATTTTTT
M158_0.6	HNRNPCL1	hsa_circ_0104708_Extracellular	5319	5325	+	11.5118	6.1e-05	0.147	ATTTTTT
M158_0.6	HNRNPCL1	hsa_circ_0104708_Extracellular	5319	5325	+	11.5118	6.1e-05	0.147	ATTTTTT
M158_0.6	HNRNPCL1	hsa_circ_0102520_Extracellular	5357	5363	+	11.5118	6.1e-05	0.147	ATTTTTT
M158_0.6	HNRNPCL1	hsa_circ_0102520_Extracellular	5357	5363	+	11.5118	6.1e-05	0.147	ATTTTTT
M158_0.6	HNRNPCL1	hsa_circ_0001306_Extracellular	5402	5408	+	11.5118	6.1e-05	0.147	ATTTTTT
M158_0.6	HNRNPCL1	hsa_circ_0001306_Extracellular	5402	5408	+	11.5118	6.1e-05	0.147	ATTTTTT
M158_0.6	HNRNPCL1	hsa_circ_0000090_Extracellular	5423	5429	+	11.5118	6.1e-05	0.147	ATTTTTT
M158_0.6	HNRNPCL1	hsa_circ_0000090_Extracellular	5423	5429	+	11.5118	6.1e-05	0.147	ATTTTTT
M158_0.6	HNRNPCL1	hsa_circ_0100988_Extracellular	5491	5497	+	11.5118	6.1e-05	0.147	ATTTTTT
M158_0.6	HNRNPCL1	hsa_circ_0100988_Extracellular	5491	5497	+	11.5118	6.1e-05	0.147	ATTTTTT
M158_0.6	HNRNPCL1	hsa_circ_0001704_Extracellular	5524	5530	+	11.5118	6.1e-05	0.147	ATTTTTT
M158_0.6	HNRNPCL1	hsa_circ_0001704_Extracellular	5524	5530	+	11.5118	6.1e-05	0.147	ATTTTTT
M158_0.6	HNRNPCL1	hsa_circ_0102294_Extracellular	5532	5538	+	11.5118	6.1e-05	0.147	ATTTTTT
M158_0.6	HNRNPCL1	hsa_circ_0102294_Extracellular	5532	5538	+	11.5118	6.1e-05	0.147	ATTTTTT
M158_0.6	HNRNPCL1	hsa_circ_0101018_Extracellular	5558	5564	+	11.5118	6.1e-05	0.147	ATTTTTT
M158_0.6	HNRNPCL1	hsa_circ_0101018_Extracellular	5558	5564	+	11.5118	6.1e-05	0.147	ATTTTTT
M158_0.6	HNRNPCL1	hsa_circ_0104761_Extracellular	5577	5583	+	11.5118	6.1e-05	0.147	ATTTTTT
M158_0.6	HNRNPCL1	hsa_circ_0104761_Extracellular	5577	5583	+	11.5118	6.1e-05	0.147	ATTTTTT
M158_0.6	HNRNPCL1	mmu_circ_0000713_Extracellular	5601	5607	+	11.5118	6.1e-05	0.147	ATTTTTT
M158_0.6	HNRNPCL1	hsa_circ_0004314_Extracellular	5634	5640	+	11.5118	6.1e-05	0.147	ATTTTTT
M158_0.6	HNRNPCL1	hsa_circ_0004314_Extracellular	5634	5640	+	11.5118	6.1e-05	0.147	ATTTTTT
M158_0.6	HNRNPCL1	hsa_circ_0001812_Extracellular	5716	5722	+	11.5118	6.1e-05	0.147	ATTTTTT
M158_0.6	HNRNPCL1	hsa_circ_0001812_Extracellular	5716	5722	+	11.5118	6.1e-05	0.147	ATTTTTT
M158_0.6	HNRNPCL1	hsa_circ_0103045_Extracellular	5719	5725	+	11.5118	6.1e-05	0.147	ATTTTTT
M158_0.6	HNRNPCL1	hsa_circ_0103045_Extracellular	5719	5725	+	11.5118	6.1e-05	0.147	ATTTTTT
M158_0.6	HNRNPCL1	hsa_circ_0004314_Extracellular	5773	5779	+	11.5118	6.1e-05	0.147	ATTTTTT
M158_0.6	HNRNPCL1	hsa_circ_0004314_Extracellular	5773	5779	+	11.5118	6.1e-05	0.147	ATTTTTT
M158_0.6	HNRNPCL1	hsa_circ_0104808_Extracellular	5780	5786	+	11.5118	6.1e-05	0.147	ATTTTTT
M158_0.6	HNRNPCL1	hsa_circ_0104808_Extracellular	5780	5786	+	11.5118	6.1e-05	0.147	ATTTTTT
M158_0.6	HNRNPCL1	hsa_circ_0004314_Extracellular	5833	5839	+	11.5118	6.1e-05	0.147	ATTTTTT
M158_0.6	HNRNPCL1	hsa_circ_0004314_Extracellular	5833	5839	+	11.5118	6.1e-05	0.147	ATTTTTT
M158_0.6	HNRNPCL1	hsa_circ_0000444_Extracellular	5882	5888	+	11.5118	6.1e-05	0.147	ATTTTTT
M158_0.6	HNRNPCL1	hsa_circ_0000444_Extracellular	5882	5888	+	11.5118	6.1e-05	0.147	ATTTTTT
M158_0.6	HNRNPCL1	hsa_circ_0000090_Extracellular	5889	5895	+	11.5118	6.1e-05	0.147	ATTTTTT
M158_0.6	HNRNPCL1	hsa_circ_0000090_Extracellular	5889	5895	+	11.5118	6.1e-05	0.147	ATTTTTT
M158_0.6	HNRNPCL1	hsa_circ_0100988_Extracellular	5935	5941	+	11.5118	6.1e-05	0.147	ATTTTTT
M158_0.6	HNRNPCL1	hsa_circ_0100988_Extracellular	5935	5941	+	11.5118	6.1e-05	0.147	ATTTTTT
M158_0.6	HNRNPCL1	hsa_circ_0001812_Extracellular	5938	5944	+	11.5118	6.1e-05	0.147	ATTTTTT
M158_0.6	HNRNPCL1	hsa_circ_0001812_Extracellular	5938	5944	+	11.5118	6.1e-05	0.147	ATTTTTT
M158_0.6	HNRNPCL1	hsa_circ_0009684_Extracellular	6003	6009	+	11.5118	6.1e-05	0.147	ATTTTTT
M158_0.6	HNRNPCL1	hsa_circ_0009684_Extracellular	6003	6009	+	11.5118	6.1e-05	0.147	ATTTTTT
M158_0.6	HNRNPCL1	hsa_circ_0100988_Extracellular	6095	6101	+	11.5118	6.1e-05	0.147	ATTTTTT
M158_0.6	HNRNPCL1	hsa_circ_0100988_Extracellular	6095	6101	+	11.5118	6.1e-05	0.147	ATTTTTT
M158_0.6	HNRNPCL1	hsa_circ_0009684_Extracellular	6147	6153	+	11.5118	6.1e-05	0.147	ATTTTTT
M158_0.6	HNRNPCL1	hsa_circ_0009684_Extracellular	6147	6153	+	11.5118	6.1e-05	0.147	ATTTTTT
M158_0.6	HNRNPCL1	hsa_circ_0009684_Extracellular	6433	6439	+	11.5118	6.1e-05	0.147	ATTTTTT
M158_0.6	HNRNPCL1	hsa_circ_0009684_Extracellular	6433	6439	+	11.5118	6.1e-05	0.147	ATTTTTT
M158_0.6	HNRNPCL1	hsa_circ_0104761_Extracellular	6553	6559	+	11.5118	6.1e-05	0.147	ATTTTTT
M158_0.6	HNRNPCL1	hsa_circ_0104761_Extracellular	6553	6559	+	11.5118	6.1e-05	0.147	ATTTTTT
M158_0.6	HNRNPCL1	hsa_circ_0000246_Extracellular	6644	6650	+	11.5118	6.1e-05	0.147	ATTTTTT
M158_0.6	HNRNPCL1	hsa_circ_0000246_Extracellular	6644	6650	+	11.5118	6.1e-05	0.147	ATTTTTT
M158_0.6	HNRNPCL1	hsa_circ_0000246_Extracellular	6704	6710	+	11.5118	6.1e-05	0.147	ATTTTTT
M158_0.6	HNRNPCL1	hsa_circ_0000246_Extracellular	6704	6710	+	11.5118	6.1e-05	0.147	ATTTTTT
M158_0.6	HNRNPCL1	hsa_circ_0000726_Extracellular	6867	6873	+	11.5118	6.1e-05	0.147	ATTTTTT
M158_0.6	HNRNPCL1	hsa_circ_0000726_Extracellular	6867	6873	+	11.5118	6.1e-05	0.147	ATTTTTT
M158_0.6	HNRNPCL1	hsa_circ_0000726_Extracellular	6927	6933	+	11.5118	6.1e-05	0.147	ATTTTTT
M158_0.6	HNRNPCL1	hsa_circ_0000726_Extracellular	6927	6933	+	11.5118	6.1e-05	0.147	ATTTTTT
M158_0.6	HNRNPCL1	hsa_circ_0000443_Extracellular	6964	6970	+	11.5118	6.1e-05	0.147	ATTTTTT
M158_0.6	HNRNPCL1	hsa_circ_0000442_Extracellular	6964	6970	+	11.5118	6.1e-05	0.147	ATTTTTT
M158_0.6	HNRNPCL1	hsa_circ_0000443_Extracellular	6964	6970	+	11.5118	6.1e-05	0.147	ATTTTTT
M158_0.6	HNRNPCL1	hsa_circ_0000442_Extracellular	6964	6970	+	11.5118	6.1e-05	0.147	ATTTTTT
M158_0.6	HNRNPCL1	hsa_circ_0000443_Extracellular	6964	6970	+	11.5118	6.1e-05	0.147	ATTTTTT
M158_0.6	HNRNPCL1	mmu_circ_0000713_Extracellular	7032	7038	+	11.5118	6.1e-05	0.147	ATTTTTT
M158_0.6	HNRNPCL1	hsa_circ_0000233_Extracellular	7080	7086	+	11.5118	6.1e-05	0.147	ATTTTTT
M158_0.6	HNRNPCL1	hsa_circ_0000233_Extracellular	7080	7086	+	11.5118	6.1e-05	0.147	ATTTTTT
M158_0.6	HNRNPCL1	hsa_circ_0000444_Extracellular	7128	7134	+	11.5118	6.1e-05	0.147	ATTTTTT
M158_0.6	HNRNPCL1	hsa_circ_0000444_Extracellular	7128	7134	+	11.5118	6.1e-05	0.147	ATTTTTT
M158_0.6	HNRNPCL1	hsa_circ_0000246_Extracellular	7271	7277	+	11.5118	6.1e-05	0.147	ATTTTTT
M158_0.6	HNRNPCL1	hsa_circ_0000246_Extracellular	7271	7277	+	11.5118	6.1e-05	0.147	ATTTTTT
M158_0.6	HNRNPCL1	hsa_circ_0004314_Extracellular	7397	7403	+	11.5118	6.1e-05	0.147	ATTTTTT
M158_0.6	HNRNPCL1	hsa_circ_0004314_Extracellular	7397	7403	+	11.5118	6.1e-05	0.147	ATTTTTT
M158_0.6	HNRNPCL1	hsa_circ_0000726_Extracellular	7420	7426	+	11.5118	6.1e-05	0.147	ATTTTTT
M158_0.6	HNRNPCL1	hsa_circ_0000726_Extracellular	7420	7426	+	11.5118	6.1e-05	0.147	ATTTTTT
M158_0.6	HNRNPCL1	hsa_circ_0001306_Extracellular	7611	7617	+	11.5118	6.1e-05	0.147	ATTTTTT
M158_0.6	HNRNPCL1	hsa_circ_0001306_Extracellular	7611	7617	+	11.5118	6.1e-05	0.147	ATTTTTT
M158_0.6	HNRNPCL1	hsa_circ_0000246_Extracellular	7623	7629	+	11.5118	6.1e-05	0.147	ATTTTTT
M158_0.6	HNRNPCL1	hsa_circ_0000246_Extracellular	7623	7629	+	11.5118	6.1e-05	0.147	ATTTTTT
M158_0.6	HNRNPCL1	hsa_circ_0000444_Extracellular	7665	7671	+	11.5118	6.1e-05	0.147	ATTTTTT
M158_0.6	HNRNPCL1	hsa_circ_0000444_Extracellular	7665	7671	+	11.5118	6.1e-05	0.147	ATTTTTT
M158_0.6	HNRNPCL1	mmu_circ_0000713_Extracellular	7923	7929	+	11.5118	6.1e-05	0.147	ATTTTTT
M158_0.6	HNRNPCL1	hsa_circ_0103176_Extracellular	7937	7943	+	11.5118	6.1e-05	0.147	ATTTTTT
M158_0.6	HNRNPCL1	hsa_circ_0103176_Extracellular	7937	7943	+	11.5118	6.1e-05	0.147	ATTTTTT
M158_0.6	HNRNPCL1	hsa_circ_0001306_Extracellular	7978	7984	+	11.5118	6.1e-05	0.147	ATTTTTT
M158_0.6	HNRNPCL1	hsa_circ_0001306_Extracellular	7978	7984	+	11.5118	6.1e-05	0.147	ATTTTTT
M158_0.6	HNRNPCL1	hsa_circ_0102520_Extracellular	8056	8062	+	11.5118	6.1e-05	0.147	ATTTTTT
M158_0.6	HNRNPCL1	hsa_circ_0102520_Extracellular	8056	8062	+	11.5118	6.1e-05	0.147	ATTTTTT
M158_0.6	HNRNPCL1	hsa_circ_0000246_Extracellular	8075	8081	+	11.5118	6.1e-05	0.147	ATTTTTT
M158_0.6	HNRNPCL1	hsa_circ_0000246_Extracellular	8075	8081	+	11.5118	6.1e-05	0.147	ATTTTTT
M158_0.6	HNRNPCL1	hsa_circ_0004314_Extracellular	8351	8357	+	11.5118	6.1e-05	0.147	ATTTTTT
M158_0.6	HNRNPCL1	hsa_circ_0004314_Extracellular	8351	8357	+	11.5118	6.1e-05	0.147	ATTTTTT
M158_0.6	HNRNPCL1	hsa_circ_0104980_Extracellular	8430	8436	+	11.5118	6.1e-05	0.147	ATTTTTT
M158_0.6	HNRNPCL1	hsa_circ_0104980_Extracellular	8430	8436	+	11.5118	6.1e-05	0.147	ATTTTTT
M158_0.6	HNRNPCL1	hsa_circ_0000090_Extracellular	8704	8710	+	11.5118	6.1e-05	0.147	ATTTTTT
M158_0.6	HNRNPCL1	hsa_circ_0000090_Extracellular	8704	8710	+	11.5118	6.1e-05	0.147	ATTTTTT
M158_0.6	HNRNPCL1	hsa_circ_0000246_Extracellular	8745	8751	+	11.5118	6.1e-05	0.147	ATTTTTT
M158_0.6	HNRNPCL1	hsa_circ_0000246_Extracellular	8745	8751	+	11.5118	6.1e-05	0.147	ATTTTTT
M158_0.6	HNRNPCL1	mmu_circ_0000905_Extracellular	8776	8782	+	11.5118	6.1e-05	0.147	ATTTTTT
M158_0.6	HNRNPCL1	hsa_circ_0004314_Extracellular	8926	8932	+	11.5118	6.1e-05	0.147	ATTTTTT
M158_0.6	HNRNPCL1	hsa_circ_0004314_Extracellular	8926	8932	+	11.5118	6.1e-05	0.147	ATTTTTT
M158_0.6	HNRNPCL1	hsa_circ_0001812_Extracellular	9001	9007	+	11.5118	6.1e-05	0.147	ATTTTTT
M158_0.6	HNRNPCL1	hsa_circ_0001812_Extracellular	9001	9007	+	11.5118	6.1e-05	0.147	ATTTTTT
M158_0.6	HNRNPCL1	hsa_circ_0001306_Extracellular	9105	9111	+	11.5118	6.1e-05	0.147	ATTTTTT
M158_0.6	HNRNPCL1	hsa_circ_0001306_Extracellular	9105	9111	+	11.5118	6.1e-05	0.147	ATTTTTT
M158_0.6	HNRNPCL1	hsa_circ_0104980_Extracellular	9205	9211	+	11.5118	6.1e-05	0.147	ATTTTTT
M158_0.6	HNRNPCL1	hsa_circ_0104980_Extracellular	9205	9211	+	11.5118	6.1e-05	0.147	ATTTTTT
M158_0.6	HNRNPCL1	hsa_circ_0104980_Extracellular	9265	9271	+	11.5118	6.1e-05	0.147	ATTTTTT
M158_0.6	HNRNPCL1	hsa_circ_0104980_Extracellular	9265	9271	+	11.5118	6.1e-05	0.147	ATTTTTT
M158_0.6	HNRNPCL1	hsa_circ_0104808_Extracellular	9432	9438	+	11.5118	6.1e-05	0.147	ATTTTTT
M158_0.6	HNRNPCL1	hsa_circ_0104808_Extracellular	9432	9438	+	11.5118	6.1e-05	0.147	ATTTTTT
M158_0.6	HNRNPCL1	hsa_circ_0000090_Extracellular	9464	9470	+	11.5118	6.1e-05	0.147	ATTTTTT
M158_0.6	HNRNPCL1	hsa_circ_0000090_Extracellular	9464	9470	+	11.5118	6.1e-05	0.147	ATTTTTT
M158_0.6	HNRNPCL1	hsa_circ_0000090_Extracellular	9521	9527	+	11.5118	6.1e-05	0.147	ATTTTTT
M158_0.6	HNRNPCL1	hsa_circ_0000090_Extracellular	9521	9527	+	11.5118	6.1e-05	0.147	ATTTTTT
M158_0.6	HNRNPCL1	mmu_circ_0000905_Extracellular	9930	9936	+	11.5118	6.1e-05	0.147	ATTTTTT
M158_0.6	HNRNPCL1	mmu_circ_0000905_Extracellular	9990	9996	+	11.5118	6.1e-05	0.147	ATTTTTT
M158_0.6	HNRNPCL1	hsa_circ_0000444_Extracellular	10319	10325	+	11.5118	6.1e-05	0.147	ATTTTTT
M158_0.6	HNRNPCL1	hsa_circ_0000444_Extracellular	10319	10325	+	11.5118	6.1e-05	0.147	ATTTTTT
M158_0.6	HNRNPCL1	hsa_circ_0103045_Extracellular	10535	10541	+	11.5118	6.1e-05	0.147	ATTTTTT
M158_0.6	HNRNPCL1	hsa_circ_0103045_Extracellular	10535	10541	+	11.5118	6.1e-05	0.147	ATTTTTT
M158_0.6	HNRNPCL1	hsa_circ_0104980_Extracellular	10596	10602	+	11.5118	6.1e-05	0.147	ATTTTTT
M158_0.6	HNRNPCL1	hsa_circ_0104980_Extracellular	10596	10602	+	11.5118	6.1e-05	0.147	ATTTTTT
M158_0.6	HNRNPCL1	hsa_circ_0000090_Extracellular	10855	10861	+	11.5118	6.1e-05	0.147	ATTTTTT
M158_0.6	HNRNPCL1	hsa_circ_0000090_Extracellular	10855	10861	+	11.5118	6.1e-05	0.147	ATTTTTT
M158_0.6	HNRNPCL1	hsa_circ_0104808_Extracellular	11624	11630	+	11.5118	6.1e-05	0.147	ATTTTTT
M158_0.6	HNRNPCL1	hsa_circ_0104808_Extracellular	11624	11630	+	11.5118	6.1e-05	0.147	ATTTTTT
M158_0.6	HNRNPCL1	hsa_circ_0104980_Extracellular	11765	11771	+	11.5118	6.1e-05	0.147	ATTTTTT
M158_0.6	HNRNPCL1	hsa_circ_0104980_Extracellular	11765	11771	+	11.5118	6.1e-05	0.147	ATTTTTT
M158_0.6	HNRNPCL1	hsa_circ_0104808_Extracellular	11913	11919	+	11.5118	6.1e-05	0.147	ATTTTTT
M158_0.6	HNRNPCL1	hsa_circ_0104808_Extracellular	11913	11919	+	11.5118	6.1e-05	0.147	ATTTTTT
M158_0.6	HNRNPCL1	hsa_circ_0001306_Extracellular	12088	12094	+	11.5118	6.1e-05	0.147	ATTTTTT
M158_0.6	HNRNPCL1	hsa_circ_0001306_Extracellular	12088	12094	+	11.5118	6.1e-05	0.147	ATTTTTT
M111_0.6	CSDA	hsa_circ_0000053_Extracellular	3	9	+	11.4765	6.1e-05	0.605	AACATCA
M111_0.6	CSDA	hsa_circ_0000053_Extracellular	3	9	+	11.4765	6.1e-05	0.605	AACATCA
M111_0.6	CSDA	hsa_circ_0003655_Extracellular	7	13	+	11.4765	6.1e-05	0.605	AACATCA
M111_0.6	CSDA	hsa_circ_0003655_Extracellular	7	13	+	11.4765	6.1e-05	0.605	AACATCA
M111_0.6	CSDA	hsa_circ_0001492_Extracellular	20	26	+	11.4765	6.1e-05	0.605	AACATCA
M111_0.6	CSDA	hsa_circ_0001492_Extracellular	20	26	+	11.4765	6.1e-05	0.605	AACATCA
M111_0.6	CSDA	hsa_circ_0000157_Extracellular	20	26	+	11.4765	6.1e-05	0.605	AACATCA
M111_0.6	CSDA	hsa_circ_0000157_Extracellular	20	26	+	11.4765	6.1e-05	0.605	AACATCA
M111_0.6	CSDA	hsa_circ_0001492_Extracellular	20	26	+	11.4765	6.1e-05	0.605	AACATCA
M111_0.6	CSDA	hsa_circ_0103757_Extracellular	31	37	+	11.4765	6.1e-05	0.605	AACATCA
M111_0.6	CSDA	hsa_circ_0103757_Extracellular	31	37	+	11.4765	6.1e-05	0.605	AACATCA
M111_0.6	CSDA	hsa_circ_0058858_Extracellular	44	50	+	11.4765	6.1e-05	0.605	AACATCA
M111_0.6	CSDA	hsa_circ_0004314_Extracellular	58	64	+	11.4765	6.1e-05	0.605	AACATCA
M111_0.6	CSDA	hsa_circ_0004314_Extracellular	58	64	+	11.4765	6.1e-05	0.605	AACATCA
M111_0.6	CSDA	hsa_circ_0000053_Extracellular	63	69	+	11.4765	6.1e-05	0.605	AACATCA
M111_0.6	CSDA	hsa_circ_0000053_Extracellular	63	69	+	11.4765	6.1e-05	0.605	AACATCA
M111_0.6	CSDA	hsa_circ_0003655_Extracellular	67	73	+	11.4765	6.1e-05	0.605	AACATCA
M111_0.6	CSDA	hsa_circ_0003655_Extracellular	67	73	+	11.4765	6.1e-05	0.605	AACATCA
M111_0.6	CSDA	hsa_circ_0103383_Extracellular	72	78	+	11.4765	6.1e-05	0.605	AACATCA
M111_0.6	CSDA	hsa_circ_0103383_Extracellular	72	78	+	11.4765	6.1e-05	0.605	AACATCA
M111_0.6	CSDA	mmu_circ_0001388_Extracellular	80	86	+	11.4765	6.1e-05	0.605	AACATCA
M111_0.6	CSDA	hsa_circ_0001184_Extracellular	82	88	+	11.4765	6.1e-05	0.605	AACATCA
M111_0.6	CSDA	hsa_circ_0001184_Extracellular	82	88	+	11.4765	6.1e-05	0.605	AACATCA
M111_0.6	CSDA	hsa_circ_0047156_Extracellular	83	89	+	11.4765	6.1e-05	0.605	AACATCA
M111_0.6	CSDA	hsa_circ_0039438_Extracellular	106	112	+	11.4765	6.1e-05	0.605	AACATCA
M111_0.6	CSDA	hsa_circ_0039438_Extracellular	106	112	+	11.4765	6.1e-05	0.605	AACATCA
M111_0.6	CSDA	hsa_circ_0103252_Extracellular	115	121	+	11.4765	6.1e-05	0.605	AACATCA
M111_0.6	CSDA	hsa_circ_0103252_Extracellular	115	121	+	11.4765	6.1e-05	0.605	AACATCA
M111_0.6	CSDA	hsa_circ_0001805_Extracellular	128	134	+	11.4765	6.1e-05	0.605	AACATCA
M111_0.6	CSDA	hsa_circ_0001805_Extracellular	128	134	+	11.4765	6.1e-05	0.605	AACATCA
M111_0.6	CSDA	mmu_circ_0001388_Extracellular	140	146	+	11.4765	6.1e-05	0.605	AACATCA
M111_0.6	CSDA	hsa_circ_0017286_Extracellular	144	150	+	11.4765	6.1e-05	0.605	AACATCA
M111_0.6	CSDA	hsa_circ_0006756_Extracellular	153	159	+	11.4765	6.1e-05	0.605	AACATCA
M111_0.6	CSDA	hsa_circ_0006756_Extracellular	153	159	+	11.4765	6.1e-05	0.605	AACATCA
M111_0.6	CSDA	hsa_circ_0001411_Extracellular	159	165	+	11.4765	6.1e-05	0.605	AACATCA
M111_0.6	CSDA	hsa_circ_0001411_Extracellular	159	165	+	11.4765	6.1e-05	0.605	AACATCA
M111_0.6	CSDA	hsa_circ_0002001_Extracellular	176	182	+	11.4765	6.1e-05	0.605	AACATCA
M111_0.6	CSDA	hsa_circ_0002001_Extracellular	176	182	+	11.4765	6.1e-05	0.605	AACATCA
M111_0.6	CSDA	hsa_circ_0000323_Extracellular	203	209	+	11.4765	6.1e-05	0.605	AACATCA
M111_0.6	CSDA	hsa_circ_0000323_Extracellular	203	209	+	11.4765	6.1e-05	0.605	AACATCA
M111_0.6	CSDA	hsa_circ_0006756_Extracellular	213	219	+	11.4765	6.1e-05	0.605	AACATCA
M111_0.6	CSDA	hsa_circ_0006756_Extracellular	213	219	+	11.4765	6.1e-05	0.605	AACATCA
M111_0.6	CSDA	hsa_circ_0104327_Extracellular	227	233	+	11.4765	6.1e-05	0.605	AACATCA
M111_0.6	CSDA	hsa_circ_0104327_Extracellular	227	233	+	11.4765	6.1e-05	0.605	AACATCA
M111_0.6	CSDA	hsa_circ_0021553_Extracellular	248	254	+	11.4765	6.1e-05	0.605	AACATCA
M111_0.6	CSDA	hsa_circ_0000886_Extracellular	266	272	+	11.4765	6.1e-05	0.605	AACATCA
M111_0.6	CSDA	hsa_circ_0000886_Extracellular	266	272	+	11.4765	6.1e-05	0.605	AACATCA
M111_0.6	CSDA	hsa_circ_0100354_Extracellular	293	299	+	11.4765	6.1e-05	0.605	AACATCA
M111_0.6	CSDA	hsa_circ_0100354_Extracellular	293	299	+	11.4765	6.1e-05	0.605	AACATCA
M111_0.6	CSDA	mmu_circ_0001388_Extracellular	301	307	+	11.4765	6.1e-05	0.605	AACATCA
M111_0.6	CSDA	mmu_circ_0001468_Extracellular	318	324	+	11.4765	6.1e-05	0.605	AACATCA
M111_0.6	CSDA	hsa_circ_0104168_Extracellular	325	331	+	11.4765	6.1e-05	0.605	AACATCA
M111_0.6	CSDA	hsa_circ_0104168_Extracellular	325	331	+	11.4765	6.1e-05	0.605	AACATCA
M111_0.6	CSDA	hsa_circ_0003823_Extracellular	337	343	+	11.4765	6.1e-05	0.605	AACATCA
M111_0.6	CSDA	hsa_circ_0100354_Extracellular	353	359	+	11.4765	6.1e-05	0.605	AACATCA
M111_0.6	CSDA	hsa_circ_0100354_Extracellular	353	359	+	11.4765	6.1e-05	0.605	AACATCA
M111_0.6	CSDA	mmu_circ_0001388_Extracellular	361	367	+	11.4765	6.1e-05	0.605	AACATCA
M111_0.6	CSDA	mmu_circ_0000905_Extracellular	367	373	+	11.4765	6.1e-05	0.605	AACATCA
M111_0.6	CSDA	hsa_circ_0010467_Extracellular	373	379	+	11.4765	6.1e-05	0.605	AACATCA
M111_0.6	CSDA	hsa_circ_0103757_Extracellular	402	408	+	11.4765	6.1e-05	0.605	AACATCA
M111_0.6	CSDA	hsa_circ_0103757_Extracellular	402	408	+	11.4765	6.1e-05	0.605	AACATCA
M111_0.6	CSDA	hsa_circ_0000615_Extracellular	403	409	+	11.4765	6.1e-05	0.605	AACATCA
M111_0.6	CSDA	hsa_circ_0005224_Extracellular	407	413	+	11.4765	6.1e-05	0.605	AACATCA
M111_0.6	CSDA	hsa_circ_0001707_Extracellular	423	429	+	11.4765	6.1e-05	0.605	AACATCA
M111_0.6	CSDA	hsa_circ_0001707_Extracellular	423	429	+	11.4765	6.1e-05	0.605	AACATCA
M111_0.6	CSDA	mmu_circ_0000905_Extracellular	427	433	+	11.4765	6.1e-05	0.605	AACATCA
M111_0.6	CSDA	hsa_circ_0000914_Extracellular	443	449	+	11.4765	6.1e-05	0.605	AACATCA
M111_0.6	CSDA	hsa_circ_0000914_Extracellular	443	449	+	11.4765	6.1e-05	0.605	AACATCA
M111_0.6	CSDA	hsa_circ_0000914_Extracellular	477	483	+	11.4765	6.1e-05	0.605	AACATCA
M111_0.6	CSDA	hsa_circ_0000914_Extracellular	477	483	+	11.4765	6.1e-05	0.605	AACATCA
M111_0.6	CSDA	hsa_circ_0100387_Extracellular	491	497	+	11.4765	6.1e-05	0.605	AACATCA
M111_0.6	CSDA	hsa_circ_0100387_Extracellular	491	497	+	11.4765	6.1e-05	0.605	AACATCA
M111_0.6	CSDA	hsa_circ_0101153_Extracellular	536	542	+	11.4765	6.1e-05	0.605	AACATCA
M111_0.6	CSDA	hsa_circ_0101153_Extracellular	536	542	+	11.4765	6.1e-05	0.605	AACATCA
M111_0.6	CSDA	hsa_circ_0103756_Extracellular	586	592	+	11.4765	6.1e-05	0.605	AACATCA
M111_0.6	CSDA	hsa_circ_0103756_Extracellular	586	592	+	11.4765	6.1e-05	0.605	AACATCA
M111_0.6	CSDA	hsa_circ_0047744_Extracellular	587	593	+	11.4765	6.1e-05	0.605	AACATCA
M111_0.6	CSDA	hsa_circ_0078460_Extracellular	609	615	+	11.4765	6.1e-05	0.605	AACATCA
M111_0.6	CSDA	hsa_circ_0078460_Extracellular	609	615	+	11.4765	6.1e-05	0.605	AACATCA
M111_0.6	CSDA	hsa_circ_0100722_Extracellular	620	626	+	11.4765	6.1e-05	0.605	AACATCA
M111_0.6	CSDA	hsa_circ_0100722_Extracellular	620	626	+	11.4765	6.1e-05	0.605	AACATCA
M111_0.6	CSDA	hsa_circ_0103756_Extracellular	646	652	+	11.4765	6.1e-05	0.605	AACATCA
M111_0.6	CSDA	hsa_circ_0103756_Extracellular	646	652	+	11.4765	6.1e-05	0.605	AACATCA
M111_0.6	CSDA	hsa_circ_0047744_Extracellular	647	653	+	11.4765	6.1e-05	0.605	AACATCA
M111_0.6	CSDA	hsa_circ_0002474_Extracellular	686	692	+	11.4765	6.1e-05	0.605	AACATCA
M111_0.6	CSDA	hsa_circ_0002474_Extracellular	686	692	+	11.4765	6.1e-05	0.605	AACATCA
M111_0.6	CSDA	hsa_circ_0070762_Extracellular	811	817	+	11.4765	6.1e-05	0.605	AACATCA
M111_0.6	CSDA	hsa_circ_0070761_Extracellular	811	817	+	11.4765	6.1e-05	0.605	AACATCA
M111_0.6	CSDA	hsa_circ_0103735_Extracellular	835	841	+	11.4765	6.1e-05	0.605	AACATCA
M111_0.6	CSDA	hsa_circ_0103735_Extracellular	835	841	+	11.4765	6.1e-05	0.605	AACATCA
M111_0.6	CSDA	hsa_circ_0001480_Extracellular	959	965	+	11.4765	6.1e-05	0.605	AACATCA
M111_0.6	CSDA	hsa_circ_0001480_Extracellular	959	965	+	11.4765	6.1e-05	0.605	AACATCA
M111_0.6	CSDA	hsa_circ_0001666_Extracellular	974	980	+	11.4765	6.1e-05	0.605	AACATCA
M111_0.6	CSDA	hsa_circ_0074447_Extracellular	1041	1047	+	11.4765	6.1e-05	0.605	AACATCA
M111_0.6	CSDA	hsa_circ_0091741_Extracellular	1137	1143	+	11.4765	6.1e-05	0.605	AACATCA
M111_0.6	CSDA	mmu_circ_0001468_Extracellular	1174	1180	+	11.4765	6.1e-05	0.605	AACATCA
M111_0.6	CSDA	mmu_circ_0000713_Extracellular	1180	1186	+	11.4765	6.1e-05	0.605	AACATCA
M111_0.6	CSDA	hsa_circ_0000591_Extracellular	1220	1226	+	11.4765	6.1e-05	0.605	AACATCA
M111_0.6	CSDA	hsa_circ_0000591_Extracellular	1220	1226	+	11.4765	6.1e-05	0.605	AACATCA
M111_0.6	CSDA	hsa_circ_0027723_Extracellular	1220	1226	+	11.4765	6.1e-05	0.605	AACATCA
M111_0.6	CSDA	mmu_circ_0001468_Extracellular	1234	1240	+	11.4765	6.1e-05	0.605	AACATCA
M111_0.6	CSDA	hsa_circ_0103758_Extracellular	1258	1264	+	11.4765	6.1e-05	0.605	AACATCA
M111_0.6	CSDA	hsa_circ_0103758_Extracellular	1258	1264	+	11.4765	6.1e-05	0.605	AACATCA
M111_0.6	CSDA	hsa_circ_0085428_Extracellular	1346	1352	+	11.4765	6.1e-05	0.605	AACATCA
M111_0.6	CSDA	hsa_circ_0104761_Extracellular	1629	1635	+	11.4765	6.1e-05	0.605	AACATCA
M111_0.6	CSDA	hsa_circ_0104761_Extracellular	1629	1635	+	11.4765	6.1e-05	0.605	AACATCA
M111_0.6	CSDA	hsa_circ_0103176_Extracellular	1829	1835	+	11.4765	6.1e-05	0.605	AACATCA
M111_0.6	CSDA	hsa_circ_0103176_Extracellular	1829	1835	+	11.4765	6.1e-05	0.605	AACATCA
M111_0.6	CSDA	hsa_circ_0091803_Extracellular	1862	1868	+	11.4765	6.1e-05	0.605	AACATCA
M111_0.6	CSDA	hsa_circ_0103176_Extracellular	1889	1895	+	11.4765	6.1e-05	0.605	AACATCA
M111_0.6	CSDA	hsa_circ_0103176_Extracellular	1889	1895	+	11.4765	6.1e-05	0.605	AACATCA
M111_0.6	CSDA	hsa_circ_0001666_Extracellular	2191	2197	+	11.4765	6.1e-05	0.605	AACATCA
M111_0.6	CSDA	hsa_circ_0001666_Extracellular	2251	2257	+	11.4765	6.1e-05	0.605	AACATCA
M111_0.6	CSDA	hsa_circ_0102520_Extracellular	2358	2364	+	11.4765	6.1e-05	0.605	AACATCA
M111_0.6	CSDA	hsa_circ_0102520_Extracellular	2358	2364	+	11.4765	6.1e-05	0.605	AACATCA
M111_0.6	CSDA	hsa_circ_0090577_Extracellular	2419	2425	+	11.4765	6.1e-05	0.605	AACATCA
M111_0.6	CSDA	hsa_circ_0078077_Extracellular	2815	2821	+	11.4765	6.1e-05	0.605	AACATCA
M111_0.6	CSDA	hsa_circ_0078077_Extracellular	2815	2821	+	11.4765	6.1e-05	0.605	AACATCA
M111_0.6	CSDA	hsa_circ_0000246_Extracellular	3294	3300	+	11.4765	6.1e-05	0.605	AACATCA
M111_0.6	CSDA	hsa_circ_0000246_Extracellular	3294	3300	+	11.4765	6.1e-05	0.605	AACATCA
M111_0.6	CSDA	hsa_circ_0000495_Extracellular	3444	3450	+	11.4765	6.1e-05	0.605	AACATCA
M111_0.6	CSDA	hsa_circ_0000495_Extracellular	3444	3450	+	11.4765	6.1e-05	0.605	AACATCA
M111_0.6	CSDA	hsa_circ_0000495_Extracellular	3444	3450	+	11.4765	6.1e-05	0.605	AACATCA
M111_0.6	CSDA	hsa_circ_0000495_Extracellular	3444	3450	+	11.4765	6.1e-05	0.605	AACATCA
M111_0.6	CSDA	hsa_circ_0026102_Extracellular	4160	4166	+	11.4765	6.1e-05	0.605	AACATCA
M111_0.6	CSDA	hsa_circ_0026102_Extracellular	4525	4531	+	11.4765	6.1e-05	0.605	AACATCA
M111_0.6	CSDA	hsa_circ_0001704_Extracellular	4909	4915	+	11.4765	6.1e-05	0.605	AACATCA
M111_0.6	CSDA	hsa_circ_0001704_Extracellular	4909	4915	+	11.4765	6.1e-05	0.605	AACATCA
M111_0.6	CSDA	hsa_circ_0021091_Extracellular	5097	5103	+	11.4765	6.1e-05	0.605	AACATCA
M111_0.6	CSDA	hsa_circ_0110664_Extracellular	5230	5236	+	11.4765	6.1e-05	0.605	AACATCA
M111_0.6	CSDA	hsa_circ_0009684_Extracellular	5461	5467	+	11.4765	6.1e-05	0.605	AACATCA
M111_0.6	CSDA	hsa_circ_0009684_Extracellular	5461	5467	+	11.4765	6.1e-05	0.605	AACATCA
M111_0.6	CSDA	hsa_circ_0103045_Extracellular	5804	5810	+	11.4765	6.1e-05	0.605	AACATCA
M111_0.6	CSDA	hsa_circ_0103045_Extracellular	5804	5810	+	11.4765	6.1e-05	0.605	AACATCA
M111_0.6	CSDA	hsa_circ_0000090_Extracellular	5919	5925	+	11.4765	6.1e-05	0.605	AACATCA
M111_0.6	CSDA	hsa_circ_0000090_Extracellular	5919	5925	+	11.4765	6.1e-05	0.605	AACATCA
M111_0.6	CSDA	hsa_circ_0000090_Extracellular	5979	5985	+	11.4765	6.1e-05	0.605	AACATCA
M111_0.6	CSDA	hsa_circ_0000090_Extracellular	5979	5985	+	11.4765	6.1e-05	0.605	AACATCA
M111_0.6	CSDA	hsa_circ_0104708_Extracellular	6274	6280	+	11.4765	6.1e-05	0.605	AACATCA
M111_0.6	CSDA	hsa_circ_0104708_Extracellular	6274	6280	+	11.4765	6.1e-05	0.605	AACATCA
M111_0.6	CSDA	hsa_circ_0104904_Extracellular	7651	7657	+	11.4765	6.1e-05	0.605	AACATCA
M111_0.6	CSDA	hsa_circ_0104904_Extracellular	7651	7657	+	11.4765	6.1e-05	0.605	AACATCA
M111_0.6	CSDA	hsa_circ_0104904_Extracellular	8134	8140	+	11.4765	6.1e-05	0.605	AACATCA
M111_0.6	CSDA	hsa_circ_0104904_Extracellular	8134	8140	+	11.4765	6.1e-05	0.605	AACATCA
M111_0.6	CSDA	hsa_circ_0103176_Extracellular	9151	9157	+	11.4765	6.1e-05	0.605	AACATCA
M111_0.6	CSDA	hsa_circ_0103176_Extracellular	9151	9157	+	11.4765	6.1e-05	0.605	AACATCA
M111_0.6	CSDA	mmu_circ_0000905_Extracellular	9812	9818	+	11.4765	6.1e-05	0.605	AACATCA
M074_0.6	TARDBP	hsa_circ_0104338_Extracellular	72	79	+	10.8689	6.1e-05	0.299	AGAATGAA
M074_0.6	TARDBP	hsa_circ_0104338_Extracellular	72	79	+	10.8689	6.1e-05	0.299	AGAATGAA
M074_0.6	TARDBP	hsa_circ_0001038_Extracellular	92	99	+	10.8689	6.1e-05	0.299	AGAATGAA
M074_0.6	TARDBP	hsa_circ_0002874_Extracellular	109	116	+	10.8689	6.1e-05	0.299	AGAATGAA
M074_0.6	TARDBP	hsa_circ_0047156_Extracellular	154	161	+	10.8689	6.1e-05	0.299	TGAATGAA
M074_0.6	TARDBP	hsa_circ_0038632_Extracellular	169	176	+	10.8689	6.1e-05	0.299	TGAATGAA
M074_0.6	TARDBP	hsa_circ_0001445_Extracellular	186	193	+	10.8689	6.1e-05	0.299	TGAATGAA
M074_0.6	TARDBP	hsa_circ_0001445_Extracellular	186	193	+	10.8689	6.1e-05	0.299	TGAATGAA
M074_0.6	TARDBP	hsa_circ_0001445_Extracellular	186	193	+	10.8689	6.1e-05	0.299	TGAATGAA
M074_0.6	TARDBP	hsa_circ_0054229_Extracellular	250	257	+	10.8689	6.1e-05	0.299	TGAATGAA
M074_0.6	TARDBP	hsa_circ_0001746_Extracellular	279	286	+	10.8689	6.1e-05	0.299	AGAATGAA
M074_0.6	TARDBP	hsa_circ_0001746_Extracellular	279	286	+	10.8689	6.1e-05	0.299	AGAATGAA
M074_0.6	TARDBP	hsa_circ_0000172_Extracellular	296	303	+	10.8689	6.1e-05	0.299	TGAATGAA
M074_0.6	TARDBP	hsa_circ_0000172_Extracellular	296	303	+	10.8689	6.1e-05	0.299	TGAATGAA
M074_0.6	TARDBP	hsa_circ_0103757_Extracellular	315	322	+	10.8689	6.1e-05	0.299	AGAATGAA
M074_0.6	TARDBP	hsa_circ_0103757_Extracellular	315	322	+	10.8689	6.1e-05	0.299	AGAATGAA
M074_0.6	TARDBP	hsa_circ_0005584_Extracellular	331	338	+	10.8689	6.1e-05	0.299	TGAATGAA
M074_0.6	TARDBP	hsa_circ_0001749_Extracellular	347	354	+	10.8689	6.1e-05	0.299	AGAATGAA
M074_0.6	TARDBP	hsa_circ_0001749_Extracellular	347	354	+	10.8689	6.1e-05	0.299	AGAATGAA
M074_0.6	TARDBP	hsa_circ_0000172_Extracellular	356	363	+	10.8689	6.1e-05	0.299	TGAATGAA
M074_0.6	TARDBP	hsa_circ_0000172_Extracellular	356	363	+	10.8689	6.1e-05	0.299	TGAATGAA
M074_0.6	TARDBP	hsa_circ_0100988_Extracellular	360	367	+	10.8689	6.1e-05	0.299	AGAATGAA
M074_0.6	TARDBP	hsa_circ_0100988_Extracellular	360	367	+	10.8689	6.1e-05	0.299	AGAATGAA
M074_0.6	TARDBP	hsa_circ_0100362_Extracellular	362	369	+	10.8689	6.1e-05	0.299	TGAATGAA
M074_0.6	TARDBP	hsa_circ_0100362_Extracellular	362	369	+	10.8689	6.1e-05	0.299	TGAATGAA
M074_0.6	TARDBP	hsa_circ_0104804_Extracellular	397	404	+	10.8689	6.1e-05	0.299	TGAATGAA
M074_0.6	TARDBP	hsa_circ_0104804_Extracellular	397	404	+	10.8689	6.1e-05	0.299	TGAATGAA
M074_0.6	TARDBP	hsa_circ_0103654_Extracellular	399	406	+	10.8689	6.1e-05	0.299	TGAATGAA
M074_0.6	TARDBP	hsa_circ_0103654_Extracellular	399	406	+	10.8689	6.1e-05	0.299	TGAATGAA
M074_0.6	TARDBP	hsa_circ_0000759_Extracellular	435	442	+	10.8689	6.1e-05	0.299	TGAATGAA
M074_0.6	TARDBP	hsa_circ_0000759_Extracellular	435	442	+	10.8689	6.1e-05	0.299	TGAATGAA
M074_0.6	TARDBP	hsa_circ_0001492_Extracellular	437	444	+	10.8689	6.1e-05	0.299	AGAATGAA
M074_0.6	TARDBP	hsa_circ_0001492_Extracellular	437	444	+	10.8689	6.1e-05	0.299	AGAATGAA
M074_0.6	TARDBP	hsa_circ_0001492_Extracellular	437	444	+	10.8689	6.1e-05	0.299	AGAATGAA
M074_0.6	TARDBP	hsa_circ_0001492_Extracellular	441	448	+	10.8689	6.1e-05	0.299	TGAATGAA
M074_0.6	TARDBP	hsa_circ_0001492_Extracellular	441	448	+	10.8689	6.1e-05	0.299	TGAATGAA
M074_0.6	TARDBP	hsa_circ_0001492_Extracellular	441	448	+	10.8689	6.1e-05	0.299	TGAATGAA
M074_0.6	TARDBP	hsa_circ_0001492_Extracellular	445	452	+	10.8689	6.1e-05	0.299	TGAATGAA
M074_0.6	TARDBP	hsa_circ_0001492_Extracellular	445	452	+	10.8689	6.1e-05	0.299	TGAATGAA
M074_0.6	TARDBP	hsa_circ_0001492_Extracellular	445	452	+	10.8689	6.1e-05	0.299	TGAATGAA
M074_0.6	TARDBP	hsa_circ_0085458_Extracellular	455	462	+	10.8689	6.1e-05	0.299	AGAATGAA
M074_0.6	TARDBP	hsa_circ_0085458_Extracellular	455	462	+	10.8689	6.1e-05	0.299	AGAATGAA
M074_0.6	TARDBP	hsa_circ_0104103_Extracellular	463	470	+	10.8689	6.1e-05	0.299	AGAATGAA
M074_0.6	TARDBP	hsa_circ_0104103_Extracellular	463	470	+	10.8689	6.1e-05	0.299	AGAATGAA
M074_0.6	TARDBP	hsa_circ_0038632_Extracellular	464	471	+	10.8689	6.1e-05	0.299	AGAATGAA
M074_0.6	TARDBP	hsa_circ_0001707_Extracellular	469	476	+	10.8689	6.1e-05	0.299	AGAATGAA
M074_0.6	TARDBP	hsa_circ_0001707_Extracellular	469	476	+	10.8689	6.1e-05	0.299	AGAATGAA
M074_0.6	TARDBP	hsa_circ_0077096_Extracellular	474	481	+	10.8689	6.1e-05	0.299	AGAATGAA
M074_0.6	TARDBP	hsa_circ_0077096_Extracellular	474	481	+	10.8689	6.1e-05	0.299	AGAATGAA
M074_0.6	TARDBP	hsa_circ_0019079_Extracellular	475	482	+	10.8689	6.1e-05	0.299	AGAATGAA
M074_0.6	TARDBP	hsa_circ_0103756_Extracellular	486	493	+	10.8689	6.1e-05	0.299	AGAATGAA
M074_0.6	TARDBP	hsa_circ_0103756_Extracellular	486	493	+	10.8689	6.1e-05	0.299	AGAATGAA
M074_0.6	TARDBP	hsa_circ_0000377_Extracellular	536	543	+	10.8689	6.1e-05	0.299	AGAATGAA
M074_0.6	TARDBP	hsa_circ_0000377_Extracellular	536	543	+	10.8689	6.1e-05	0.299	AGAATGAA
M074_0.6	TARDBP	hsa_circ_0103902_Extracellular	540	547	+	10.8689	6.1e-05	0.299	AGAATGAA
M074_0.6	TARDBP	hsa_circ_0103902_Extracellular	540	547	+	10.8689	6.1e-05	0.299	AGAATGAA
M074_0.6	TARDBP	hsa_circ_0008199_Extracellular	540	547	+	10.8689	6.1e-05	0.299	AGAATGAA
M074_0.6	TARDBP	hsa_circ_0008199_Extracellular	540	547	+	10.8689	6.1e-05	0.299	AGAATGAA
M074_0.6	TARDBP	hsa_circ_0004623_Extracellular	564	571	+	10.8689	6.1e-05	0.299	AGAATGAA
M074_0.6	TARDBP	hsa_circ_0001998_Extracellular	596	603	+	10.8689	6.1e-05	0.299	AGAATGAA
M074_0.6	TARDBP	hsa_circ_0001998_Extracellular	596	603	+	10.8689	6.1e-05	0.299	AGAATGAA
M074_0.6	TARDBP	hsa_circ_0102788_Extracellular	597	604	+	10.8689	6.1e-05	0.299	AGAATGAA
M074_0.6	TARDBP	hsa_circ_0102788_Extracellular	597	604	+	10.8689	6.1e-05	0.299	AGAATGAA
M074_0.6	TARDBP	hsa_circ_0100668_Extracellular	612	619	+	10.8689	6.1e-05	0.299	TGAATGAA
M074_0.6	TARDBP	hsa_circ_0100668_Extracellular	612	619	+	10.8689	6.1e-05	0.299	TGAATGAA
M074_0.6	TARDBP	hsa_circ_0004314_Extracellular	625	632	+	10.8689	6.1e-05	0.299	TGAATGAA
M074_0.6	TARDBP	hsa_circ_0004314_Extracellular	625	632	+	10.8689	6.1e-05	0.299	TGAATGAA
M074_0.6	TARDBP	hsa_circ_0006859_Extracellular	672	679	+	10.8689	6.1e-05	0.299	AGAATGAA
M074_0.6	TARDBP	hsa_circ_0104534_Extracellular	698	705	+	10.8689	6.1e-05	0.299	AGAATGAA
M074_0.6	TARDBP	hsa_circ_0104534_Extracellular	698	705	+	10.8689	6.1e-05	0.299	AGAATGAA
M074_0.6	TARDBP	mmu_circ_0008040_Extracellular	703	710	+	10.8689	6.1e-05	0.299	AGAATGAA
M074_0.6	TARDBP	hsa_circ_0047744_Extracellular	804	811	+	10.8689	6.1e-05	0.299	TGAATGAA
M074_0.6	TARDBP	hsa_circ_0103348_Extracellular	831	838	+	10.8689	6.1e-05	0.299	AGAATGAA
M074_0.6	TARDBP	hsa_circ_0103348_Extracellular	831	838	+	10.8689	6.1e-05	0.299	AGAATGAA
M074_0.6	TARDBP	hsa_circ_0091741_Extracellular	846	853	+	10.8689	6.1e-05	0.299	TGAATGAA
M074_0.6	TARDBP	hsa_circ_0008925_Extracellular	850	857	+	10.8689	6.1e-05	0.299	AGAATGAA
M074_0.6	TARDBP	mmu_circ_0001052_Extracellular	861	868	+	10.8689	6.1e-05	0.299	AGAATGAA
M074_0.6	TARDBP	hsa_circ_0047744_Extracellular	864	871	+	10.8689	6.1e-05	0.299	TGAATGAA
M074_0.6	TARDBP	hsa_circ_0103757_Extracellular	878	885	+	10.8689	6.1e-05	0.299	AGAATGAA
M074_0.6	TARDBP	hsa_circ_0103757_Extracellular	878	885	+	10.8689	6.1e-05	0.299	AGAATGAA
M074_0.6	TARDBP	hsa_circ_0067832_Extracellular	896	903	+	10.8689	6.1e-05	0.299	AGAATGAA
M074_0.6	TARDBP	hsa_circ_0001805_Extracellular	903	910	+	10.8689	6.1e-05	0.299	AGAATGAA
M074_0.6	TARDBP	hsa_circ_0001805_Extracellular	903	910	+	10.8689	6.1e-05	0.299	AGAATGAA
M074_0.6	TARDBP	hsa_circ_0101796_Extracellular	916	923	+	10.8689	6.1e-05	0.299	AGAATGAA
M074_0.6	TARDBP	hsa_circ_0101796_Extracellular	916	923	+	10.8689	6.1e-05	0.299	AGAATGAA
M074_0.6	TARDBP	hsa_circ_0103757_Extracellular	938	945	+	10.8689	6.1e-05	0.299	AGAATGAA
M074_0.6	TARDBP	hsa_circ_0103757_Extracellular	938	945	+	10.8689	6.1e-05	0.299	AGAATGAA
M074_0.6	TARDBP	hsa_circ_0000284_Extracellular	1017	1024	+	10.8689	6.1e-05	0.299	TGAATGAA
M074_0.6	TARDBP	hsa_circ_0000284_Extracellular	1017	1024	+	10.8689	6.1e-05	0.299	TGAATGAA
M074_0.6	TARDBP	hsa_circ_0000284_Extracellular	1017	1024	+	10.8689	6.1e-05	0.299	TGAATGAA
M074_0.6	TARDBP	hsa_circ_0000284_Extracellular	1017	1024	+	10.8689	6.1e-05	0.299	TGAATGAA
M074_0.6	TARDBP	hsa_circ_0000284_Extracellular	1017	1024	+	10.8689	6.1e-05	0.299	TGAATGAA
M074_0.6	TARDBP	hsa_circ_0000284_Extracellular	1017	1024	+	10.8689	6.1e-05	0.299	TGAATGAA
M074_0.6	TARDBP	hsa_circ_0000284_Extracellular	1017	1024	+	10.8689	6.1e-05	0.299	TGAATGAA
M074_0.6	TARDBP	hsa_circ_0000284_Extracellular	1017	1024	+	10.8689	6.1e-05	0.299	TGAATGAA
M074_0.6	TARDBP	hsa_circ_0000284_Extracellular	1017	1024	+	10.8689	6.1e-05	0.299	TGAATGAA
M074_0.6	TARDBP	hsa_circ_0001812_Extracellular	1100	1107	+	10.8689	6.1e-05	0.299	TGAATGAA
M074_0.6	TARDBP	hsa_circ_0001812_Extracellular	1100	1107	+	10.8689	6.1e-05	0.299	TGAATGAA
M074_0.6	TARDBP	hsa_circ_0001812_Extracellular	1160	1167	+	10.8689	6.1e-05	0.299	TGAATGAA
M074_0.6	TARDBP	hsa_circ_0001812_Extracellular	1160	1167	+	10.8689	6.1e-05	0.299	TGAATGAA
M074_0.6	TARDBP	hsa_circ_0101018_Extracellular	1238	1245	+	10.8689	6.1e-05	0.299	TGAATGAA
M074_0.6	TARDBP	hsa_circ_0101018_Extracellular	1238	1245	+	10.8689	6.1e-05	0.299	TGAATGAA
M074_0.6	TARDBP	hsa_circ_0104423_Extracellular	1286	1293	+	10.8689	6.1e-05	0.299	TGAATGAA
M074_0.6	TARDBP	hsa_circ_0104423_Extracellular	1286	1293	+	10.8689	6.1e-05	0.299	TGAATGAA
M074_0.6	TARDBP	hsa_circ_0001675_Extracellular	1354	1361	+	10.8689	6.1e-05	0.299	TGAATGAA
M074_0.6	TARDBP	hsa_circ_0001675_Extracellular	1354	1361	+	10.8689	6.1e-05	0.299	TGAATGAA
M074_0.6	TARDBP	hsa_circ_0049499_Extracellular	1433	1440	+	10.8689	6.1e-05	0.299	AGAATGAA
M074_0.6	TARDBP	hsa_circ_0103140_Extracellular	1550	1557	+	10.8689	6.1e-05	0.299	AGAATGAA
M074_0.6	TARDBP	hsa_circ_0103140_Extracellular	1550	1557	+	10.8689	6.1e-05	0.299	AGAATGAA
M074_0.6	TARDBP	hsa_circ_0000053_Extracellular	1608	1615	+	10.8689	6.1e-05	0.299	AGAATGAA
M074_0.6	TARDBP	hsa_circ_0000053_Extracellular	1608	1615	+	10.8689	6.1e-05	0.299	AGAATGAA
M074_0.6	TARDBP	hsa_circ_0090577_Extracellular	1626	1633	+	10.8689	6.1e-05	0.299	AGAATGAA
M074_0.6	TARDBP	hsa_circ_0000053_Extracellular	1668	1675	+	10.8689	6.1e-05	0.299	AGAATGAA
M074_0.6	TARDBP	hsa_circ_0000053_Extracellular	1668	1675	+	10.8689	6.1e-05	0.299	AGAATGAA
M074_0.6	TARDBP	hsa_circ_0078077_Extracellular	1773	1780	+	10.8689	6.1e-05	0.299	AGAATGAA
M074_0.6	TARDBP	hsa_circ_0078077_Extracellular	1773	1780	+	10.8689	6.1e-05	0.299	AGAATGAA
M074_0.6	TARDBP	hsa_circ_0104168_Extracellular	1899	1906	+	10.8689	6.1e-05	0.299	AGAATGAA
M074_0.6	TARDBP	hsa_circ_0104168_Extracellular	1899	1906	+	10.8689	6.1e-05	0.299	AGAATGAA
M074_0.6	TARDBP	hsa_circ_0104168_Extracellular	1959	1966	+	10.8689	6.1e-05	0.299	AGAATGAA
M074_0.6	TARDBP	hsa_circ_0104168_Extracellular	1959	1966	+	10.8689	6.1e-05	0.299	AGAATGAA
M074_0.6	TARDBP	hsa_circ_0000246_Extracellular	1974	1981	+	10.8689	6.1e-05	0.299	AGAATGAA
M074_0.6	TARDBP	hsa_circ_0000246_Extracellular	1974	1981	+	10.8689	6.1e-05	0.299	AGAATGAA
M074_0.6	TARDBP	hsa_circ_0000246_Extracellular	2034	2041	+	10.8689	6.1e-05	0.299	AGAATGAA
M074_0.6	TARDBP	hsa_circ_0000246_Extracellular	2034	2041	+	10.8689	6.1e-05	0.299	AGAATGAA
M074_0.6	TARDBP	hsa_circ_0103102_Extracellular	2337	2344	+	10.8689	6.1e-05	0.299	AGAATGAA
M074_0.6	TARDBP	hsa_circ_0103102_Extracellular	2337	2344	+	10.8689	6.1e-05	0.299	AGAATGAA
M074_0.6	TARDBP	hsa_circ_0103102_Extracellular	2397	2404	+	10.8689	6.1e-05	0.299	AGAATGAA
M074_0.6	TARDBP	hsa_circ_0103102_Extracellular	2397	2404	+	10.8689	6.1e-05	0.299	AGAATGAA
M074_0.6	TARDBP	hsa_circ_0085428_Extracellular	2553	2560	+	10.8689	6.1e-05	0.299	AGAATGAA
M074_0.6	TARDBP	hsa_circ_0001306_Extracellular	3343	3350	+	10.8689	6.1e-05	0.299	TGAATGAA
M074_0.6	TARDBP	hsa_circ_0001306_Extracellular	3343	3350	+	10.8689	6.1e-05	0.299	TGAATGAA
M074_0.6	TARDBP	hsa_circ_0110664_Extracellular	3404	3411	+	10.8689	6.1e-05	0.299	AGAATGAA
M074_0.6	TARDBP	hsa_circ_0000377_Extracellular	3467	3474	+	10.8689	6.1e-05	0.299	TGAATGAA
M074_0.6	TARDBP	hsa_circ_0000377_Extracellular	3467	3474	+	10.8689	6.1e-05	0.299	TGAATGAA
M074_0.6	TARDBP	hsa_circ_0103045_Extracellular	3505	3512	+	10.8689	6.1e-05	0.299	TGAATGAA
M074_0.6	TARDBP	hsa_circ_0103045_Extracellular	3505	3512	+	10.8689	6.1e-05	0.299	TGAATGAA
M074_0.6	TARDBP	hsa_circ_0103045_Extracellular	3565	3572	+	10.8689	6.1e-05	0.299	TGAATGAA
M074_0.6	TARDBP	hsa_circ_0103045_Extracellular	3565	3572	+	10.8689	6.1e-05	0.299	TGAATGAA
M074_0.6	TARDBP	hsa_circ_0009684_Extracellular	3573	3580	+	10.8689	6.1e-05	0.299	TGAATGAA
M074_0.6	TARDBP	hsa_circ_0009684_Extracellular	3573	3580	+	10.8689	6.1e-05	0.299	TGAATGAA
M074_0.6	TARDBP	hsa_circ_0104708_Extracellular	3598	3605	+	10.8689	6.1e-05	0.299	AGAATGAA
M074_0.6	TARDBP	hsa_circ_0104708_Extracellular	3598	3605	+	10.8689	6.1e-05	0.299	AGAATGAA
M074_0.6	TARDBP	hsa_circ_0103045_Extracellular	4034	4041	+	10.8689	6.1e-05	0.299	TGAATGAA
M074_0.6	TARDBP	hsa_circ_0103045_Extracellular	4034	4041	+	10.8689	6.1e-05	0.299	TGAATGAA
M074_0.6	TARDBP	hsa_circ_0102520_Extracellular	4071	4078	+	10.8689	6.1e-05	0.299	TGAATGAA
M074_0.6	TARDBP	hsa_circ_0102520_Extracellular	4071	4078	+	10.8689	6.1e-05	0.299	TGAATGAA
M074_0.6	TARDBP	hsa_circ_0103045_Extracellular	5121	5128	+	10.8689	6.1e-05	0.299	AGAATGAA
M074_0.6	TARDBP	hsa_circ_0103045_Extracellular	5121	5128	+	10.8689	6.1e-05	0.299	AGAATGAA
M074_0.6	TARDBP	hsa_circ_0104708_Extracellular	5733	5740	+	10.8689	6.1e-05	0.299	AGAATGAA
M074_0.6	TARDBP	hsa_circ_0104708_Extracellular	5733	5740	+	10.8689	6.1e-05	0.299	AGAATGAA
M074_0.6	TARDBP	hsa_circ_0103176_Extracellular	6179	6186	+	10.8689	6.1e-05	0.299	AGAATGAA
M074_0.6	TARDBP	hsa_circ_0103176_Extracellular	6179	6186	+	10.8689	6.1e-05	0.299	AGAATGAA
M074_0.6	TARDBP	hsa_circ_0102520_Extracellular	6455	6462	+	10.8689	6.1e-05	0.299	TGAATGAA
M074_0.6	TARDBP	hsa_circ_0102520_Extracellular	6455	6462	+	10.8689	6.1e-05	0.299	TGAATGAA
M074_0.6	TARDBP	hsa_circ_0100988_Extracellular	7300	7307	+	10.8689	6.1e-05	0.299	AGAATGAA
M074_0.6	TARDBP	hsa_circ_0100988_Extracellular	7300	7307	+	10.8689	6.1e-05	0.299	AGAATGAA
M074_0.6	TARDBP	hsa_circ_0100988_Extracellular	7360	7367	+	10.8689	6.1e-05	0.299	AGAATGAA
M074_0.6	TARDBP	hsa_circ_0100988_Extracellular	7360	7367	+	10.8689	6.1e-05	0.299	AGAATGAA
M074_0.6	TARDBP	hsa_circ_0000726_Extracellular	8654	8661	+	10.8689	6.1e-05	0.299	TGAATGAA
M074_0.6	TARDBP	hsa_circ_0000726_Extracellular	8654	8661	+	10.8689	6.1e-05	0.299	TGAATGAA
M074_0.6	TARDBP	hsa_circ_0103045_Extracellular	8908	8915	+	10.8689	6.1e-05	0.299	TGAATGAA
M074_0.6	TARDBP	hsa_circ_0103045_Extracellular	8908	8915	+	10.8689	6.1e-05	0.299	TGAATGAA
M074_0.6	TARDBP	hsa_circ_0103045_Extracellular	8968	8975	+	10.8689	6.1e-05	0.299	TGAATGAA
M074_0.6	TARDBP	hsa_circ_0103045_Extracellular	8968	8975	+	10.8689	6.1e-05	0.299	TGAATGAA
M074_0.6	TARDBP	hsa_circ_0103176_Extracellular	9498	9505	+	10.8689	6.1e-05	0.299	AGAATGAA
M074_0.6	TARDBP	hsa_circ_0103176_Extracellular	9498	9505	+	10.8689	6.1e-05	0.299	AGAATGAA
M074_0.6	TARDBP	hsa_circ_0103176_Extracellular	9558	9565	+	10.8689	6.1e-05	0.299	AGAATGAA
M074_0.6	TARDBP	hsa_circ_0103176_Extracellular	9558	9565	+	10.8689	6.1e-05	0.299	AGAATGAA
M069_0.6	SNRPA	hsa_circ_0001439_Extracellular	2	8	+	11.3706	6.1e-05	0.798	TTGCACA
M069_0.6	SNRPA	hsa_circ_0001439_Extracellular	2	8	+	11.3706	6.1e-05	0.798	TTGCACA
M069_0.6	SNRPA	hsa_circ_0008957_Extracellular	8	14	+	11.3706	6.1e-05	0.798	TTGCACA
M069_0.6	SNRPA	hsa_circ_0100456_Extracellular	37	43	+	11.3706	6.1e-05	0.798	TTGCACA
M069_0.6	SNRPA	hsa_circ_0100456_Extracellular	37	43	+	11.3706	6.1e-05	0.798	TTGCACA
M069_0.6	SNRPA	hsa_circ_0001439_Extracellular	62	68	+	11.3706	6.1e-05	0.798	TTGCACA
M069_0.6	SNRPA	hsa_circ_0001439_Extracellular	62	68	+	11.3706	6.1e-05	0.798	TTGCACA
M069_0.6	SNRPA	hsa_circ_0000269_Extracellular	69	75	+	11.3706	6.1e-05	0.798	TTGCACA
M069_0.6	SNRPA	hsa_circ_0000269_Extracellular	69	75	+	11.3706	6.1e-05	0.798	TTGCACA
M069_0.6	SNRPA	hsa_circ_0006558_Extracellular	114	120	+	11.3706	6.1e-05	0.798	TTGCACA
M069_0.6	SNRPA	hsa_circ_0006558_Extracellular	114	120	+	11.3706	6.1e-05	0.798	TTGCACA
M069_0.6	SNRPA	hsa_circ_0008717_Extracellular	145	151	+	11.3706	6.1e-05	0.798	TTGCACA
M069_0.6	SNRPA	hsa_circ_0000782_Extracellular	172	178	+	11.3706	6.1e-05	0.798	TTGCACA
M069_0.6	SNRPA	hsa_circ_0000782_Extracellular	172	178	+	11.3706	6.1e-05	0.798	TTGCACA
M069_0.6	SNRPA	hsa_circ_0000367_Extracellular	174	180	+	11.3706	6.1e-05	0.798	TTGCACA
M069_0.6	SNRPA	hsa_circ_0100146_Extracellular	177	183	+	11.3706	6.1e-05	0.798	TTGCACA
M069_0.6	SNRPA	hsa_circ_0100146_Extracellular	177	183	+	11.3706	6.1e-05	0.798	TTGCACA
M069_0.6	SNRPA	hsa_circ_0008717_Extracellular	205	211	+	11.3706	6.1e-05	0.798	TTGCACA
M069_0.6	SNRPA	hsa_circ_0103790_Extracellular	294	300	+	11.3706	6.1e-05	0.798	TTGCACA
M069_0.6	SNRPA	hsa_circ_0103790_Extracellular	294	300	+	11.3706	6.1e-05	0.798	TTGCACA
M069_0.6	SNRPA	hsa_circ_0103348_Extracellular	294	300	+	11.3706	6.1e-05	0.798	TTGCACA
M069_0.6	SNRPA	hsa_circ_0103348_Extracellular	294	300	+	11.3706	6.1e-05	0.798	TTGCACA
M069_0.6	SNRPA	hsa_circ_0067832_Extracellular	297	303	+	11.3706	6.1e-05	0.798	TTGCACA
M069_0.6	SNRPA	hsa_circ_0003574_Extracellular	305	311	+	11.3706	6.1e-05	0.798	TTGCACA
M069_0.6	SNRPA	hsa_circ_0003574_Extracellular	305	311	+	11.3706	6.1e-05	0.798	TTGCACA
M069_0.6	SNRPA	hsa_circ_0103790_Extracellular	354	360	+	11.3706	6.1e-05	0.798	TTGCACA
M069_0.6	SNRPA	hsa_circ_0103348_Extracellular	354	360	+	11.3706	6.1e-05	0.798	TTGCACA
M069_0.6	SNRPA	hsa_circ_0103348_Extracellular	354	360	+	11.3706	6.1e-05	0.798	TTGCACA
M069_0.6	SNRPA	hsa_circ_0103790_Extracellular	354	360	+	11.3706	6.1e-05	0.798	TTGCACA
M069_0.6	SNRPA	hsa_circ_0067832_Extracellular	357	363	+	11.3706	6.1e-05	0.798	TTGCACA
M069_0.6	SNRPA	mmu_circ_0008040_Extracellular	377	383	+	11.3706	6.1e-05	0.798	TTGCACA
M069_0.6	SNRPA	hsa_circ_0000323_Extracellular	470	476	+	11.3706	6.1e-05	0.798	TTGCACA
M069_0.6	SNRPA	hsa_circ_0000323_Extracellular	470	476	+	11.3706	6.1e-05	0.798	TTGCACA
M069_0.6	SNRPA	hsa_circ_0054229_Extracellular	495	501	+	11.3706	6.1e-05	0.798	TTGCACA
M069_0.6	SNRPA	hsa_circ_0005584_Extracellular	534	540	+	11.3706	6.1e-05	0.798	TTGCACA
M069_0.6	SNRPA	hsa_circ_0104761_Extracellular	602	608	+	11.3706	6.1e-05	0.798	TTGCACA
M069_0.6	SNRPA	hsa_circ_0104761_Extracellular	602	608	+	11.3706	6.1e-05	0.798	TTGCACA
M069_0.6	SNRPA	hsa_circ_0100501_Extracellular	674	680	+	11.3706	6.1e-05	0.798	TTGCACA
M069_0.6	SNRPA	hsa_circ_0100501_Extracellular	674	680	+	11.3706	6.1e-05	0.798	TTGCACA
M069_0.6	SNRPA	hsa_circ_0104566_Extracellular	691	697	+	11.3706	6.1e-05	0.798	TTGCACA
M069_0.6	SNRPA	hsa_circ_0104565_Extracellular	691	697	+	11.3706	6.1e-05	0.798	TTGCACA
M069_0.6	SNRPA	hsa_circ_0104566_Extracellular	691	697	+	11.3706	6.1e-05	0.798	TTGCACA
M069_0.6	SNRPA	hsa_circ_0104565_Extracellular	691	697	+	11.3706	6.1e-05	0.798	TTGCACA
M069_0.6	SNRPA	hsa_circ_0104534_Extracellular	778	784	+	11.3706	6.1e-05	0.798	TTGCACA
M069_0.6	SNRPA	hsa_circ_0104534_Extracellular	778	784	+	11.3706	6.1e-05	0.798	TTGCACA
M069_0.6	SNRPA	hsa_circ_0133794_Extracellular	799	805	+	11.3706	6.1e-05	0.798	TTGCACA
M069_0.6	SNRPA	hsa_circ_0101018_Extracellular	805	811	+	11.3706	6.1e-05	0.798	TTGCACA
M069_0.6	SNRPA	hsa_circ_0101018_Extracellular	805	811	+	11.3706	6.1e-05	0.798	TTGCACA
M069_0.6	SNRPA	hsa_circ_0101018_Extracellular	865	871	+	11.3706	6.1e-05	0.798	TTGCACA
M069_0.6	SNRPA	hsa_circ_0101018_Extracellular	865	871	+	11.3706	6.1e-05	0.798	TTGCACA
M069_0.6	SNRPA	hsa_circ_0070762_Extracellular	1285	1291	+	11.3706	6.1e-05	0.798	TTGCACA
M069_0.6	SNRPA	hsa_circ_0000752_Extracellular	1299	1305	+	11.3706	6.1e-05	0.798	TTGCACA
M069_0.6	SNRPA	hsa_circ_0000752_Extracellular	1299	1305	+	11.3706	6.1e-05	0.798	TTGCACA
M069_0.6	SNRPA	hsa_circ_0104423_Extracellular	1321	1327	+	11.3706	6.1e-05	0.798	TTGCACA
M069_0.6	SNRPA	hsa_circ_0104423_Extracellular	1321	1327	+	11.3706	6.1e-05	0.798	TTGCACA
M069_0.6	SNRPA	hsa_circ_0104423_Extracellular	1343	1349	+	11.3706	6.1e-05	0.798	TTGCACA
M069_0.6	SNRPA	hsa_circ_0104423_Extracellular	1343	1349	+	11.3706	6.1e-05	0.798	TTGCACA
M069_0.6	SNRPA	hsa_circ_0000090_Extracellular	1388	1394	+	11.3706	6.1e-05	0.798	TTGCACA
M069_0.6	SNRPA	hsa_circ_0000090_Extracellular	1388	1394	+	11.3706	6.1e-05	0.798	TTGCACA
M069_0.6	SNRPA	hsa_circ_0103177_Extracellular	1434	1440	+	11.3706	6.1e-05	0.798	TTGCACA
M069_0.6	SNRPA	hsa_circ_0103177_Extracellular	1434	1440	+	11.3706	6.1e-05	0.798	TTGCACA
M069_0.6	SNRPA	hsa_circ_0000090_Extracellular	1448	1454	+	11.3706	6.1e-05	0.798	TTGCACA
M069_0.6	SNRPA	hsa_circ_0000090_Extracellular	1448	1454	+	11.3706	6.1e-05	0.798	TTGCACA
M069_0.6	SNRPA	hsa_circ_0001190_Extracellular	1541	1547	+	11.3706	6.1e-05	0.798	TTGCACA
M069_0.6	SNRPA	hsa_circ_0001190_Extracellular	1541	1547	+	11.3706	6.1e-05	0.798	TTGCACA
M069_0.6	SNRPA	hsa_circ_0001077_Extracellular	1562	1568	+	11.3706	6.1e-05	0.798	TTGCACA
M069_0.6	SNRPA	hsa_circ_0001077_Extracellular	1562	1568	+	11.3706	6.1e-05	0.798	TTGCACA
M069_0.6	SNRPA	hsa_circ_0103670_Extracellular	1602	1608	+	11.3706	6.1e-05	0.798	TTGCACA
M069_0.6	SNRPA	hsa_circ_0103670_Extracellular	1602	1608	+	11.3706	6.1e-05	0.798	TTGCACA
M069_0.6	SNRPA	hsa_circ_0103790_Extracellular	1630	1636	+	11.3706	6.1e-05	0.798	TTGCACA
M069_0.6	SNRPA	hsa_circ_0103790_Extracellular	1630	1636	+	11.3706	6.1e-05	0.798	TTGCACA
M069_0.6	SNRPA	hsa_circ_0063313_Extracellular	1644	1650	+	11.3706	6.1e-05	0.798	TTGCACA
M069_0.6	SNRPA	hsa_circ_0063313_Extracellular	1644	1650	+	11.3706	6.1e-05	0.798	TTGCACA
M069_0.6	SNRPA	hsa_circ_0063313_Extracellular	1644	1650	+	11.3706	6.1e-05	0.798	TTGCACA
M069_0.6	SNRPA	hsa_circ_0100017_Extracellular	1702	1708	+	11.3706	6.1e-05	0.798	TTGCACA
M069_0.6	SNRPA	hsa_circ_0100017_Extracellular	1702	1708	+	11.3706	6.1e-05	0.798	TTGCACA
M069_0.6	SNRPA	hsa_circ_0070762_Extracellular	2115	2121	+	11.3706	6.1e-05	0.798	TTGCACA
M069_0.6	SNRPA	hsa_circ_0000701_Extracellular	2162	2168	+	11.3706	6.1e-05	0.798	TTGCACA
M069_0.6	SNRPA	hsa_circ_0000701_Extracellular	2162	2168	+	11.3706	6.1e-05	0.798	TTGCACA
M069_0.6	SNRPA	hsa_circ_0000998_Extracellular	2374	2380	+	11.3706	6.1e-05	0.798	TTGCACA
M069_0.6	SNRPA	hsa_circ_0000998_Extracellular	2374	2380	+	11.3706	6.1e-05	0.798	TTGCACA
M069_0.6	SNRPA	hsa_circ_0034173_Extracellular	2418	2424	+	11.3706	6.1e-05	0.798	TTGCACA
M069_0.6	SNRPA	hsa_circ_0059639_Extracellular	3036	3042	+	11.3706	6.1e-05	0.798	TTGCACA
M069_0.6	SNRPA	hsa_circ_0103140_Extracellular	3635	3641	+	11.3706	6.1e-05	0.798	TTGCACA
M069_0.6	SNRPA	hsa_circ_0103140_Extracellular	3635	3641	+	11.3706	6.1e-05	0.798	TTGCACA
M069_0.6	SNRPA	hsa_circ_0021091_Extracellular	3897	3903	+	11.3706	6.1e-05	0.798	TTGCACA
M069_0.6	SNRPA	hsa_circ_0110664_Extracellular	4285	4291	+	11.3706	6.1e-05	0.798	TTGCACA
M069_0.6	SNRPA	hsa_circ_0104808_Extracellular	4539	4545	+	11.3706	6.1e-05	0.798	TTGCACA
M069_0.6	SNRPA	hsa_circ_0104808_Extracellular	4539	4545	+	11.3706	6.1e-05	0.798	TTGCACA
M069_0.6	SNRPA	mmu_circ_0000905_Extracellular	4678	4684	+	11.3706	6.1e-05	0.798	TTGCACA
M069_0.6	SNRPA	mmu_circ_0000905_Extracellular	4738	4744	+	11.3706	6.1e-05	0.798	TTGCACA
M069_0.6	SNRPA	hsa_circ_0103176_Extracellular	7059	7065	+	11.3706	6.1e-05	0.798	TTGCACA
M069_0.6	SNRPA	hsa_circ_0103176_Extracellular	7059	7065	+	11.3706	6.1e-05	0.798	TTGCACA
M069_0.6	SNRPA	hsa_circ_0103045_Extracellular	7305	7311	+	11.3706	6.1e-05	0.798	TTGCACA
M069_0.6	SNRPA	hsa_circ_0103045_Extracellular	7305	7311	+	11.3706	6.1e-05	0.798	TTGCACA
M069_0.6	SNRPA	hsa_circ_0103045_Extracellular	7365	7371	+	11.3706	6.1e-05	0.798	TTGCACA
M069_0.6	SNRPA	hsa_circ_0103045_Extracellular	7365	7371	+	11.3706	6.1e-05	0.798	TTGCACA
M069_0.6	SNRPA	hsa_circ_0004314_Extracellular	7744	7750	+	11.3706	6.1e-05	0.798	TTGCACA
M069_0.6	SNRPA	hsa_circ_0004314_Extracellular	7744	7750	+	11.3706	6.1e-05	0.798	TTGCACA
M069_0.6	SNRPA	hsa_circ_0004314_Extracellular	7804	7810	+	11.3706	6.1e-05	0.798	TTGCACA
M069_0.6	SNRPA	hsa_circ_0004314_Extracellular	7804	7810	+	11.3706	6.1e-05	0.798	TTGCACA
M069_0.6	SNRPA	hsa_circ_0004314_Extracellular	8001	8007	+	11.3706	6.1e-05	0.798	TTGCACA
M069_0.6	SNRPA	hsa_circ_0004314_Extracellular	8001	8007	+	11.3706	6.1e-05	0.798	TTGCACA
M069_0.6	SNRPA	hsa_circ_0000246_Extracellular	8659	8665	+	11.3706	6.1e-05	0.798	TTGCACA
M069_0.6	SNRPA	hsa_circ_0000246_Extracellular	8659	8665	+	11.3706	6.1e-05	0.798	TTGCACA
M069_0.6	SNRPA	hsa_circ_0000233_Extracellular	9222	9228	+	11.3706	6.1e-05	0.798	TTGCACA
M069_0.6	SNRPA	hsa_circ_0000233_Extracellular	9222	9228	+	11.3706	6.1e-05	0.798	TTGCACA
M069_0.6	SNRPA	hsa_circ_0000090_Extracellular	9370	9376	+	11.3706	6.1e-05	0.798	TTGCACA
M069_0.6	SNRPA	hsa_circ_0000090_Extracellular	9370	9376	+	11.3706	6.1e-05	0.798	TTGCACA
M069_0.6	SNRPA	hsa_circ_0001812_Extracellular	10032	10038	+	11.3706	6.1e-05	0.798	TTGCACA
M069_0.6	SNRPA	hsa_circ_0001812_Extracellular	10032	10038	+	11.3706	6.1e-05	0.798	TTGCACA
M069_0.6	SNRPA	hsa_circ_0001812_Extracellular	10767	10773	+	11.3706	6.1e-05	0.798	TTGCACA
M069_0.6	SNRPA	hsa_circ_0001812_Extracellular	10767	10773	+	11.3706	6.1e-05	0.798	TTGCACA
M049_0.6	(RBM38)_(Mus_musculus)_(RBD_0.99)	hsa_circ_0001184_Extracellular	4	10	+	10.8059	6.1e-05	0.292	GTGTGTG
M049_0.6	(RBM38)_(Mus_musculus)_(RBD_0.99)	hsa_circ_0001184_Extracellular	4	10	+	10.8059	6.1e-05	0.292	GTGTGTG
M049_0.6	(RBM38)_(Mus_musculus)_(RBD_0.99)	hsa_circ_0030835_Extracellular	8	14	+	10.8059	6.1e-05	0.292	GTGTGTG
M049_0.6	(RBM38)_(Mus_musculus)_(RBD_0.99)	hsa_circ_0006411_Extracellular	10	16	+	10.8059	6.1e-05	0.292	GTGTGTG
M049_0.6	(RBM38)_(Mus_musculus)_(RBD_0.99)	hsa_circ_0006411_Extracellular	10	16	+	10.8059	6.1e-05	0.292	GTGTGTG
M049_0.6	(RBM38)_(Mus_musculus)_(RBD_0.99)	hsa_circ_0000662_Extracellular	16	22	+	10.8059	6.1e-05	0.292	GTGTGTG
M049_0.6	(RBM38)_(Mus_musculus)_(RBD_0.99)	hsa_circ_0000662_Extracellular	16	22	+	10.8059	6.1e-05	0.292	GTGTGTG
M049_0.6	(RBM38)_(Mus_musculus)_(RBD_0.99)	hsa_circ_0000788_Extracellular	19	25	+	10.8059	6.1e-05	0.292	GTGTGTG
M049_0.6	(RBM38)_(Mus_musculus)_(RBD_0.99)	hsa_circ_0001273_Extracellular	19	25	+	10.8059	6.1e-05	0.292	GTGTGTG
M049_0.6	(RBM38)_(Mus_musculus)_(RBD_0.99)	hsa_circ_0001273_Extracellular	19	25	+	10.8059	6.1e-05	0.292	GTGTGTG
M049_0.6	(RBM38)_(Mus_musculus)_(RBD_0.99)	hsa_circ_0000788_Extracellular	19	25	+	10.8059	6.1e-05	0.292	GTGTGTG
M049_0.6	(RBM38)_(Mus_musculus)_(RBD_0.99)	hsa_circ_0018146_Extracellular	22	28	+	10.8059	6.1e-05	0.292	GTGTGTG
M049_0.6	(RBM38)_(Mus_musculus)_(RBD_0.99)	hsa_circ_0018146_Extracellular	24	30	+	10.8059	6.1e-05	0.292	GTGTGTG
M049_0.6	(RBM38)_(Mus_musculus)_(RBD_0.99)	hsa_circ_0000301_Extracellular	33	39	+	10.8059	6.1e-05	0.292	GTGTGTG
M049_0.6	(RBM38)_(Mus_musculus)_(RBD_0.99)	hsa_circ_0000301_Extracellular	33	39	+	10.8059	6.1e-05	0.292	GTGTGTG
M049_0.6	(RBM38)_(Mus_musculus)_(RBD_0.99)	hsa_circ_0001204_Extracellular	37	43	+	10.8059	6.1e-05	0.292	GTGTGTG
M049_0.6	(RBM38)_(Mus_musculus)_(RBD_0.99)	hsa_circ_0001204_Extracellular	37	43	+	10.8059	6.1e-05	0.292	GTGTGTG
M049_0.6	(RBM38)_(Mus_musculus)_(RBD_0.99)	hsa_circ_0001204_Extracellular	39	45	+	10.8059	6.1e-05	0.292	GTGTGTG
M049_0.6	(RBM38)_(Mus_musculus)_(RBD_0.99)	hsa_circ_0001204_Extracellular	39	45	+	10.8059	6.1e-05	0.292	GTGTGTG
M049_0.6	(RBM38)_(Mus_musculus)_(RBD_0.99)	hsa_circ_0001204_Extracellular	41	47	+	10.8059	6.1e-05	0.292	GTGTGTG
M049_0.6	(RBM38)_(Mus_musculus)_(RBD_0.99)	hsa_circ_0001204_Extracellular	41	47	+	10.8059	6.1e-05	0.292	GTGTGTG
M049_0.6	(RBM38)_(Mus_musculus)_(RBD_0.99)	hsa_circ_0001204_Extracellular	43	49	+	10.8059	6.1e-05	0.292	GTGTGTG
M049_0.6	(RBM38)_(Mus_musculus)_(RBD_0.99)	hsa_circ_0001204_Extracellular	43	49	+	10.8059	6.1e-05	0.292	GTGTGTG
M049_0.6	(RBM38)_(Mus_musculus)_(RBD_0.99)	hsa_circ_0001204_Extracellular	45	51	+	10.8059	6.1e-05	0.292	GTGTGTG
M049_0.6	(RBM38)_(Mus_musculus)_(RBD_0.99)	hsa_circ_0001204_Extracellular	45	51	+	10.8059	6.1e-05	0.292	GTGTGTG
M049_0.6	(RBM38)_(Mus_musculus)_(RBD_0.99)	hsa_circ_0001184_Extracellular	64	70	+	10.8059	6.1e-05	0.292	GTGTGTG
M049_0.6	(RBM38)_(Mus_musculus)_(RBD_0.99)	hsa_circ_0001184_Extracellular	64	70	+	10.8059	6.1e-05	0.292	GTGTGTG
M049_0.6	(RBM38)_(Mus_musculus)_(RBD_0.99)	hsa_circ_0001834_Extracellular	83	89	+	10.8059	6.1e-05	0.292	GTGTGTG
M049_0.6	(RBM38)_(Mus_musculus)_(RBD_0.99)	hsa_circ_0001834_Extracellular	83	89	+	10.8059	6.1e-05	0.292	GTGTGTG
M049_0.6	(RBM38)_(Mus_musculus)_(RBD_0.99)	hsa_circ_0000292_Extracellular	150	156	+	10.8059	6.1e-05	0.292	GTGTGTG
M049_0.6	(RBM38)_(Mus_musculus)_(RBD_0.99)	hsa_circ_0000292_Extracellular	150	156	+	10.8059	6.1e-05	0.292	GTGTGTG
M049_0.6	(RBM38)_(Mus_musculus)_(RBD_0.99)	hsa_circ_0000301_Extracellular	163	169	+	10.8059	6.1e-05	0.292	GTGTGTG
M049_0.6	(RBM38)_(Mus_musculus)_(RBD_0.99)	hsa_circ_0000301_Extracellular	163	169	+	10.8059	6.1e-05	0.292	GTGTGTG
M049_0.6	(RBM38)_(Mus_musculus)_(RBD_0.99)	hsa_circ_0001297_Extracellular	204	210	+	10.8059	6.1e-05	0.292	GTGTGTG
M049_0.6	(RBM38)_(Mus_musculus)_(RBD_0.99)	hsa_circ_0001297_Extracellular	204	210	+	10.8059	6.1e-05	0.292	GTGTGTG
M049_0.6	(RBM38)_(Mus_musculus)_(RBD_0.99)	hsa_circ_0001297_Extracellular	206	212	+	10.8059	6.1e-05	0.292	GTGTGTG
M049_0.6	(RBM38)_(Mus_musculus)_(RBD_0.99)	hsa_circ_0001297_Extracellular	206	212	+	10.8059	6.1e-05	0.292	GTGTGTG
M049_0.6	(RBM38)_(Mus_musculus)_(RBD_0.99)	hsa_circ_0000292_Extracellular	210	216	+	10.8059	6.1e-05	0.292	GTGTGTG
M049_0.6	(RBM38)_(Mus_musculus)_(RBD_0.99)	hsa_circ_0000292_Extracellular	210	216	+	10.8059	6.1e-05	0.292	GTGTGTG
M049_0.6	(RBM38)_(Mus_musculus)_(RBD_0.99)	hsa_circ_0000301_Extracellular	222	228	+	10.8059	6.1e-05	0.292	GTGTGTG
M049_0.6	(RBM38)_(Mus_musculus)_(RBD_0.99)	hsa_circ_0000301_Extracellular	222	228	+	10.8059	6.1e-05	0.292	GTGTGTG
M049_0.6	(RBM38)_(Mus_musculus)_(RBD_0.99)	hsa_circ_0010522_Extracellular	226	232	+	10.8059	6.1e-05	0.292	GTGTGTG
M049_0.6	(RBM38)_(Mus_musculus)_(RBD_0.99)	hsa_circ_0000301_Extracellular	235	241	+	10.8059	6.1e-05	0.292	GTGTGTG
M049_0.6	(RBM38)_(Mus_musculus)_(RBD_0.99)	hsa_circ_0000301_Extracellular	235	241	+	10.8059	6.1e-05	0.292	GTGTGTG
M049_0.6	(RBM38)_(Mus_musculus)_(RBD_0.99)	hsa_circ_0000301_Extracellular	237	243	+	10.8059	6.1e-05	0.292	GTGTGTG
M049_0.6	(RBM38)_(Mus_musculus)_(RBD_0.99)	hsa_circ_0000301_Extracellular	237	243	+	10.8059	6.1e-05	0.292	GTGTGTG
M049_0.6	(RBM38)_(Mus_musculus)_(RBD_0.99)	hsa_circ_0000301_Extracellular	255	261	+	10.8059	6.1e-05	0.292	GTGTGTG
M049_0.6	(RBM38)_(Mus_musculus)_(RBD_0.99)	hsa_circ_0000301_Extracellular	255	261	+	10.8059	6.1e-05	0.292	GTGTGTG
M049_0.6	(RBM38)_(Mus_musculus)_(RBD_0.99)	hsa_circ_0103829_Extracellular	260	266	+	10.8059	6.1e-05	0.292	GTGTGTG
M049_0.6	(RBM38)_(Mus_musculus)_(RBD_0.99)	hsa_circ_0103829_Extracellular	260	266	+	10.8059	6.1e-05	0.292	GTGTGTG
M049_0.6	(RBM38)_(Mus_musculus)_(RBD_0.99)	hsa_circ_0000301_Extracellular	282	288	+	10.8059	6.1e-05	0.292	GTGTGTG
M049_0.6	(RBM38)_(Mus_musculus)_(RBD_0.99)	hsa_circ_0000301_Extracellular	282	288	+	10.8059	6.1e-05	0.292	GTGTGTG
M049_0.6	(RBM38)_(Mus_musculus)_(RBD_0.99)	hsa_circ_0010522_Extracellular	283	289	+	10.8059	6.1e-05	0.292	GTGTGTG
M049_0.6	(RBM38)_(Mus_musculus)_(RBD_0.99)	hsa_circ_0000301_Extracellular	326	332	+	10.8059	6.1e-05	0.292	GTGTGTG
M049_0.6	(RBM38)_(Mus_musculus)_(RBD_0.99)	hsa_circ_0000301_Extracellular	326	332	+	10.8059	6.1e-05	0.292	GTGTGTG
M049_0.6	(RBM38)_(Mus_musculus)_(RBD_0.99)	hsa_circ_0000301_Extracellular	328	334	+	10.8059	6.1e-05	0.292	GTGTGTG
M049_0.6	(RBM38)_(Mus_musculus)_(RBD_0.99)	hsa_circ_0000301_Extracellular	328	334	+	10.8059	6.1e-05	0.292	GTGTGTG
M049_0.6	(RBM38)_(Mus_musculus)_(RBD_0.99)	hsa_circ_0000301_Extracellular	369	375	+	10.8059	6.1e-05	0.292	GTGTGTG
M049_0.6	(RBM38)_(Mus_musculus)_(RBD_0.99)	hsa_circ_0000301_Extracellular	369	375	+	10.8059	6.1e-05	0.292	GTGTGTG
M049_0.6	(RBM38)_(Mus_musculus)_(RBD_0.99)	hsa_circ_0000301_Extracellular	404	410	+	10.8059	6.1e-05	0.292	GTGTGTG
M049_0.6	(RBM38)_(Mus_musculus)_(RBD_0.99)	hsa_circ_0000301_Extracellular	404	410	+	10.8059	6.1e-05	0.292	GTGTGTG
M049_0.6	(RBM38)_(Mus_musculus)_(RBD_0.99)	hsa_circ_0103809_Extracellular	513	519	+	10.8059	6.1e-05	0.292	GTGTGTG
M049_0.6	(RBM38)_(Mus_musculus)_(RBD_0.99)	hsa_circ_0103809_Extracellular	513	519	+	10.8059	6.1e-05	0.292	GTGTGTG
M049_0.6	(RBM38)_(Mus_musculus)_(RBD_0.99)	hsa_circ_0103809_Extracellular	513	519	+	10.8059	6.1e-05	0.292	GTGTGTG
M049_0.6	(RBM38)_(Mus_musculus)_(RBD_0.99)	hsa_circ_0103809_Extracellular	515	521	+	10.8059	6.1e-05	0.292	GTGTGTG
M049_0.6	(RBM38)_(Mus_musculus)_(RBD_0.99)	hsa_circ_0103809_Extracellular	515	521	+	10.8059	6.1e-05	0.292	GTGTGTG
M049_0.6	(RBM38)_(Mus_musculus)_(RBD_0.99)	hsa_circ_0103809_Extracellular	515	521	+	10.8059	6.1e-05	0.292	GTGTGTG
M049_0.6	(RBM38)_(Mus_musculus)_(RBD_0.99)	hsa_circ_0103809_Extracellular	517	523	+	10.8059	6.1e-05	0.292	GTGTGTG
M049_0.6	(RBM38)_(Mus_musculus)_(RBD_0.99)	hsa_circ_0103809_Extracellular	517	523	+	10.8059	6.1e-05	0.292	GTGTGTG
M049_0.6	(RBM38)_(Mus_musculus)_(RBD_0.99)	hsa_circ_0103809_Extracellular	517	523	+	10.8059	6.1e-05	0.292	GTGTGTG
M049_0.6	(RBM38)_(Mus_musculus)_(RBD_0.99)	hsa_circ_0103809_Extracellular	519	525	+	10.8059	6.1e-05	0.292	GTGTGTG
M049_0.6	(RBM38)_(Mus_musculus)_(RBD_0.99)	hsa_circ_0103809_Extracellular	519	525	+	10.8059	6.1e-05	0.292	GTGTGTG
M049_0.6	(RBM38)_(Mus_musculus)_(RBD_0.99)	hsa_circ_0103809_Extracellular	519	525	+	10.8059	6.1e-05	0.292	GTGTGTG
M049_0.6	(RBM38)_(Mus_musculus)_(RBD_0.99)	hsa_circ_0097011_Extracellular	568	574	+	10.8059	6.1e-05	0.292	GTGTGTG
M049_0.6	(RBM38)_(Mus_musculus)_(RBD_0.99)	hsa_circ_0026611_Extracellular	569	575	+	10.8059	6.1e-05	0.292	GTGTGTG
M049_0.6	(RBM38)_(Mus_musculus)_(RBD_0.99)	hsa_circ_0026611_Extracellular	569	575	+	10.8059	6.1e-05	0.292	GTGTGTG
M049_0.6	(RBM38)_(Mus_musculus)_(RBD_0.99)	hsa_circ_0000994_Extracellular	594	600	+	10.8059	6.1e-05	0.292	GTGTGTG
M049_0.6	(RBM38)_(Mus_musculus)_(RBD_0.99)	hsa_circ_0000994_Extracellular	594	600	+	10.8059	6.1e-05	0.292	GTGTGTG
M049_0.6	(RBM38)_(Mus_musculus)_(RBD_0.99)	hsa_circ_0049499_Extracellular	618	624	+	10.8059	6.1e-05	0.292	GTGTGTG
M049_0.6	(RBM38)_(Mus_musculus)_(RBD_0.99)	hsa_circ_0026102_Extracellular	619	625	+	10.8059	6.1e-05	0.292	GTGTGTG
M049_0.6	(RBM38)_(Mus_musculus)_(RBD_0.99)	hsa_circ_0104423_Extracellular	655	661	+	10.8059	6.1e-05	0.292	GTGTGTG
M049_0.6	(RBM38)_(Mus_musculus)_(RBD_0.99)	hsa_circ_0104423_Extracellular	655	661	+	10.8059	6.1e-05	0.292	GTGTGTG
M049_0.6	(RBM38)_(Mus_musculus)_(RBD_0.99)	hsa_circ_0034255_Extracellular	738	744	+	10.8059	6.1e-05	0.292	GTGTGTG
M049_0.6	(RBM38)_(Mus_musculus)_(RBD_0.99)	hsa_circ_0034255_Extracellular	738	744	+	10.8059	6.1e-05	0.292	GTGTGTG
M049_0.6	(RBM38)_(Mus_musculus)_(RBD_0.99)	hsa_circ_0104534_Extracellular	839	845	+	10.8059	6.1e-05	0.292	GTGTGTG
M049_0.6	(RBM38)_(Mus_musculus)_(RBD_0.99)	hsa_circ_0104534_Extracellular	839	845	+	10.8059	6.1e-05	0.292	GTGTGTG
M049_0.6	(RBM38)_(Mus_musculus)_(RBD_0.99)	hsa_circ_0103830_Extracellular	844	850	+	10.8059	6.1e-05	0.292	GTGTGTG
M049_0.6	(RBM38)_(Mus_musculus)_(RBD_0.99)	hsa_circ_0103830_Extracellular	844	850	+	10.8059	6.1e-05	0.292	GTGTGTG
M049_0.6	(RBM38)_(Mus_musculus)_(RBD_0.99)	hsa_circ_0004062_Extracellular	877	883	+	10.8059	6.1e-05	0.292	GTGTGTG
M049_0.6	(RBM38)_(Mus_musculus)_(RBD_0.99)	hsa_circ_0004062_Extracellular	877	883	+	10.8059	6.1e-05	0.292	GTGTGTG
M049_0.6	(RBM38)_(Mus_musculus)_(RBD_0.99)	hsa_circ_0004062_Extracellular	879	885	+	10.8059	6.1e-05	0.292	GTGTGTG
M049_0.6	(RBM38)_(Mus_musculus)_(RBD_0.99)	hsa_circ_0004062_Extracellular	879	885	+	10.8059	6.1e-05	0.292	GTGTGTG
M049_0.6	(RBM38)_(Mus_musculus)_(RBD_0.99)	hsa_circ_0104128_Extracellular	888	894	+	10.8059	6.1e-05	0.292	GTGTGTG
M049_0.6	(RBM38)_(Mus_musculus)_(RBD_0.99)	hsa_circ_0104128_Extracellular	888	894	+	10.8059	6.1e-05	0.292	GTGTGTG
M049_0.6	(RBM38)_(Mus_musculus)_(RBD_0.99)	hsa_circ_0004062_Extracellular	894	900	+	10.8059	6.1e-05	0.292	GTGTGTG
M049_0.6	(RBM38)_(Mus_musculus)_(RBD_0.99)	hsa_circ_0004062_Extracellular	894	900	+	10.8059	6.1e-05	0.292	GTGTGTG
M049_0.6	(RBM38)_(Mus_musculus)_(RBD_0.99)	hsa_circ_0004062_Extracellular	896	902	+	10.8059	6.1e-05	0.292	GTGTGTG
M049_0.6	(RBM38)_(Mus_musculus)_(RBD_0.99)	hsa_circ_0004062_Extracellular	896	902	+	10.8059	6.1e-05	0.292	GTGTGTG
M049_0.6	(RBM38)_(Mus_musculus)_(RBD_0.99)	hsa_circ_0048977_Extracellular	909	915	+	10.8059	6.1e-05	0.292	GTGTGTG
M049_0.6	(RBM38)_(Mus_musculus)_(RBD_0.99)	hsa_circ_0000726_Extracellular	924	930	+	10.8059	6.1e-05	0.292	GTGTGTG
M049_0.6	(RBM38)_(Mus_musculus)_(RBD_0.99)	hsa_circ_0000726_Extracellular	924	930	+	10.8059	6.1e-05	0.292	GTGTGTG
M049_0.6	(RBM38)_(Mus_musculus)_(RBD_0.99)	hsa_circ_0001077_Extracellular	926	932	+	10.8059	6.1e-05	0.292	GTGTGTG
M049_0.6	(RBM38)_(Mus_musculus)_(RBD_0.99)	hsa_circ_0001077_Extracellular	926	932	+	10.8059	6.1e-05	0.292	GTGTGTG
M049_0.6	(RBM38)_(Mus_musculus)_(RBD_0.99)	hsa_circ_0004062_Extracellular	937	943	+	10.8059	6.1e-05	0.292	GTGTGTG
M049_0.6	(RBM38)_(Mus_musculus)_(RBD_0.99)	hsa_circ_0004062_Extracellular	937	943	+	10.8059	6.1e-05	0.292	GTGTGTG
M049_0.6	(RBM38)_(Mus_musculus)_(RBD_0.99)	hsa_circ_0004062_Extracellular	939	945	+	10.8059	6.1e-05	0.292	GTGTGTG
M049_0.6	(RBM38)_(Mus_musculus)_(RBD_0.99)	hsa_circ_0004062_Extracellular	939	945	+	10.8059	6.1e-05	0.292	GTGTGTG
M049_0.6	(RBM38)_(Mus_musculus)_(RBD_0.99)	hsa_circ_0000322_Extracellular	1142	1148	+	10.8059	6.1e-05	0.292	GTGTGTG
M049_0.6	(RBM38)_(Mus_musculus)_(RBD_0.99)	hsa_circ_0000322_Extracellular	1142	1148	+	10.8059	6.1e-05	0.292	GTGTGTG
M049_0.6	(RBM38)_(Mus_musculus)_(RBD_0.99)	hsa_circ_0101018_Extracellular	1148	1154	+	10.8059	6.1e-05	0.292	GTGTGTG
M049_0.6	(RBM38)_(Mus_musculus)_(RBD_0.99)	hsa_circ_0101018_Extracellular	1148	1154	+	10.8059	6.1e-05	0.292	GTGTGTG
M049_0.6	(RBM38)_(Mus_musculus)_(RBD_0.99)	hsa_circ_0059639_Extracellular	1198	1204	+	10.8059	6.1e-05	0.292	GTGTGTG
M049_0.6	(RBM38)_(Mus_musculus)_(RBD_0.99)	hsa_circ_0002591_Extracellular	1222	1228	+	10.8059	6.1e-05	0.292	GTGTGTG
M049_0.6	(RBM38)_(Mus_musculus)_(RBD_0.99)	hsa_circ_0000246_Extracellular	1224	1230	+	10.8059	6.1e-05	0.292	GTGTGTG
M049_0.6	(RBM38)_(Mus_musculus)_(RBD_0.99)	hsa_circ_0000246_Extracellular	1224	1230	+	10.8059	6.1e-05	0.292	GTGTGTG
M049_0.6	(RBM38)_(Mus_musculus)_(RBD_0.99)	hsa_circ_0004062_Extracellular	1272	1278	+	10.8059	6.1e-05	0.292	GTGTGTG
M049_0.6	(RBM38)_(Mus_musculus)_(RBD_0.99)	hsa_circ_0004062_Extracellular	1272	1278	+	10.8059	6.1e-05	0.292	GTGTGTG
M049_0.6	(RBM38)_(Mus_musculus)_(RBD_0.99)	hsa_circ_0102520_Extracellular	1328	1334	+	10.8059	6.1e-05	0.292	GTGTGTG
M049_0.6	(RBM38)_(Mus_musculus)_(RBD_0.99)	hsa_circ_0102520_Extracellular	1328	1334	+	10.8059	6.1e-05	0.292	GTGTGTG
M049_0.6	(RBM38)_(Mus_musculus)_(RBD_0.99)	hsa_circ_0103790_Extracellular	1364	1370	+	10.8059	6.1e-05	0.292	GTGTGTG
M049_0.6	(RBM38)_(Mus_musculus)_(RBD_0.99)	hsa_circ_0103790_Extracellular	1364	1370	+	10.8059	6.1e-05	0.292	GTGTGTG
M049_0.6	(RBM38)_(Mus_musculus)_(RBD_0.99)	hsa_circ_0070762_Extracellular	1578	1584	+	10.8059	6.1e-05	0.292	GTGTGTG
M049_0.6	(RBM38)_(Mus_musculus)_(RBD_0.99)	hsa_circ_0070762_Extracellular	1580	1586	+	10.8059	6.1e-05	0.292	GTGTGTG
M049_0.6	(RBM38)_(Mus_musculus)_(RBD_0.99)	hsa_circ_0000658_Extracellular	1604	1610	+	10.8059	6.1e-05	0.292	GTGTGTG
M049_0.6	(RBM38)_(Mus_musculus)_(RBD_0.99)	hsa_circ_0000658_Extracellular	1604	1610	+	10.8059	6.1e-05	0.292	GTGTGTG
M049_0.6	(RBM38)_(Mus_musculus)_(RBD_0.99)	hsa_circ_0102296_Extracellular	1802	1808	+	10.8059	6.1e-05	0.292	GTGTGTG
M049_0.6	(RBM38)_(Mus_musculus)_(RBD_0.99)	hsa_circ_0102296_Extracellular	1802	1808	+	10.8059	6.1e-05	0.292	GTGTGTG
M049_0.6	(RBM38)_(Mus_musculus)_(RBD_0.99)	hsa_circ_0091741_Extracellular	2119	2125	+	10.8059	6.1e-05	0.292	GTGTGTG
M049_0.6	(RBM38)_(Mus_musculus)_(RBD_0.99)	hsa_circ_0091741_Extracellular	2121	2127	+	10.8059	6.1e-05	0.292	GTGTGTG
M049_0.6	(RBM38)_(Mus_musculus)_(RBD_0.99)	hsa_circ_0091741_Extracellular	2123	2129	+	10.8059	6.1e-05	0.292	GTGTGTG
M049_0.6	(RBM38)_(Mus_musculus)_(RBD_0.99)	hsa_circ_0091741_Extracellular	2125	2131	+	10.8059	6.1e-05	0.292	GTGTGTG
M049_0.6	(RBM38)_(Mus_musculus)_(RBD_0.99)	hsa_circ_0091741_Extracellular	2127	2133	+	10.8059	6.1e-05	0.292	GTGTGTG
M049_0.6	(RBM38)_(Mus_musculus)_(RBD_0.99)	hsa_circ_0091741_Extracellular	2129	2135	+	10.8059	6.1e-05	0.292	GTGTGTG
M049_0.6	(RBM38)_(Mus_musculus)_(RBD_0.99)	hsa_circ_0091741_Extracellular	2131	2137	+	10.8059	6.1e-05	0.292	GTGTGTG
M049_0.6	(RBM38)_(Mus_musculus)_(RBD_0.99)	hsa_circ_0091741_Extracellular	2133	2139	+	10.8059	6.1e-05	0.292	GTGTGTG
M049_0.6	(RBM38)_(Mus_musculus)_(RBD_0.99)	hsa_circ_0091741_Extracellular	2135	2141	+	10.8059	6.1e-05	0.292	GTGTGTG
M049_0.6	(RBM38)_(Mus_musculus)_(RBD_0.99)	hsa_circ_0091741_Extracellular	2137	2143	+	10.8059	6.1e-05	0.292	GTGTGTG
M049_0.6	(RBM38)_(Mus_musculus)_(RBD_0.99)	hsa_circ_0091741_Extracellular	2139	2145	+	10.8059	6.1e-05	0.292	GTGTGTG
M049_0.6	(RBM38)_(Mus_musculus)_(RBD_0.99)	hsa_circ_0091741_Extracellular	2141	2147	+	10.8059	6.1e-05	0.292	GTGTGTG
M049_0.6	(RBM38)_(Mus_musculus)_(RBD_0.99)	hsa_circ_0091741_Extracellular	2143	2149	+	10.8059	6.1e-05	0.292	GTGTGTG
M049_0.6	(RBM38)_(Mus_musculus)_(RBD_0.99)	hsa_circ_0091741_Extracellular	2145	2151	+	10.8059	6.1e-05	0.292	GTGTGTG
M049_0.6	(RBM38)_(Mus_musculus)_(RBD_0.99)	hsa_circ_0091741_Extracellular	2147	2153	+	10.8059	6.1e-05	0.292	GTGTGTG
M049_0.6	(RBM38)_(Mus_musculus)_(RBD_0.99)	hsa_circ_0091741_Extracellular	2149	2155	+	10.8059	6.1e-05	0.292	GTGTGTG
M049_0.6	(RBM38)_(Mus_musculus)_(RBD_0.99)	hsa_circ_0000998_Extracellular	2155	2161	+	10.8059	6.1e-05	0.292	GTGTGTG
M049_0.6	(RBM38)_(Mus_musculus)_(RBD_0.99)	hsa_circ_0000998_Extracellular	2155	2161	+	10.8059	6.1e-05	0.292	GTGTGTG
M049_0.6	(RBM38)_(Mus_musculus)_(RBD_0.99)	hsa_circ_0091741_Extracellular	2179	2185	+	10.8059	6.1e-05	0.292	GTGTGTG
M049_0.6	(RBM38)_(Mus_musculus)_(RBD_0.99)	hsa_circ_0091741_Extracellular	2181	2187	+	10.8059	6.1e-05	0.292	GTGTGTG
M049_0.6	(RBM38)_(Mus_musculus)_(RBD_0.99)	hsa_circ_0091741_Extracellular	2183	2189	+	10.8059	6.1e-05	0.292	GTGTGTG
M049_0.6	(RBM38)_(Mus_musculus)_(RBD_0.99)	hsa_circ_0101493_Extracellular	2232	2238	+	10.8059	6.1e-05	0.292	GTGTGTG
M049_0.6	(RBM38)_(Mus_musculus)_(RBD_0.99)	hsa_circ_0101493_Extracellular	2232	2238	+	10.8059	6.1e-05	0.292	GTGTGTG
M049_0.6	(RBM38)_(Mus_musculus)_(RBD_0.99)	hsa_circ_0104761_Extracellular	2269	2275	+	10.8059	6.1e-05	0.292	GTGTGTG
M049_0.6	(RBM38)_(Mus_musculus)_(RBD_0.99)	hsa_circ_0104761_Extracellular	2269	2275	+	10.8059	6.1e-05	0.292	GTGTGTG
M049_0.6	(RBM38)_(Mus_musculus)_(RBD_0.99)	hsa_circ_0104761_Extracellular	2329	2335	+	10.8059	6.1e-05	0.292	GTGTGTG
M049_0.6	(RBM38)_(Mus_musculus)_(RBD_0.99)	hsa_circ_0104761_Extracellular	2329	2335	+	10.8059	6.1e-05	0.292	GTGTGTG
M049_0.6	(RBM38)_(Mus_musculus)_(RBD_0.99)	hsa_circ_0110664_Extracellular	2355	2361	+	10.8059	6.1e-05	0.292	GTGTGTG
M049_0.6	(RBM38)_(Mus_musculus)_(RBD_0.99)	hsa_circ_0100912_Extracellular	2483	2489	+	10.8059	6.1e-05	0.292	GTGTGTG
M049_0.6	(RBM38)_(Mus_musculus)_(RBD_0.99)	hsa_circ_0100912_Extracellular	2483	2489	+	10.8059	6.1e-05	0.292	GTGTGTG
M049_0.6	(RBM38)_(Mus_musculus)_(RBD_0.99)	hsa_circ_0001704_Extracellular	2506	2512	+	10.8059	6.1e-05	0.292	GTGTGTG
M049_0.6	(RBM38)_(Mus_musculus)_(RBD_0.99)	hsa_circ_0001704_Extracellular	2506	2512	+	10.8059	6.1e-05	0.292	GTGTGTG
M049_0.6	(RBM38)_(Mus_musculus)_(RBD_0.99)	hsa_circ_0100912_Extracellular	2543	2549	+	10.8059	6.1e-05	0.292	GTGTGTG
M049_0.6	(RBM38)_(Mus_musculus)_(RBD_0.99)	hsa_circ_0100912_Extracellular	2543	2549	+	10.8059	6.1e-05	0.292	GTGTGTG
M049_0.6	(RBM38)_(Mus_musculus)_(RBD_0.99)	hsa_circ_0100913_Extracellular	2572	2578	+	10.8059	6.1e-05	0.292	GTGTGTG
M049_0.6	(RBM38)_(Mus_musculus)_(RBD_0.99)	hsa_circ_0100913_Extracellular	2572	2578	+	10.8059	6.1e-05	0.292	GTGTGTG
M049_0.6	(RBM38)_(Mus_musculus)_(RBD_0.99)	hsa_circ_0102520_Extracellular	2709	2715	+	10.8059	6.1e-05	0.292	GTGTGTG
M049_0.6	(RBM38)_(Mus_musculus)_(RBD_0.99)	hsa_circ_0102520_Extracellular	2709	2715	+	10.8059	6.1e-05	0.292	GTGTGTG
M049_0.6	(RBM38)_(Mus_musculus)_(RBD_0.99)	hsa_circ_0102520_Extracellular	2711	2717	+	10.8059	6.1e-05	0.292	GTGTGTG
M049_0.6	(RBM38)_(Mus_musculus)_(RBD_0.99)	hsa_circ_0102520_Extracellular	2711	2717	+	10.8059	6.1e-05	0.292	GTGTGTG
M049_0.6	(RBM38)_(Mus_musculus)_(RBD_0.99)	hsa_circ_0102520_Extracellular	2725	2731	+	10.8059	6.1e-05	0.292	GTGTGTG
M049_0.6	(RBM38)_(Mus_musculus)_(RBD_0.99)	hsa_circ_0102520_Extracellular	2725	2731	+	10.8059	6.1e-05	0.292	GTGTGTG
M049_0.6	(RBM38)_(Mus_musculus)_(RBD_0.99)	hsa_circ_0102520_Extracellular	2769	2775	+	10.8059	6.1e-05	0.292	GTGTGTG
M049_0.6	(RBM38)_(Mus_musculus)_(RBD_0.99)	hsa_circ_0102520_Extracellular	2769	2775	+	10.8059	6.1e-05	0.292	GTGTGTG
M049_0.6	(RBM38)_(Mus_musculus)_(RBD_0.99)	hsa_circ_0103140_Extracellular	2941	2947	+	10.8059	6.1e-05	0.292	GTGTGTG
M049_0.6	(RBM38)_(Mus_musculus)_(RBD_0.99)	hsa_circ_0103140_Extracellular	2941	2947	+	10.8059	6.1e-05	0.292	GTGTGTG
M049_0.6	(RBM38)_(Mus_musculus)_(RBD_0.99)	hsa_circ_0103140_Extracellular	2943	2949	+	10.8059	6.1e-05	0.292	GTGTGTG
M049_0.6	(RBM38)_(Mus_musculus)_(RBD_0.99)	hsa_circ_0103140_Extracellular	2943	2949	+	10.8059	6.1e-05	0.292	GTGTGTG
M049_0.6	(RBM38)_(Mus_musculus)_(RBD_0.99)	hsa_circ_0103140_Extracellular	2945	2951	+	10.8059	6.1e-05	0.292	GTGTGTG
M049_0.6	(RBM38)_(Mus_musculus)_(RBD_0.99)	hsa_circ_0103140_Extracellular	2945	2951	+	10.8059	6.1e-05	0.292	GTGTGTG
M049_0.6	(RBM38)_(Mus_musculus)_(RBD_0.99)	hsa_circ_0103140_Extracellular	2947	2953	+	10.8059	6.1e-05	0.292	GTGTGTG
M049_0.6	(RBM38)_(Mus_musculus)_(RBD_0.99)	hsa_circ_0103140_Extracellular	2947	2953	+	10.8059	6.1e-05	0.292	GTGTGTG
M049_0.6	(RBM38)_(Mus_musculus)_(RBD_0.99)	hsa_circ_0103140_Extracellular	2949	2955	+	10.8059	6.1e-05	0.292	GTGTGTG
M049_0.6	(RBM38)_(Mus_musculus)_(RBD_0.99)	hsa_circ_0103140_Extracellular	2949	2955	+	10.8059	6.1e-05	0.292	GTGTGTG
M049_0.6	(RBM38)_(Mus_musculus)_(RBD_0.99)	hsa_circ_0103140_Extracellular	2951	2957	+	10.8059	6.1e-05	0.292	GTGTGTG
M049_0.6	(RBM38)_(Mus_musculus)_(RBD_0.99)	hsa_circ_0103140_Extracellular	2951	2957	+	10.8059	6.1e-05	0.292	GTGTGTG
M049_0.6	(RBM38)_(Mus_musculus)_(RBD_0.99)	hsa_circ_0103140_Extracellular	2953	2959	+	10.8059	6.1e-05	0.292	GTGTGTG
M049_0.6	(RBM38)_(Mus_musculus)_(RBD_0.99)	hsa_circ_0103140_Extracellular	2953	2959	+	10.8059	6.1e-05	0.292	GTGTGTG
M049_0.6	(RBM38)_(Mus_musculus)_(RBD_0.99)	hsa_circ_0103140_Extracellular	2955	2961	+	10.8059	6.1e-05	0.292	GTGTGTG
M049_0.6	(RBM38)_(Mus_musculus)_(RBD_0.99)	hsa_circ_0103140_Extracellular	2955	2961	+	10.8059	6.1e-05	0.292	GTGTGTG
M049_0.6	(RBM38)_(Mus_musculus)_(RBD_0.99)	hsa_circ_0103140_Extracellular	2957	2963	+	10.8059	6.1e-05	0.292	GTGTGTG
M049_0.6	(RBM38)_(Mus_musculus)_(RBD_0.99)	hsa_circ_0103140_Extracellular	2957	2963	+	10.8059	6.1e-05	0.292	GTGTGTG
M049_0.6	(RBM38)_(Mus_musculus)_(RBD_0.99)	hsa_circ_0090577_Extracellular	3077	3083	+	10.8059	6.1e-05	0.292	GTGTGTG
M049_0.6	(RBM38)_(Mus_musculus)_(RBD_0.99)	mmu_circ_0000905_Extracellular	3238	3244	+	10.8059	6.1e-05	0.292	GTGTGTG
M049_0.6	(RBM38)_(Mus_musculus)_(RBD_0.99)	hsa_circ_0001704_Extracellular	3328	3334	+	10.8059	6.1e-05	0.292	GTGTGTG
M049_0.6	(RBM38)_(Mus_musculus)_(RBD_0.99)	hsa_circ_0001704_Extracellular	3328	3334	+	10.8059	6.1e-05	0.292	GTGTGTG
M049_0.6	(RBM38)_(Mus_musculus)_(RBD_0.99)	hsa_circ_0102294_Extracellular	3543	3549	+	10.8059	6.1e-05	0.292	GTGTGTG
M049_0.6	(RBM38)_(Mus_musculus)_(RBD_0.99)	hsa_circ_0102294_Extracellular	3543	3549	+	10.8059	6.1e-05	0.292	GTGTGTG
M049_0.6	(RBM38)_(Mus_musculus)_(RBD_0.99)	hsa_circ_0104137_Extracellular	3651	3657	+	10.8059	6.1e-05	0.292	GTGTGTG
M049_0.6	(RBM38)_(Mus_musculus)_(RBD_0.99)	hsa_circ_0104137_Extracellular	3651	3657	+	10.8059	6.1e-05	0.292	GTGTGTG
M049_0.6	(RBM38)_(Mus_musculus)_(RBD_0.99)	hsa_circ_0104137_Extracellular	3711	3717	+	10.8059	6.1e-05	0.292	GTGTGTG
M049_0.6	(RBM38)_(Mus_musculus)_(RBD_0.99)	hsa_circ_0104137_Extracellular	3711	3717	+	10.8059	6.1e-05	0.292	GTGTGTG
M049_0.6	(RBM38)_(Mus_musculus)_(RBD_0.99)	hsa_circ_0104128_Extracellular	3718	3724	+	10.8059	6.1e-05	0.292	GTGTGTG
M049_0.6	(RBM38)_(Mus_musculus)_(RBD_0.99)	hsa_circ_0104128_Extracellular	3718	3724	+	10.8059	6.1e-05	0.292	GTGTGTG
M049_0.6	(RBM38)_(Mus_musculus)_(RBD_0.99)	hsa_circ_0102294_Extracellular	3769	3775	+	10.8059	6.1e-05	0.292	GTGTGTG
M049_0.6	(RBM38)_(Mus_musculus)_(RBD_0.99)	hsa_circ_0102294_Extracellular	3769	3775	+	10.8059	6.1e-05	0.292	GTGTGTG
M049_0.6	(RBM38)_(Mus_musculus)_(RBD_0.99)	hsa_circ_0000998_Extracellular	4028	4034	+	10.8059	6.1e-05	0.292	GTGTGTG
M049_0.6	(RBM38)_(Mus_musculus)_(RBD_0.99)	hsa_circ_0000998_Extracellular	4028	4034	+	10.8059	6.1e-05	0.292	GTGTGTG
M049_0.6	(RBM38)_(Mus_musculus)_(RBD_0.99)	hsa_circ_0026102_Extracellular	4819	4825	+	10.8059	6.1e-05	0.292	GTGTGTG
M049_0.6	(RBM38)_(Mus_musculus)_(RBD_0.99)	hsa_circ_0104980_Extracellular	4867	4873	+	10.8059	6.1e-05	0.292	GTGTGTG
M049_0.6	(RBM38)_(Mus_musculus)_(RBD_0.99)	hsa_circ_0104980_Extracellular	4867	4873	+	10.8059	6.1e-05	0.292	GTGTGTG
M049_0.6	(RBM38)_(Mus_musculus)_(RBD_0.99)	hsa_circ_0104980_Extracellular	4869	4875	+	10.8059	6.1e-05	0.292	GTGTGTG
M049_0.6	(RBM38)_(Mus_musculus)_(RBD_0.99)	hsa_circ_0104980_Extracellular	4869	4875	+	10.8059	6.1e-05	0.292	GTGTGTG
M049_0.6	(RBM38)_(Mus_musculus)_(RBD_0.99)	hsa_circ_0104980_Extracellular	4871	4877	+	10.8059	6.1e-05	0.292	GTGTGTG
M049_0.6	(RBM38)_(Mus_musculus)_(RBD_0.99)	hsa_circ_0104980_Extracellular	4871	4877	+	10.8059	6.1e-05	0.292	GTGTGTG
M049_0.6	(RBM38)_(Mus_musculus)_(RBD_0.99)	hsa_circ_0026102_Extracellular	4879	4885	+	10.8059	6.1e-05	0.292	GTGTGTG
M049_0.6	(RBM38)_(Mus_musculus)_(RBD_0.99)	hsa_circ_0104980_Extracellular	4892	4898	+	10.8059	6.1e-05	0.292	GTGTGTG
M049_0.6	(RBM38)_(Mus_musculus)_(RBD_0.99)	hsa_circ_0104980_Extracellular	4892	4898	+	10.8059	6.1e-05	0.292	GTGTGTG
M049_0.6	(RBM38)_(Mus_musculus)_(RBD_0.99)	hsa_circ_0104980_Extracellular	4952	4958	+	10.8059	6.1e-05	0.292	GTGTGTG
M049_0.6	(RBM38)_(Mus_musculus)_(RBD_0.99)	hsa_circ_0104980_Extracellular	4952	4958	+	10.8059	6.1e-05	0.292	GTGTGTG
M049_0.6	(RBM38)_(Mus_musculus)_(RBD_0.99)	hsa_circ_0026102_Extracellular	4993	4999	+	10.8059	6.1e-05	0.292	GTGTGTG
M049_0.6	(RBM38)_(Mus_musculus)_(RBD_0.99)	hsa_circ_0026102_Extracellular	5002	5008	+	10.8059	6.1e-05	0.292	GTGTGTG
M049_0.6	(RBM38)_(Mus_musculus)_(RBD_0.99)	hsa_circ_0001704_Extracellular	5071	5077	+	10.8059	6.1e-05	0.292	GTGTGTG
M049_0.6	(RBM38)_(Mus_musculus)_(RBD_0.99)	hsa_circ_0001704_Extracellular	5071	5077	+	10.8059	6.1e-05	0.292	GTGTGTG
M049_0.6	(RBM38)_(Mus_musculus)_(RBD_0.99)	hsa_circ_0026102_Extracellular	5153	5159	+	10.8059	6.1e-05	0.292	GTGTGTG
M049_0.6	(RBM38)_(Mus_musculus)_(RBD_0.99)	hsa_circ_0026102_Extracellular	5578	5584	+	10.8059	6.1e-05	0.292	GTGTGTG
M049_0.6	(RBM38)_(Mus_musculus)_(RBD_0.99)	hsa_circ_0104808_Extracellular	5988	5994	+	10.8059	6.1e-05	0.292	GTGTGTG
M049_0.6	(RBM38)_(Mus_musculus)_(RBD_0.99)	hsa_circ_0104808_Extracellular	5988	5994	+	10.8059	6.1e-05	0.292	GTGTGTG
M049_0.6	(RBM38)_(Mus_musculus)_(RBD_0.99)	hsa_circ_0104808_Extracellular	6048	6054	+	10.8059	6.1e-05	0.292	GTGTGTG
M049_0.6	(RBM38)_(Mus_musculus)_(RBD_0.99)	hsa_circ_0104808_Extracellular	6048	6054	+	10.8059	6.1e-05	0.292	GTGTGTG
M049_0.6	(RBM38)_(Mus_musculus)_(RBD_0.99)	hsa_circ_0009684_Extracellular	6717	6723	+	10.8059	6.1e-05	0.292	GTGTGTG
M049_0.6	(RBM38)_(Mus_musculus)_(RBD_0.99)	hsa_circ_0009684_Extracellular	6717	6723	+	10.8059	6.1e-05	0.292	GTGTGTG
M049_0.6	(RBM38)_(Mus_musculus)_(RBD_0.99)	hsa_circ_0009684_Extracellular	6777	6783	+	10.8059	6.1e-05	0.292	GTGTGTG
M049_0.6	(RBM38)_(Mus_musculus)_(RBD_0.99)	hsa_circ_0009684_Extracellular	6777	6783	+	10.8059	6.1e-05	0.292	GTGTGTG
M049_0.6	(RBM38)_(Mus_musculus)_(RBD_0.99)	hsa_circ_0000246_Extracellular	6889	6895	+	10.8059	6.1e-05	0.292	GTGTGTG
M049_0.6	(RBM38)_(Mus_musculus)_(RBD_0.99)	hsa_circ_0000246_Extracellular	6889	6895	+	10.8059	6.1e-05	0.292	GTGTGTG
M049_0.6	(RBM38)_(Mus_musculus)_(RBD_0.99)	hsa_circ_0000246_Extracellular	6891	6897	+	10.8059	6.1e-05	0.292	GTGTGTG
M049_0.6	(RBM38)_(Mus_musculus)_(RBD_0.99)	hsa_circ_0000246_Extracellular	6891	6897	+	10.8059	6.1e-05	0.292	GTGTGTG
M049_0.6	(RBM38)_(Mus_musculus)_(RBD_0.99)	hsa_circ_0000246_Extracellular	6893	6899	+	10.8059	6.1e-05	0.292	GTGTGTG
M049_0.6	(RBM38)_(Mus_musculus)_(RBD_0.99)	hsa_circ_0000246_Extracellular	6893	6899	+	10.8059	6.1e-05	0.292	GTGTGTG
M049_0.6	(RBM38)_(Mus_musculus)_(RBD_0.99)	hsa_circ_0000246_Extracellular	6895	6901	+	10.8059	6.1e-05	0.292	GTGTGTG
M049_0.6	(RBM38)_(Mus_musculus)_(RBD_0.99)	hsa_circ_0000246_Extracellular	6895	6901	+	10.8059	6.1e-05	0.292	GTGTGTG
M049_0.6	(RBM38)_(Mus_musculus)_(RBD_0.99)	hsa_circ_0000246_Extracellular	6897	6903	+	10.8059	6.1e-05	0.292	GTGTGTG
M049_0.6	(RBM38)_(Mus_musculus)_(RBD_0.99)	hsa_circ_0000246_Extracellular	6897	6903	+	10.8059	6.1e-05	0.292	GTGTGTG
M049_0.6	(RBM38)_(Mus_musculus)_(RBD_0.99)	hsa_circ_0000246_Extracellular	6899	6905	+	10.8059	6.1e-05	0.292	GTGTGTG
M049_0.6	(RBM38)_(Mus_musculus)_(RBD_0.99)	hsa_circ_0000246_Extracellular	6899	6905	+	10.8059	6.1e-05	0.292	GTGTGTG
M049_0.6	(RBM38)_(Mus_musculus)_(RBD_0.99)	hsa_circ_0000246_Extracellular	6901	6907	+	10.8059	6.1e-05	0.292	GTGTGTG
M049_0.6	(RBM38)_(Mus_musculus)_(RBD_0.99)	hsa_circ_0000246_Extracellular	6901	6907	+	10.8059	6.1e-05	0.292	GTGTGTG
M049_0.6	(RBM38)_(Mus_musculus)_(RBD_0.99)	hsa_circ_0000246_Extracellular	6903	6909	+	10.8059	6.1e-05	0.292	GTGTGTG
M049_0.6	(RBM38)_(Mus_musculus)_(RBD_0.99)	hsa_circ_0000246_Extracellular	6903	6909	+	10.8059	6.1e-05	0.292	GTGTGTG
M049_0.6	(RBM38)_(Mus_musculus)_(RBD_0.99)	hsa_circ_0000246_Extracellular	6905	6911	+	10.8059	6.1e-05	0.292	GTGTGTG
M049_0.6	(RBM38)_(Mus_musculus)_(RBD_0.99)	hsa_circ_0000246_Extracellular	6905	6911	+	10.8059	6.1e-05	0.292	GTGTGTG
M049_0.6	(RBM38)_(Mus_musculus)_(RBD_0.99)	hsa_circ_0000246_Extracellular	6907	6913	+	10.8059	6.1e-05	0.292	GTGTGTG
M049_0.6	(RBM38)_(Mus_musculus)_(RBD_0.99)	hsa_circ_0000246_Extracellular	6907	6913	+	10.8059	6.1e-05	0.292	GTGTGTG
M049_0.6	(RBM38)_(Mus_musculus)_(RBD_0.99)	hsa_circ_0000246_Extracellular	6909	6915	+	10.8059	6.1e-05	0.292	GTGTGTG
M049_0.6	(RBM38)_(Mus_musculus)_(RBD_0.99)	hsa_circ_0000246_Extracellular	6909	6915	+	10.8059	6.1e-05	0.292	GTGTGTG
M049_0.6	(RBM38)_(Mus_musculus)_(RBD_0.99)	hsa_circ_0000246_Extracellular	6911	6917	+	10.8059	6.1e-05	0.292	GTGTGTG
M049_0.6	(RBM38)_(Mus_musculus)_(RBD_0.99)	hsa_circ_0000246_Extracellular	6911	6917	+	10.8059	6.1e-05	0.292	GTGTGTG
M049_0.6	(RBM38)_(Mus_musculus)_(RBD_0.99)	hsa_circ_0000246_Extracellular	6913	6919	+	10.8059	6.1e-05	0.292	GTGTGTG
M049_0.6	(RBM38)_(Mus_musculus)_(RBD_0.99)	hsa_circ_0000246_Extracellular	6913	6919	+	10.8059	6.1e-05	0.292	GTGTGTG
M049_0.6	(RBM38)_(Mus_musculus)_(RBD_0.99)	hsa_circ_0000246_Extracellular	6915	6921	+	10.8059	6.1e-05	0.292	GTGTGTG
M049_0.6	(RBM38)_(Mus_musculus)_(RBD_0.99)	hsa_circ_0000246_Extracellular	6915	6921	+	10.8059	6.1e-05	0.292	GTGTGTG
M049_0.6	(RBM38)_(Mus_musculus)_(RBD_0.99)	hsa_circ_0000246_Extracellular	6917	6923	+	10.8059	6.1e-05	0.292	GTGTGTG
M049_0.6	(RBM38)_(Mus_musculus)_(RBD_0.99)	hsa_circ_0000246_Extracellular	6917	6923	+	10.8059	6.1e-05	0.292	GTGTGTG
M049_0.6	(RBM38)_(Mus_musculus)_(RBD_0.99)	hsa_circ_0104761_Extracellular	6971	6977	+	10.8059	6.1e-05	0.292	GTGTGTG
M049_0.6	(RBM38)_(Mus_musculus)_(RBD_0.99)	hsa_circ_0104761_Extracellular	6971	6977	+	10.8059	6.1e-05	0.292	GTGTGTG
M049_0.6	(RBM38)_(Mus_musculus)_(RBD_0.99)	hsa_circ_0004314_Extracellular	7520	7526	+	10.8059	6.1e-05	0.292	GTGTGTG
M049_0.6	(RBM38)_(Mus_musculus)_(RBD_0.99)	hsa_circ_0004314_Extracellular	7520	7526	+	10.8059	6.1e-05	0.292	GTGTGTG
M049_0.6	(RBM38)_(Mus_musculus)_(RBD_0.99)	hsa_circ_0004314_Extracellular	7522	7528	+	10.8059	6.1e-05	0.292	GTGTGTG
M049_0.6	(RBM38)_(Mus_musculus)_(RBD_0.99)	hsa_circ_0004314_Extracellular	7522	7528	+	10.8059	6.1e-05	0.292	GTGTGTG
M049_0.6	(RBM38)_(Mus_musculus)_(RBD_0.99)	hsa_circ_0004314_Extracellular	7524	7530	+	10.8059	6.1e-05	0.292	GTGTGTG
M049_0.6	(RBM38)_(Mus_musculus)_(RBD_0.99)	hsa_circ_0004314_Extracellular	7524	7530	+	10.8059	6.1e-05	0.292	GTGTGTG
M049_0.6	(RBM38)_(Mus_musculus)_(RBD_0.99)	hsa_circ_0004314_Extracellular	7526	7532	+	10.8059	6.1e-05	0.292	GTGTGTG
M049_0.6	(RBM38)_(Mus_musculus)_(RBD_0.99)	hsa_circ_0004314_Extracellular	7526	7532	+	10.8059	6.1e-05	0.292	GTGTGTG
M049_0.6	(RBM38)_(Mus_musculus)_(RBD_0.99)	hsa_circ_0004314_Extracellular	7528	7534	+	10.8059	6.1e-05	0.292	GTGTGTG
M049_0.6	(RBM38)_(Mus_musculus)_(RBD_0.99)	hsa_circ_0004314_Extracellular	7528	7534	+	10.8059	6.1e-05	0.292	GTGTGTG
M049_0.6	(RBM38)_(Mus_musculus)_(RBD_0.99)	hsa_circ_0004314_Extracellular	7530	7536	+	10.8059	6.1e-05	0.292	GTGTGTG
M049_0.6	(RBM38)_(Mus_musculus)_(RBD_0.99)	hsa_circ_0004314_Extracellular	7530	7536	+	10.8059	6.1e-05	0.292	GTGTGTG
M049_0.6	(RBM38)_(Mus_musculus)_(RBD_0.99)	hsa_circ_0004314_Extracellular	7532	7538	+	10.8059	6.1e-05	0.292	GTGTGTG
M049_0.6	(RBM38)_(Mus_musculus)_(RBD_0.99)	hsa_circ_0004314_Extracellular	7532	7538	+	10.8059	6.1e-05	0.292	GTGTGTG
M049_0.6	(RBM38)_(Mus_musculus)_(RBD_0.99)	hsa_circ_0004314_Extracellular	7534	7540	+	10.8059	6.1e-05	0.292	GTGTGTG
M049_0.6	(RBM38)_(Mus_musculus)_(RBD_0.99)	hsa_circ_0004314_Extracellular	7534	7540	+	10.8059	6.1e-05	0.292	GTGTGTG
M049_0.6	(RBM38)_(Mus_musculus)_(RBD_0.99)	hsa_circ_0004314_Extracellular	7536	7542	+	10.8059	6.1e-05	0.292	GTGTGTG
M049_0.6	(RBM38)_(Mus_musculus)_(RBD_0.99)	hsa_circ_0004314_Extracellular	7536	7542	+	10.8059	6.1e-05	0.292	GTGTGTG
M049_0.6	(RBM38)_(Mus_musculus)_(RBD_0.99)	hsa_circ_0004314_Extracellular	7580	7586	+	10.8059	6.1e-05	0.292	GTGTGTG
M049_0.6	(RBM38)_(Mus_musculus)_(RBD_0.99)	hsa_circ_0004314_Extracellular	7580	7586	+	10.8059	6.1e-05	0.292	GTGTGTG
M049_0.6	(RBM38)_(Mus_musculus)_(RBD_0.99)	hsa_circ_0004314_Extracellular	7582	7588	+	10.8059	6.1e-05	0.292	GTGTGTG
M049_0.6	(RBM38)_(Mus_musculus)_(RBD_0.99)	hsa_circ_0004314_Extracellular	7582	7588	+	10.8059	6.1e-05	0.292	GTGTGTG
M049_0.6	(RBM38)_(Mus_musculus)_(RBD_0.99)	hsa_circ_0004314_Extracellular	7584	7590	+	10.8059	6.1e-05	0.292	GTGTGTG
M049_0.6	(RBM38)_(Mus_musculus)_(RBD_0.99)	hsa_circ_0004314_Extracellular	7584	7590	+	10.8059	6.1e-05	0.292	GTGTGTG
M049_0.6	(RBM38)_(Mus_musculus)_(RBD_0.99)	hsa_circ_0004314_Extracellular	7586	7592	+	10.8059	6.1e-05	0.292	GTGTGTG
M049_0.6	(RBM38)_(Mus_musculus)_(RBD_0.99)	hsa_circ_0004314_Extracellular	7586	7592	+	10.8059	6.1e-05	0.292	GTGTGTG
M049_0.6	(RBM38)_(Mus_musculus)_(RBD_0.99)	hsa_circ_0004314_Extracellular	7588	7594	+	10.8059	6.1e-05	0.292	GTGTGTG
M049_0.6	(RBM38)_(Mus_musculus)_(RBD_0.99)	hsa_circ_0004314_Extracellular	7588	7594	+	10.8059	6.1e-05	0.292	GTGTGTG
M049_0.6	(RBM38)_(Mus_musculus)_(RBD_0.99)	hsa_circ_0004314_Extracellular	7590	7596	+	10.8059	6.1e-05	0.292	GTGTGTG
M049_0.6	(RBM38)_(Mus_musculus)_(RBD_0.99)	hsa_circ_0004314_Extracellular	7590	7596	+	10.8059	6.1e-05	0.292	GTGTGTG
M049_0.6	(RBM38)_(Mus_musculus)_(RBD_0.99)	hsa_circ_0004314_Extracellular	7592	7598	+	10.8059	6.1e-05	0.292	GTGTGTG
M049_0.6	(RBM38)_(Mus_musculus)_(RBD_0.99)	hsa_circ_0004314_Extracellular	7592	7598	+	10.8059	6.1e-05	0.292	GTGTGTG
M049_0.6	(RBM38)_(Mus_musculus)_(RBD_0.99)	hsa_circ_0104980_Extracellular	7606	7612	+	10.8059	6.1e-05	0.292	GTGTGTG
M049_0.6	(RBM38)_(Mus_musculus)_(RBD_0.99)	hsa_circ_0104980_Extracellular	7606	7612	+	10.8059	6.1e-05	0.292	GTGTGTG
M049_0.6	(RBM38)_(Mus_musculus)_(RBD_0.99)	mmu_circ_0000713_Extracellular	7745	7751	+	10.8059	6.1e-05	0.292	GTGTGTG
M049_0.6	(RBM38)_(Mus_musculus)_(RBD_0.99)	mmu_circ_0000713_Extracellular	7805	7811	+	10.8059	6.1e-05	0.292	GTGTGTG
M049_0.6	(RBM38)_(Mus_musculus)_(RBD_0.99)	hsa_circ_0104808_Extracellular	9124	9130	+	10.8059	6.1e-05	0.292	GTGTGTG
M049_0.6	(RBM38)_(Mus_musculus)_(RBD_0.99)	hsa_circ_0104808_Extracellular	9124	9130	+	10.8059	6.1e-05	0.292	GTGTGTG
M049_0.6	(RBM38)_(Mus_musculus)_(RBD_0.99)	hsa_circ_0001812_Extracellular	10181	10187	+	10.8059	6.1e-05	0.292	GTGTGTG
M049_0.6	(RBM38)_(Mus_musculus)_(RBD_0.99)	hsa_circ_0001812_Extracellular	10181	10187	+	10.8059	6.1e-05	0.292	GTGTGTG
M049_0.6	(RBM38)_(Mus_musculus)_(RBD_0.99)	hsa_circ_0001812_Extracellular	10183	10189	+	10.8059	6.1e-05	0.292	GTGTGTG
M049_0.6	(RBM38)_(Mus_musculus)_(RBD_0.99)	hsa_circ_0001812_Extracellular	10183	10189	+	10.8059	6.1e-05	0.292	GTGTGTG
M049_0.6	(RBM38)_(Mus_musculus)_(RBD_0.99)	hsa_circ_0000090_Extracellular	10595	10601	+	10.8059	6.1e-05	0.292	GTGTGTG
M049_0.6	(RBM38)_(Mus_musculus)_(RBD_0.99)	hsa_circ_0000090_Extracellular	10595	10601	+	10.8059	6.1e-05	0.292	GTGTGTG
M049_0.6	(RBM38)_(Mus_musculus)_(RBD_0.99)	hsa_circ_0104980_Extracellular	10813	10819	+	10.8059	6.1e-05	0.292	GTGTGTG
M049_0.6	(RBM38)_(Mus_musculus)_(RBD_0.99)	hsa_circ_0104980_Extracellular	10813	10819	+	10.8059	6.1e-05	0.292	GTGTGTG
M026_0.6	hnRNPK	hsa_circ_0000453_Extracellular	45	51	+	10.0563	6.1e-05	1	CCAACCC
M026_0.6	hnRNPK	hsa_circ_0000453_Extracellular	45	51	+	10.0563	6.1e-05	1	CCAACCC
M026_0.6	hnRNPK	hsa_circ_0000453_Extracellular	45	51	+	10.0563	6.1e-05	1	CCAACCC
M026_0.6	hnRNPK	hsa_circ_0026218_Extracellular	74	80	+	10.0563	6.1e-05	1	CCAACCC
M026_0.6	hnRNPK	hsa_circ_0026218_Extracellular	134	140	+	10.0563	6.1e-05	1	CCAACCC
M026_0.6	hnRNPK	hsa_circ_0006174_Extracellular	222	228	+	10.0563	6.1e-05	1	CCAACCC
M026_0.6	hnRNPK	hsa_circ_0091803_Extracellular	224	230	+	10.0563	6.1e-05	1	CCAACCC
M026_0.6	hnRNPK	mmu_circ_0001468_Extracellular	241	247	+	10.0563	6.1e-05	1	CCAACCC
M026_0.6	hnRNPK	hsa_circ_0002360_Extracellular	271	277	+	10.0563	6.1e-05	1	CCAACCC
M026_0.6	hnRNPK	hsa_circ_0002360_Extracellular	271	277	+	10.0563	6.1e-05	1	CCAACCC
M026_0.6	hnRNPK	hsa_circ_0002360_Extracellular	271	277	+	10.0563	6.1e-05	1	CCAACCC
M026_0.6	hnRNPK	hsa_circ_0006174_Extracellular	282	288	+	10.0563	6.1e-05	1	CCAACCC
M026_0.6	hnRNPK	hsa_circ_0091803_Extracellular	284	290	+	10.0563	6.1e-05	1	CCAACCC
M026_0.6	hnRNPK	hsa_circ_0104706_Extracellular	307	313	+	10.0563	6.1e-05	1	CCAACCC
M026_0.6	hnRNPK	hsa_circ_0104706_Extracellular	307	313	+	10.0563	6.1e-05	1	CCAACCC
M026_0.6	hnRNPK	hsa_circ_0087856_Extracellular	317	323	+	10.0563	6.1e-05	1	CCAACCC
M026_0.6	hnRNPK	hsa_circ_0087856_Extracellular	317	323	+	10.0563	6.1e-05	1	CCAACCC
M026_0.6	hnRNPK	hsa_circ_0000322_Extracellular	338	344	+	10.0563	6.1e-05	1	CCAACCC
M026_0.6	hnRNPK	hsa_circ_0000322_Extracellular	338	344	+	10.0563	6.1e-05	1	CCAACCC
M026_0.6	hnRNPK	hsa_circ_0005660_Extracellular	342	348	+	10.0563	6.1e-05	1	CCAACCC
M026_0.6	hnRNPK	mmu_circ_0001388_Extracellular	387	393	+	10.0563	6.1e-05	1	CCAACCC
M026_0.6	hnRNPK	hsa_circ_0001701_Extracellular	392	398	+	10.0563	6.1e-05	1	CCAACCC
M026_0.6	hnRNPK	hsa_circ_0049015_Extracellular	528	534	+	10.0563	6.1e-05	1	CCAACCC
M026_0.6	hnRNPK	hsa_circ_0001014_Extracellular	691	697	+	10.0563	6.1e-05	1	CCAACCC
M026_0.6	hnRNPK	hsa_circ_0001014_Extracellular	691	697	+	10.0563	6.1e-05	1	CCAACCC
M026_0.6	hnRNPK	hsa_circ_0008365_Extracellular	743	749	+	10.0563	6.1e-05	1	CCAACCC
M026_0.6	hnRNPK	hsa_circ_0008365_Extracellular	743	749	+	10.0563	6.1e-05	1	CCAACCC
M026_0.6	hnRNPK	hsa_circ_0065642_Extracellular	785	791	+	10.0563	6.1e-05	1	CCAACCC
M026_0.6	hnRNPK	hsa_circ_0002555_Extracellular	881	887	+	10.0563	6.1e-05	1	CCAACCC
M026_0.6	hnRNPK	hsa_circ_0002555_Extracellular	941	947	+	10.0563	6.1e-05	1	CCAACCC
M026_0.6	hnRNPK	hsa_circ_0104823_Extracellular	962	968	+	10.0563	6.1e-05	1	CCAACCC
M026_0.6	hnRNPK	hsa_circ_0104823_Extracellular	962	968	+	10.0563	6.1e-05	1	CCAACCC
M026_0.6	hnRNPK	hsa_circ_0043110_Extracellular	1062	1068	+	10.0563	6.1e-05	1	CCAACCC
M026_0.6	hnRNPK	hsa_circ_0034173_Extracellular	1062	1068	+	10.0563	6.1e-05	1	CCAACCC
M026_0.6	hnRNPK	hsa_circ_0091803_Extracellular	1221	1227	+	10.0563	6.1e-05	1	CCAACCC
M026_0.6	hnRNPK	hsa_circ_0091803_Extracellular	1331	1337	+	10.0563	6.1e-05	1	CCAACCC
M026_0.6	hnRNPK	hsa_circ_0034173_Extracellular	1461	1467	+	10.0563	6.1e-05	1	CCAACCC
M026_0.6	hnRNPK	hsa_circ_0091741_Extracellular	1486	1492	+	10.0563	6.1e-05	1	CCAACCC
M026_0.6	hnRNPK	hsa_circ_0103140_Extracellular	1505	1511	+	10.0563	6.1e-05	1	CCAACCC
M026_0.6	hnRNPK	hsa_circ_0103140_Extracellular	1505	1511	+	10.0563	6.1e-05	1	CCAACCC
M026_0.6	hnRNPK	hsa_circ_0034173_Extracellular	1521	1527	+	10.0563	6.1e-05	1	CCAACCC
M026_0.6	hnRNPK	hsa_circ_0000973_Extracellular	1563	1569	+	10.0563	6.1e-05	1	CCAACCC
M026_0.6	hnRNPK	hsa_circ_0000973_Extracellular	1563	1569	+	10.0563	6.1e-05	1	CCAACCC
M026_0.6	hnRNPK	hsa_circ_0086841_Extracellular	1643	1649	+	10.0563	6.1e-05	1	CCAACCC
M026_0.6	hnRNPK	hsa_circ_0091803_Extracellular	1696	1702	+	10.0563	6.1e-05	1	CCAACCC
M026_0.6	hnRNPK	hsa_circ_0086841_Extracellular	1752	1758	+	10.0563	6.1e-05	1	CCAACCC
M026_0.6	hnRNPK	hsa_circ_0104708_Extracellular	1850	1856	+	10.0563	6.1e-05	1	CCAACCC
M026_0.6	hnRNPK	hsa_circ_0104708_Extracellular	1850	1856	+	10.0563	6.1e-05	1	CCAACCC
M026_0.6	hnRNPK	hsa_circ_0000377_Extracellular	1908	1914	+	10.0563	6.1e-05	1	CCAACCC
M026_0.6	hnRNPK	hsa_circ_0000377_Extracellular	1908	1914	+	10.0563	6.1e-05	1	CCAACCC
M026_0.6	hnRNPK	hsa_circ_0048977_Extracellular	1972	1978	+	10.0563	6.1e-05	1	CCAACCC
M026_0.6	hnRNPK	hsa_circ_0048977_Extracellular	2032	2038	+	10.0563	6.1e-05	1	CCAACCC
M026_0.6	hnRNPK	hsa_circ_0102481_Extracellular	2065	2071	+	10.0563	6.1e-05	1	CCAACCC
M026_0.6	hnRNPK	hsa_circ_0102481_Extracellular	2065	2071	+	10.0563	6.1e-05	1	CCAACCC
M026_0.6	hnRNPK	hsa_circ_0001013_Extracellular	2212	2218	+	10.0563	6.1e-05	1	CCAACCC
M026_0.6	hnRNPK	hsa_circ_0001013_Extracellular	2212	2218	+	10.0563	6.1e-05	1	CCAACCC
M026_0.6	hnRNPK	hsa_circ_0104904_Extracellular	2278	2284	+	10.0563	6.1e-05	1	CCAACCC
M026_0.6	hnRNPK	hsa_circ_0104904_Extracellular	2278	2284	+	10.0563	6.1e-05	1	CCAACCC
M026_0.6	hnRNPK	hsa_circ_0000701_Extracellular	2386	2392	+	10.0563	6.1e-05	1	CCAACCC
M026_0.6	hnRNPK	hsa_circ_0000701_Extracellular	2386	2392	+	10.0563	6.1e-05	1	CCAACCC
M026_0.6	hnRNPK	hsa_circ_0000065_Extracellular	3302	3308	+	10.0563	6.1e-05	1	CCAACCC
M026_0.6	hnRNPK	hsa_circ_0000065_Extracellular	3302	3308	+	10.0563	6.1e-05	1	CCAACCC
M026_0.6	hnRNPK	hsa_circ_0104708_Extracellular	3660	3666	+	10.0563	6.1e-05	1	CCAACCC
M026_0.6	hnRNPK	hsa_circ_0104708_Extracellular	3660	3666	+	10.0563	6.1e-05	1	CCAACCC
M026_0.6	hnRNPK	mmu_circ_0000713_Extracellular	4054	4060	+	10.0563	6.1e-05	1	CCAACCC
M026_0.6	hnRNPK	hsa_circ_0009684_Extracellular	4264	4270	+	10.0563	6.1e-05	1	CCAACCC
M026_0.6	hnRNPK	hsa_circ_0009684_Extracellular	4264	4270	+	10.0563	6.1e-05	1	CCAACCC
M026_0.6	hnRNPK	hsa_circ_0104761_Extracellular	4435	4441	+	10.0563	6.1e-05	1	CCAACCC
M026_0.6	hnRNPK	hsa_circ_0104761_Extracellular	4435	4441	+	10.0563	6.1e-05	1	CCAACCC
M026_0.6	hnRNPK	hsa_circ_0009684_Extracellular	5722	5728	+	10.0563	6.1e-05	1	CCAACCC
M026_0.6	hnRNPK	hsa_circ_0009684_Extracellular	5722	5728	+	10.0563	6.1e-05	1	CCAACCC
M026_0.6	hnRNPK	hsa_circ_0104904_Extracellular	5961	5967	+	10.0563	6.1e-05	1	CCAACCC
M026_0.6	hnRNPK	hsa_circ_0104904_Extracellular	5961	5967	+	10.0563	6.1e-05	1	CCAACCC
M026_0.6	hnRNPK	hsa_circ_0000444_Extracellular	9416	9422	+	10.0563	6.1e-05	1	CCAACCC
M026_0.6	hnRNPK	hsa_circ_0000444_Extracellular	9416	9422	+	10.0563	6.1e-05	1	CCAACCC
M026_0.6	hnRNPK	hsa_circ_0103045_Extracellular	10823	10829	+	10.0563	6.1e-05	1	CCAACCC
M026_0.6	hnRNPK	hsa_circ_0103045_Extracellular	10823	10829	+	10.0563	6.1e-05	1	CCAACCC
M025_0.6	HNRNPC	hsa_circ_0003823_Extracellular	10	16	+	11.4588	6.1e-05	0.15	ATTTTTT
M025_0.6	HNRNPC	hsa_circ_0002555_Extracellular	11	17	+	11.4588	6.1e-05	0.15	ATTTTTT
M025_0.6	HNRNPC	hsa_circ_0000264_Extracellular	11	17	+	11.4588	6.1e-05	0.15	ATTTTTT
M025_0.6	HNRNPC	hsa_circ_0000264_Extracellular	11	17	+	11.4588	6.1e-05	0.15	ATTTTTT
M025_0.6	HNRNPC	hsa_circ_0100705_Extracellular	31	37	+	11.4588	6.1e-05	0.15	ATTTTTT
M025_0.6	HNRNPC	hsa_circ_0100705_Extracellular	31	37	+	11.4588	6.1e-05	0.15	ATTTTTT
M025_0.6	HNRNPC	hsa_circ_0001484_Extracellular	35	41	+	11.4588	6.1e-05	0.15	ATTTTTT
M025_0.6	HNRNPC	hsa_circ_0001484_Extracellular	35	41	+	11.4588	6.1e-05	0.15	ATTTTTT
M025_0.6	HNRNPC	hsa_circ_0001675_Extracellular	40	46	+	11.4588	6.1e-05	0.15	ATTTTTT
M025_0.6	HNRNPC	hsa_circ_0001675_Extracellular	40	46	+	11.4588	6.1e-05	0.15	ATTTTTT
M025_0.6	HNRNPC	hsa_circ_0003823_Extracellular	70	76	+	11.4588	6.1e-05	0.15	ATTTTTT
M025_0.6	HNRNPC	hsa_circ_0001998_Extracellular	76	82	+	11.4588	6.1e-05	0.15	ATTTTTT
M025_0.6	HNRNPC	hsa_circ_0001998_Extracellular	76	82	+	11.4588	6.1e-05	0.15	ATTTTTT
M025_0.6	HNRNPC	hsa_circ_0001534_Extracellular	78	84	+	11.4588	6.1e-05	0.15	ATTTTTT
M025_0.6	HNRNPC	hsa_circ_0001534_Extracellular	78	84	+	11.4588	6.1e-05	0.15	ATTTTTT
M025_0.6	HNRNPC	hsa_circ_0001844_Extracellular	83	89	+	11.4588	6.1e-05	0.15	ATTTTTT
M025_0.6	HNRNPC	hsa_circ_0001844_Extracellular	83	89	+	11.4588	6.1e-05	0.15	ATTTTTT
M025_0.6	HNRNPC	hsa_circ_0125310_Extracellular	87	93	+	11.4588	6.1e-05	0.15	ATTTTTT
M025_0.6	HNRNPC	hsa_circ_0001451_Extracellular	95	101	+	11.4588	6.1e-05	0.15	ATTTTTT
M025_0.6	HNRNPC	hsa_circ_0001451_Extracellular	95	101	+	11.4588	6.1e-05	0.15	ATTTTTT
M025_0.6	HNRNPC	hsa_circ_0004089_Extracellular	101	107	+	11.4588	6.1e-05	0.15	ATTTTTT
M025_0.6	HNRNPC	hsa_circ_0004089_Extracellular	101	107	+	11.4588	6.1e-05	0.15	ATTTTTT
M025_0.6	HNRNPC	hsa_circ_0007293_Extracellular	106	112	+	11.4588	6.1e-05	0.15	ATTTTTT
M025_0.6	HNRNPC	hsa_circ_0047156_Extracellular	108	114	+	11.4588	6.1e-05	0.15	ATTTTTT
M025_0.6	HNRNPC	hsa_circ_0086471_Extracellular	111	117	+	11.4588	6.1e-05	0.15	ATTTTTT
M025_0.6	HNRNPC	hsa_circ_0002412_Extracellular	118	124	+	11.4588	6.1e-05	0.15	ATTTTTT
M025_0.6	HNRNPC	hsa_circ_0002412_Extracellular	118	124	+	11.4588	6.1e-05	0.15	ATTTTTT
M025_0.6	HNRNPC	hsa_circ_0049058_Extracellular	133	139	+	11.4588	6.1e-05	0.15	ATTTTTT
M025_0.6	HNRNPC	hsa_circ_0001998_Extracellular	136	142	+	11.4588	6.1e-05	0.15	ATTTTTT
M025_0.6	HNRNPC	hsa_circ_0001998_Extracellular	136	142	+	11.4588	6.1e-05	0.15	ATTTTTT
M025_0.6	HNRNPC	hsa_circ_0001534_Extracellular	138	144	+	11.4588	6.1e-05	0.15	ATTTTTT
M025_0.6	HNRNPC	hsa_circ_0001534_Extracellular	138	144	+	11.4588	6.1e-05	0.15	ATTTTTT
M025_0.6	HNRNPC	hsa_circ_0073470_Extracellular	143	149	+	11.4588	6.1e-05	0.15	ATTTTTT
M025_0.6	HNRNPC	hsa_circ_0004089_Extracellular	172	178	+	11.4588	6.1e-05	0.15	ATTTTTT
M025_0.6	HNRNPC	hsa_circ_0004089_Extracellular	172	178	+	11.4588	6.1e-05	0.15	ATTTTTT
M025_0.6	HNRNPC	hsa_circ_0001297_Extracellular	177	183	+	11.4588	6.1e-05	0.15	ATTTTTT
M025_0.6	HNRNPC	hsa_circ_0001297_Extracellular	177	183	+	11.4588	6.1e-05	0.15	ATTTTTT
M025_0.6	HNRNPC	hsa_circ_0100988_Extracellular	196	202	+	11.4588	6.1e-05	0.15	ATTTTTT
M025_0.6	HNRNPC	hsa_circ_0100988_Extracellular	196	202	+	11.4588	6.1e-05	0.15	ATTTTTT
M025_0.6	HNRNPC	hsa_circ_0104904_Extracellular	203	209	+	11.4588	6.1e-05	0.15	ATTTTTT
M025_0.6	HNRNPC	hsa_circ_0104904_Extracellular	203	209	+	11.4588	6.1e-05	0.15	ATTTTTT
M025_0.6	HNRNPC	hsa_circ_0000538_Extracellular	205	211	+	11.4588	6.1e-05	0.15	ATTTTTT
M025_0.6	HNRNPC	hsa_circ_0000538_Extracellular	205	211	+	11.4588	6.1e-05	0.15	ATTTTTT
M025_0.6	HNRNPC	hsa_circ_0043837_Extracellular	247	253	+	11.4588	6.1e-05	0.15	ATTTTTT
M025_0.6	HNRNPC	hsa_circ_0000996_Extracellular	259	265	+	11.4588	6.1e-05	0.15	ATTTTTT
M025_0.6	HNRNPC	hsa_circ_0000996_Extracellular	259	265	+	11.4588	6.1e-05	0.15	ATTTTTT
M025_0.6	HNRNPC	hsa_circ_0101050_Extracellular	263	269	+	11.4588	6.1e-05	0.15	ATTTTTT
M025_0.6	HNRNPC	hsa_circ_0101050_Extracellular	263	269	+	11.4588	6.1e-05	0.15	ATTTTTT
M025_0.6	HNRNPC	hsa_circ_0008957_Extracellular	287	293	+	11.4588	6.1e-05	0.15	ATTTTTT
M025_0.6	HNRNPC	hsa_circ_0100039_Extracellular	288	294	+	11.4588	6.1e-05	0.15	ATTTTTT
M025_0.6	HNRNPC	hsa_circ_0100039_Extracellular	288	294	+	11.4588	6.1e-05	0.15	ATTTTTT
M025_0.6	HNRNPC	hsa_circ_0001155_Extracellular	306	312	+	11.4588	6.1e-05	0.15	ATTTTTT
M025_0.6	HNRNPC	hsa_circ_0001155_Extracellular	306	312	+	11.4588	6.1e-05	0.15	ATTTTTT
M025_0.6	HNRNPC	hsa_circ_0001704_Extracellular	321	327	+	11.4588	6.1e-05	0.15	ATTTTTT
M025_0.6	HNRNPC	hsa_circ_0001704_Extracellular	321	327	+	11.4588	6.1e-05	0.15	ATTTTTT
M025_0.6	HNRNPC	hsa_circ_0001451_Extracellular	323	329	+	11.4588	6.1e-05	0.15	ATTTTTT
M025_0.6	HNRNPC	hsa_circ_0001451_Extracellular	323	329	+	11.4588	6.1e-05	0.15	ATTTTTT
M025_0.6	HNRNPC	hsa_circ_0005310_Extracellular	327	333	+	11.4588	6.1e-05	0.15	ATTTTTT
M025_0.6	HNRNPC	hsa_circ_0000869_Extracellular	327	333	+	11.4588	6.1e-05	0.15	ATTTTTT
M025_0.6	HNRNPC	hsa_circ_0000869_Extracellular	327	333	+	11.4588	6.1e-05	0.15	ATTTTTT
M025_0.6	HNRNPC	hsa_circ_0005310_Extracellular	327	333	+	11.4588	6.1e-05	0.15	ATTTTTT
M025_0.6	HNRNPC	hsa_circ_0000442_Extracellular	331	337	+	11.4588	6.1e-05	0.15	ATTTTTT
M025_0.6	HNRNPC	hsa_circ_0000443_Extracellular	331	337	+	11.4588	6.1e-05	0.15	ATTTTTT
M025_0.6	HNRNPC	hsa_circ_0000443_Extracellular	331	337	+	11.4588	6.1e-05	0.15	ATTTTTT
M025_0.6	HNRNPC	hsa_circ_0000442_Extracellular	331	337	+	11.4588	6.1e-05	0.15	ATTTTTT
M025_0.6	HNRNPC	hsa_circ_0000443_Extracellular	331	337	+	11.4588	6.1e-05	0.15	ATTTTTT
M025_0.6	HNRNPC	hsa_circ_0002782_Extracellular	363	369	+	11.4588	6.1e-05	0.15	ATTTTTT
M025_0.6	HNRNPC	hsa_circ_0102520_Extracellular	371	377	+	11.4588	6.1e-05	0.15	ATTTTTT
M025_0.6	HNRNPC	hsa_circ_0102520_Extracellular	371	377	+	11.4588	6.1e-05	0.15	ATTTTTT
M025_0.6	HNRNPC	hsa_circ_0102762_Extracellular	381	387	+	11.4588	6.1e-05	0.15	ATTTTTT
M025_0.6	HNRNPC	hsa_circ_0102762_Extracellular	381	387	+	11.4588	6.1e-05	0.15	ATTTTTT
M025_0.6	HNRNPC	hsa_circ_0001013_Extracellular	393	399	+	11.4588	6.1e-05	0.15	ATTTTTT
M025_0.6	HNRNPC	hsa_circ_0001013_Extracellular	393	399	+	11.4588	6.1e-05	0.15	ATTTTTT
M025_0.6	HNRNPC	hsa_circ_0000973_Extracellular	395	401	+	11.4588	6.1e-05	0.15	ATTTTTT
M025_0.6	HNRNPC	hsa_circ_0000973_Extracellular	395	401	+	11.4588	6.1e-05	0.15	ATTTTTT
M025_0.6	HNRNPC	hsa_circ_0102520_Extracellular	431	437	+	11.4588	6.1e-05	0.15	ATTTTTT
M025_0.6	HNRNPC	hsa_circ_0102520_Extracellular	431	437	+	11.4588	6.1e-05	0.15	ATTTTTT
M025_0.6	HNRNPC	hsa_circ_0000495_Extracellular	466	472	+	11.4588	6.1e-05	0.15	ATTTTTT
M025_0.6	HNRNPC	hsa_circ_0000495_Extracellular	466	472	+	11.4588	6.1e-05	0.15	ATTTTTT
M025_0.6	HNRNPC	hsa_circ_0000495_Extracellular	466	472	+	11.4588	6.1e-05	0.15	ATTTTTT
M025_0.6	HNRNPC	hsa_circ_0000495_Extracellular	466	472	+	11.4588	6.1e-05	0.15	ATTTTTT
M025_0.6	HNRNPC	hsa_circ_0001297_Extracellular	508	514	+	11.4588	6.1e-05	0.15	ATTTTTT
M025_0.6	HNRNPC	hsa_circ_0001297_Extracellular	508	514	+	11.4588	6.1e-05	0.15	ATTTTTT
M025_0.6	HNRNPC	hsa_circ_0001301_Extracellular	561	567	+	11.4588	6.1e-05	0.15	ATTTTTT
M025_0.6	HNRNPC	hsa_circ_0001301_Extracellular	561	567	+	11.4588	6.1e-05	0.15	ATTTTTT
M025_0.6	HNRNPC	hsa_circ_0070762_Extracellular	570	576	+	11.4588	6.1e-05	0.15	ATTTTTT
M025_0.6	HNRNPC	hsa_circ_0070761_Extracellular	570	576	+	11.4588	6.1e-05	0.15	ATTTTTT
M025_0.6	HNRNPC	hsa_circ_0102296_Extracellular	590	596	+	11.4588	6.1e-05	0.15	ATTTTTT
M025_0.6	HNRNPC	hsa_circ_0102296_Extracellular	590	596	+	11.4588	6.1e-05	0.15	ATTTTTT
M025_0.6	HNRNPC	hsa_circ_0000996_Extracellular	596	602	+	11.4588	6.1e-05	0.15	ATTTTTT
M025_0.6	HNRNPC	hsa_circ_0000996_Extracellular	596	602	+	11.4588	6.1e-05	0.15	ATTTTTT
M025_0.6	HNRNPC	hsa_circ_0000701_Extracellular	601	607	+	11.4588	6.1e-05	0.15	ATTTTTT
M025_0.6	HNRNPC	hsa_circ_0000701_Extracellular	601	607	+	11.4588	6.1e-05	0.15	ATTTTTT
M025_0.6	HNRNPC	hsa_circ_0100039_Extracellular	608	614	+	11.4588	6.1e-05	0.15	ATTTTTT
M025_0.6	HNRNPC	hsa_circ_0100039_Extracellular	608	614	+	11.4588	6.1e-05	0.15	ATTTTTT
M025_0.6	HNRNPC	hsa_circ_0102294_Extracellular	631	637	+	11.4588	6.1e-05	0.15	ATTTTTT
M025_0.6	HNRNPC	hsa_circ_0102294_Extracellular	631	637	+	11.4588	6.1e-05	0.15	ATTTTTT
M025_0.6	HNRNPC	hsa_circ_0102296_Extracellular	650	656	+	11.4588	6.1e-05	0.15	ATTTTTT
M025_0.6	HNRNPC	hsa_circ_0102296_Extracellular	650	656	+	11.4588	6.1e-05	0.15	ATTTTTT
M025_0.6	HNRNPC	hsa_circ_0001190_Extracellular	663	669	+	11.4588	6.1e-05	0.15	ATTTTTT
M025_0.6	HNRNPC	hsa_circ_0001190_Extracellular	663	669	+	11.4588	6.1e-05	0.15	ATTTTTT
M025_0.6	HNRNPC	hsa_circ_0103176_Extracellular	685	691	+	11.4588	6.1e-05	0.15	ATTTTTT
M025_0.6	HNRNPC	hsa_circ_0103176_Extracellular	685	691	+	11.4588	6.1e-05	0.15	ATTTTTT
M025_0.6	HNRNPC	hsa_circ_0001174_Extracellular	700	706	+	11.4588	6.1e-05	0.15	ATTTTTT
M025_0.6	HNRNPC	hsa_circ_0001174_Extracellular	700	706	+	11.4588	6.1e-05	0.15	ATTTTTT
M025_0.6	HNRNPC	hsa_circ_0001077_Extracellular	703	709	+	11.4588	6.1e-05	0.15	ATTTTTT
M025_0.6	HNRNPC	hsa_circ_0001077_Extracellular	703	709	+	11.4588	6.1e-05	0.15	ATTTTTT
M025_0.6	HNRNPC	hsa_circ_0001749_Extracellular	709	715	+	11.4588	6.1e-05	0.15	ATTTTTT
M025_0.6	HNRNPC	hsa_circ_0001749_Extracellular	709	715	+	11.4588	6.1e-05	0.15	ATTTTTT
M025_0.6	HNRNPC	hsa_circ_0042882_Extracellular	714	720	+	11.4588	6.1e-05	0.15	ATTTTTT
M025_0.6	HNRNPC	hsa_circ_0001190_Extracellular	723	729	+	11.4588	6.1e-05	0.15	ATTTTTT
M025_0.6	HNRNPC	hsa_circ_0001190_Extracellular	723	729	+	11.4588	6.1e-05	0.15	ATTTTTT
M025_0.6	HNRNPC	hsa_circ_0000247_Extracellular	727	733	+	11.4588	6.1e-05	0.15	ATTTTTT
M025_0.6	HNRNPC	hsa_circ_0000247_Extracellular	727	733	+	11.4588	6.1e-05	0.15	ATTTTTT
M025_0.6	HNRNPC	hsa_circ_0049015_Extracellular	747	753	+	11.4588	6.1e-05	0.15	ATTTTTT
M025_0.6	HNRNPC	hsa_circ_0004344_Extracellular	771	777	+	11.4588	6.1e-05	0.15	ATTTTTT
M025_0.6	HNRNPC	hsa_circ_0000233_Extracellular	801	807	+	11.4588	6.1e-05	0.15	ATTTTTT
M025_0.6	HNRNPC	hsa_circ_0000233_Extracellular	801	807	+	11.4588	6.1e-05	0.15	ATTTTTT
M025_0.6	HNRNPC	hsa_circ_0001190_Extracellular	812	818	+	11.4588	6.1e-05	0.15	ATTTTTT
M025_0.6	HNRNPC	hsa_circ_0001190_Extracellular	812	818	+	11.4588	6.1e-05	0.15	ATTTTTT
M025_0.6	HNRNPC	hsa_circ_0104980_Extracellular	813	819	+	11.4588	6.1e-05	0.15	ATTTTTT
M025_0.6	HNRNPC	hsa_circ_0104980_Extracellular	813	819	+	11.4588	6.1e-05	0.15	ATTTTTT
M025_0.6	HNRNPC	hsa_circ_0104980_Extracellular	820	826	+	11.4588	6.1e-05	0.15	ATTTTTT
M025_0.6	HNRNPC	hsa_circ_0104980_Extracellular	820	826	+	11.4588	6.1e-05	0.15	ATTTTTT
M025_0.6	HNRNPC	hsa_circ_0000701_Extracellular	847	853	+	11.4588	6.1e-05	0.15	ATTTTTT
M025_0.6	HNRNPC	hsa_circ_0000701_Extracellular	847	853	+	11.4588	6.1e-05	0.15	ATTTTTT
M025_0.6	HNRNPC	hsa_circ_0001844_Extracellular	881	887	+	11.4588	6.1e-05	0.15	ATTTTTT
M025_0.6	HNRNPC	hsa_circ_0001844_Extracellular	881	887	+	11.4588	6.1e-05	0.15	ATTTTTT
M025_0.6	HNRNPC	hsa_circ_0000090_Extracellular	888	894	+	11.4588	6.1e-05	0.15	ATTTTTT
M025_0.6	HNRNPC	hsa_circ_0000090_Extracellular	888	894	+	11.4588	6.1e-05	0.15	ATTTTTT
M025_0.6	HNRNPC	hsa_circ_0100912_Extracellular	897	903	+	11.4588	6.1e-05	0.15	ATTTTTT
M025_0.6	HNRNPC	hsa_circ_0100914_Extracellular	897	903	+	11.4588	6.1e-05	0.15	ATTTTTT
M025_0.6	HNRNPC	hsa_circ_0100912_Extracellular	897	903	+	11.4588	6.1e-05	0.15	ATTTTTT
M025_0.6	HNRNPC	hsa_circ_0100914_Extracellular	897	903	+	11.4588	6.1e-05	0.15	ATTTTTT
M025_0.6	HNRNPC	hsa_circ_0102294_Extracellular	927	933	+	11.4588	6.1e-05	0.15	ATTTTTT
M025_0.6	HNRNPC	hsa_circ_0102294_Extracellular	927	933	+	11.4588	6.1e-05	0.15	ATTTTTT
M025_0.6	HNRNPC	hsa_circ_0000204_Extracellular	933	939	+	11.4588	6.1e-05	0.15	ATTTTTT
M025_0.6	HNRNPC	hsa_circ_0000204_Extracellular	933	939	+	11.4588	6.1e-05	0.15	ATTTTTT
M025_0.6	HNRNPC	hsa_circ_0001844_Extracellular	941	947	+	11.4588	6.1e-05	0.15	ATTTTTT
M025_0.6	HNRNPC	hsa_circ_0001844_Extracellular	941	947	+	11.4588	6.1e-05	0.15	ATTTTTT
M025_0.6	HNRNPC	hsa_circ_0100988_Extracellular	980	986	+	11.4588	6.1e-05	0.15	ATTTTTT
M025_0.6	HNRNPC	hsa_circ_0100988_Extracellular	980	986	+	11.4588	6.1e-05	0.15	ATTTTTT
M025_0.6	HNRNPC	hsa_circ_0100917_Extracellular	986	992	+	11.4588	6.1e-05	0.15	ATTTTTT
M025_0.6	HNRNPC	hsa_circ_0100915_Extracellular	986	992	+	11.4588	6.1e-05	0.15	ATTTTTT
M025_0.6	HNRNPC	hsa_circ_0100913_Extracellular	986	992	+	11.4588	6.1e-05	0.15	ATTTTTT
M025_0.6	HNRNPC	hsa_circ_0100917_Extracellular	986	992	+	11.4588	6.1e-05	0.15	ATTTTTT
M025_0.6	HNRNPC	hsa_circ_0100913_Extracellular	986	992	+	11.4588	6.1e-05	0.15	ATTTTTT
M025_0.6	HNRNPC	hsa_circ_0100915_Extracellular	986	992	+	11.4588	6.1e-05	0.15	ATTTTTT
M025_0.6	HNRNPC	hsa_circ_0000965_Extracellular	989	995	+	11.4588	6.1e-05	0.15	ATTTTTT
M025_0.6	HNRNPC	hsa_circ_0000965_Extracellular	989	995	+	11.4588	6.1e-05	0.15	ATTTTTT
M025_0.6	HNRNPC	hsa_circ_0101796_Extracellular	989	995	+	11.4588	6.1e-05	0.15	ATTTTTT
M025_0.6	HNRNPC	hsa_circ_0000965_Extracellular	989	995	+	11.4588	6.1e-05	0.15	ATTTTTT
M025_0.6	HNRNPC	hsa_circ_0101796_Extracellular	989	995	+	11.4588	6.1e-05	0.15	ATTTTTT
M025_0.6	HNRNPC	hsa_circ_0101493_Extracellular	1032	1038	+	11.4588	6.1e-05	0.15	ATTTTTT
M025_0.6	HNRNPC	hsa_circ_0101493_Extracellular	1032	1038	+	11.4588	6.1e-05	0.15	ATTTTTT
M025_0.6	HNRNPC	hsa_circ_0116061_Extracellular	1036	1042	+	11.4588	6.1e-05	0.15	ATTTTTT
M025_0.6	HNRNPC	hsa_circ_0001704_Extracellular	1074	1080	+	11.4588	6.1e-05	0.15	ATTTTTT
M025_0.6	HNRNPC	hsa_circ_0001704_Extracellular	1074	1080	+	11.4588	6.1e-05	0.15	ATTTTTT
M025_0.6	HNRNPC	hsa_circ_0000233_Extracellular	1078	1084	+	11.4588	6.1e-05	0.15	ATTTTTT
M025_0.6	HNRNPC	hsa_circ_0000233_Extracellular	1078	1084	+	11.4588	6.1e-05	0.15	ATTTTTT
M025_0.6	HNRNPC	hsa_circ_0133794_Extracellular	1080	1086	+	11.4588	6.1e-05	0.15	ATTTTTT
M025_0.6	HNRNPC	mmu_circ_0000905_Extracellular	1102	1108	+	11.4588	6.1e-05	0.15	ATTTTTT
M025_0.6	HNRNPC	hsa_circ_0000965_Extracellular	1135	1141	+	11.4588	6.1e-05	0.15	ATTTTTT
M025_0.6	HNRNPC	hsa_circ_0000965_Extracellular	1135	1141	+	11.4588	6.1e-05	0.15	ATTTTTT
M025_0.6	HNRNPC	hsa_circ_0000965_Extracellular	1135	1141	+	11.4588	6.1e-05	0.15	ATTTTTT
M025_0.6	HNRNPC	hsa_circ_0000701_Extracellular	1146	1152	+	11.4588	6.1e-05	0.15	ATTTTTT
M025_0.6	HNRNPC	hsa_circ_0000701_Extracellular	1146	1152	+	11.4588	6.1e-05	0.15	ATTTTTT
M025_0.6	HNRNPC	mmu_circ_0000905_Extracellular	1162	1168	+	11.4588	6.1e-05	0.15	ATTTTTT
M025_0.6	HNRNPC	hsa_circ_0103790_Extracellular	1198	1204	+	11.4588	6.1e-05	0.15	ATTTTTT
M025_0.6	HNRNPC	hsa_circ_0103790_Extracellular	1198	1204	+	11.4588	6.1e-05	0.15	ATTTTTT
M025_0.6	HNRNPC	hsa_circ_0103881_Extracellular	1225	1231	+	11.4588	6.1e-05	0.15	ATTTTTT
M025_0.6	HNRNPC	hsa_circ_0103881_Extracellular	1225	1231	+	11.4588	6.1e-05	0.15	ATTTTTT
M025_0.6	HNRNPC	hsa_circ_0103177_Extracellular	1255	1261	+	11.4588	6.1e-05	0.15	ATTTTTT
M025_0.6	HNRNPC	hsa_circ_0103177_Extracellular	1255	1261	+	11.4588	6.1e-05	0.15	ATTTTTT
M025_0.6	HNRNPC	hsa_circ_0001014_Extracellular	1283	1289	+	11.4588	6.1e-05	0.15	ATTTTTT
M025_0.6	HNRNPC	hsa_circ_0001014_Extracellular	1283	1289	+	11.4588	6.1e-05	0.15	ATTTTTT
M025_0.6	HNRNPC	hsa_circ_0101493_Extracellular	1294	1300	+	11.4588	6.1e-05	0.15	ATTTTTT
M025_0.6	HNRNPC	hsa_circ_0101493_Extracellular	1294	1300	+	11.4588	6.1e-05	0.15	ATTTTTT
M025_0.6	HNRNPC	hsa_circ_0000998_Extracellular	1318	1324	+	11.4588	6.1e-05	0.15	ATTTTTT
M025_0.6	HNRNPC	hsa_circ_0000998_Extracellular	1318	1324	+	11.4588	6.1e-05	0.15	ATTTTTT
M025_0.6	HNRNPC	hsa_circ_0065642_Extracellular	1329	1335	+	11.4588	6.1e-05	0.15	ATTTTTT
M025_0.6	HNRNPC	hsa_circ_0000965_Extracellular	1331	1337	+	11.4588	6.1e-05	0.15	ATTTTTT
M025_0.6	HNRNPC	hsa_circ_0000965_Extracellular	1331	1337	+	11.4588	6.1e-05	0.15	ATTTTTT
M025_0.6	HNRNPC	hsa_circ_0000965_Extracellular	1331	1337	+	11.4588	6.1e-05	0.15	ATTTTTT
M025_0.6	HNRNPC	hsa_circ_0001306_Extracellular	1367	1373	+	11.4588	6.1e-05	0.15	ATTTTTT
M025_0.6	HNRNPC	hsa_circ_0001306_Extracellular	1367	1373	+	11.4588	6.1e-05	0.15	ATTTTTT
M025_0.6	HNRNPC	hsa_circ_0000998_Extracellular	1378	1384	+	11.4588	6.1e-05	0.15	ATTTTTT
M025_0.6	HNRNPC	hsa_circ_0000998_Extracellular	1378	1384	+	11.4588	6.1e-05	0.15	ATTTTTT
M025_0.6	HNRNPC	hsa_circ_0000246_Extracellular	1413	1419	+	11.4588	6.1e-05	0.15	ATTTTTT
M025_0.6	HNRNPC	hsa_circ_0000246_Extracellular	1413	1419	+	11.4588	6.1e-05	0.15	ATTTTTT
M025_0.6	HNRNPC	hsa_circ_0000998_Extracellular	1415	1421	+	11.4588	6.1e-05	0.15	ATTTTTT
M025_0.6	HNRNPC	hsa_circ_0000998_Extracellular	1415	1421	+	11.4588	6.1e-05	0.15	ATTTTTT
M025_0.6	HNRNPC	hsa_circ_0024108_Extracellular	1463	1469	+	11.4588	6.1e-05	0.15	ATTTTTT
M025_0.6	HNRNPC	hsa_circ_0001014_Extracellular	1472	1478	+	11.4588	6.1e-05	0.15	ATTTTTT
M025_0.6	HNRNPC	hsa_circ_0001014_Extracellular	1472	1478	+	11.4588	6.1e-05	0.15	ATTTTTT
M025_0.6	HNRNPC	hsa_circ_0000090_Extracellular	1490	1496	+	11.4588	6.1e-05	0.15	ATTTTTT
M025_0.6	HNRNPC	hsa_circ_0000090_Extracellular	1490	1496	+	11.4588	6.1e-05	0.15	ATTTTTT
M025_0.6	HNRNPC	hsa_circ_0024108_Extracellular	1523	1529	+	11.4588	6.1e-05	0.15	ATTTTTT
M025_0.6	HNRNPC	hsa_circ_0001014_Extracellular	1532	1538	+	11.4588	6.1e-05	0.15	ATTTTTT
M025_0.6	HNRNPC	hsa_circ_0001014_Extracellular	1532	1538	+	11.4588	6.1e-05	0.15	ATTTTTT
M025_0.6	HNRNPC	hsa_circ_0069313_Extracellular	1552	1558	+	11.4588	6.1e-05	0.15	ATTTTTT
M025_0.6	HNRNPC	hsa_circ_0069313_Extracellular	1552	1558	+	11.4588	6.1e-05	0.15	ATTTTTT
M025_0.6	HNRNPC	hsa_circ_0103827_Extracellular	1553	1559	+	11.4588	6.1e-05	0.15	ATTTTTT
M025_0.6	HNRNPC	hsa_circ_0103827_Extracellular	1553	1559	+	11.4588	6.1e-05	0.15	ATTTTTT
M025_0.6	HNRNPC	hsa_circ_0102296_Extracellular	1580	1586	+	11.4588	6.1e-05	0.15	ATTTTTT
M025_0.6	HNRNPC	hsa_circ_0102296_Extracellular	1580	1586	+	11.4588	6.1e-05	0.15	ATTTTTT
M025_0.6	HNRNPC	hsa_circ_0000443_Extracellular	1607	1613	+	11.4588	6.1e-05	0.15	ATTTTTT
M025_0.6	HNRNPC	hsa_circ_0000443_Extracellular	1607	1613	+	11.4588	6.1e-05	0.15	ATTTTTT
M025_0.6	HNRNPC	hsa_circ_0000442_Extracellular	1607	1613	+	11.4588	6.1e-05	0.15	ATTTTTT
M025_0.6	HNRNPC	hsa_circ_0000443_Extracellular	1607	1613	+	11.4588	6.1e-05	0.15	ATTTTTT
M025_0.6	HNRNPC	hsa_circ_0000442_Extracellular	1607	1613	+	11.4588	6.1e-05	0.15	ATTTTTT
M025_0.6	HNRNPC	hsa_circ_0000322_Extracellular	1608	1614	+	11.4588	6.1e-05	0.15	ATTTTTT
M025_0.6	HNRNPC	hsa_circ_0000322_Extracellular	1608	1614	+	11.4588	6.1e-05	0.15	ATTTTTT
M025_0.6	HNRNPC	hsa_circ_0103102_Extracellular	1653	1659	+	11.4588	6.1e-05	0.15	ATTTTTT
M025_0.6	HNRNPC	hsa_circ_0103102_Extracellular	1653	1659	+	11.4588	6.1e-05	0.15	ATTTTTT
M025_0.6	HNRNPC	hsa_circ_0000443_Extracellular	1667	1673	+	11.4588	6.1e-05	0.15	ATTTTTT
M025_0.6	HNRNPC	hsa_circ_0000443_Extracellular	1667	1673	+	11.4588	6.1e-05	0.15	ATTTTTT
M025_0.6	HNRNPC	hsa_circ_0000442_Extracellular	1667	1673	+	11.4588	6.1e-05	0.15	ATTTTTT
M025_0.6	HNRNPC	hsa_circ_0000443_Extracellular	1667	1673	+	11.4588	6.1e-05	0.15	ATTTTTT
M025_0.6	HNRNPC	hsa_circ_0000442_Extracellular	1667	1673	+	11.4588	6.1e-05	0.15	ATTTTTT
M025_0.6	HNRNPC	hsa_circ_0000322_Extracellular	1668	1674	+	11.4588	6.1e-05	0.15	ATTTTTT
M025_0.6	HNRNPC	hsa_circ_0000322_Extracellular	1668	1674	+	11.4588	6.1e-05	0.15	ATTTTTT
M025_0.6	HNRNPC	hsa_circ_0100262_Extracellular	1676	1682	+	11.4588	6.1e-05	0.15	ATTTTTT
M025_0.6	HNRNPC	hsa_circ_0100262_Extracellular	1676	1682	+	11.4588	6.1e-05	0.15	ATTTTTT
M025_0.6	HNRNPC	hsa_circ_0000973_Extracellular	1688	1694	+	11.4588	6.1e-05	0.15	ATTTTTT
M025_0.6	HNRNPC	hsa_circ_0000973_Extracellular	1688	1694	+	11.4588	6.1e-05	0.15	ATTTTTT
M025_0.6	HNRNPC	hsa_circ_0103670_Extracellular	1692	1698	+	11.4588	6.1e-05	0.15	ATTTTTT
M025_0.6	HNRNPC	hsa_circ_0103670_Extracellular	1692	1698	+	11.4588	6.1e-05	0.15	ATTTTTT
M025_0.6	HNRNPC	hsa_circ_0001190_Extracellular	1731	1737	+	11.4588	6.1e-05	0.15	ATTTTTT
M025_0.6	HNRNPC	hsa_circ_0001190_Extracellular	1731	1737	+	11.4588	6.1e-05	0.15	ATTTTTT
M025_0.6	HNRNPC	hsa_circ_0000065_Extracellular	1831	1837	+	11.4588	6.1e-05	0.15	ATTTTTT
M025_0.6	HNRNPC	hsa_circ_0000065_Extracellular	1831	1837	+	11.4588	6.1e-05	0.15	ATTTTTT
M025_0.6	HNRNPC	hsa_circ_0001077_Extracellular	1864	1870	+	11.4588	6.1e-05	0.15	ATTTTTT
M025_0.6	HNRNPC	hsa_circ_0001077_Extracellular	1864	1870	+	11.4588	6.1e-05	0.15	ATTTTTT
M025_0.6	HNRNPC	hsa_circ_0000065_Extracellular	1891	1897	+	11.4588	6.1e-05	0.15	ATTTTTT
M025_0.6	HNRNPC	hsa_circ_0000065_Extracellular	1891	1897	+	11.4588	6.1e-05	0.15	ATTTTTT
M025_0.6	HNRNPC	hsa_circ_0001014_Extracellular	1915	1921	+	11.4588	6.1e-05	0.15	ATTTTTT
M025_0.6	HNRNPC	hsa_circ_0001014_Extracellular	1915	1921	+	11.4588	6.1e-05	0.15	ATTTTTT
M025_0.6	HNRNPC	hsa_circ_0100832_Extracellular	1923	1929	+	11.4588	6.1e-05	0.15	ATTTTTT
M025_0.6	HNRNPC	hsa_circ_0100832_Extracellular	1923	1929	+	11.4588	6.1e-05	0.15	ATTTTTT
M025_0.6	HNRNPC	hsa_circ_0102762_Extracellular	1969	1975	+	11.4588	6.1e-05	0.15	ATTTTTT
M025_0.6	HNRNPC	hsa_circ_0102762_Extracellular	1969	1975	+	11.4588	6.1e-05	0.15	ATTTTTT
M025_0.6	HNRNPC	hsa_circ_0001306_Extracellular	2009	2015	+	11.4588	6.1e-05	0.15	ATTTTTT
M025_0.6	HNRNPC	hsa_circ_0001306_Extracellular	2009	2015	+	11.4588	6.1e-05	0.15	ATTTTTT
M025_0.6	HNRNPC	hsa_circ_0004062_Extracellular	2062	2068	+	11.4588	6.1e-05	0.15	ATTTTTT
M025_0.6	HNRNPC	hsa_circ_0004062_Extracellular	2062	2068	+	11.4588	6.1e-05	0.15	ATTTTTT
M025_0.6	HNRNPC	hsa_circ_0101493_Extracellular	2091	2097	+	11.4588	6.1e-05	0.15	ATTTTTT
M025_0.6	HNRNPC	hsa_circ_0101493_Extracellular	2091	2097	+	11.4588	6.1e-05	0.15	ATTTTTT
M025_0.6	HNRNPC	hsa_circ_0000444_Extracellular	2112	2118	+	11.4588	6.1e-05	0.15	ATTTTTT
M025_0.6	HNRNPC	hsa_circ_0000444_Extracellular	2112	2118	+	11.4588	6.1e-05	0.15	ATTTTTT
M025_0.6	HNRNPC	hsa_circ_0070762_Extracellular	2141	2147	+	11.4588	6.1e-05	0.15	ATTTTTT
M025_0.6	HNRNPC	hsa_circ_0102296_Extracellular	2244	2250	+	11.4588	6.1e-05	0.15	ATTTTTT
M025_0.6	HNRNPC	hsa_circ_0102296_Extracellular	2244	2250	+	11.4588	6.1e-05	0.15	ATTTTTT
M025_0.6	HNRNPC	hsa_circ_0000377_Extracellular	2258	2264	+	11.4588	6.1e-05	0.15	ATTTTTT
M025_0.6	HNRNPC	hsa_circ_0000377_Extracellular	2258	2264	+	11.4588	6.1e-05	0.15	ATTTTTT
M025_0.6	HNRNPC	hsa_circ_0069313_Extracellular	2294	2300	+	11.4588	6.1e-05	0.15	ATTTTTT
M025_0.6	HNRNPC	hsa_circ_0069313_Extracellular	2294	2300	+	11.4588	6.1e-05	0.15	ATTTTTT
M025_0.6	HNRNPC	hsa_circ_0103102_Extracellular	2381	2387	+	11.4588	6.1e-05	0.15	ATTTTTT
M025_0.6	HNRNPC	hsa_circ_0103102_Extracellular	2381	2387	+	11.4588	6.1e-05	0.15	ATTTTTT
M025_0.6	HNRNPC	hsa_circ_0047156_Extracellular	2405	2411	+	11.4588	6.1e-05	0.15	ATTTTTT
M025_0.6	HNRNPC	hsa_circ_0102481_Extracellular	2480	2486	+	11.4588	6.1e-05	0.15	ATTTTTT
M025_0.6	HNRNPC	hsa_circ_0102481_Extracellular	2480	2486	+	11.4588	6.1e-05	0.15	ATTTTTT
M025_0.6	HNRNPC	hsa_circ_0103829_Extracellular	2500	2506	+	11.4588	6.1e-05	0.15	ATTTTTT
M025_0.6	HNRNPC	hsa_circ_0103829_Extracellular	2500	2506	+	11.4588	6.1e-05	0.15	ATTTTTT
M025_0.6	HNRNPC	hsa_circ_0085428_Extracellular	2501	2507	+	11.4588	6.1e-05	0.15	ATTTTTT
M025_0.6	HNRNPC	hsa_circ_0034173_Extracellular	2516	2522	+	11.4588	6.1e-05	0.15	ATTTTTT
M025_0.6	HNRNPC	hsa_circ_0000443_Extracellular	2527	2533	+	11.4588	6.1e-05	0.15	ATTTTTT
M025_0.6	HNRNPC	hsa_circ_0000443_Extracellular	2527	2533	+	11.4588	6.1e-05	0.15	ATTTTTT
M025_0.6	HNRNPC	hsa_circ_0000442_Extracellular	2527	2533	+	11.4588	6.1e-05	0.15	ATTTTTT
M025_0.6	HNRNPC	hsa_circ_0000443_Extracellular	2527	2533	+	11.4588	6.1e-05	0.15	ATTTTTT
M025_0.6	HNRNPC	hsa_circ_0000442_Extracellular	2527	2533	+	11.4588	6.1e-05	0.15	ATTTTTT
M025_0.6	HNRNPC	mmu_circ_0000905_Extracellular	2570	2576	+	11.4588	6.1e-05	0.15	ATTTTTT
M025_0.6	HNRNPC	hsa_circ_0021091_Extracellular	2583	2589	+	11.4588	6.1e-05	0.15	ATTTTTT
M025_0.6	HNRNPC	hsa_circ_0000965_Extracellular	2592	2598	+	11.4588	6.1e-05	0.15	ATTTTTT
M025_0.6	HNRNPC	hsa_circ_0000965_Extracellular	2592	2598	+	11.4588	6.1e-05	0.15	ATTTTTT
M025_0.6	HNRNPC	hsa_circ_0000965_Extracellular	2592	2598	+	11.4588	6.1e-05	0.15	ATTTTTT
M025_0.6	HNRNPC	mmu_circ_0000713_Extracellular	2601	2607	+	11.4588	6.1e-05	0.15	ATTTTTT
M025_0.6	HNRNPC	hsa_circ_0004314_Extracellular	2632	2638	+	11.4588	6.1e-05	0.15	ATTTTTT
M025_0.6	HNRNPC	hsa_circ_0004314_Extracellular	2632	2638	+	11.4588	6.1e-05	0.15	ATTTTTT
M025_0.6	HNRNPC	hsa_circ_0034173_Extracellular	2645	2651	+	11.4588	6.1e-05	0.15	ATTTTTT
M025_0.6	HNRNPC	mmu_circ_0000905_Extracellular	2652	2658	+	11.4588	6.1e-05	0.15	ATTTTTT
M025_0.6	HNRNPC	hsa_circ_0100988_Extracellular	2669	2675	+	11.4588	6.1e-05	0.15	ATTTTTT
M025_0.6	HNRNPC	hsa_circ_0100988_Extracellular	2669	2675	+	11.4588	6.1e-05	0.15	ATTTTTT
M025_0.6	HNRNPC	hsa_circ_0004314_Extracellular	2692	2698	+	11.4588	6.1e-05	0.15	ATTTTTT
M025_0.6	HNRNPC	hsa_circ_0004314_Extracellular	2692	2698	+	11.4588	6.1e-05	0.15	ATTTTTT
M025_0.6	HNRNPC	hsa_circ_0000965_Extracellular	2755	2761	+	11.4588	6.1e-05	0.15	ATTTTTT
M025_0.6	HNRNPC	hsa_circ_0000965_Extracellular	2755	2761	+	11.4588	6.1e-05	0.15	ATTTTTT
M025_0.6	HNRNPC	hsa_circ_0000965_Extracellular	2755	2761	+	11.4588	6.1e-05	0.15	ATTTTTT
M025_0.6	HNRNPC	hsa_circ_0000246_Extracellular	2774	2780	+	11.4588	6.1e-05	0.15	ATTTTTT
M025_0.6	HNRNPC	hsa_circ_0000246_Extracellular	2774	2780	+	11.4588	6.1e-05	0.15	ATTTTTT
M025_0.6	HNRNPC	hsa_circ_0021091_Extracellular	2787	2793	+	11.4588	6.1e-05	0.15	ATTTTTT
M025_0.6	HNRNPC	hsa_circ_0000090_Extracellular	2800	2806	+	11.4588	6.1e-05	0.15	ATTTTTT
M025_0.6	HNRNPC	hsa_circ_0000090_Extracellular	2800	2806	+	11.4588	6.1e-05	0.15	ATTTTTT
M025_0.6	HNRNPC	hsa_circ_0001013_Extracellular	2804	2810	+	11.4588	6.1e-05	0.15	ATTTTTT
M025_0.6	HNRNPC	hsa_circ_0001013_Extracellular	2804	2810	+	11.4588	6.1e-05	0.15	ATTTTTT
M025_0.6	HNRNPC	hsa_circ_0000377_Extracellular	2827	2833	+	11.4588	6.1e-05	0.15	ATTTTTT
M025_0.6	HNRNPC	hsa_circ_0000377_Extracellular	2827	2833	+	11.4588	6.1e-05	0.15	ATTTTTT
M025_0.6	HNRNPC	hsa_circ_0000973_Extracellular	2846	2852	+	11.4588	6.1e-05	0.15	ATTTTTT
M025_0.6	HNRNPC	hsa_circ_0000973_Extracellular	2846	2852	+	11.4588	6.1e-05	0.15	ATTTTTT
M025_0.6	HNRNPC	hsa_circ_0100988_Extracellular	2861	2867	+	11.4588	6.1e-05	0.15	ATTTTTT
M025_0.6	HNRNPC	hsa_circ_0100988_Extracellular	2861	2867	+	11.4588	6.1e-05	0.15	ATTTTTT
M025_0.6	HNRNPC	hsa_circ_0100988_Extracellular	2870	2876	+	11.4588	6.1e-05	0.15	ATTTTTT
M025_0.6	HNRNPC	hsa_circ_0100988_Extracellular	2870	2876	+	11.4588	6.1e-05	0.15	ATTTTTT
M025_0.6	HNRNPC	hsa_circ_0001306_Extracellular	3082	3088	+	11.4588	6.1e-05	0.15	ATTTTTT
M025_0.6	HNRNPC	hsa_circ_0001306_Extracellular	3082	3088	+	11.4588	6.1e-05	0.15	ATTTTTT
M025_0.6	HNRNPC	hsa_circ_0103830_Extracellular	3084	3090	+	11.4588	6.1e-05	0.15	ATTTTTT
M025_0.6	HNRNPC	hsa_circ_0103830_Extracellular	3084	3090	+	11.4588	6.1e-05	0.15	ATTTTTT
M025_0.6	HNRNPC	hsa_circ_0085428_Extracellular	3094	3100	+	11.4588	6.1e-05	0.15	ATTTTTT
M025_0.6	HNRNPC	hsa_circ_0004314_Extracellular	3135	3141	+	11.4588	6.1e-05	0.15	ATTTTTT
M025_0.6	HNRNPC	hsa_circ_0004314_Extracellular	3135	3141	+	11.4588	6.1e-05	0.15	ATTTTTT
M025_0.6	HNRNPC	hsa_circ_0000377_Extracellular	3177	3183	+	11.4588	6.1e-05	0.15	ATTTTTT
M025_0.6	HNRNPC	hsa_circ_0000377_Extracellular	3177	3183	+	11.4588	6.1e-05	0.15	ATTTTTT
M025_0.6	HNRNPC	hsa_circ_0000973_Extracellular	3181	3187	+	11.4588	6.1e-05	0.15	ATTTTTT
M025_0.6	HNRNPC	hsa_circ_0000973_Extracellular	3181	3187	+	11.4588	6.1e-05	0.15	ATTTTTT
M025_0.6	HNRNPC	hsa_circ_0104980_Extracellular	3193	3199	+	11.4588	6.1e-05	0.15	ATTTTTT
M025_0.6	HNRNPC	hsa_circ_0104980_Extracellular	3193	3199	+	11.4588	6.1e-05	0.15	ATTTTTT
M025_0.6	HNRNPC	hsa_circ_0001812_Extracellular	3318	3324	+	11.4588	6.1e-05	0.15	ATTTTTT
M025_0.6	HNRNPC	hsa_circ_0001812_Extracellular	3318	3324	+	11.4588	6.1e-05	0.15	ATTTTTT
M025_0.6	HNRNPC	hsa_circ_0102294_Extracellular	3321	3327	+	11.4588	6.1e-05	0.15	ATTTTTT
M025_0.6	HNRNPC	hsa_circ_0102294_Extracellular	3321	3327	+	11.4588	6.1e-05	0.15	ATTTTTT
M025_0.6	HNRNPC	hsa_circ_0000444_Extracellular	3324	3330	+	11.4588	6.1e-05	0.15	ATTTTTT
M025_0.6	HNRNPC	hsa_circ_0000444_Extracellular	3324	3330	+	11.4588	6.1e-05	0.15	ATTTTTT
M025_0.6	HNRNPC	hsa_circ_0001013_Extracellular	3436	3442	+	11.4588	6.1e-05	0.15	ATTTTTT
M025_0.6	HNRNPC	hsa_circ_0001013_Extracellular	3436	3442	+	11.4588	6.1e-05	0.15	ATTTTTT
M025_0.6	HNRNPC	hsa_circ_0000996_Extracellular	3476	3482	+	11.4588	6.1e-05	0.15	ATTTTTT
M025_0.6	HNRNPC	hsa_circ_0000996_Extracellular	3476	3482	+	11.4588	6.1e-05	0.15	ATTTTTT
M025_0.6	HNRNPC	hsa_circ_0103045_Extracellular	3477	3483	+	11.4588	6.1e-05	0.15	ATTTTTT
M025_0.6	HNRNPC	hsa_circ_0103045_Extracellular	3477	3483	+	11.4588	6.1e-05	0.15	ATTTTTT
M025_0.6	HNRNPC	hsa_circ_0001013_Extracellular	3496	3502	+	11.4588	6.1e-05	0.15	ATTTTTT
M025_0.6	HNRNPC	hsa_circ_0001013_Extracellular	3496	3502	+	11.4588	6.1e-05	0.15	ATTTTTT
M025_0.6	HNRNPC	hsa_circ_0004314_Extracellular	3540	3546	+	11.4588	6.1e-05	0.15	ATTTTTT
M025_0.6	HNRNPC	hsa_circ_0004314_Extracellular	3540	3546	+	11.4588	6.1e-05	0.15	ATTTTTT
M025_0.6	HNRNPC	hsa_circ_0103140_Extracellular	3622	3628	+	11.4588	6.1e-05	0.15	ATTTTTT
M025_0.6	HNRNPC	hsa_circ_0103140_Extracellular	3622	3628	+	11.4588	6.1e-05	0.15	ATTTTTT
M025_0.6	HNRNPC	hsa_circ_0104808_Extracellular	3652	3658	+	11.4588	6.1e-05	0.15	ATTTTTT
M025_0.6	HNRNPC	hsa_circ_0104808_Extracellular	3652	3658	+	11.4588	6.1e-05	0.15	ATTTTTT
M025_0.6	HNRNPC	hsa_circ_0000965_Extracellular	3653	3659	+	11.4588	6.1e-05	0.15	ATTTTTT
M025_0.6	HNRNPC	hsa_circ_0000965_Extracellular	3653	3659	+	11.4588	6.1e-05	0.15	ATTTTTT
M025_0.6	HNRNPC	hsa_circ_0000965_Extracellular	3653	3659	+	11.4588	6.1e-05	0.15	ATTTTTT
M025_0.6	HNRNPC	hsa_circ_0000444_Extracellular	3686	3692	+	11.4588	6.1e-05	0.15	ATTTTTT
M025_0.6	HNRNPC	hsa_circ_0000444_Extracellular	3686	3692	+	11.4588	6.1e-05	0.15	ATTTTTT
M025_0.6	HNRNPC	hsa_circ_0104808_Extracellular	3712	3718	+	11.4588	6.1e-05	0.15	ATTTTTT
M025_0.6	HNRNPC	hsa_circ_0104808_Extracellular	3712	3718	+	11.4588	6.1e-05	0.15	ATTTTTT
M025_0.6	HNRNPC	hsa_circ_0000965_Extracellular	3713	3719	+	11.4588	6.1e-05	0.15	ATTTTTT
M025_0.6	HNRNPC	hsa_circ_0000965_Extracellular	3713	3719	+	11.4588	6.1e-05	0.15	ATTTTTT
M025_0.6	HNRNPC	hsa_circ_0000965_Extracellular	3713	3719	+	11.4588	6.1e-05	0.15	ATTTTTT
M025_0.6	HNRNPC	hsa_circ_0000443_Extracellular	3773	3779	+	11.4588	6.1e-05	0.15	ATTTTTT
M025_0.6	HNRNPC	hsa_circ_0000443_Extracellular	3773	3779	+	11.4588	6.1e-05	0.15	ATTTTTT
M025_0.6	HNRNPC	hsa_circ_0000442_Extracellular	3773	3779	+	11.4588	6.1e-05	0.15	ATTTTTT
M025_0.6	HNRNPC	hsa_circ_0000443_Extracellular	3773	3779	+	11.4588	6.1e-05	0.15	ATTTTTT
M025_0.6	HNRNPC	hsa_circ_0000442_Extracellular	3773	3779	+	11.4588	6.1e-05	0.15	ATTTTTT
M025_0.6	HNRNPC	hsa_circ_0001704_Extracellular	3775	3781	+	11.4588	6.1e-05	0.15	ATTTTTT
M025_0.6	HNRNPC	hsa_circ_0001704_Extracellular	3775	3781	+	11.4588	6.1e-05	0.15	ATTTTTT
M025_0.6	HNRNPC	hsa_circ_0001704_Extracellular	3797	3803	+	11.4588	6.1e-05	0.15	ATTTTTT
M025_0.6	HNRNPC	hsa_circ_0001704_Extracellular	3797	3803	+	11.4588	6.1e-05	0.15	ATTTTTT
M025_0.6	HNRNPC	hsa_circ_0001704_Extracellular	3857	3863	+	11.4588	6.1e-05	0.15	ATTTTTT
M025_0.6	HNRNPC	hsa_circ_0001704_Extracellular	3857	3863	+	11.4588	6.1e-05	0.15	ATTTTTT
M025_0.6	HNRNPC	mmu_circ_0000905_Extracellular	3949	3955	+	11.4588	6.1e-05	0.15	ATTTTTT
M025_0.6	HNRNPC	hsa_circ_0102294_Extracellular	3985	3991	+	11.4588	6.1e-05	0.15	ATTTTTT
M025_0.6	HNRNPC	hsa_circ_0102294_Extracellular	3985	3991	+	11.4588	6.1e-05	0.15	ATTTTTT
M025_0.6	HNRNPC	hsa_circ_0000246_Extracellular	4001	4007	+	11.4588	6.1e-05	0.15	ATTTTTT
M025_0.6	HNRNPC	hsa_circ_0000246_Extracellular	4001	4007	+	11.4588	6.1e-05	0.15	ATTTTTT
M025_0.6	HNRNPC	hsa_circ_0104761_Extracellular	4002	4008	+	11.4588	6.1e-05	0.15	ATTTTTT
M025_0.6	HNRNPC	hsa_circ_0104761_Extracellular	4002	4008	+	11.4588	6.1e-05	0.15	ATTTTTT
M025_0.6	HNRNPC	mmu_circ_0000905_Extracellular	4009	4015	+	11.4588	6.1e-05	0.15	ATTTTTT
M025_0.6	HNRNPC	hsa_circ_0101493_Extracellular	4054	4060	+	11.4588	6.1e-05	0.15	ATTTTTT
M025_0.6	HNRNPC	hsa_circ_0101493_Extracellular	4054	4060	+	11.4588	6.1e-05	0.15	ATTTTTT
M025_0.6	HNRNPC	hsa_circ_0009684_Extracellular	4092	4098	+	11.4588	6.1e-05	0.15	ATTTTTT
M025_0.6	HNRNPC	hsa_circ_0009684_Extracellular	4092	4098	+	11.4588	6.1e-05	0.15	ATTTTTT
M025_0.6	HNRNPC	mmu_circ_0000905_Extracellular	4094	4100	+	11.4588	6.1e-05	0.15	ATTTTTT
M025_0.6	HNRNPC	hsa_circ_0104761_Extracellular	4127	4133	+	11.4588	6.1e-05	0.15	ATTTTTT
M025_0.6	HNRNPC	hsa_circ_0104761_Extracellular	4127	4133	+	11.4588	6.1e-05	0.15	ATTTTTT
M025_0.6	HNRNPC	hsa_circ_0104904_Extracellular	4131	4137	+	11.4588	6.1e-05	0.15	ATTTTTT
M025_0.6	HNRNPC	hsa_circ_0104904_Extracellular	4131	4137	+	11.4588	6.1e-05	0.15	ATTTTTT
M025_0.6	HNRNPC	hsa_circ_0102481_Extracellular	4144	4150	+	11.4588	6.1e-05	0.15	ATTTTTT
M025_0.6	HNRNPC	hsa_circ_0102481_Extracellular	4144	4150	+	11.4588	6.1e-05	0.15	ATTTTTT
M025_0.6	HNRNPC	hsa_circ_0009684_Extracellular	4152	4158	+	11.4588	6.1e-05	0.15	ATTTTTT
M025_0.6	HNRNPC	hsa_circ_0009684_Extracellular	4152	4158	+	11.4588	6.1e-05	0.15	ATTTTTT
M025_0.6	HNRNPC	mmu_circ_0000905_Extracellular	4154	4160	+	11.4588	6.1e-05	0.15	ATTTTTT
M025_0.6	HNRNPC	hsa_circ_0104808_Extracellular	4230	4236	+	11.4588	6.1e-05	0.15	ATTTTTT
M025_0.6	HNRNPC	hsa_circ_0104808_Extracellular	4230	4236	+	11.4588	6.1e-05	0.15	ATTTTTT
M025_0.6	HNRNPC	hsa_circ_0103140_Extracellular	4258	4264	+	11.4588	6.1e-05	0.15	ATTTTTT
M025_0.6	HNRNPC	hsa_circ_0103140_Extracellular	4258	4264	+	11.4588	6.1e-05	0.15	ATTTTTT
M025_0.6	HNRNPC	mmu_circ_0000905_Extracellular	4286	4292	+	11.4588	6.1e-05	0.15	ATTTTTT
M025_0.6	HNRNPC	hsa_circ_0000443_Extracellular	4310	4316	+	11.4588	6.1e-05	0.15	ATTTTTT
M025_0.6	HNRNPC	hsa_circ_0000442_Extracellular	4310	4316	+	11.4588	6.1e-05	0.15	ATTTTTT
M025_0.6	HNRNPC	hsa_circ_0000443_Extracellular	4310	4316	+	11.4588	6.1e-05	0.15	ATTTTTT
M025_0.6	HNRNPC	hsa_circ_0000442_Extracellular	4310	4316	+	11.4588	6.1e-05	0.15	ATTTTTT
M025_0.6	HNRNPC	hsa_circ_0000443_Extracellular	4310	4316	+	11.4588	6.1e-05	0.15	ATTTTTT
M025_0.6	HNRNPC	hsa_circ_0000443_Extracellular	4370	4376	+	11.4588	6.1e-05	0.15	ATTTTTT
M025_0.6	HNRNPC	hsa_circ_0000442_Extracellular	4370	4376	+	11.4588	6.1e-05	0.15	ATTTTTT
M025_0.6	HNRNPC	hsa_circ_0000443_Extracellular	4370	4376	+	11.4588	6.1e-05	0.15	ATTTTTT
M025_0.6	HNRNPC	hsa_circ_0000442_Extracellular	4370	4376	+	11.4588	6.1e-05	0.15	ATTTTTT
M025_0.6	HNRNPC	hsa_circ_0000443_Extracellular	4370	4376	+	11.4588	6.1e-05	0.15	ATTTTTT
M025_0.6	HNRNPC	hsa_circ_0000246_Extracellular	4385	4391	+	11.4588	6.1e-05	0.15	ATTTTTT
M025_0.6	HNRNPC	hsa_circ_0000246_Extracellular	4385	4391	+	11.4588	6.1e-05	0.15	ATTTTTT
M025_0.6	HNRNPC	hsa_circ_0100988_Extracellular	4395	4401	+	11.4588	6.1e-05	0.15	ATTTTTT
M025_0.6	HNRNPC	hsa_circ_0100988_Extracellular	4395	4401	+	11.4588	6.1e-05	0.15	ATTTTTT
M025_0.6	HNRNPC	hsa_circ_0000246_Extracellular	4445	4451	+	11.4588	6.1e-05	0.15	ATTTTTT
M025_0.6	HNRNPC	hsa_circ_0000246_Extracellular	4445	4451	+	11.4588	6.1e-05	0.15	ATTTTTT
M025_0.6	HNRNPC	hsa_circ_0001704_Extracellular	4449	4455	+	11.4588	6.1e-05	0.15	ATTTTTT
M025_0.6	HNRNPC	hsa_circ_0001704_Extracellular	4449	4455	+	11.4588	6.1e-05	0.15	ATTTTTT
M025_0.6	HNRNPC	hsa_circ_0104808_Extracellular	4572	4578	+	11.4588	6.1e-05	0.15	ATTTTTT
M025_0.6	HNRNPC	hsa_circ_0104808_Extracellular	4572	4578	+	11.4588	6.1e-05	0.15	ATTTTTT
M025_0.6	HNRNPC	hsa_circ_0104980_Extracellular	4580	4586	+	11.4588	6.1e-05	0.15	ATTTTTT
M025_0.6	HNRNPC	hsa_circ_0104980_Extracellular	4580	4586	+	11.4588	6.1e-05	0.15	ATTTTTT
M025_0.6	HNRNPC	hsa_circ_0104808_Extracellular	4688	4694	+	11.4588	6.1e-05	0.15	ATTTTTT
M025_0.6	HNRNPC	hsa_circ_0104808_Extracellular	4688	4694	+	11.4588	6.1e-05	0.15	ATTTTTT
M025_0.6	HNRNPC	hsa_circ_0004314_Extracellular	4703	4709	+	11.4588	6.1e-05	0.15	ATTTTTT
M025_0.6	HNRNPC	hsa_circ_0004314_Extracellular	4703	4709	+	11.4588	6.1e-05	0.15	ATTTTTT
M025_0.6	HNRNPC	hsa_circ_0004314_Extracellular	4722	4728	+	11.4588	6.1e-05	0.15	ATTTTTT
M025_0.6	HNRNPC	hsa_circ_0004314_Extracellular	4722	4728	+	11.4588	6.1e-05	0.15	ATTTTTT
M025_0.6	HNRNPC	hsa_circ_0104980_Extracellular	4778	4784	+	11.4588	6.1e-05	0.15	ATTTTTT
M025_0.6	HNRNPC	hsa_circ_0104980_Extracellular	4778	4784	+	11.4588	6.1e-05	0.15	ATTTTTT
M025_0.6	HNRNPC	hsa_circ_0104808_Extracellular	4781	4787	+	11.4588	6.1e-05	0.15	ATTTTTT
M025_0.6	HNRNPC	hsa_circ_0104808_Extracellular	4781	4787	+	11.4588	6.1e-05	0.15	ATTTTTT
M025_0.6	HNRNPC	hsa_circ_0102520_Extracellular	4805	4811	+	11.4588	6.1e-05	0.15	ATTTTTT
M025_0.6	HNRNPC	hsa_circ_0102520_Extracellular	4805	4811	+	11.4588	6.1e-05	0.15	ATTTTTT
M025_0.6	HNRNPC	hsa_circ_0102520_Extracellular	4838	4844	+	11.4588	6.1e-05	0.15	ATTTTTT
M025_0.6	HNRNPC	hsa_circ_0102520_Extracellular	4838	4844	+	11.4588	6.1e-05	0.15	ATTTTTT
M025_0.6	HNRNPC	mmu_circ_0000905_Extracellular	4849	4855	+	11.4588	6.1e-05	0.15	ATTTTTT
M025_0.6	HNRNPC	hsa_circ_0101018_Extracellular	4852	4858	+	11.4588	6.1e-05	0.15	ATTTTTT
M025_0.6	HNRNPC	hsa_circ_0101018_Extracellular	4852	4858	+	11.4588	6.1e-05	0.15	ATTTTTT
M025_0.6	HNRNPC	hsa_circ_0001306_Extracellular	4935	4941	+	11.4588	6.1e-05	0.15	ATTTTTT
M025_0.6	HNRNPC	hsa_circ_0001306_Extracellular	4935	4941	+	11.4588	6.1e-05	0.15	ATTTTTT
M025_0.6	HNRNPC	hsa_circ_0001306_Extracellular	4966	4972	+	11.4588	6.1e-05	0.15	ATTTTTT
M025_0.6	HNRNPC	hsa_circ_0001306_Extracellular	4966	4972	+	11.4588	6.1e-05	0.15	ATTTTTT
M025_0.6	HNRNPC	hsa_circ_0001306_Extracellular	5026	5032	+	11.4588	6.1e-05	0.15	ATTTTTT
M025_0.6	HNRNPC	hsa_circ_0001306_Extracellular	5026	5032	+	11.4588	6.1e-05	0.15	ATTTTTT
M025_0.6	HNRNPC	hsa_circ_0104708_Extracellular	5259	5265	+	11.4588	6.1e-05	0.15	ATTTTTT
M025_0.6	HNRNPC	hsa_circ_0104708_Extracellular	5259	5265	+	11.4588	6.1e-05	0.15	ATTTTTT
M025_0.6	HNRNPC	hsa_circ_0104708_Extracellular	5319	5325	+	11.4588	6.1e-05	0.15	ATTTTTT
M025_0.6	HNRNPC	hsa_circ_0104708_Extracellular	5319	5325	+	11.4588	6.1e-05	0.15	ATTTTTT
M025_0.6	HNRNPC	hsa_circ_0102520_Extracellular	5357	5363	+	11.4588	6.1e-05	0.15	ATTTTTT
M025_0.6	HNRNPC	hsa_circ_0102520_Extracellular	5357	5363	+	11.4588	6.1e-05	0.15	ATTTTTT
M025_0.6	HNRNPC	hsa_circ_0001306_Extracellular	5402	5408	+	11.4588	6.1e-05	0.15	ATTTTTT
M025_0.6	HNRNPC	hsa_circ_0001306_Extracellular	5402	5408	+	11.4588	6.1e-05	0.15	ATTTTTT
M025_0.6	HNRNPC	hsa_circ_0000090_Extracellular	5423	5429	+	11.4588	6.1e-05	0.15	ATTTTTT
M025_0.6	HNRNPC	hsa_circ_0000090_Extracellular	5423	5429	+	11.4588	6.1e-05	0.15	ATTTTTT
M025_0.6	HNRNPC	hsa_circ_0100988_Extracellular	5491	5497	+	11.4588	6.1e-05	0.15	ATTTTTT
M025_0.6	HNRNPC	hsa_circ_0100988_Extracellular	5491	5497	+	11.4588	6.1e-05	0.15	ATTTTTT
M025_0.6	HNRNPC	hsa_circ_0001704_Extracellular	5524	5530	+	11.4588	6.1e-05	0.15	ATTTTTT
M025_0.6	HNRNPC	hsa_circ_0001704_Extracellular	5524	5530	+	11.4588	6.1e-05	0.15	ATTTTTT
M025_0.6	HNRNPC	hsa_circ_0102294_Extracellular	5532	5538	+	11.4588	6.1e-05	0.15	ATTTTTT
M025_0.6	HNRNPC	hsa_circ_0102294_Extracellular	5532	5538	+	11.4588	6.1e-05	0.15	ATTTTTT
M025_0.6	HNRNPC	hsa_circ_0101018_Extracellular	5558	5564	+	11.4588	6.1e-05	0.15	ATTTTTT
M025_0.6	HNRNPC	hsa_circ_0101018_Extracellular	5558	5564	+	11.4588	6.1e-05	0.15	ATTTTTT
M025_0.6	HNRNPC	hsa_circ_0104761_Extracellular	5577	5583	+	11.4588	6.1e-05	0.15	ATTTTTT
M025_0.6	HNRNPC	hsa_circ_0104761_Extracellular	5577	5583	+	11.4588	6.1e-05	0.15	ATTTTTT
M025_0.6	HNRNPC	mmu_circ_0000713_Extracellular	5601	5607	+	11.4588	6.1e-05	0.15	ATTTTTT
M025_0.6	HNRNPC	hsa_circ_0004314_Extracellular	5634	5640	+	11.4588	6.1e-05	0.15	ATTTTTT
M025_0.6	HNRNPC	hsa_circ_0004314_Extracellular	5634	5640	+	11.4588	6.1e-05	0.15	ATTTTTT
M025_0.6	HNRNPC	hsa_circ_0001812_Extracellular	5716	5722	+	11.4588	6.1e-05	0.15	ATTTTTT
M025_0.6	HNRNPC	hsa_circ_0001812_Extracellular	5716	5722	+	11.4588	6.1e-05	0.15	ATTTTTT
M025_0.6	HNRNPC	hsa_circ_0103045_Extracellular	5719	5725	+	11.4588	6.1e-05	0.15	ATTTTTT
M025_0.6	HNRNPC	hsa_circ_0103045_Extracellular	5719	5725	+	11.4588	6.1e-05	0.15	ATTTTTT
M025_0.6	HNRNPC	hsa_circ_0004314_Extracellular	5773	5779	+	11.4588	6.1e-05	0.15	ATTTTTT
M025_0.6	HNRNPC	hsa_circ_0004314_Extracellular	5773	5779	+	11.4588	6.1e-05	0.15	ATTTTTT
M025_0.6	HNRNPC	hsa_circ_0104808_Extracellular	5780	5786	+	11.4588	6.1e-05	0.15	ATTTTTT
M025_0.6	HNRNPC	hsa_circ_0104808_Extracellular	5780	5786	+	11.4588	6.1e-05	0.15	ATTTTTT
M025_0.6	HNRNPC	hsa_circ_0004314_Extracellular	5833	5839	+	11.4588	6.1e-05	0.15	ATTTTTT
M025_0.6	HNRNPC	hsa_circ_0004314_Extracellular	5833	5839	+	11.4588	6.1e-05	0.15	ATTTTTT
M025_0.6	HNRNPC	hsa_circ_0000444_Extracellular	5882	5888	+	11.4588	6.1e-05	0.15	ATTTTTT
M025_0.6	HNRNPC	hsa_circ_0000444_Extracellular	5882	5888	+	11.4588	6.1e-05	0.15	ATTTTTT
M025_0.6	HNRNPC	hsa_circ_0000090_Extracellular	5889	5895	+	11.4588	6.1e-05	0.15	ATTTTTT
M025_0.6	HNRNPC	hsa_circ_0000090_Extracellular	5889	5895	+	11.4588	6.1e-05	0.15	ATTTTTT
M025_0.6	HNRNPC	hsa_circ_0100988_Extracellular	5935	5941	+	11.4588	6.1e-05	0.15	ATTTTTT
M025_0.6	HNRNPC	hsa_circ_0100988_Extracellular	5935	5941	+	11.4588	6.1e-05	0.15	ATTTTTT
M025_0.6	HNRNPC	hsa_circ_0001812_Extracellular	5938	5944	+	11.4588	6.1e-05	0.15	ATTTTTT
M025_0.6	HNRNPC	hsa_circ_0001812_Extracellular	5938	5944	+	11.4588	6.1e-05	0.15	ATTTTTT
M025_0.6	HNRNPC	hsa_circ_0009684_Extracellular	6003	6009	+	11.4588	6.1e-05	0.15	ATTTTTT
M025_0.6	HNRNPC	hsa_circ_0009684_Extracellular	6003	6009	+	11.4588	6.1e-05	0.15	ATTTTTT
M025_0.6	HNRNPC	hsa_circ_0100988_Extracellular	6095	6101	+	11.4588	6.1e-05	0.15	ATTTTTT
M025_0.6	HNRNPC	hsa_circ_0100988_Extracellular	6095	6101	+	11.4588	6.1e-05	0.15	ATTTTTT
M025_0.6	HNRNPC	hsa_circ_0009684_Extracellular	6147	6153	+	11.4588	6.1e-05	0.15	ATTTTTT
M025_0.6	HNRNPC	hsa_circ_0009684_Extracellular	6147	6153	+	11.4588	6.1e-05	0.15	ATTTTTT
M025_0.6	HNRNPC	hsa_circ_0009684_Extracellular	6433	6439	+	11.4588	6.1e-05	0.15	ATTTTTT
M025_0.6	HNRNPC	hsa_circ_0009684_Extracellular	6433	6439	+	11.4588	6.1e-05	0.15	ATTTTTT
M025_0.6	HNRNPC	hsa_circ_0104761_Extracellular	6553	6559	+	11.4588	6.1e-05	0.15	ATTTTTT
M025_0.6	HNRNPC	hsa_circ_0104761_Extracellular	6553	6559	+	11.4588	6.1e-05	0.15	ATTTTTT
M025_0.6	HNRNPC	hsa_circ_0000246_Extracellular	6644	6650	+	11.4588	6.1e-05	0.15	ATTTTTT
M025_0.6	HNRNPC	hsa_circ_0000246_Extracellular	6644	6650	+	11.4588	6.1e-05	0.15	ATTTTTT
M025_0.6	HNRNPC	hsa_circ_0000246_Extracellular	6704	6710	+	11.4588	6.1e-05	0.15	ATTTTTT
M025_0.6	HNRNPC	hsa_circ_0000246_Extracellular	6704	6710	+	11.4588	6.1e-05	0.15	ATTTTTT
M025_0.6	HNRNPC	hsa_circ_0000726_Extracellular	6867	6873	+	11.4588	6.1e-05	0.15	ATTTTTT
M025_0.6	HNRNPC	hsa_circ_0000726_Extracellular	6867	6873	+	11.4588	6.1e-05	0.15	ATTTTTT
M025_0.6	HNRNPC	hsa_circ_0000726_Extracellular	6927	6933	+	11.4588	6.1e-05	0.15	ATTTTTT
M025_0.6	HNRNPC	hsa_circ_0000726_Extracellular	6927	6933	+	11.4588	6.1e-05	0.15	ATTTTTT
M025_0.6	HNRNPC	hsa_circ_0000443_Extracellular	6964	6970	+	11.4588	6.1e-05	0.15	ATTTTTT
M025_0.6	HNRNPC	hsa_circ_0000442_Extracellular	6964	6970	+	11.4588	6.1e-05	0.15	ATTTTTT
M025_0.6	HNRNPC	hsa_circ_0000443_Extracellular	6964	6970	+	11.4588	6.1e-05	0.15	ATTTTTT
M025_0.6	HNRNPC	hsa_circ_0000442_Extracellular	6964	6970	+	11.4588	6.1e-05	0.15	ATTTTTT
M025_0.6	HNRNPC	hsa_circ_0000443_Extracellular	6964	6970	+	11.4588	6.1e-05	0.15	ATTTTTT
M025_0.6	HNRNPC	mmu_circ_0000713_Extracellular	7032	7038	+	11.4588	6.1e-05	0.15	ATTTTTT
M025_0.6	HNRNPC	hsa_circ_0000233_Extracellular	7080	7086	+	11.4588	6.1e-05	0.15	ATTTTTT
M025_0.6	HNRNPC	hsa_circ_0000233_Extracellular	7080	7086	+	11.4588	6.1e-05	0.15	ATTTTTT
M025_0.6	HNRNPC	hsa_circ_0000444_Extracellular	7128	7134	+	11.4588	6.1e-05	0.15	ATTTTTT
M025_0.6	HNRNPC	hsa_circ_0000444_Extracellular	7128	7134	+	11.4588	6.1e-05	0.15	ATTTTTT
M025_0.6	HNRNPC	hsa_circ_0000246_Extracellular	7271	7277	+	11.4588	6.1e-05	0.15	ATTTTTT
M025_0.6	HNRNPC	hsa_circ_0000246_Extracellular	7271	7277	+	11.4588	6.1e-05	0.15	ATTTTTT
M025_0.6	HNRNPC	hsa_circ_0004314_Extracellular	7397	7403	+	11.4588	6.1e-05	0.15	ATTTTTT
M025_0.6	HNRNPC	hsa_circ_0004314_Extracellular	7397	7403	+	11.4588	6.1e-05	0.15	ATTTTTT
M025_0.6	HNRNPC	hsa_circ_0000726_Extracellular	7420	7426	+	11.4588	6.1e-05	0.15	ATTTTTT
M025_0.6	HNRNPC	hsa_circ_0000726_Extracellular	7420	7426	+	11.4588	6.1e-05	0.15	ATTTTTT
M025_0.6	HNRNPC	hsa_circ_0001306_Extracellular	7611	7617	+	11.4588	6.1e-05	0.15	ATTTTTT
M025_0.6	HNRNPC	hsa_circ_0001306_Extracellular	7611	7617	+	11.4588	6.1e-05	0.15	ATTTTTT
M025_0.6	HNRNPC	hsa_circ_0000246_Extracellular	7623	7629	+	11.4588	6.1e-05	0.15	ATTTTTT
M025_0.6	HNRNPC	hsa_circ_0000246_Extracellular	7623	7629	+	11.4588	6.1e-05	0.15	ATTTTTT
M025_0.6	HNRNPC	hsa_circ_0000444_Extracellular	7665	7671	+	11.4588	6.1e-05	0.15	ATTTTTT
M025_0.6	HNRNPC	hsa_circ_0000444_Extracellular	7665	7671	+	11.4588	6.1e-05	0.15	ATTTTTT
M025_0.6	HNRNPC	mmu_circ_0000713_Extracellular	7923	7929	+	11.4588	6.1e-05	0.15	ATTTTTT
M025_0.6	HNRNPC	hsa_circ_0103176_Extracellular	7937	7943	+	11.4588	6.1e-05	0.15	ATTTTTT
M025_0.6	HNRNPC	hsa_circ_0103176_Extracellular	7937	7943	+	11.4588	6.1e-05	0.15	ATTTTTT
M025_0.6	HNRNPC	hsa_circ_0001306_Extracellular	7978	7984	+	11.4588	6.1e-05	0.15	ATTTTTT
M025_0.6	HNRNPC	hsa_circ_0001306_Extracellular	7978	7984	+	11.4588	6.1e-05	0.15	ATTTTTT
M025_0.6	HNRNPC	hsa_circ_0102520_Extracellular	8056	8062	+	11.4588	6.1e-05	0.15	ATTTTTT
M025_0.6	HNRNPC	hsa_circ_0102520_Extracellular	8056	8062	+	11.4588	6.1e-05	0.15	ATTTTTT
M025_0.6	HNRNPC	hsa_circ_0000246_Extracellular	8075	8081	+	11.4588	6.1e-05	0.15	ATTTTTT
M025_0.6	HNRNPC	hsa_circ_0000246_Extracellular	8075	8081	+	11.4588	6.1e-05	0.15	ATTTTTT
M025_0.6	HNRNPC	hsa_circ_0004314_Extracellular	8351	8357	+	11.4588	6.1e-05	0.15	ATTTTTT
M025_0.6	HNRNPC	hsa_circ_0004314_Extracellular	8351	8357	+	11.4588	6.1e-05	0.15	ATTTTTT
M025_0.6	HNRNPC	hsa_circ_0104980_Extracellular	8430	8436	+	11.4588	6.1e-05	0.15	ATTTTTT
M025_0.6	HNRNPC	hsa_circ_0104980_Extracellular	8430	8436	+	11.4588	6.1e-05	0.15	ATTTTTT
M025_0.6	HNRNPC	hsa_circ_0000090_Extracellular	8704	8710	+	11.4588	6.1e-05	0.15	ATTTTTT
M025_0.6	HNRNPC	hsa_circ_0000090_Extracellular	8704	8710	+	11.4588	6.1e-05	0.15	ATTTTTT
M025_0.6	HNRNPC	hsa_circ_0000246_Extracellular	8745	8751	+	11.4588	6.1e-05	0.15	ATTTTTT
M025_0.6	HNRNPC	hsa_circ_0000246_Extracellular	8745	8751	+	11.4588	6.1e-05	0.15	ATTTTTT
M025_0.6	HNRNPC	mmu_circ_0000905_Extracellular	8776	8782	+	11.4588	6.1e-05	0.15	ATTTTTT
M025_0.6	HNRNPC	hsa_circ_0004314_Extracellular	8926	8932	+	11.4588	6.1e-05	0.15	ATTTTTT
M025_0.6	HNRNPC	hsa_circ_0004314_Extracellular	8926	8932	+	11.4588	6.1e-05	0.15	ATTTTTT
M025_0.6	HNRNPC	hsa_circ_0001812_Extracellular	9001	9007	+	11.4588	6.1e-05	0.15	ATTTTTT
M025_0.6	HNRNPC	hsa_circ_0001812_Extracellular	9001	9007	+	11.4588	6.1e-05	0.15	ATTTTTT
M025_0.6	HNRNPC	hsa_circ_0001306_Extracellular	9105	9111	+	11.4588	6.1e-05	0.15	ATTTTTT
M025_0.6	HNRNPC	hsa_circ_0001306_Extracellular	9105	9111	+	11.4588	6.1e-05	0.15	ATTTTTT
M025_0.6	HNRNPC	hsa_circ_0104980_Extracellular	9205	9211	+	11.4588	6.1e-05	0.15	ATTTTTT
M025_0.6	HNRNPC	hsa_circ_0104980_Extracellular	9205	9211	+	11.4588	6.1e-05	0.15	ATTTTTT
M025_0.6	HNRNPC	hsa_circ_0104980_Extracellular	9265	9271	+	11.4588	6.1e-05	0.15	ATTTTTT
M025_0.6	HNRNPC	hsa_circ_0104980_Extracellular	9265	9271	+	11.4588	6.1e-05	0.15	ATTTTTT
M025_0.6	HNRNPC	hsa_circ_0104808_Extracellular	9432	9438	+	11.4588	6.1e-05	0.15	ATTTTTT
M025_0.6	HNRNPC	hsa_circ_0104808_Extracellular	9432	9438	+	11.4588	6.1e-05	0.15	ATTTTTT
M025_0.6	HNRNPC	hsa_circ_0000090_Extracellular	9464	9470	+	11.4588	6.1e-05	0.15	ATTTTTT
M025_0.6	HNRNPC	hsa_circ_0000090_Extracellular	9464	9470	+	11.4588	6.1e-05	0.15	ATTTTTT
M025_0.6	HNRNPC	hsa_circ_0000090_Extracellular	9521	9527	+	11.4588	6.1e-05	0.15	ATTTTTT
M025_0.6	HNRNPC	hsa_circ_0000090_Extracellular	9521	9527	+	11.4588	6.1e-05	0.15	ATTTTTT
M025_0.6	HNRNPC	mmu_circ_0000905_Extracellular	9930	9936	+	11.4588	6.1e-05	0.15	ATTTTTT
M025_0.6	HNRNPC	mmu_circ_0000905_Extracellular	9990	9996	+	11.4588	6.1e-05	0.15	ATTTTTT
M025_0.6	HNRNPC	hsa_circ_0000444_Extracellular	10319	10325	+	11.4588	6.1e-05	0.15	ATTTTTT
M025_0.6	HNRNPC	hsa_circ_0000444_Extracellular	10319	10325	+	11.4588	6.1e-05	0.15	ATTTTTT
M025_0.6	HNRNPC	hsa_circ_0103045_Extracellular	10535	10541	+	11.4588	6.1e-05	0.15	ATTTTTT
M025_0.6	HNRNPC	hsa_circ_0103045_Extracellular	10535	10541	+	11.4588	6.1e-05	0.15	ATTTTTT
M025_0.6	HNRNPC	hsa_circ_0104980_Extracellular	10596	10602	+	11.4588	6.1e-05	0.15	ATTTTTT
M025_0.6	HNRNPC	hsa_circ_0104980_Extracellular	10596	10602	+	11.4588	6.1e-05	0.15	ATTTTTT
M025_0.6	HNRNPC	hsa_circ_0000090_Extracellular	10855	10861	+	11.4588	6.1e-05	0.15	ATTTTTT
M025_0.6	HNRNPC	hsa_circ_0000090_Extracellular	10855	10861	+	11.4588	6.1e-05	0.15	ATTTTTT
M025_0.6	HNRNPC	hsa_circ_0104808_Extracellular	11624	11630	+	11.4588	6.1e-05	0.15	ATTTTTT
M025_0.6	HNRNPC	hsa_circ_0104808_Extracellular	11624	11630	+	11.4588	6.1e-05	0.15	ATTTTTT
M025_0.6	HNRNPC	hsa_circ_0104980_Extracellular	11765	11771	+	11.4588	6.1e-05	0.15	ATTTTTT
M025_0.6	HNRNPC	hsa_circ_0104980_Extracellular	11765	11771	+	11.4588	6.1e-05	0.15	ATTTTTT
M025_0.6	HNRNPC	hsa_circ_0104808_Extracellular	11913	11919	+	11.4588	6.1e-05	0.15	ATTTTTT
M025_0.6	HNRNPC	hsa_circ_0104808_Extracellular	11913	11919	+	11.4588	6.1e-05	0.15	ATTTTTT
M025_0.6	HNRNPC	hsa_circ_0001306_Extracellular	12088	12094	+	11.4588	6.1e-05	0.15	ATTTTTT
M025_0.6	HNRNPC	hsa_circ_0001306_Extracellular	12088	12094	+	11.4588	6.1e-05	0.15	ATTTTTT
M328_0.6	ELAVL2	hsa_circ_0104808_Extracellular	4291	4304	+	10.9408	6.12e-05	0.0514	TTGCTTTTCTTTAT
M328_0.6	ELAVL2	hsa_circ_0104808_Extracellular	4291	4304	+	10.9408	6.12e-05	0.0514	TTGCTTTTCTTTAT
M328_0.6	ELAVL2	hsa_circ_0000090_Extracellular	10750	10763	+	10.9408	6.12e-05	0.0514	TTCATTTAATTTAT
M328_0.6	ELAVL2	hsa_circ_0000090_Extracellular	10750	10763	+	10.9408	6.12e-05	0.0514	TTCATTTAATTTAT
M328_0.6	ELAVL2	hsa_circ_0103757_Extracellular	62	75	+	10.9349	6.15e-05	0.0514	ATTATTTCCATTAG
M328_0.6	ELAVL2	hsa_circ_0103757_Extracellular	62	75	+	10.9349	6.15e-05	0.0514	ATTATTTCCATTAG
M328_0.6	ELAVL2	hsa_circ_0001683_Extracellular	147	160	+	10.9349	6.15e-05	0.0514	GTTCTTTTGATTCT
M328_0.6	ELAVL2	hsa_circ_0001683_Extracellular	147	160	+	10.9349	6.15e-05	0.0514	GTTCTTTTGATTCT
M328_0.6	ELAVL2	hsa_circ_0000377_Extracellular	224	237	+	10.9349	6.15e-05	0.0514	ACCATTTTCATTTC
M328_0.6	ELAVL2	hsa_circ_0000377_Extracellular	224	237	+	10.9349	6.15e-05	0.0514	ACCATTTTCATTTC
M328_0.6	ELAVL2	hsa_circ_0101493_Extracellular	1900	1913	+	10.9349	6.15e-05	0.0514	AATCTTTTTCTTTT
M328_0.6	ELAVL2	hsa_circ_0101493_Extracellular	1900	1913	+	10.9349	6.15e-05	0.0514	AATCTTTTTCTTTT
M328_0.6	ELAVL2	hsa_circ_0104904_Extracellular	12374	12387	+	10.9349	6.15e-05	0.0514	TTTCTTTCTTTACT
M328_0.6	ELAVL2	hsa_circ_0104904_Extracellular	12374	12387	+	10.9349	6.15e-05	0.0514	TTTCTTTCTTTACT
M328_0.6	ELAVL2	hsa_circ_0004314_Extracellular	2341	2354	+	10.929	6.18e-05	0.0514	TTAATTTTTATATG
M328_0.6	ELAVL2	hsa_circ_0004314_Extracellular	2341	2354	+	10.929	6.18e-05	0.0514	TTAATTTTTATATG
M328_0.6	ELAVL2	hsa_circ_0000726_Extracellular	681	694	+	10.9231	6.21e-05	0.0514	ACTTTTTTTTTTTT
M328_0.6	ELAVL2	hsa_circ_0000726_Extracellular	681	694	+	10.9231	6.21e-05	0.0514	ACTTTTTTTTTTTT
M328_0.6	ELAVL2	hsa_circ_0102762_Extracellular	1274	1287	+	10.9231	6.21e-05	0.0514	CTTCTTTGTTTGTG
M328_0.6	ELAVL2	hsa_circ_0102762_Extracellular	1274	1287	+	10.9231	6.21e-05	0.0514	CTTCTTTGTTTGTG
M328_0.6	ELAVL2	hsa_circ_0000443_Extracellular	5582	5595	+	10.9231	6.21e-05	0.0514	ACTTTTTTTTTTTT
M328_0.6	ELAVL2	hsa_circ_0000443_Extracellular	5582	5595	+	10.9231	6.21e-05	0.0514	ACTTTTTTTTTTTT
M328_0.6	ELAVL2	hsa_circ_0000442_Extracellular	5582	5595	+	10.9231	6.21e-05	0.0514	ACTTTTTTTTTTTT
M328_0.6	ELAVL2	hsa_circ_0000443_Extracellular	5582	5595	+	10.9231	6.21e-05	0.0514	ACTTTTTTTTTTTT
M328_0.6	ELAVL2	hsa_circ_0000442_Extracellular	5582	5595	+	10.9231	6.21e-05	0.0514	ACTTTTTTTTTTTT
M328_0.6	ELAVL2	hsa_circ_0001306_Extracellular	7389	7402	+	10.9231	6.21e-05	0.0514	ACTTTTTTTTTTTT
M328_0.6	ELAVL2	hsa_circ_0001306_Extracellular	7389	7402	+	10.9231	6.21e-05	0.0514	ACTTTTTTTTTTTT
M328_0.6	ELAVL2	hsa_circ_0000444_Extracellular	8937	8950	+	10.9231	6.21e-05	0.0514	ACTTTTTTTTTTTT
M328_0.6	ELAVL2	hsa_circ_0000444_Extracellular	8937	8950	+	10.9231	6.21e-05	0.0514	ACTTTTTTTTTTTT
M328_0.6	ELAVL2	hsa_circ_0104904_Extracellular	11665	11678	+	10.9231	6.21e-05	0.0514	ACTTTTTTTTTTTT
M328_0.6	ELAVL2	hsa_circ_0104904_Extracellular	11665	11678	+	10.9231	6.21e-05	0.0514	ACTTTTTTTTTTTT
M328_0.6	ELAVL2	hsa_circ_0001306_Extracellular	5156	5169	+	10.9172	6.25e-05	0.0516	CTAATTTTTATATT
M328_0.6	ELAVL2	hsa_circ_0001306_Extracellular	5156	5169	+	10.9172	6.25e-05	0.0516	CTAATTTTTATATT
M328_0.6	ELAVL2	hsa_circ_0000444_Extracellular	2055	2068	+	10.9112	6.27e-05	0.0517	TTTCTTTTTCTTAA
M328_0.6	ELAVL2	hsa_circ_0000444_Extracellular	2055	2068	+	10.9112	6.27e-05	0.0517	TTTCTTTTTCTTAA
M328_0.6	ELAVL2	hsa_circ_0104808_Extracellular	1974	1987	+	10.8876	6.4e-05	0.0527	TTCATTTTATTTAC
M328_0.6	ELAVL2	hsa_circ_0104808_Extracellular	1974	1987	+	10.8876	6.4e-05	0.0527	TTCATTTTATTTAC
M328_0.6	ELAVL2	hsa_circ_0101319_Extracellular	141	154	+	10.8817	6.43e-05	0.0528	CCCCTTTTTAGTTT
M328_0.6	ELAVL2	hsa_circ_0101319_Extracellular	141	154	+	10.8817	6.43e-05	0.0528	CCCCTTTTTAGTTT
M328_0.6	ELAVL2	hsa_circ_0001014_Extracellular	166	179	+	10.8817	6.43e-05	0.0528	TTCCTTTCTGTTTC
M328_0.6	ELAVL2	hsa_circ_0001014_Extracellular	166	179	+	10.8817	6.43e-05	0.0528	TTCCTTTCTGTTTC
M328_0.6	ELAVL2	hsa_circ_0001013_Extracellular	1687	1700	+	10.8817	6.43e-05	0.0528	TTCCTTTCTGTTTC
M328_0.6	ELAVL2	hsa_circ_0001013_Extracellular	1687	1700	+	10.8817	6.43e-05	0.0528	TTCCTTTCTGTTTC
M328_0.6	ELAVL2	hsa_circ_0101493_Extracellular	3878	3891	+	10.8757	6.47e-05	0.0529	CCTATTTTGTTTTT
M328_0.6	ELAVL2	hsa_circ_0101493_Extracellular	3878	3891	+	10.8757	6.47e-05	0.0529	CCTATTTTGTTTTT
M328_0.6	ELAVL2	hsa_circ_0000443_Extracellular	1664	1677	+	10.8698	6.5e-05	0.0529	ACTATTTTTTATCT
M328_0.6	ELAVL2	hsa_circ_0000443_Extracellular	1664	1677	+	10.8698	6.5e-05	0.0529	ACTATTTTTTATCT
M328_0.6	ELAVL2	hsa_circ_0000442_Extracellular	1664	1677	+	10.8698	6.5e-05	0.0529	ACTATTTTTTATCT
M328_0.6	ELAVL2	hsa_circ_0000443_Extracellular	1664	1677	+	10.8698	6.5e-05	0.0529	ACTATTTTTTATCT
M328_0.6	ELAVL2	hsa_circ_0000442_Extracellular	1664	1677	+	10.8698	6.5e-05	0.0529	ACTATTTTTTATCT
M328_0.6	ELAVL2	hsa_circ_0000973_Extracellular	2176	2189	+	10.8698	6.5e-05	0.0529	AGTCTTTTTTTTTT
M328_0.6	ELAVL2	hsa_circ_0000973_Extracellular	2176	2189	+	10.8698	6.5e-05	0.0529	AGTCTTTTTTTTTT
M328_0.6	ELAVL2	hsa_circ_0000246_Extracellular	7433	7446	+	10.8698	6.5e-05	0.0529	AGTCTTTTTTTTTT
M328_0.6	ELAVL2	hsa_circ_0000246_Extracellular	7433	7446	+	10.8698	6.5e-05	0.0529	AGTCTTTTTTTTTT
M328_0.6	ELAVL2	hsa_circ_0103176_Extracellular	2347	2360	+	10.8639	6.52e-05	0.0531	ATTCTTTTATATCT
M328_0.6	ELAVL2	hsa_circ_0103176_Extracellular	2347	2360	+	10.8639	6.52e-05	0.0531	ATTCTTTTATATCT
M328_0.6	ELAVL2	hsa_circ_0000726_Extracellular	8526	8539	+	10.858	6.56e-05	0.0533	TTTATTTGGTTTCT
M328_0.6	ELAVL2	hsa_circ_0000726_Extracellular	8526	8539	+	10.858	6.56e-05	0.0533	TTTATTTGGTTTCT
M328_0.6	ELAVL2	hsa_circ_0000444_Extracellular	1608	1621	+	10.8521	6.59e-05	0.0533	TTTGTTTGTTTTTG
M328_0.6	ELAVL2	hsa_circ_0000444_Extracellular	1608	1621	+	10.8521	6.59e-05	0.0533	TTTGTTTGTTTTTG
M328_0.6	ELAVL2	hsa_circ_0000444_Extracellular	1668	1681	+	10.8521	6.59e-05	0.0533	TTTGTTTGTTTTTG
M328_0.6	ELAVL2	hsa_circ_0000444_Extracellular	1668	1681	+	10.8521	6.59e-05	0.0533	TTTGTTTGTTTTTG
M328_0.6	ELAVL2	hsa_circ_0004314_Extracellular	2666	2679	+	10.8521	6.59e-05	0.0533	TTCCTTTCCTTTCC
M328_0.6	ELAVL2	hsa_circ_0004314_Extracellular	2666	2679	+	10.8521	6.59e-05	0.0533	TTCCTTTCCTTTCC
M328_0.6	ELAVL2	hsa_circ_0001306_Extracellular	7777	7790	+	10.8521	6.59e-05	0.0533	TTTTTTTGTTTTTG
M328_0.6	ELAVL2	hsa_circ_0001306_Extracellular	7777	7790	+	10.8521	6.59e-05	0.0533	TTTTTTTGTTTTTG
M328_0.6	ELAVL2	hsa_circ_0104904_Extracellular	9708	9721	+	10.8462	6.62e-05	0.0534	ATTCTTTTTAATAA
M328_0.6	ELAVL2	hsa_circ_0104904_Extracellular	9708	9721	+	10.8462	6.62e-05	0.0534	ATTCTTTTTAATAA
M328_0.6	ELAVL2	mmu_circ_0001355_Extracellular	213	226	+	10.8402	6.65e-05	0.0536	GCTCTTTATATTTG
M328_0.6	ELAVL2	hsa_circ_0101018_Extracellular	2928	2941	+	10.8343	6.69e-05	0.0538	CTGATTTATTTATT
M328_0.6	ELAVL2	hsa_circ_0101018_Extracellular	2928	2941	+	10.8343	6.69e-05	0.0538	CTGATTTATTTATT
M328_0.6	ELAVL2	hsa_circ_0000377_Extracellular	3611	3624	+	10.8343	6.69e-05	0.0538	TCTCTTTCTATTTT
M328_0.6	ELAVL2	hsa_circ_0000377_Extracellular	3611	3624	+	10.8343	6.69e-05	0.0538	TCTCTTTCTATTTT
M328_0.6	ELAVL2	hsa_circ_0001812_Extracellular	6969	6982	+	10.8343	6.69e-05	0.0538	CCCCTTTGTTTTGG
M328_0.6	ELAVL2	hsa_circ_0001812_Extracellular	6969	6982	+	10.8343	6.69e-05	0.0538	CCCCTTTGTTTTGG
M328_0.6	ELAVL2	hsa_circ_0009128_Extracellular	330	343	+	10.8284	6.72e-05	0.0539	TTCTTTTATTTTCC
M328_0.6	ELAVL2	hsa_circ_0006559_Extracellular	330	343	+	10.8284	6.72e-05	0.0539	TTCTTTTATTTTCC
M328_0.6	ELAVL2	hsa_circ_0006559_Extracellular	330	343	+	10.8284	6.72e-05	0.0539	TTCTTTTATTTTCC
M328_0.6	ELAVL2	hsa_circ_0102520_Extracellular	7728	7741	+	10.8284	6.72e-05	0.0539	ATCATTTCTTTAAT
M328_0.6	ELAVL2	hsa_circ_0102520_Extracellular	7728	7741	+	10.8284	6.72e-05	0.0539	ATCATTTCTTTAAT
M328_0.6	ELAVL2	hsa_circ_0001812_Extracellular	2434	2447	+	10.8225	6.76e-05	0.0539	TTTCTTTTTTTAAA
M328_0.6	ELAVL2	hsa_circ_0001812_Extracellular	2434	2447	+	10.8225	6.76e-05	0.0539	TTTCTTTTTTTAAA
M328_0.6	ELAVL2	hsa_circ_0000246_Extracellular	2861	2874	+	10.8225	6.76e-05	0.0539	AATCTTTTATTTTT
M328_0.6	ELAVL2	hsa_circ_0000246_Extracellular	2861	2874	+	10.8225	6.76e-05	0.0539	AATCTTTTATTTTT
M328_0.6	ELAVL2	hsa_circ_0103140_Extracellular	4548	4561	+	10.8225	6.76e-05	0.0539	TTGATTTAATTTTG
M328_0.6	ELAVL2	hsa_circ_0103140_Extracellular	4548	4561	+	10.8225	6.76e-05	0.0539	TTGATTTAATTTTG
M328_0.6	ELAVL2	hsa_circ_0102520_Extracellular	7329	7342	+	10.8225	6.76e-05	0.0539	TTTCTTTTTTTAAC
M328_0.6	ELAVL2	hsa_circ_0102520_Extracellular	7329	7342	+	10.8225	6.76e-05	0.0539	TTTCTTTTTTTAAC
M328_0.6	ELAVL2	hsa_circ_0021330_Extracellular	420	433	+	10.8166	6.79e-05	0.054	ATTGTTTTTATATG
M328_0.6	ELAVL2	hsa_circ_0067832_Extracellular	659	672	+	10.8166	6.79e-05	0.054	TCTATTTATATTCA
M328_0.6	ELAVL2	hsa_circ_0002027_Extracellular	72	85	+	10.8107	6.82e-05	0.0543	ATCATTTAGATATG
M328_0.6	ELAVL2	hsa_circ_0104808_Extracellular	3801	3814	+	10.8047	6.86e-05	0.0543	GTTTTTTTTTTTTG
M328_0.6	ELAVL2	hsa_circ_0104808_Extracellular	3801	3814	+	10.8047	6.86e-05	0.0543	GTTTTTTTTTTTTG
M328_0.6	ELAVL2	hsa_circ_0103829_Extracellular	117	130	+	10.7988	6.89e-05	0.0543	TTTCTTTTGTTTAC
M328_0.6	ELAVL2	hsa_circ_0103829_Extracellular	117	130	+	10.7988	6.89e-05	0.0543	TTTCTTTTGTTTAC
M328_0.6	ELAVL2	hsa_circ_0103830_Extracellular	701	714	+	10.7988	6.89e-05	0.0543	TTTCTTTTGTTTAC
M328_0.6	ELAVL2	hsa_circ_0103830_Extracellular	701	714	+	10.7988	6.89e-05	0.0543	TTTCTTTTGTTTAC
M328_0.6	ELAVL2	hsa_circ_0000443_Extracellular	7107	7120	+	10.7988	6.89e-05	0.0543	TAGCTTTTTATTTT
M328_0.6	ELAVL2	hsa_circ_0000443_Extracellular	7107	7120	+	10.7988	6.89e-05	0.0543	TAGCTTTTTATTTT
M328_0.6	ELAVL2	hsa_circ_0000442_Extracellular	7107	7120	+	10.7988	6.89e-05	0.0543	TAGCTTTTTATTTT
M328_0.6	ELAVL2	hsa_circ_0000443_Extracellular	7107	7120	+	10.7988	6.89e-05	0.0543	TAGCTTTTTATTTT
M328_0.6	ELAVL2	hsa_circ_0000442_Extracellular	7107	7120	+	10.7988	6.89e-05	0.0543	TAGCTTTTTATTTT
M328_0.6	ELAVL2	hsa_circ_0103176_Extracellular	7544	7557	+	10.7988	6.89e-05	0.0543	ACAATTTTTATTTC
M328_0.6	ELAVL2	hsa_circ_0103176_Extracellular	7544	7557	+	10.7988	6.89e-05	0.0543	ACAATTTTTATTTC
M328_0.6	ELAVL2	hsa_circ_0000444_Extracellular	10462	10475	+	10.7988	6.89e-05	0.0543	TAGCTTTTTATTTT
M328_0.6	ELAVL2	hsa_circ_0000444_Extracellular	10462	10475	+	10.7988	6.89e-05	0.0543	TAGCTTTTTATTTT
M328_0.6	ELAVL2	mmu_circ_0000905_Extracellular	4770	4783	+	10.7929	6.92e-05	0.0545	CCTATTTAATTTCG
M328_0.6	ELAVL2	hsa_circ_0009684_Extracellular	7039	7052	+	10.7929	6.92e-05	0.0545	TTTCTTTTCCTTTT
M328_0.6	ELAVL2	hsa_circ_0009684_Extracellular	7039	7052	+	10.7929	6.92e-05	0.0545	TTTCTTTTCCTTTT
M328_0.6	ELAVL2	hsa_circ_0104808_Extracellular	11913	11926	+	10.787	6.95e-05	0.0547	ATTTTTTATATTTA
M328_0.6	ELAVL2	hsa_circ_0104808_Extracellular	11913	11926	+	10.787	6.95e-05	0.0547	ATTTTTTATATTTA
M328_0.6	ELAVL2	hsa_circ_0103757_Extracellular	807	820	+	10.7811	6.99e-05	0.0549	CTCCTTTGTTATCC
M328_0.6	ELAVL2	hsa_circ_0103757_Extracellular	807	820	+	10.7811	6.99e-05	0.0549	CTCCTTTGTTATCC
M328_0.6	ELAVL2	hsa_circ_0100913_Extracellular	1228	1241	+	10.7751	7.02e-05	0.0549	ATTATTTATTATAT
M328_0.6	ELAVL2	hsa_circ_0100917_Extracellular	1228	1241	+	10.7751	7.02e-05	0.0549	ATTATTTATTATAT
M328_0.6	ELAVL2	hsa_circ_0100913_Extracellular	1228	1241	+	10.7751	7.02e-05	0.0549	ATTATTTATTATAT
M328_0.6	ELAVL2	hsa_circ_0100915_Extracellular	1228	1241	+	10.7751	7.02e-05	0.0549	ATTATTTATTATAT
M328_0.6	ELAVL2	hsa_circ_0100917_Extracellular	1228	1241	+	10.7751	7.02e-05	0.0549	ATTATTTATTATAT
M328_0.6	ELAVL2	hsa_circ_0100915_Extracellular	1228	1241	+	10.7751	7.02e-05	0.0549	ATTATTTATTATAT
M328_0.6	ELAVL2	hsa_circ_0103177_Extracellular	1013	1026	+	10.7692	7.06e-05	0.055	CTTCTTTTAGTTCA
M328_0.6	ELAVL2	hsa_circ_0103177_Extracellular	1013	1026	+	10.7692	7.06e-05	0.055	CTTCTTTTAGTTCA
M328_0.6	ELAVL2	hsa_circ_0000965_Extracellular	2383	2396	+	10.7692	7.06e-05	0.055	TTGTTTTTTTTTTT
M328_0.6	ELAVL2	hsa_circ_0000965_Extracellular	2383	2396	+	10.7692	7.06e-05	0.055	TTGTTTTTTTTTTT
M328_0.6	ELAVL2	hsa_circ_0000965_Extracellular	2383	2396	+	10.7692	7.06e-05	0.055	TTGTTTTTTTTTTT
M328_0.6	ELAVL2	hsa_circ_0001812_Extracellular	4621	4634	+	10.7692	7.06e-05	0.055	TTGGTTTTTTTTTT
M328_0.6	ELAVL2	hsa_circ_0001812_Extracellular	4621	4634	+	10.7692	7.06e-05	0.055	TTGGTTTTTTTTTT
M328_0.6	ELAVL2	mmu_circ_0000905_Extracellular	8992	9005	+	10.7633	7.1e-05	0.0553	TTTCTTTTCTTTGT
M328_0.6	ELAVL2	hsa_circ_0063313_Extracellular	1898	1911	+	10.7456	7.2e-05	0.0555	GTCTTTTTTTTTTT
M328_0.6	ELAVL2	hsa_circ_0063313_Extracellular	1898	1911	+	10.7456	7.2e-05	0.0555	GTCTTTTTTTTTTT
M328_0.6	ELAVL2	hsa_circ_0063313_Extracellular	1898	1911	+	10.7456	7.2e-05	0.0555	GTCTTTTTTTTTTT
M328_0.6	ELAVL2	hsa_circ_0000973_Extracellular	2177	2190	+	10.7456	7.2e-05	0.0555	GTCTTTTTTTTTTT
M328_0.6	ELAVL2	hsa_circ_0000973_Extracellular	2177	2190	+	10.7456	7.2e-05	0.0555	GTCTTTTTTTTTTT
M328_0.6	ELAVL2	hsa_circ_0000246_Extracellular	3575	3588	+	10.7456	7.2e-05	0.0555	GTCTTTTTTTTTTT
M328_0.6	ELAVL2	hsa_circ_0000246_Extracellular	3575	3588	+	10.7456	7.2e-05	0.0555	GTCTTTTTTTTTTT
M328_0.6	ELAVL2	hsa_circ_0009684_Extracellular	6299	6312	+	10.7456	7.2e-05	0.0555	CATATTTGTTTTTT
M328_0.6	ELAVL2	hsa_circ_0009684_Extracellular	6299	6312	+	10.7456	7.2e-05	0.0555	CATATTTGTTTTTT
M328_0.6	ELAVL2	hsa_circ_0000246_Extracellular	7374	7387	+	10.7456	7.2e-05	0.0555	GTCTTTTTTTTTTT
M328_0.6	ELAVL2	hsa_circ_0000246_Extracellular	7374	7387	+	10.7456	7.2e-05	0.0555	GTCTTTTTTTTTTT
M328_0.6	ELAVL2	hsa_circ_0103045_Extracellular	8087	8100	+	10.7456	7.2e-05	0.0555	ATAATTTATTTATT
M328_0.6	ELAVL2	hsa_circ_0103045_Extracellular	8087	8100	+	10.7456	7.2e-05	0.0555	ATAATTTATTTATT
M328_0.6	ELAVL2	hsa_circ_0104904_Extracellular	11605	11618	+	10.7456	7.2e-05	0.0555	GTCTTTTTTTTTTT
M328_0.6	ELAVL2	hsa_circ_0104904_Extracellular	11605	11618	+	10.7456	7.2e-05	0.0555	GTCTTTTTTTTTTT
M328_0.6	ELAVL2	hsa_circ_0001306_Extracellular	4963	4976	+	10.7396	7.23e-05	0.0557	TAAATTTTTTTTTG
M328_0.6	ELAVL2	hsa_circ_0001306_Extracellular	4963	4976	+	10.7396	7.23e-05	0.0557	TAAATTTTTTTTTG
M328_0.6	ELAVL2	hsa_circ_0001014_Extracellular	291	304	+	10.7337	7.27e-05	0.0558	TTCCTTTATTGTAT
M328_0.6	ELAVL2	hsa_circ_0001014_Extracellular	291	304	+	10.7337	7.27e-05	0.0558	TTCCTTTATTGTAT
M328_0.6	ELAVL2	hsa_circ_0101066_Extracellular	776	789	+	10.7337	7.27e-05	0.0558	ATTATTTATAATCC
M328_0.6	ELAVL2	hsa_circ_0101066_Extracellular	776	789	+	10.7337	7.27e-05	0.0558	ATTATTTATAATCC
M328_0.6	ELAVL2	mmu_circ_0000905_Extracellular	7594	7607	+	10.716	7.37e-05	0.0566	CTCATCTTTTTTTG
M328_0.6	ELAVL2	hsa_circ_0103572_Extracellular	353	366	+	10.7101	7.41e-05	0.0566	ATCATTTATTCTCG
M328_0.6	ELAVL2	hsa_circ_0103572_Extracellular	353	366	+	10.7101	7.41e-05	0.0566	ATCATTTATTCTCG
M328_0.6	ELAVL2	hsa_circ_0102294_Extracellular	2180	2193	+	10.7101	7.41e-05	0.0566	TTTATTTATTTGTG
M328_0.6	ELAVL2	hsa_circ_0102294_Extracellular	2180	2193	+	10.7101	7.41e-05	0.0566	TTTATTTATTTGTG
M328_0.6	ELAVL2	hsa_circ_0104761_Extracellular	2867	2880	+	10.7101	7.41e-05	0.0566	ATTATTTATCTATG
M328_0.6	ELAVL2	hsa_circ_0104761_Extracellular	2867	2880	+	10.7101	7.41e-05	0.0566	ATTATTTATCTATG
M328_0.6	ELAVL2	hsa_circ_0091803_Extracellular	5023	5036	+	10.7101	7.41e-05	0.0566	CTTTTTTTTGTTTT
M328_0.6	ELAVL2	hsa_circ_0103045_Extracellular	8031	8044	+	10.7101	7.41e-05	0.0566	TTTATTTATTTACA
M328_0.6	ELAVL2	hsa_circ_0103045_Extracellular	8031	8044	+	10.7101	7.41e-05	0.0566	TTTATTTATTTACA
M328_0.6	ELAVL2	hsa_circ_0103045_Extracellular	8091	8104	+	10.7101	7.41e-05	0.0566	TTTATTTATTTACA
M328_0.6	ELAVL2	hsa_circ_0103045_Extracellular	8091	8104	+	10.7101	7.41e-05	0.0566	TTTATTTATTTACA
M328_0.6	ELAVL2	hsa_circ_0001288_Extracellular	86	99	+	10.7041	7.44e-05	0.0567	ATTCTTTTTTCTTT
M328_0.6	ELAVL2	hsa_circ_0001288_Extracellular	86	99	+	10.7041	7.44e-05	0.0567	ATTCTTTTTTCTTT
M328_0.6	ELAVL2	hsa_circ_0091803_Extracellular	4936	4949	+	10.7041	7.44e-05	0.0567	CTTTTTTCTTTTCT
M328_0.6	ELAVL2	hsa_circ_0102762_Extracellular	1526	1539	+	10.6982	7.48e-05	0.0568	TTTTTTTTTATTTA
M328_0.6	ELAVL2	hsa_circ_0102762_Extracellular	1526	1539	+	10.6982	7.48e-05	0.0568	TTTTTTTTTATTTA
M328_0.6	ELAVL2	hsa_circ_0103140_Extracellular	2542	2555	+	10.6982	7.48e-05	0.0568	TTTGTTTTTATTTC
M328_0.6	ELAVL2	hsa_circ_0103140_Extracellular	2542	2555	+	10.6982	7.48e-05	0.0568	TTTGTTTTTATTTC
M328_0.6	ELAVL2	hsa_circ_0085428_Extracellular	2949	2962	+	10.6982	7.48e-05	0.0568	TTTGTTTTTATTTC
M328_0.6	ELAVL2	mmu_circ_0000713_Extracellular	4136	4149	+	10.6982	7.48e-05	0.0568	TTTTTTTTTATTTA
M328_0.6	ELAVL2	hsa_circ_0000264_Extracellular	369	382	+	10.6923	7.52e-05	0.057	TTTGTTTTCTTTCG
M328_0.6	ELAVL2	hsa_circ_0000264_Extracellular	369	382	+	10.6923	7.52e-05	0.057	TTTGTTTTCTTTCG
M328_0.6	ELAVL2	hsa_circ_0104761_Extracellular	2046	2059	+	10.6923	7.52e-05	0.057	CTGATTTTAATTCC
M328_0.6	ELAVL2	hsa_circ_0104761_Extracellular	2046	2059	+	10.6923	7.52e-05	0.057	CTGATTTTAATTCC
M328_0.6	ELAVL2	hsa_circ_0001704_Extracellular	360	373	+	10.6864	7.57e-05	0.057	GTTCTTTCTTTTCC
M328_0.6	ELAVL2	hsa_circ_0001704_Extracellular	360	373	+	10.6864	7.57e-05	0.057	GTTCTTTCTTTTCC
M328_0.6	ELAVL2	hsa_circ_0069313_Extracellular	1549	1562	+	10.6864	7.57e-05	0.057	TTTATTTTTTGTAT
M328_0.6	ELAVL2	hsa_circ_0069313_Extracellular	1549	1562	+	10.6864	7.57e-05	0.057	TTTATTTTTTGTAT
M328_0.6	ELAVL2	hsa_circ_0100988_Extracellular	8419	8432	+	10.6864	7.57e-05	0.057	ATCCTTCTTATTTT
M328_0.6	ELAVL2	hsa_circ_0100988_Extracellular	8419	8432	+	10.6864	7.57e-05	0.057	ATCCTTCTTATTTT
M328_0.6	ELAVL2	hsa_circ_0000996_Extracellular	593	606	+	10.6805	7.6e-05	0.057	CCAATTTTTTTTTC
M328_0.6	ELAVL2	hsa_circ_0000996_Extracellular	593	606	+	10.6805	7.6e-05	0.057	CCAATTTTTTTTTC
M328_0.6	ELAVL2	hsa_circ_0104980_Extracellular	3190	3203	+	10.6805	7.6e-05	0.057	CCAATTTTTTTTTC
M328_0.6	ELAVL2	hsa_circ_0104980_Extracellular	3190	3203	+	10.6805	7.6e-05	0.057	CCAATTTTTTTTTC
M328_0.6	ELAVL2	hsa_circ_0102294_Extracellular	3839	3852	+	10.6805	7.6e-05	0.057	ATTCTTATTTTTCT
M328_0.6	ELAVL2	hsa_circ_0102294_Extracellular	3839	3852	+	10.6805	7.6e-05	0.057	ATTCTTATTTTTCT
M328_0.6	ELAVL2	hsa_circ_0104761_Extracellular	6571	6584	+	10.6805	7.6e-05	0.057	ATAATTTTTAATTT
M328_0.6	ELAVL2	hsa_circ_0104761_Extracellular	6571	6584	+	10.6805	7.6e-05	0.057	ATAATTTTTAATTT
M074_0.6	TARDBP	hsa_circ_0078460_Extracellular	17	24	+	10.4709	7.63e-05	0.323	GGAATGAG
M074_0.6	TARDBP	hsa_circ_0078460_Extracellular	17	24	+	10.4709	7.63e-05	0.323	GGAATGAG
M074_0.6	TARDBP	hsa_circ_0000264_Extracellular	145	152	+	10.4709	7.63e-05	0.323	GGAATGAG
M074_0.6	TARDBP	hsa_circ_0000264_Extracellular	145	152	+	10.4709	7.63e-05	0.323	GGAATGAG
M074_0.6	TARDBP	hsa_circ_0001343_Extracellular	147	154	+	10.4709	7.63e-05	0.323	GGAATGAG
M074_0.6	TARDBP	hsa_circ_0001343_Extracellular	147	154	+	10.4709	7.63e-05	0.323	GGAATGAG
M074_0.6	TARDBP	hsa_circ_0008550_Extracellular	175	182	+	10.4709	7.63e-05	0.323	GGAATGAG
M074_0.6	TARDBP	hsa_circ_0001343_Extracellular	204	211	+	10.4709	7.63e-05	0.323	GGAATGAG
M074_0.6	TARDBP	hsa_circ_0001343_Extracellular	204	211	+	10.4709	7.63e-05	0.323	GGAATGAG
M074_0.6	TARDBP	hsa_circ_0102296_Extracellular	222	229	+	10.4709	7.63e-05	0.323	GGAATGAG
M074_0.6	TARDBP	hsa_circ_0102296_Extracellular	222	229	+	10.4709	7.63e-05	0.323	GGAATGAG
M074_0.6	TARDBP	hsa_circ_0002493_Extracellular	229	236	+	10.4709	7.63e-05	0.323	GGAATGAG
M074_0.6	TARDBP	hsa_circ_0102296_Extracellular	282	289	+	10.4709	7.63e-05	0.323	GGAATGAG
M074_0.6	TARDBP	hsa_circ_0102296_Extracellular	282	289	+	10.4709	7.63e-05	0.323	GGAATGAG
M074_0.6	TARDBP	hsa_circ_0000591_Extracellular	386	393	+	10.4709	7.63e-05	0.323	GGAATGAG
M074_0.6	TARDBP	hsa_circ_0000591_Extracellular	386	393	+	10.4709	7.63e-05	0.323	GGAATGAG
M074_0.6	TARDBP	hsa_circ_0000204_Extracellular	395	402	+	10.4709	7.63e-05	0.323	GGAATGAG
M074_0.6	TARDBP	hsa_circ_0000204_Extracellular	395	402	+	10.4709	7.63e-05	0.323	GGAATGAG
M074_0.6	TARDBP	hsa_circ_0002809_Extracellular	529	536	+	10.4709	7.63e-05	0.323	GGAATGAG
M074_0.6	TARDBP	hsa_circ_0002809_Extracellular	529	536	+	10.4709	7.63e-05	0.323	GGAATGAG
M074_0.6	TARDBP	hsa_circ_0104534_Extracellular	531	538	+	10.4709	7.63e-05	0.323	GGAATGAG
M074_0.6	TARDBP	hsa_circ_0104534_Extracellular	531	538	+	10.4709	7.63e-05	0.323	GGAATGAG
M074_0.6	TARDBP	hsa_circ_0067832_Extracellular	709	716	+	10.4709	7.63e-05	0.323	GGAATGAG
M074_0.6	TARDBP	hsa_circ_0000233_Extracellular	753	760	+	10.4709	7.63e-05	0.323	GGAATGAG
M074_0.6	TARDBP	hsa_circ_0000233_Extracellular	753	760	+	10.4709	7.63e-05	0.323	GGAATGAG
M074_0.6	TARDBP	hsa_circ_0021091_Extracellular	818	825	+	10.4709	7.63e-05	0.323	GGAATGAG
M074_0.6	TARDBP	hsa_circ_0097011_Extracellular	833	840	+	10.4709	7.63e-05	0.323	GGAATGAG
M074_0.6	TARDBP	hsa_circ_0001844_Extracellular	1265	1272	+	10.4709	7.63e-05	0.323	GGAATGAG
M074_0.6	TARDBP	hsa_circ_0001844_Extracellular	1265	1272	+	10.4709	7.63e-05	0.323	GGAATGAG
M074_0.6	TARDBP	hsa_circ_0102294_Extracellular	1950	1957	+	10.4709	7.63e-05	0.323	GGAATGAG
M074_0.6	TARDBP	hsa_circ_0102294_Extracellular	1950	1957	+	10.4709	7.63e-05	0.323	GGAATGAG
M074_0.6	TARDBP	hsa_circ_0103491_Extracellular	2477	2484	+	10.4709	7.63e-05	0.323	GGAATGAG
M074_0.6	TARDBP	hsa_circ_0103491_Extracellular	2477	2484	+	10.4709	7.63e-05	0.323	GGAATGAG
M074_0.6	TARDBP	hsa_circ_0026102_Extracellular	2771	2778	+	10.4709	7.63e-05	0.323	GGAATGAG
M074_0.6	TARDBP	hsa_circ_0059639_Extracellular	3151	3158	+	10.4709	7.63e-05	0.323	GGAATGAG
M074_0.6	TARDBP	hsa_circ_0104761_Extracellular	3409	3416	+	10.4709	7.63e-05	0.323	GGAATGAG
M074_0.6	TARDBP	hsa_circ_0104761_Extracellular	3409	3416	+	10.4709	7.63e-05	0.323	GGAATGAG
M074_0.6	TARDBP	hsa_circ_0000090_Extracellular	7558	7565	+	10.4709	7.63e-05	0.323	GGAATGAG
M074_0.6	TARDBP	hsa_circ_0000090_Extracellular	7558	7565	+	10.4709	7.63e-05	0.323	GGAATGAG
M074_0.6	TARDBP	hsa_circ_0100988_Extracellular	8220	8227	+	10.4709	7.63e-05	0.323	GGAATGAG
M074_0.6	TARDBP	hsa_circ_0100988_Extracellular	8220	8227	+	10.4709	7.63e-05	0.323	GGAATGAG
M074_0.6	TARDBP	hsa_circ_0103176_Extracellular	10023	10030	+	10.4709	7.63e-05	0.323	GGAATGAG
M074_0.6	TARDBP	hsa_circ_0103176_Extracellular	10023	10030	+	10.4709	7.63e-05	0.323	GGAATGAG
M074_0.6	TARDBP	hsa_circ_0000090_Extracellular	10493	10500	+	10.4709	7.63e-05	0.323	GGAATGAG
M074_0.6	TARDBP	hsa_circ_0000090_Extracellular	10493	10500	+	10.4709	7.63e-05	0.323	GGAATGAG
M328_0.6	ELAVL2	hsa_circ_0004062_Extracellular	800	813	+	10.6746	7.63e-05	0.057	CTACTTTTGTTTTC
M328_0.6	ELAVL2	hsa_circ_0004062_Extracellular	800	813	+	10.6746	7.63e-05	0.057	CTACTTTTGTTTTC
M328_0.6	ELAVL2	hsa_circ_0000701_Extracellular	1014	1027	+	10.6746	7.63e-05	0.057	TTTTTTTTTATTAT
M328_0.6	ELAVL2	hsa_circ_0000701_Extracellular	1014	1027	+	10.6746	7.63e-05	0.057	TTTTTTTTTATTAT
M328_0.6	ELAVL2	hsa_circ_0102520_Extracellular	1695	1708	+	10.6746	7.63e-05	0.057	TTTGTTTTTATTAT
M328_0.6	ELAVL2	hsa_circ_0102520_Extracellular	1695	1708	+	10.6746	7.63e-05	0.057	TTTGTTTTTATTAT
M328_0.6	ELAVL2	hsa_circ_0047156_Extracellular	2371	2384	+	10.6746	7.63e-05	0.057	CTTTTTTTGTTTTG
M328_0.6	ELAVL2	hsa_circ_0001812_Extracellular	4571	4584	+	10.6746	7.63e-05	0.057	CTTGTTTTGTTTTG
M328_0.6	ELAVL2	hsa_circ_0001812_Extracellular	4571	4584	+	10.6746	7.63e-05	0.057	CTTGTTTTGTTTTG
M328_0.6	ELAVL2	hsa_circ_0100114_Extracellular	257	270	+	10.6686	7.68e-05	0.0572	CTTCTTTCTCTTCA
M328_0.6	ELAVL2	hsa_circ_0100114_Extracellular	257	270	+	10.6686	7.68e-05	0.0572	CTTCTTTCTCTTCA
M328_0.6	ELAVL2	hsa_circ_0001812_Extracellular	7667	7680	+	10.6686	7.68e-05	0.0572	CTTCTTTCCTTTAT
M328_0.6	ELAVL2	hsa_circ_0001812_Extracellular	7667	7680	+	10.6686	7.68e-05	0.0572	CTTCTTTCCTTTAT
M328_0.6	ELAVL2	hsa_circ_0104904_Extracellular	8075	8088	+	10.6686	7.68e-05	0.0572	ATAATTTTATTTTC
M328_0.6	ELAVL2	hsa_circ_0104904_Extracellular	8075	8088	+	10.6686	7.68e-05	0.0572	ATAATTTTATTTTC
M328_0.6	ELAVL2	hsa_circ_0000090_Extracellular	558	571	+	10.6627	7.72e-05	0.0573	CTTATTTTAATTAA
M328_0.6	ELAVL2	hsa_circ_0000090_Extracellular	558	571	+	10.6627	7.72e-05	0.0573	CTTATTTTAATTAA
M328_0.6	ELAVL2	hsa_circ_0000395_Extracellular	526	539	+	10.6568	7.75e-05	0.0573	TTCTTTTCTTTTCT
M328_0.6	ELAVL2	hsa_circ_0000395_Extracellular	526	539	+	10.6568	7.75e-05	0.0573	TTCTTTTCTTTTCT
M328_0.6	ELAVL2	hsa_circ_0000395_Extracellular	526	539	+	10.6568	7.75e-05	0.0573	TTCTTTTCTTTTCT
M328_0.6	ELAVL2	hsa_circ_0000395_Extracellular	526	539	+	10.6568	7.75e-05	0.0573	TTCTTTTCTTTTCT
M328_0.6	ELAVL2	hsa_circ_0024108_Extracellular	1520	1533	+	10.6568	7.75e-05	0.0573	AATATTTTTTTACT
M328_0.6	ELAVL2	hsa_circ_0000495_Extracellular	2162	2175	+	10.6568	7.75e-05	0.0573	ACCCTTTATTTACA
M328_0.6	ELAVL2	hsa_circ_0000495_Extracellular	2162	2175	+	10.6568	7.75e-05	0.0573	ACCCTTTATTTACA
M328_0.6	ELAVL2	hsa_circ_0000495_Extracellular	2162	2175	+	10.6568	7.75e-05	0.0573	ACCCTTTATTTACA
M328_0.6	ELAVL2	hsa_circ_0000495_Extracellular	2162	2175	+	10.6568	7.75e-05	0.0573	ACCCTTTATTTACA
M328_0.6	ELAVL2	mmu_circ_0000905_Extracellular	9011	9024	+	10.6568	7.75e-05	0.0573	TTCTTTTCTTTTCT
M328_0.6	ELAVL2	hsa_circ_0004062_Extracellular	2110	2123	+	10.6509	7.78e-05	0.0573	TCCATTTATCTTTG
M328_0.6	ELAVL2	hsa_circ_0004062_Extracellular	2110	2123	+	10.6509	7.78e-05	0.0573	TCCATTTATCTTTG
M328_0.6	ELAVL2	hsa_circ_0001013_Extracellular	3489	3502	+	10.6509	7.78e-05	0.0573	CTCATATATTTTTT
M328_0.6	ELAVL2	hsa_circ_0001013_Extracellular	3489	3502	+	10.6509	7.78e-05	0.0573	CTCATATATTTTTT
M328_0.6	ELAVL2	hsa_circ_0001812_Extracellular	4829	4842	+	10.6509	7.78e-05	0.0573	ACTTTTTTTATTTT
M328_0.6	ELAVL2	hsa_circ_0001812_Extracellular	4829	4842	+	10.6509	7.78e-05	0.0573	ACTTTTTTTATTTT
M328_0.6	ELAVL2	hsa_circ_0104808_Extracellular	11700	11713	+	10.6509	7.78e-05	0.0573	ATATTTTATATTTG
M328_0.6	ELAVL2	hsa_circ_0104808_Extracellular	11700	11713	+	10.6509	7.78e-05	0.0573	ATATTTTATATTTG
M328_0.6	ELAVL2	hsa_circ_0104980_Extracellular	817	830	+	10.6331	7.9e-05	0.0581	TTTATTTTTTTGAG
M328_0.6	ELAVL2	hsa_circ_0104980_Extracellular	817	830	+	10.6331	7.9e-05	0.0581	TTTATTTTTTTGAG
M328_0.6	ELAVL2	hsa_circ_0103757_Extracellular	2	15	+	10.6213	7.98e-05	0.0583	ATTATTTCCATTCA
M328_0.6	ELAVL2	hsa_circ_0103757_Extracellular	2	15	+	10.6213	7.98e-05	0.0583	ATTATTTCCATTCA
M328_0.6	ELAVL2	hsa_circ_0103756_Extracellular	173	186	+	10.6213	7.98e-05	0.0583	ATTATTTCCATTCA
M328_0.6	ELAVL2	hsa_circ_0103756_Extracellular	173	186	+	10.6213	7.98e-05	0.0583	ATTATTTCCATTCA
M328_0.6	ELAVL2	hsa_circ_0000443_Extracellular	477	490	+	10.6213	7.98e-05	0.0583	CTGTTTTTTTTTCC
M328_0.6	ELAVL2	hsa_circ_0000443_Extracellular	477	490	+	10.6213	7.98e-05	0.0583	CTGTTTTTTTTTCC
M328_0.6	ELAVL2	hsa_circ_0000442_Extracellular	477	490	+	10.6213	7.98e-05	0.0583	CTGTTTTTTTTTCC
M328_0.6	ELAVL2	hsa_circ_0000443_Extracellular	477	490	+	10.6213	7.98e-05	0.0583	CTGTTTTTTTTTCC
M328_0.6	ELAVL2	hsa_circ_0000442_Extracellular	477	490	+	10.6213	7.98e-05	0.0583	CTGTTTTTTTTTCC
M328_0.6	ELAVL2	hsa_circ_0000444_Extracellular	3832	3845	+	10.6213	7.98e-05	0.0583	CTGTTTTTTTTTCC
M328_0.6	ELAVL2	hsa_circ_0000444_Extracellular	3832	3845	+	10.6213	7.98e-05	0.0583	CTGTTTTTTTTTCC
M328_0.6	ELAVL2	hsa_circ_0104808_Extracellular	11445	11458	+	10.6154	8.02e-05	0.0585	CACATTTCTATTTT
M328_0.6	ELAVL2	hsa_circ_0104808_Extracellular	11445	11458	+	10.6154	8.02e-05	0.0585	CACATTTCTATTTT
M328_0.6	ELAVL2	hsa_circ_0000264_Extracellular	159	172	+	10.6036	8.1e-05	0.059	ATGATTTCTTTTAA
M328_0.6	ELAVL2	hsa_circ_0000264_Extracellular	159	172	+	10.6036	8.1e-05	0.059	ATGATTTCTTTTAA
M328_0.6	ELAVL2	hsa_circ_0104709_Extracellular	434	447	+	10.5976	8.14e-05	0.0592	CCCCTTTTGATTTA
M328_0.6	ELAVL2	hsa_circ_0104709_Extracellular	434	447	+	10.5976	8.14e-05	0.0592	CCCCTTTTGATTTA
M328_0.6	ELAVL2	hsa_circ_0000998_Extracellular	4196	4209	+	10.5976	8.14e-05	0.0592	ATCCTTTACTTACC
M328_0.6	ELAVL2	hsa_circ_0000998_Extracellular	4196	4209	+	10.5976	8.14e-05	0.0592	ATCCTTTACTTACC
M328_0.6	ELAVL2	hsa_circ_0000965_Extracellular	838	851	+	10.5917	8.18e-05	0.0593	CACATTTGTATTAG
M328_0.6	ELAVL2	hsa_circ_0000965_Extracellular	838	851	+	10.5917	8.18e-05	0.0593	CACATTTGTATTAG
M328_0.6	ELAVL2	hsa_circ_0000965_Extracellular	838	851	+	10.5917	8.18e-05	0.0593	CACATTTGTATTAG
M328_0.6	ELAVL2	hsa_circ_0110664_Extracellular	3535	3548	+	10.5799	8.26e-05	0.0599	CACCTTTTCTTTCC
M328_0.6	ELAVL2	hsa_circ_0101493_Extracellular	1960	1973	+	10.568	8.34e-05	0.0604	AATCTTTTTCTTAG
M328_0.6	ELAVL2	hsa_circ_0101493_Extracellular	1960	1973	+	10.568	8.34e-05	0.0604	AATCTTTTTCTTAG
M328_0.6	ELAVL2	hsa_circ_0004314_Extracellular	2882	2895	+	10.568	8.34e-05	0.0604	TTGATTTCTTTTAT
M328_0.6	ELAVL2	hsa_circ_0004314_Extracellular	2882	2895	+	10.568	8.34e-05	0.0604	TTGATTTCTTTTAT
M328_0.6	ELAVL2	hsa_circ_0102762_Extracellular	1519	1532	+	10.5621	8.38e-05	0.0604	ATCATTCTTTTTTT
M328_0.6	ELAVL2	hsa_circ_0102762_Extracellular	1519	1532	+	10.5621	8.38e-05	0.0604	ATCATTCTTTTTTT
M328_0.6	ELAVL2	hsa_circ_0009684_Extracellular	4150	4163	+	10.5621	8.38e-05	0.0604	TTATTTTTTATTTG
M328_0.6	ELAVL2	hsa_circ_0009684_Extracellular	4150	4163	+	10.5621	8.38e-05	0.0604	TTATTTTTTATTTG
M328_0.6	ELAVL2	hsa_circ_0001306_Extracellular	12542	12555	+	10.5621	8.38e-05	0.0604	GATCTTTTTTTTTT
M328_0.6	ELAVL2	hsa_circ_0001306_Extracellular	12542	12555	+	10.5621	8.38e-05	0.0604	GATCTTTTTTTTTT
M328_0.6	ELAVL2	hsa_circ_0000443_Extracellular	1746	1759	+	10.5562	8.43e-05	0.0605	ACTGTTTTTTTTAG
M328_0.6	ELAVL2	hsa_circ_0000443_Extracellular	1746	1759	+	10.5562	8.43e-05	0.0605	ACTGTTTTTTTTAG
M328_0.6	ELAVL2	hsa_circ_0000442_Extracellular	1746	1759	+	10.5562	8.43e-05	0.0605	ACTGTTTTTTTTAG
M328_0.6	ELAVL2	hsa_circ_0000443_Extracellular	1746	1759	+	10.5562	8.43e-05	0.0605	ACTGTTTTTTTTAG
M328_0.6	ELAVL2	hsa_circ_0000442_Extracellular	1746	1759	+	10.5562	8.43e-05	0.0605	ACTGTTTTTTTTAG
M328_0.6	ELAVL2	hsa_circ_0104808_Extracellular	4983	4996	+	10.5562	8.43e-05	0.0605	CTCTTTTTTTGTTG
M328_0.6	ELAVL2	hsa_circ_0104808_Extracellular	4983	4996	+	10.5562	8.43e-05	0.0605	CTCTTTTTTTGTTG
M328_0.6	ELAVL2	hsa_circ_0104980_Extracellular	10390	10403	+	10.5562	8.43e-05	0.0605	ACTTTTTTTTTTAG
M328_0.6	ELAVL2	hsa_circ_0104980_Extracellular	10390	10403	+	10.5562	8.43e-05	0.0605	ACTTTTTTTTTTAG
M328_0.6	ELAVL2	hsa_circ_0103790_Extracellular	1198	1211	+	10.5503	8.48e-05	0.0606	ATTTTTTGTTTTCA
M328_0.6	ELAVL2	hsa_circ_0103790_Extracellular	1198	1211	+	10.5503	8.48e-05	0.0606	ATTTTTTGTTTTCA
M328_0.6	ELAVL2	hsa_circ_0000090_Extracellular	1057	1070	+	10.5444	8.52e-05	0.0606	TTTATTTTTGTATT
M328_0.6	ELAVL2	hsa_circ_0000090_Extracellular	1057	1070	+	10.5444	8.52e-05	0.0606	TTTATTTTTGTATT
M328_0.6	ELAVL2	hsa_circ_0063313_Extracellular	1959	1972	+	10.5444	8.52e-05	0.0606	TCTTTTTTTTTTTG
M328_0.6	ELAVL2	hsa_circ_0063313_Extracellular	1959	1972	+	10.5444	8.52e-05	0.0606	TCTTTTTTTTTTTG
M328_0.6	ELAVL2	hsa_circ_0063313_Extracellular	1959	1972	+	10.5444	8.52e-05	0.0606	TCTTTTTTTTTTTG
M328_0.6	ELAVL2	hsa_circ_0102520_Extracellular	5016	5029	+	10.5444	8.52e-05	0.0606	ATGATTTATTTGTG
M328_0.6	ELAVL2	hsa_circ_0102520_Extracellular	5016	5029	+	10.5444	8.52e-05	0.0606	ATGATTTATTTGTG
M328_0.6	ELAVL2	hsa_circ_0001749_Extracellular	653	666	+	10.5385	8.55e-05	0.0606	ATGCTTTTCTTATT
M328_0.6	ELAVL2	hsa_circ_0001749_Extracellular	653	666	+	10.5385	8.55e-05	0.0606	ATGCTTTTCTTATT
M328_0.6	ELAVL2	hsa_circ_0000246_Extracellular	8271	8284	+	10.5385	8.55e-05	0.0606	TTACTTTACTTTTT
M328_0.6	ELAVL2	hsa_circ_0000246_Extracellular	8271	8284	+	10.5385	8.55e-05	0.0606	TTACTTTACTTTTT
M328_0.6	ELAVL2	hsa_circ_0104980_Extracellular	1177	1190	+	10.5325	8.6e-05	0.0606	CCTTTTTTTTTTTT
M328_0.6	ELAVL2	hsa_circ_0104980_Extracellular	1177	1190	+	10.5325	8.6e-05	0.0606	CCTTTTTTTTTTTT
M328_0.6	ELAVL2	hsa_circ_0004062_Extracellular	2846	2859	+	10.5325	8.6e-05	0.0606	CCTTTTTTTTTTTT
M328_0.6	ELAVL2	hsa_circ_0004062_Extracellular	2846	2859	+	10.5325	8.6e-05	0.0606	CCTTTTTTTTTTTT
M328_0.6	ELAVL2	hsa_circ_0000233_Extracellular	3136	3149	+	10.5325	8.6e-05	0.0606	CCTTTTTTTTTTTT
M328_0.6	ELAVL2	hsa_circ_0000233_Extracellular	3136	3149	+	10.5325	8.6e-05	0.0606	CCTTTTTTTTTTTT
M328_0.6	ELAVL2	hsa_circ_0104980_Extracellular	3168	3181	+	10.5325	8.6e-05	0.0606	TTCCTTTCTTTGTG
M328_0.6	ELAVL2	hsa_circ_0104980_Extracellular	3168	3181	+	10.5325	8.6e-05	0.0606	TTCCTTTCTTTGTG
M328_0.6	ELAVL2	hsa_circ_0063313_Extracellular	4723	4736	+	10.5325	8.6e-05	0.0606	GTCCTTTTGATTCA
M328_0.6	ELAVL2	hsa_circ_0063313_Extracellular	4723	4736	+	10.5325	8.6e-05	0.0606	GTCCTTTTGATTCA
M328_0.6	ELAVL2	hsa_circ_0063313_Extracellular	4723	4736	+	10.5325	8.6e-05	0.0606	GTCCTTTTGATTCA
M328_0.6	ELAVL2	hsa_circ_0104980_Extracellular	4785	4798	+	10.5325	8.6e-05	0.0606	CCTTTTTTTTTTTT
M328_0.6	ELAVL2	hsa_circ_0104980_Extracellular	4785	4798	+	10.5325	8.6e-05	0.0606	CCTTTTTTTTTTTT
M328_0.6	ELAVL2	hsa_circ_0091803_Extracellular	4957	4970	+	10.5325	8.6e-05	0.0606	CCTTTTTTTTTTTT
M328_0.6	ELAVL2	hsa_circ_0000726_Extracellular	7532	7545	+	10.5325	8.6e-05	0.0606	CCTTTTTTTTTTTT
M328_0.6	ELAVL2	hsa_circ_0000726_Extracellular	7532	7545	+	10.5325	8.6e-05	0.0606	CCTTTTTTTTTTTT
M328_0.6	ELAVL2	mmu_circ_0000905_Extracellular	9362	9375	+	10.5325	8.6e-05	0.0606	CCTGTTTTTTTTTT
M328_0.6	ELAVL2	hsa_circ_0001306_Extracellular	12459	12472	+	10.5325	8.6e-05	0.0606	TTTCTTTTTCTTGT
M328_0.6	ELAVL2	hsa_circ_0001306_Extracellular	12459	12472	+	10.5325	8.6e-05	0.0606	TTTCTTTTTCTTGT
M328_0.6	ELAVL2	hsa_circ_0001014_Extracellular	389	402	+	10.5266	8.64e-05	0.0608	ACTCTTTTTATATA
M328_0.6	ELAVL2	hsa_circ_0001014_Extracellular	389	402	+	10.5266	8.64e-05	0.0608	ACTCTTTTTATATA
M328_0.6	ELAVL2	hsa_circ_0001013_Extracellular	1910	1923	+	10.5266	8.64e-05	0.0608	ACTCTTTTTATATA
M328_0.6	ELAVL2	hsa_circ_0001013_Extracellular	1910	1923	+	10.5266	8.64e-05	0.0608	ACTCTTTTTATATA
M328_0.6	ELAVL2	hsa_circ_0103670_Extracellular	1692	1705	+	10.5207	8.68e-05	0.0608	ATTTTTTTATTTTT
M328_0.6	ELAVL2	hsa_circ_0103670_Extracellular	1692	1705	+	10.5207	8.68e-05	0.0608	ATTTTTTTATTTTT
M328_0.6	ELAVL2	hsa_circ_0000965_Extracellular	1790	1803	+	10.5207	8.68e-05	0.0608	TTCATTTCAATTTT
M328_0.6	ELAVL2	hsa_circ_0000965_Extracellular	1790	1803	+	10.5207	8.68e-05	0.0608	TTCATTTCAATTTT
M328_0.6	ELAVL2	hsa_circ_0000965_Extracellular	1790	1803	+	10.5207	8.68e-05	0.0608	TTCATTTCAATTTT
M328_0.6	ELAVL2	hsa_circ_0049499_Extracellular	3411	3424	+	10.5207	8.68e-05	0.0608	ATTCTTTTTTTGAA
M328_0.6	ELAVL2	hsa_circ_0125310_Extracellular	84	97	+	10.5089	8.76e-05	0.0613	TTGATTTTTTGTTT
M328_0.6	ELAVL2	hsa_circ_0101493_Extracellular	797	810	+	10.5089	8.76e-05	0.0613	TTCATTTTATTTGT
M328_0.6	ELAVL2	hsa_circ_0101493_Extracellular	797	810	+	10.5089	8.76e-05	0.0613	TTCATTTTATTTGT
M328_0.6	ELAVL2	hsa_circ_0001704_Extracellular	2756	2769	+	10.503	8.8e-05	0.0615	ACTCTTTTTATAAT
M328_0.6	ELAVL2	hsa_circ_0001704_Extracellular	2756	2769	+	10.503	8.8e-05	0.0615	ACTCTTTTTATAAT
M328_0.6	ELAVL2	hsa_circ_0100668_Extracellular	35	48	+	10.497	8.84e-05	0.0617	TTGGTTTTTATTTT
M328_0.6	ELAVL2	hsa_circ_0100668_Extracellular	35	48	+	10.497	8.84e-05	0.0617	TTGGTTTTTATTTT
M328_0.6	ELAVL2	hsa_circ_0001190_Extracellular	1214	1227	+	10.497	8.84e-05	0.0617	TTGGTTTTTATTTT
M328_0.6	ELAVL2	hsa_circ_0001190_Extracellular	1214	1227	+	10.497	8.84e-05	0.0617	TTGGTTTTTATTTT
M328_0.6	ELAVL2	hsa_circ_0104137_Extracellular	606	619	+	10.4852	8.93e-05	0.062	ACCATTTCTTTTGG
M328_0.6	ELAVL2	hsa_circ_0104137_Extracellular	606	619	+	10.4852	8.93e-05	0.062	ACCATTTCTTTTGG
M328_0.6	ELAVL2	hsa_circ_0042882_Extracellular	1214	1227	+	10.4852	8.93e-05	0.062	CTGCTTTTTAATCC
M328_0.6	ELAVL2	hsa_circ_0104980_Extracellular	4784	4797	+	10.4852	8.93e-05	0.062	TCCTTTTTTTTTTT
M328_0.6	ELAVL2	hsa_circ_0104980_Extracellular	4784	4797	+	10.4852	8.93e-05	0.062	TCCTTTTTTTTTTT
M328_0.6	ELAVL2	hsa_circ_0009684_Extracellular	6391	6404	+	10.4852	8.93e-05	0.062	TTTTTTTTCTTTTG
M328_0.6	ELAVL2	hsa_circ_0009684_Extracellular	6391	6404	+	10.4852	8.93e-05	0.062	TTTTTTTTCTTTTG
M328_0.6	ELAVL2	hsa_circ_0100832_Extracellular	1628	1641	+	10.4793	8.98e-05	0.0623	TTTATTTATTTAAT
M328_0.6	ELAVL2	hsa_circ_0100832_Extracellular	1628	1641	+	10.4793	8.98e-05	0.0623	TTTATTTATTTAAT
M328_0.6	ELAVL2	hsa_circ_0102294_Extracellular	2332	2345	+	10.4793	8.98e-05	0.0623	CTCCTTTTAAATTT
M328_0.6	ELAVL2	hsa_circ_0102294_Extracellular	2332	2345	+	10.4793	8.98e-05	0.0623	CTCCTTTTAAATTT
M328_0.6	ELAVL2	hsa_circ_0104708_Extracellular	1163	1176	+	10.4734	9.02e-05	0.0623	ATACTTTGCATTTT
M328_0.6	ELAVL2	hsa_circ_0104708_Extracellular	1163	1176	+	10.4734	9.02e-05	0.0623	ATACTTTGCATTTT
M328_0.6	ELAVL2	hsa_circ_0063313_Extracellular	4755	4768	+	10.4734	9.02e-05	0.0623	CTTGTTTTCTTTTT
M328_0.6	ELAVL2	hsa_circ_0063313_Extracellular	4755	4768	+	10.4734	9.02e-05	0.0623	CTTGTTTTCTTTTT
M328_0.6	ELAVL2	hsa_circ_0063313_Extracellular	4755	4768	+	10.4734	9.02e-05	0.0623	CTTGTTTTCTTTTT
M328_0.6	ELAVL2	mmu_circ_0000905_Extracellular	9027	9040	+	10.4734	9.02e-05	0.0623	CTTTTTTTCTTTTT
M328_0.6	ELAVL2	mmu_circ_0000905_Extracellular	2710	2723	+	10.4615	9.1e-05	0.0627	GTTCTTTATATATG
M328_0.6	ELAVL2	hsa_circ_0001704_Extracellular	5392	5405	+	10.4615	9.1e-05	0.0627	TTTATTTTTGATTG
M328_0.6	ELAVL2	hsa_circ_0001704_Extracellular	5392	5405	+	10.4615	9.1e-05	0.0627	TTTATTTTTGATTG
M328_0.6	ELAVL2	hsa_circ_0000246_Extracellular	7620	7633	+	10.4615	9.1e-05	0.0627	ACTATTTTTTTTGA
M328_0.6	ELAVL2	hsa_circ_0000246_Extracellular	7620	7633	+	10.4615	9.1e-05	0.0627	ACTATTTTTTTTGA
M328_0.6	ELAVL2	hsa_circ_0000395_Extracellular	525	538	+	10.4556	9.15e-05	0.0627	GTTCTTTTCTTTTC
M328_0.6	ELAVL2	hsa_circ_0000395_Extracellular	525	538	+	10.4556	9.15e-05	0.0627	GTTCTTTTCTTTTC
M328_0.6	ELAVL2	hsa_circ_0000395_Extracellular	525	538	+	10.4556	9.15e-05	0.0627	GTTCTTTTCTTTTC
M328_0.6	ELAVL2	hsa_circ_0000395_Extracellular	525	538	+	10.4556	9.15e-05	0.0627	GTTCTTTTCTTTTC
M328_0.6	ELAVL2	hsa_circ_0000495_Extracellular	2223	2236	+	10.4556	9.15e-05	0.0627	ATTATTTCTCTTTA
M328_0.6	ELAVL2	hsa_circ_0000495_Extracellular	2223	2236	+	10.4556	9.15e-05	0.0627	ATTATTTCTCTTTA
M328_0.6	ELAVL2	hsa_circ_0000495_Extracellular	2223	2236	+	10.4556	9.15e-05	0.0627	ATTATTTCTCTTTA
M328_0.6	ELAVL2	hsa_circ_0000495_Extracellular	2223	2236	+	10.4556	9.15e-05	0.0627	ATTATTTCTCTTTA
M328_0.6	ELAVL2	hsa_circ_0103045_Extracellular	9504	9517	+	10.4556	9.15e-05	0.0627	CTCCTTTCTATGCT
M328_0.6	ELAVL2	hsa_circ_0103045_Extracellular	9504	9517	+	10.4556	9.15e-05	0.0627	CTCCTTTCTATGCT
M328_0.6	ELAVL2	hsa_circ_0047744_Extracellular	509	522	+	10.4497	9.19e-05	0.0627	TTCCTTTTTTAACT
M328_0.6	ELAVL2	hsa_circ_0000444_Extracellular	4280	4293	+	10.4497	9.19e-05	0.0627	TTTCTTTTGCTTTT
M328_0.6	ELAVL2	hsa_circ_0000444_Extracellular	4280	4293	+	10.4497	9.19e-05	0.0627	TTTCTTTTGCTTTT
M328_0.6	ELAVL2	hsa_circ_0000443_Extracellular	4367	4380	+	10.4497	9.19e-05	0.0627	TACATTTTTTTTAA
M328_0.6	ELAVL2	hsa_circ_0000443_Extracellular	4367	4380	+	10.4497	9.19e-05	0.0627	TACATTTTTTTTAA
M328_0.6	ELAVL2	hsa_circ_0000442_Extracellular	4367	4380	+	10.4497	9.19e-05	0.0627	TACATTTTTTTTAA
M328_0.6	ELAVL2	hsa_circ_0000443_Extracellular	4367	4380	+	10.4497	9.19e-05	0.0627	TACATTTTTTTTAA
M328_0.6	ELAVL2	hsa_circ_0000442_Extracellular	4367	4380	+	10.4497	9.19e-05	0.0627	TACATTTTTTTTAA
M328_0.6	ELAVL2	hsa_circ_0103176_Extracellular	7182	7195	+	10.4438	9.23e-05	0.0628	CTCATGTTTATTTG
M328_0.6	ELAVL2	hsa_circ_0103176_Extracellular	7182	7195	+	10.4438	9.23e-05	0.0628	CTCATGTTTATTTG
M328_0.6	ELAVL2	hsa_circ_0000701_Extracellular	598	611	+	10.4379	9.28e-05	0.0628	AAAATTTTTTTTCC
M328_0.6	ELAVL2	hsa_circ_0000701_Extracellular	598	611	+	10.4379	9.28e-05	0.0628	AAAATTTTTTTTCC
M328_0.6	ELAVL2	hsa_circ_0000998_Extracellular	1334	1347	+	10.4379	9.28e-05	0.0628	TCTATTTCTATTTT
M328_0.6	ELAVL2	hsa_circ_0000998_Extracellular	1334	1347	+	10.4379	9.28e-05	0.0628	TCTATTTCTATTTT
M328_0.6	ELAVL2	hsa_circ_0103670_Extracellular	1697	1710	+	10.4379	9.28e-05	0.0628	TTTATTTTTAATTA
M328_0.6	ELAVL2	hsa_circ_0103670_Extracellular	1697	1710	+	10.4379	9.28e-05	0.0628	TTTATTTTTAATTA
M328_0.6	ELAVL2	hsa_circ_0100912_Extracellular	1730	1743	+	10.4379	9.28e-05	0.0628	ATTCTTTACAGTTG
M328_0.6	ELAVL2	hsa_circ_0100912_Extracellular	1730	1743	+	10.4379	9.28e-05	0.0628	ATTCTTTACAGTTG
M328_0.6	ELAVL2	hsa_circ_0100914_Extracellular	1730	1743	+	10.4379	9.28e-05	0.0628	ATTCTTTACAGTTG
M328_0.6	ELAVL2	hsa_circ_0100914_Extracellular	1730	1743	+	10.4379	9.28e-05	0.0628	ATTCTTTACAGTTG
M328_0.6	ELAVL2	hsa_circ_0100262_Extracellular	1673	1686	+	10.432	9.32e-05	0.0628	GTCATTTTTTTGTG
M328_0.6	ELAVL2	hsa_circ_0100262_Extracellular	1673	1686	+	10.432	9.32e-05	0.0628	GTCATTTTTTTGTG
M328_0.6	ELAVL2	hsa_circ_0000444_Extracellular	2008	2021	+	10.432	9.32e-05	0.0628	AACCTTTTTAATTT
M328_0.6	ELAVL2	hsa_circ_0000444_Extracellular	2008	2021	+	10.432	9.32e-05	0.0628	AACCTTTTTAATTT
M328_0.6	ELAVL2	hsa_circ_0000233_Extracellular	3134	3147	+	10.432	9.32e-05	0.0628	TGCCTTTTTTTTTT
M328_0.6	ELAVL2	hsa_circ_0000233_Extracellular	3134	3147	+	10.432	9.32e-05	0.0628	TGCCTTTTTTTTTT
M328_0.6	ELAVL2	hsa_circ_0000726_Extracellular	7530	7543	+	10.432	9.32e-05	0.0628	TGCCTTTTTTTTTT
M328_0.6	ELAVL2	hsa_circ_0000726_Extracellular	7530	7543	+	10.432	9.32e-05	0.0628	TGCCTTTTTTTTTT
M328_0.6	ELAVL2	hsa_circ_0000246_Extracellular	8279	8292	+	10.432	9.32e-05	0.0628	CTTTTTTCTATTCT
M328_0.6	ELAVL2	hsa_circ_0000246_Extracellular	8279	8292	+	10.432	9.32e-05	0.0628	CTTTTTTCTATTCT
M328_0.6	ELAVL2	hsa_circ_0004314_Extracellular	8869	8882	+	10.432	9.32e-05	0.0628	TGCCTTTTTTTTTT
M328_0.6	ELAVL2	hsa_circ_0004314_Extracellular	8869	8882	+	10.432	9.32e-05	0.0628	TGCCTTTTTTTTTT
M328_0.6	ELAVL2	hsa_circ_0008717_Extracellular	57	70	+	10.426	9.36e-05	0.0629	AATCTTTTTTGTCT
M328_0.6	ELAVL2	hsa_circ_0100019_Extracellular	1151	1164	+	10.426	9.36e-05	0.0629	ATCCTTTGATTACT
M328_0.6	ELAVL2	hsa_circ_0100019_Extracellular	1151	1164	+	10.426	9.36e-05	0.0629	ATCCTTTGATTACT
M328_0.6	ELAVL2	hsa_circ_0100832_Extracellular	2246	2259	+	10.426	9.36e-05	0.0629	ATACTTTGTTTATT
M328_0.6	ELAVL2	hsa_circ_0100832_Extracellular	2246	2259	+	10.426	9.36e-05	0.0629	ATACTTTGTTTATT
M328_0.6	ELAVL2	hsa_circ_0104808_Extracellular	4927	4940	+	10.426	9.36e-05	0.0629	ATTATTTCTTTTGC
M328_0.6	ELAVL2	hsa_circ_0104808_Extracellular	4927	4940	+	10.426	9.36e-05	0.0629	ATTATTTCTTTTGC
M328_0.6	ELAVL2	hsa_circ_0001704_Extracellular	263	276	+	10.4201	9.4e-05	0.0629	CTTATTTTCTGTCT
M328_0.6	ELAVL2	hsa_circ_0001704_Extracellular	263	276	+	10.4201	9.4e-05	0.0629	CTTATTTTCTGTCT
M328_0.6	ELAVL2	hsa_circ_0065642_Extracellular	1511	1524	+	10.4201	9.4e-05	0.0629	CCCCTTTTCGTTTT
M328_0.6	ELAVL2	hsa_circ_0000701_Extracellular	1767	1780	+	10.4201	9.4e-05	0.0629	ATTGTTTTTGTTCC
M328_0.6	ELAVL2	hsa_circ_0000701_Extracellular	1767	1780	+	10.4201	9.4e-05	0.0629	ATTGTTTTTGTTCC
M328_0.6	ELAVL2	hsa_circ_0004314_Extracellular	3687	3700	+	10.4201	9.4e-05	0.0629	ATAATTTTTATATA
M328_0.6	ELAVL2	hsa_circ_0004314_Extracellular	3687	3700	+	10.4201	9.4e-05	0.0629	ATAATTTTTATATA
M328_0.6	ELAVL2	hsa_circ_0081234_Extracellular	284	297	+	10.4142	9.45e-05	0.063	ATGTTTTGTATTTG
M328_0.6	ELAVL2	hsa_circ_0001336_Extracellular	419	432	+	10.4142	9.45e-05	0.063	CTGATTTGTCTTCT
M328_0.6	ELAVL2	hsa_circ_0001336_Extracellular	419	432	+	10.4142	9.45e-05	0.063	CTGATTTGTCTTCT
M328_0.6	ELAVL2	hsa_circ_0035654_Extracellular	530	543	+	10.4142	9.45e-05	0.063	CTTATTTTATGTTG
M328_0.6	ELAVL2	hsa_circ_0035654_Extracellular	530	543	+	10.4142	9.45e-05	0.063	CTTATTTTATGTTG
M328_0.6	ELAVL2	hsa_circ_0000377_Extracellular	2935	2948	+	10.4142	9.45e-05	0.063	CTTATTTTATGTTG
M328_0.6	ELAVL2	hsa_circ_0000377_Extracellular	2935	2948	+	10.4142	9.45e-05	0.063	CTTATTTTATGTTG
M328_0.6	ELAVL2	hsa_circ_0000395_Extracellular	126	139	+	10.4083	9.5e-05	0.0632	CTCATTTACTATTG
M328_0.6	ELAVL2	hsa_circ_0000395_Extracellular	126	139	+	10.4083	9.5e-05	0.0632	CTCATTTACTATTG
M328_0.6	ELAVL2	hsa_circ_0000395_Extracellular	126	139	+	10.4083	9.5e-05	0.0632	CTCATTTACTATTG
M328_0.6	ELAVL2	hsa_circ_0000395_Extracellular	126	139	+	10.4083	9.5e-05	0.0632	CTCATTTACTATTG
M328_0.6	ELAVL2	hsa_circ_0101018_Extracellular	491	504	+	10.4024	9.54e-05	0.0632	TTCATTTTTGGTTT
M328_0.6	ELAVL2	hsa_circ_0101018_Extracellular	491	504	+	10.4024	9.54e-05	0.0632	TTCATTTTTGGTTT
M328_0.6	ELAVL2	hsa_circ_0103177_Extracellular	1512	1525	+	10.4024	9.54e-05	0.0632	ACCATTTTCTTATG
M328_0.6	ELAVL2	hsa_circ_0103177_Extracellular	1512	1525	+	10.4024	9.54e-05	0.0632	ACCATTTTCTTATG
M328_0.6	ELAVL2	hsa_circ_0004062_Extracellular	2729	2742	+	10.4024	9.54e-05	0.0632	TTTATTTTATTTAC
M328_0.6	ELAVL2	hsa_circ_0004062_Extracellular	2729	2742	+	10.4024	9.54e-05	0.0632	TTTATTTTATTTAC
M328_0.6	ELAVL2	hsa_circ_0104808_Extracellular	11000	11013	+	10.4024	9.54e-05	0.0632	ATGATTTTATTTGG
M328_0.6	ELAVL2	hsa_circ_0104808_Extracellular	11000	11013	+	10.4024	9.54e-05	0.0632	ATGATTTTATTTGG
M328_0.6	ELAVL2	hsa_circ_0001306_Extracellular	577	590	+	10.3964	9.59e-05	0.0634	TTTATTTGTCTTAG
M328_0.6	ELAVL2	hsa_circ_0001306_Extracellular	577	590	+	10.3964	9.59e-05	0.0634	TTTATTTGTCTTAG
M328_0.6	ELAVL2	hsa_circ_0100988_Extracellular	9376	9389	+	10.3846	9.67e-05	0.064	ATTCTTTTGAATTT
M328_0.6	ELAVL2	hsa_circ_0100988_Extracellular	9376	9389	+	10.3846	9.67e-05	0.064	ATTCTTTTGAATTT
M328_0.6	ELAVL2	hsa_circ_0000495_Extracellular	1557	1570	+	10.3787	9.72e-05	0.064	TTAATTTTTCTTAG
M328_0.6	ELAVL2	hsa_circ_0000495_Extracellular	1557	1570	+	10.3787	9.72e-05	0.064	TTAATTTTTCTTAG
M328_0.6	ELAVL2	hsa_circ_0000495_Extracellular	1557	1570	+	10.3787	9.72e-05	0.064	TTAATTTTTCTTAG
M328_0.6	ELAVL2	hsa_circ_0000495_Extracellular	1557	1570	+	10.3787	9.72e-05	0.064	TTAATTTTTCTTAG
M328_0.6	ELAVL2	hsa_circ_0000998_Extracellular	4012	4025	+	10.3787	9.72e-05	0.064	CTCATTATTTTTCT
M328_0.6	ELAVL2	hsa_circ_0000998_Extracellular	4012	4025	+	10.3787	9.72e-05	0.064	CTCATTATTTTTCT
M328_0.6	ELAVL2	hsa_circ_0009684_Extracellular	4145	4158	+	10.3787	9.72e-05	0.064	ATATTTTATTTTTT
M328_0.6	ELAVL2	hsa_circ_0009684_Extracellular	4145	4158	+	10.3787	9.72e-05	0.064	ATATTTTATTTTTT
M328_0.6	ELAVL2	hsa_circ_0001749_Extracellular	252	265	+	10.3728	9.77e-05	0.0642	GTGCTTTTTTTTAA
M328_0.6	ELAVL2	hsa_circ_0001749_Extracellular	252	265	+	10.3728	9.77e-05	0.0642	GTGCTTTTTTTTAA
M328_0.6	ELAVL2	hsa_circ_0104761_Extracellular	6741	6754	+	10.3728	9.77e-05	0.0642	ACCATTTACTTTTC
M328_0.6	ELAVL2	hsa_circ_0104761_Extracellular	6741	6754	+	10.3728	9.77e-05	0.0642	ACCATTTACTTTTC
M328_0.6	ELAVL2	hsa_circ_0001566_Extracellular	496	509	+	10.3669	9.82e-05	0.0643	ATCATTTGGTTATG
M328_0.6	ELAVL2	hsa_circ_0001566_Extracellular	496	509	+	10.3669	9.82e-05	0.0643	ATCATTTGGTTATG
M328_0.6	ELAVL2	hsa_circ_0001013_Extracellular	1094	1107	+	10.3669	9.82e-05	0.0643	GACCTTTTTTTTCC
M328_0.6	ELAVL2	hsa_circ_0001013_Extracellular	1094	1107	+	10.3669	9.82e-05	0.0643	GACCTTTTTTTTCC
M328_0.6	ELAVL2	hsa_circ_0000246_Extracellular	3088	3101	+	10.3669	9.82e-05	0.0643	ATCCTTTATCTACA
M328_0.6	ELAVL2	hsa_circ_0000246_Extracellular	3088	3101	+	10.3669	9.82e-05	0.0643	ATCCTTTATCTACA
M328_0.6	ELAVL2	mmu_circ_0000713_Extracellular	7291	7304	+	10.3609	9.86e-05	0.0646	TTAATTTTAATTTT
M328_0.6	ELAVL2	hsa_circ_0000973_Extracellular	2828	2841	+	10.355	9.9e-05	0.0647	CTCATTTTATATTT
M328_0.6	ELAVL2	hsa_circ_0000973_Extracellular	2828	2841	+	10.355	9.9e-05	0.0647	CTCATTTTATATTT
M328_0.6	ELAVL2	hsa_circ_0000233_Extracellular	7572	7585	+	10.355	9.9e-05	0.0647	ATTATTTCTAGTTT
M328_0.6	ELAVL2	hsa_circ_0000233_Extracellular	7572	7585	+	10.355	9.9e-05	0.0647	ATTATTTCTAGTTT
M328_0.6	ELAVL2	hsa_circ_0000726_Extracellular	7514	7527	+	10.3491	9.96e-05	0.0649	CTGGTTTTTATTCA
M328_0.6	ELAVL2	hsa_circ_0000726_Extracellular	7514	7527	+	10.3491	9.96e-05	0.0649	CTGGTTTTTATTCA
M328_0.6	ELAVL2	hsa_circ_0000233_Extracellular	7832	7845	+	10.3491	9.96e-05	0.0649	TTTCTTTTCAGTTG
M328_0.6	ELAVL2	hsa_circ_0000233_Extracellular	7832	7845	+	10.3491	9.96e-05	0.0649	TTTCTTTTCAGTTG

# FIMO (Find Individual Motif Occurrences): Version 5.4.1 compiled on Feb 24 2022 at 15:21:45
# The format of this file is described at https://meme-suite.org/meme/doc/fimo-output-format.html.
# fimo --oc fimo_EV_motif_on_EV_seq ./meme_files/EV_specific_motifs.meme ../../circRNA_ligated/EV_sequences.fasta
