RNA Symbol,RNA Category,Species,Tissue/Cell Line,Localization,Score
hsa_circ_0001900,circRNA,Homo sapiens,143B and HOS cells,Cytoplasm,0.932913100536013
circ-REOS,circRNA,Homo sapiens,143B and MG-63 cells,Nucleus,0.836757224078988
hsa_circ_0056285,circRNA,Homo sapiens,143B and U2OS cells,Cytoplasm,0.694505649698505
hsa_circ_0051488,circRNA,Homo sapiens,16HBE cells,Cytoplasm,0.694505649698505
hsa_circ_0000157,circRNA,Homo sapiens,16HBE cells,Cytoplasm,0.836757224078988
hsa_circ_0008402,circRNA,Homo sapiens,16HBE cells,Cytoplasm,0.836757224078988
hsa_circ_0087385,circRNA,Homo sapiens,16HBE cells,Cytoplasm,0.694505649698505
hsa_circ_0040929,circRNA,Homo sapiens,16HBE cells,Cytoplasm,0.694505649698505
hsa_circ_0008657,circRNA,Homo sapiens,16HBE cells and BEAS-2B cells,Nucleus,0.836757224078988
hsa_circ_0008657,circRNA,Homo sapiens,16HBE cells and BEAS-2B cells,Cytoplasm,0.836757224078988
circ-BCBM1,circRNA,Homo sapiens,231-BR cells,Cytoplasm,0.836757224078988
hsa_circ_0080220,circRNA,Homo sapiens,456 brain tumor-initiating cells (BTICs),Cytoplasm,0.943641791621929
hsa_circ_0025030,circRNA,Homo sapiens,5-8F and 6-10B,Cytoplasm,0.836757224078988
hsa_circ_0001756,circRNA,Homo sapiens,5-8F cells,Cytoplasm,0.904945420481312
hsa_circ_0054537,circRNA,Homo sapiens,786-O and A498 cells,Cytoplasm,0.836757224078988
hsa_circ_0001970,circRNA,Homo sapiens,786-O and ACHN cells,Cytoplasm,0.932913100536013
hsa_circ_0020303,circRNA,Homo sapiens,786-O and CAKI-1 cells,Cytoplasm,0.836757224078988
hsa_circ_0001588,circRNA,Homo sapiens,A172 and U251 cells,Cytoplasm,0.904945420481312
hsa_circ_0006168,circRNA,Homo sapiens,A172 cells,Cytoplasm,0.904945420481312
hsa_circ_0049116,circRNA,Homo sapiens,A2780 and SK-OV-3 cells,Cytoplasm,0.694505649698505
hsa_circ_0049116,circRNA,Homo sapiens,A2780 and SK-OV-3 cells,Nucleus,0.694505649698505
hsa_circ_0003432,circRNA,Homo sapiens,A2780 and SKOV3 cells,Extracellular exosome,0.694505649698505
hsa_circ_0008234,circRNA,Homo sapiens,A431 cell,Cytoplasm,0.836757224078988
hsa_circ_0089552,circRNA,Homo sapiens,A459 and H1299 cells,Cytoplasm,0.694505649698505
hsa_circ_0002017,circRNA,Homo sapiens,A549 and Calu1 cells,Cytoplasm,0.932913100536013
hsa_circ_0056854,circRNA,Homo sapiens,A549 and Capan-2 cells,Cytoplasm,0.904945420481312
hsa_circ_0056854,circRNA,Homo sapiens,A549 and Capan-2 cells,Nucleus,0.836757224078988
hsa_circ_0008797,circRNA,Homo sapiens,A549 and H1229 cells,Cytoplasm,0.694505649698505
hsa_circ_0030998,circRNA,Homo sapiens,A549 and H1299 cells,Cytoplasm,0.694505649698505
hsa_circ_0030998,circRNA,Homo sapiens,A549 and H1299 cells,Nucleus,0.694505649698505
hsa_circ_0002991,circRNA,Homo sapiens,A549 and H1299 cells,Cytoplasm,0.694505649698505
hsa_circ_0003432,circRNA,Homo sapiens,A549 and H1299 cells,Cytoplasm,0.694505649698505
hsa_circ_0003176,circRNA,Homo sapiens,A549 and H1299 cells,Cytoplasm,0.836757224078988
hsa_circ_0008721,circRNA,Homo sapiens,A549 and H1299 cells,Cytoplasm,0.694505649698505
hsa_circ_0104640,circRNA,Homo sapiens,A549 and H1299 cells,Cytoplasm,0.694505649698505
hsa_circ_0005101,circRNA,Homo sapiens,A549 and H1299 cells,Cytoplasm,0.694505649698505
hsa_circ_0007385,circRNA,Homo sapiens,A549 and H1299 cells,Cytoplasm,0.694505649698505
hsa_circ_0000936,circRNA,Homo sapiens,A549 and H1299 cells,Cytoplasm,0.694505649698505
hsa_circ_0077833,circRNA,Homo sapiens,A549 and H23 cells,Cytoplasm,0.904945420481312
hsa_circ_0008003,circRNA,Homo sapiens,A549 and H460 non-squamous NSCLC cells,Cytoplasm,0.694505649698505
hsa_circ_0102231,circRNA,Homo sapiens,A549 and HCC827 cells,Cytoplasm,0.836757224078988
hsa_circ_0001058,circRNA,Homo sapiens,A549 and PC9 cells,Cytoplasm,0.694505649698505
hsa_circ_0004872,circRNA,Homo sapiens,A549 and PC9 cells,Cytoplasm,0.836757224078988
hsa_circ_0006354,circRNA,Homo sapiens,A549 cells,Cytoplasm,0.836757224078988
hsa_circ_0006354,circRNA,Homo sapiens,A549 cells,Nucleus,0.836757224078988
circ-ABPD1,circRNA,Homo sapiens,A549 cells,Cytoplasm,0.694505649698505
hsa_circ_0046249,circRNA,Homo sapiens,A549 cells,Cytoplasm,0.694505649698505
hsa_circ_0007321,circRNA,Homo sapiens,A549 cells,Cytoplasm,0.836757224078988
hsa_circ_0082369,circRNA,Homo sapiens,A549 cells,Cytoplasm,0.836757224078988
hsa_circ_0006420,circRNA,Homo sapiens,A549(p53-wt) and A549(p53-KO) cells,Cytoplasm,0.836757224078988
hsa_circ_0006420,circRNA,Homo sapiens,A549(p53-wt) and A549(p53-KO) cells,Nucleus,0.836757224078988
circ-JA760602,circRNA,Homo sapiens,AC16 cells,Cytoplasm,0.904945420481312
hsa_circ_0004689,circRNA,Homo sapiens,AC16 cells,Cytoplasm,0.694505649698505
hsa_circ_0036176,circRNA,Homo sapiens,AC16 cells,Extracellular exosome,0.694505649698505
hsa_circ_0025130,circRNA,Homo sapiens,ACHN and A498 cells,Cytoplasm,0.694505649698505
hsa_circ_0001727,circRNA,Homo sapiens,ACHN and CAKI-1 cells,Cytoplasm,0.836757224078988
hsa_circ_0086452,circRNA,Homo sapiens,ACHN and OS-RC-2 cells,Cytoplasm,0.836757224078988
mmu_circ_0000101,circRNA,Mus musculus,adipose-derived mesenchymal stem cells (ADSCs),Extracellular exosome,0.795006069178413
mmu_circ_0008040,circRNA,Mus musculus,adipose-derived mesenchymal stem cells (ADSCs),Extracellular exosome,0.795006069178413
mmu_circ_0008061,circRNA,Mus musculus,adipose-derived mesenchymal stem cells (ADSCs),Extracellular exosome,0.795006069178413
mmu_circ_0008099,circRNA,Mus musculus,adipose-derived mesenchymal stem cells (ADSCs),Extracellular exosome,0.795006069178413
Vma21,circRNA,Mus musculus,Adipose-derived stem cells (ADSCs),Extracellular exosome,0.694505649698505
mmu_circ_0001542,circRNA,Mus musculus,adipose-derived stem cells (ADSCs),Cytoplasm,0.694505649698505
mmu_circ_0001355,circRNA,Mus musculus,adipose-derived stem cells (ADSCs),Extracellular exosome,0.694505649698505
hsa_circ_0045598,circRNA,Homo sapiens,Adjacent normal tissue|GC tissue,Cytoplasm,0.836757224078988
Sry,circRNA,Mus musculus,adult mouse testis,Cytoplasm,0.694505649698505
hsa_circ_0001277,circRNA,Homo sapiens,AGS and BGC823 cells,Nucleus,0.836757224078988
hsa_circ_0003356,circRNA,Homo sapiens,AGS and HGC-27 cells,Nucleus,0.836757224078988
hsa_circ_0063526,circRNA,Homo sapiens,AGS and HGC-27 cells,Extracellular exosome,0.795006069178413
hsa_circ_0003356,circRNA,Homo sapiens,AGS and HGC-27 cells,Cytoplasm,0.836757224078988
hsa_circ_0001789,circRNA,Homo sapiens,AGS and HGC27 cells,Cytoplasm,0.694505649698505
hsa_circ_0000467,circRNA,Homo sapiens,AGS and HGC27 cells,Cytoplasm,0.836757224078988
hsa_circ_0002874,circRNA,Homo sapiens,AGS and HGC27 cells,Cytoplasm,0.836757224078988
hsa_circ_0002874,circRNA,Homo sapiens,AGS and HGC27 cells,Nucleus,0.694505649698505
hsa_circ_0081146,circRNA,Homo sapiens,AGS and MGC-803 cells,Cytoplasm,0.694505649698505
hsa_circ_0022454,circRNA,Homo sapiens,AGS and MKN-45 cells,Cytoplasm,0.836757224078988
hsa_circ_0007360,circRNA,Homo sapiens,AGS and MKN-7 cells,Cytoplasm,0.836757224078988
hsa_circ_0050333,circRNA,Homo sapiens,AGS and SGC7901 cells,Nucleus,0.694505649698505
hsa_circ_0001400,circRNA,Homo sapiens,AGS cell,Extracellular exosome,0.795006069178413
hsa_circ_0067934,circRNA,Homo sapiens,AGS cells,Cytoplasm,0.904945420481312
hsa_circ_0051241,circRNA,Homo sapiens,AGS cells,Cytoplasm,0.694505649698505
hsa_circ_0000284,circRNA,Homo sapiens,AGS cells and HGC-27 cells,Cytoplasm,0.943641791621929
hsa_circ_0004453,circRNA,Homo sapiens,"AGS, HGC-27 and GES-1 cells",Extracellular exosome,0.694505649698505
hsa_circ_0027495,circRNA,Homo sapiens,AGS-5FU cells,Cytoplasm,0.836757224078988
hsa_circ_0063290,circRNA,Homo sapiens,airway smooth muscle cells (ASMCs),Cytoplasm,0.694505649698505
hsa_circ_0002269,circRNA,Homo sapiens,AMC-HN-8 and TU177 cells,Cytoplasm,0.694505649698505
hsa_circ_0001257,circRNA,Homo sapiens,AML cells (OCI-AML3 and HL-60),Nucleus,0.694505649698505
hsa_circ_0001853,circRNA,Homo sapiens,Amniotic.fluid|Bronchoalveolar.lavage.fluid.sample|Cerebrospinal.fluid|Ovarian.Follicle.Fluid|Plasma|Seminal.fluid|Serum|Sputum|Urine,Extracellular exosome,0.396358685090047
hsa_circ_0001854,circRNA,Homo sapiens,Amniotic.fluid|Bronchoalveolar.lavage.fluid.sample|Cerebrospinal.fluid|Ovarian.Follicle.Fluid|Plasma|Seminal.fluid|Serum|Sputum|Urine,Extracellular exosome,0.396358685090047
hsa_circ_0001171,circRNA,Homo sapiens,Amniotic.fluid|Bronchoalveolar.lavage.fluid.sample|Cerebrospinal.fluid|Ovarian.Follicle.Fluid|Plasma|Serum|Urine,Extracellular exosome,0.396358685090047
hsa_circ_0001827,circRNA,Homo sapiens,Amniotic.fluid|Cerebrospinal.fluid|Plasma|Serum|Sputum|Urine,Extracellular exosome,0.396358685090047
hsa_circ_0000667,circRNA,Homo sapiens,Amniotic.fluid|Ovarian.Follicle.Fluid,Extracellular exosome,0.396358685090047
hsa_circ_0001588,circRNA,Homo sapiens,Amniotic.fluid|Plasma|Serum,Extracellular exosome,0.396358685090047
hsa_circ_0001049,circRNA,Homo sapiens,Amniotic.fluid|Urine,Extracellular exosome,0.396358685090047
circRNA3634,circRNA,Cervus nippon,antler chondrocytes,Cytoplasm,0.694505649698505
hsa_circ_0063313,circRNA,Homo sapiens,apheresis platelets,Extracellular exosome,0.795006069178413
hsa_circ_0100796,circRNA,Homo sapiens,apheresis platelets,Extracellular exosome,0.396358685090047
hsa_circ_0102240,circRNA,Homo sapiens,apheresis platelets,Extracellular exosome,0.396358685090047
hsa_circ_0104649,circRNA,Homo sapiens,apheresis platelets,Extracellular exosome,0.396358685090047
hsa_circ_0102124,circRNA,Homo sapiens,apheresis platelets,Extracellular exosome,0.396358685090047
hsa_circ_0103790,circRNA,Homo sapiens,apheresis platelets,Extracellular exosome,0.396358685090047
hsa_circ_0102180,circRNA,Homo sapiens,apheresis platelets,Extracellular exosome,0.396358685090047
hsa_circ_0104269,circRNA,Homo sapiens,apheresis platelets,Extracellular exosome,0.396358685090047
hsa_circ_400010,circRNA,Homo sapiens,apheresis platelets,Extracellular exosome,0.396358685090047
hsa_circ_0100668,circRNA,Homo sapiens,apheresis platelets,Extracellular exosome,0.396358685090047
hsa_circ_0104057,circRNA,Homo sapiens,apheresis platelets,Extracellular exosome,0.396358685090047
hsa_circ_0103019,circRNA,Homo sapiens,apheresis platelets,Extracellular exosome,0.396358685090047
hsa_circ_0100501,circRNA,Homo sapiens,apheresis platelets,Extracellular exosome,0.396358685090047
hsa_circ_0100755,circRNA,Homo sapiens,apheresis platelets,Extracellular exosome,0.396358685090047
hsa_circ_0100362,circRNA,Homo sapiens,apheresis platelets,Extracellular exosome,0.396358685090047
hsa_circ_0104618,circRNA,Homo sapiens,apheresis platelets,Extracellular exosome,0.396358685090047
hsa_circ_0103922,circRNA,Homo sapiens,apheresis platelets,Extracellular exosome,0.396358685090047
hsa_circ_0103911,circRNA,Homo sapiens,apheresis platelets,Extracellular exosome,0.396358685090047
hsa_circ_0103532,circRNA,Homo sapiens,apheresis platelets,Extracellular exosome,0.396358685090047
hsa_circ_0100199,circRNA,Homo sapiens,apheresis platelets,Extracellular exosome,0.396358685090047
hsa_circ_0101435,circRNA,Homo sapiens,apheresis platelets,Extracellular exosome,0.396358685090047
hsa_circ_0103177,circRNA,Homo sapiens,apheresis platelets,Extracellular exosome,0.396358685090047
hsa_circ_0104134,circRNA,Homo sapiens,apheresis platelets,Extracellular exosome,0.396358685090047
hsa_circ_0100022,circRNA,Homo sapiens,apheresis platelets,Extracellular exosome,0.428658357070095
hsa_circ_0104904,circRNA,Homo sapiens,apheresis platelets,Extracellular exosome,0.396358685090047
hsa_circ_0100262,circRNA,Homo sapiens,apheresis platelets,Extracellular exosome,0.396358685090047
hsa_circ_0102050,circRNA,Homo sapiens,apheresis platelets,Extracellular exosome,0.396358685090047
hsa_circ_0102349,circRNA,Homo sapiens,apheresis platelets,Extracellular exosome,0.396358685090047
hsa_circ_0001756,circRNA,Homo sapiens,APL patient-derived cell line (NB4),Cytoplasm,0.904945420481312
hsa_circ_0006309,circRNA,Homo sapiens,ARPE-19 cells,Cytoplasm,0.694505649698505
hsa_circ_0006309,circRNA,Homo sapiens,ARPE-19 cells,Nucleus,0.694505649698505
hsa_circ_0110634,circRNA,Homo sapiens,ASMSCs and HDMSCs,Cytoplasm,0.836757224078988
hsa_circ_0110634,circRNA,Homo sapiens,ASMSCs and HDMSCs,Extracellular exosome,0.694505649698505
hsa_circ_0036176,circRNA,Homo sapiens,Atrial Fibroblasts (HAFs),Cytoplasm,0.694505649698505
circ-POKE,circRNA,Homo sapiens,BC cell line MDA-MB-231 and HCC1806,Cytoplasm,0.836757224078988
circ-POKE,circRNA,Homo sapiens,BC cell line MDA-MB-231 and HCC1806,Nucleus,0.836757224078988
hsa_circ_0004812,circRNA,Homo sapiens,BC cell lines,Cytoplasm,0.836757224078988
hsa_circ_0007990,circRNA,Homo sapiens,BC cell lines (MCF-7 and MDA-MB-231),Nucleus,0.836757224078988
hsa_circ_0000629,circRNA,Homo sapiens,BC cell lines (T24 and SW780),Cytoplasm,0.836757224078988
hsa_circ_0001142,circRNA,Homo sapiens,BC cells,Cytoplasm,0.932913100536013
hsa_circ_0000003,circRNA,Homo sapiens,BC cells,Cytoplasm,0.694505649698505
hsa_circ_0000003,circRNA,Homo sapiens,BC cells,Nucleus,0.694505649698505
hsa_circ_0006594,circRNA,Homo sapiens,BC cells,Nucleus,0.932913100536013
hsa_circ_0000511,circRNA,Homo sapiens,BC cells,Cytoplasm,0.943641791621929
hsa_circ_0000851,circRNA,Homo sapiens,BC cells (MDA-MB-231 and BT-549),Cytoplasm,0.836757224078988
hsa_circ_0047317,circRNA,Homo sapiens,BC cells (SW780 and T24 cells),Cytoplasm,0.836757224078988
hsa_circ_0006950,circRNA,Homo sapiens,BCa cell,Cytoplasm,0.694505649698505
hsa_circ_0001633,circRNA,Homo sapiens,BCa cells,Cytoplasm,0.932913100536013
hsa_circ_0058040,circRNA,Homo sapiens,BEAS-2B cells,Cytoplasm,0.694505649698505
hsa_circ_0035266,circRNA,Homo sapiens,BEAS-2B cells,Cytoplasm,0.836757224078988
hsa_circ_0038467,circRNA,Homo sapiens,BEAS-2B cells,Cytoplasm,0.836757224078988
hsa_circ_0002331,circRNA,Homo sapiens,"BEAS-2B, A549 and PC9 cells",Extracellular exosome,0.694505649698505
hsa_circ_0005397,circRNA,Homo sapiens,BEL-7404 cells,Cytoplasm,0.836757224078988
mmu_circ_0001052,circRNA,Mus musculus,bEnd.3 cells,Cytoplasm,0.932913100536013
mmu_circ_0000130,circRNA,Mus musculus,bEnd3 cells,Cytoplasm,0.694505649698505
hsa_circ_0007255,circRNA,Homo sapiens,BGC-823 and SGC-7901 cells,Cytoplasm,0.694505649698505
hsa_circ_0000088,circRNA,Homo sapiens,BGC823 cells,Cytoplasm,0.694505649698505
hsa_circ_0030586,circRNA,Homo sapiens,Bladder cancer (BCa) cells,Cytoplasm,0.836757224078988
hsa_circ_0006332,circRNA,Homo sapiens,Bladder cancer cell lines (T24|UM-UC-3),Cytoplasm,0.904945420481312
hsa_circ_0001583,circRNA,Homo sapiens,bladder cancer cells T24 and 5637,Cytoplasm,0.836757224078988
hsa_circ_0002590,circRNA,Homo sapiens,"bladder transitional cell carcinoma cell lines (UM-UC-3, T24)",Cytoplasm,0.694505649698505
hsa_circ_0013936,circRNA,Homo sapiens,bladder tumor cell,Cytoplasm,0.694505649698505
circ-SED3,circRNA,Homo sapiens,BLCA cell lines (T24 and UMUC3),Cytoplasm,0.694505649698505
hsa_circ_0023676,circRNA,Homo sapiens,Blood,Extracellular exosome,0.396358685090047
hsa_circ_0064831,circRNA,Homo sapiens,Blood,Extracellular exosome,0.396358685090047
hsa_circ_0010926,circRNA,Homo sapiens,Blood,Extracellular vesicle,0.396358685090047
hsa_circ_0054872,circRNA,Homo sapiens,Blood,Extracellular exosome,0.396358685090047
hsa_circ_0006558,circRNA,Homo sapiens,Blood,Extracellular vesicle,0.795006069178413
hsa_circ_0009127,circRNA,Homo sapiens,Blood,Extracellular exosome,0.396358685090047
hsa_circ_0003793,circRNA,Homo sapiens,Blood,Extracellular vesicle,0.396358685090047
hsa_circ_0000965,circRNA,Homo sapiens,Blood,Extracellular exosome,0.396358685090047
hsa_circ_0087856,circRNA,Homo sapiens,Blood,Extracellular exosome,0.396358685090047
hsa_circ_0004863,circRNA,Homo sapiens,Blood,Extracellular vesicle,0.396358685090047
hsa_circ_0083895,circRNA,Homo sapiens,Blood,Extracellular exosome,0.396358685090047
hsa_circ_0072647,circRNA,Homo sapiens,blood,Extracellular exosome,0.795006069178413
hsa_circ_0051940,circRNA,Homo sapiens,blood,Extracellular exosome,0.795006069178413
hsa_circ_0090577,circRNA,Homo sapiens,blood,Extracellular exosome,0.795006069178413
hsa_circ_0078460,circRNA,Homo sapiens,Blood,Extracellular exosome,0.396358685090047
hsa_circ_0034528,circRNA,Homo sapiens,Blood,Extracellular exosome,0.396358685090047
hsa_circ_0005944,circRNA,Homo sapiens,Blood,Extracellular exosome,0.396358685090047
hsa_circ_0077833,circRNA,Homo sapiens,Blood,Extracellular vesicle,0.396358685090047
hsa_circ_0087557,circRNA,Homo sapiens,Blood,Extracellular exosome,0.396358685090047
hsa_circ_0078077,circRNA,Homo sapiens,Blood,Extracellular exosome,0.396358685090047
hsa_circ_0034255,circRNA,Homo sapiens,Blood,Extracellular exosome,0.396358685090047
hsa_circ_0007783,circRNA,Homo sapiens,Blood,Extracellular vesicle,0.396358685090047
hsa_circ_0000065,circRNA,Homo sapiens,Blood,Extracellular exosome,0.396358685090047
hsa_circ_0006411,circRNA,Homo sapiens,Blood,Extracellular vesicle,0.396358685090047
hsa_circ_0001998,circRNA,Homo sapiens,Blood,Extracellular vesicle,0.396358685090047
hsa_circ_0065618,circRNA,Homo sapiens,Blood,Extracellular exosome,0.396358685090047
hsa_circ_0000168,circRNA,Homo sapiens,Blood,Extracellular vesicle,0.396358685090047
hsa_circ_0079230,circRNA,Homo sapiens,Blood,Extracellular exosome,0.396358685090047
hsa_circ_0001495,circRNA,Homo sapiens,Blood,Extracellular vesicle,0.396358685090047
hsa_circ_0036592,circRNA,Homo sapiens,Blood,Extracellular exosome,0.396358685090047
hsa_circ_0001480,circRNA,Homo sapiens,Blood,Extracellular vesicle,0.795006069178413
hsa_circ_0000194,circRNA,Homo sapiens,Blood,Extracellular vesicle,0.795006069178413
hsa_circ_0005447,circRNA,Homo sapiens,Blood,Extracellular vesicle,0.396358685090047
hsa_circ_0060551,circRNA,Homo sapiens,Blood,Extracellular vesicle,0.396358685090047
hsa_circ_0008450,circRNA,Homo sapiens,blood samples,Extracellular exosome,0.694505649698505
hsa_circ_0005224,circRNA,Homo sapiens,blood samples,Extracellular exosome,0.694505649698505
hsa_circ_0024377,circRNA,Homo sapiens,Blood|Bile,Extracellular vesicle,0.795006069178413
hsa_circ_0002474,circRNA,Homo sapiens,Blood|CSF,Extracellular vesicle,0.396358685090047
hsa_circ_0000264,circRNA,Homo sapiens,Blood|CSF,Extracellular vesicle,0.396358685090047
hsa_circ_0002412,circRNA,Homo sapiens,Blood|Urine,Extracellular vesicle,0.795006069178413
hsa_circ_0003574,circRNA,Homo sapiens,Blood|Urine,Extracellular vesicle,0.795006069178413
hsa_circ_0002185,circRNA,Homo sapiens,Blood|Urine,Extracellular vesicle,0.396358685090047
hsa_circ_0000725,circRNA,Homo sapiens,Blood|Urine,Extracellular vesicle,0.396358685090047
hsa_circ_0000375,circRNA,Homo sapiens,Blood|Urine,Extracellular vesicle,0.795006069178413
hsa_circ_0002702,circRNA,Homo sapiens,Blood|Urine,Extracellular vesicle,0.396358685090047
hsa_circ_0000654,circRNA,Homo sapiens,Blood|Urine,Extracellular vesicle,0.396358685090047
hsa_circ_0041150,circRNA,Homo sapiens,Blood|Urine,Extracellular vesicle,0.795006069178413
hsa_circ_0037108,circRNA,Homo sapiens,Blood|Urine,Extracellular vesicle,0.396358685090047
hsa_circ_0001090,circRNA,Homo sapiens,Blood|Urine,Extracellular vesicle,0.396358685090047
hsa_circ_0004366,circRNA,Homo sapiens,Blood|Urine,Extracellular vesicle,0.396358685090047
hsa_circ_0005962,circRNA,Homo sapiens,Blood|Urine,Extracellular vesicle,0.396358685090047
hsa_circ_0006276,circRNA,Homo sapiens,Blood|Urine,Extracellular vesicle,0.396358685090047
hsa_circ_0003148,circRNA,Homo sapiens,Blood|Urine,Extracellular vesicle,0.396358685090047
hsa_circ_0006559,circRNA,Homo sapiens,Blood|Urine,Extracellular vesicle,0.396358685090047
hsa_circ_0001971,circRNA,Homo sapiens,Blood|Urine,Extracellular vesicle,0.795006069178413
hsa_circ_0004062,circRNA,Homo sapiens,Blood|Urine,Extracellular vesicle,0.396358685090047
hsa_circ_0000495,circRNA,Homo sapiens,Blood|Urine,Extracellular vesicle,0.396358685090047
hsa_circ_0004674,circRNA,Homo sapiens,Blood|Urine,Extracellular vesicle,0.396358685090047
hsa_circ_0009013,circRNA,Homo sapiens,Blood|Urine,Extracellular vesicle,0.396358685090047
hsa_circ_0001746,circRNA,Homo sapiens,Blood|Urine,Extracellular vesicle,0.795006069178413
hsa_circ_0077096,circRNA,Homo sapiens,Blood|Urine,Extracellular vesicle,0.396358685090047
hsa_circ_0003600,circRNA,Homo sapiens,Blood|Urine,Extracellular vesicle,0.396358685090047
hsa_circ_0040813,circRNA,Homo sapiens,Blood|Urine,Extracellular vesicle,0.795006069178413
hsa_circ_0056264,circRNA,Homo sapiens,Blood|Urine,Extracellular vesicle,0.396358685090047
hsa_circ_0006490,circRNA,Homo sapiens,Blood|Urine,Extracellular vesicle,0.795006069178413
hsa_circ_0003203,circRNA,Homo sapiens,Blood|Urine,Extracellular vesicle,0.795006069178413
hsa_circ_0003601,circRNA,Homo sapiens,Blood|Urine,Extracellular vesicle,0.396358685090047
hsa_circ_0001675,circRNA,Homo sapiens,Blood|Urine,Extracellular vesicle,0.396358685090047
hsa_circ_0001235,circRNA,Homo sapiens,Blood|Urine,Extracellular vesicle,0.396358685090047
hsa_circ_0003655,circRNA,Homo sapiens,Blood|Urine,Extracellular vesicle,0.396358685090047
hsa_circ_0005138,circRNA,Homo sapiens,Blood|Urine,Extracellular vesicle,0.396358685090047
hsa_circ_0039400,circRNA,Homo sapiens,Blood|Urine,Extracellular vesicle,0.795006069178413
hsa_circ_0001988,circRNA,Homo sapiens,Blood|Urine,Extracellular vesicle,0.795006069178413
hsa_circ_0008199,circRNA,Homo sapiens,Blood|Urine,Extracellular vesicle,0.795006069178413
hsa_circ_0008172,circRNA,Homo sapiens,Blood|Urine,Extracellular vesicle,0.795006069178413
hsa_circ_0004956,circRNA,Homo sapiens,Blood|Urine,Extracellular vesicle,0.795006069178413
hsa_circ_0035654,circRNA,Homo sapiens,Blood|Urine,Extracellular vesicle,0.396358685090047
hsa_circ_0007037,circRNA,Homo sapiens,Blood|Urine,Extracellular vesicle,0.396358685090047
hsa_circ_0003958,circRNA,Homo sapiens,Blood|Urine,Extracellular vesicle,0.396358685090047
hsa_circ_0001566,circRNA,Homo sapiens,Blood|Urine,Extracellular vesicle,0.815590988686444
hsa_circ_0003237,circRNA,Homo sapiens,Blood|Urine,Extracellular vesicle,0.396358685090047
hsa_circ_0085458,circRNA,Homo sapiens,Blood|Urine|Bile,Extracellular vesicle,0.396358685090047
hsa_circ_0005139,circRNA,Homo sapiens,Blood|Urine|Bile,Extracellular vesicle,0.396358685090047
hsa_circ_0000524,circRNA,Homo sapiens,Blood|Urine|Bile,Extracellular vesicle,0.815590988686444
hsa_circ_0004955,circRNA,Homo sapiens,Blood|Urine|Bile,Extracellular vesicle,0.795006069178413
hsa_circ_0001238,circRNA,Homo sapiens,Blood|Urine|Bile,Extracellular vesicle,0.396358685090047
hsa_circ_0002001,circRNA,Homo sapiens,Blood|Urine|Bile,Extracellular vesicle,0.396358685090047
hsa_circ_0001534,circRNA,Homo sapiens,Blood|Urine|Bile,Extracellular vesicle,0.396358685090047
hsa_circ_0002111,circRNA,Homo sapiens,Blood|Urine|Bile,Extracellular vesicle,0.396358685090047
hsa_circ_0000174,circRNA,Homo sapiens,Blood|Urine|Bile,Extracellular vesicle,0.396358685090047
hsa_circ_0006916,circRNA,Homo sapiens,Blood|Urine|CSF,Extracellular vesicle,0.396358685090047
hsa_circ_0063331,circRNA,Homo sapiens,Blood|Urine|CSF,Extracellular vesicle,0.795006069178413
hsa_circ_0000591,circRNA,Homo sapiens,Blood|Urine|CSF,Extracellular vesicle,0.396358685090047
hsa_circ_0000759,circRNA,Homo sapiens,Blood|Urine|CSF,Extracellular vesicle,0.396358685090047
hsa_circ_0002360,circRNA,Homo sapiens,Blood|Urine|CSF,Extracellular vesicle,0.396358685090047
hsa_circ_0001805,circRNA,Homo sapiens,Blood|Urine|CSF,Extracellular vesicle,0.396358685090047
hsa_circ_0000994,circRNA,Homo sapiens,Blood|Urine|CSF,Extracellular vesicle,0.396358685090047
hsa_circ_0008285,circRNA,Homo sapiens,Blood|Urine|CSF|Bile,Extracellular vesicle,0.396358685090047
hsa_circ_0000437,circRNA,Homo sapiens,Blood|Urine|CSF|Bile,Extracellular vesicle,0.396358685090047
hsa_circ_0001380,circRNA,Homo sapiens,Blood|Urine|CSF|Bile,Extracellular vesicle,0.396358685090047
hsa_circ_0004771,circRNA,Homo sapiens,Blood|Urine|CSF|Bile,Extracellular vesicle,0.795006069178413
hsa_circ_0001445,circRNA,Homo sapiens,Blood|Urine|CSF|Bile,Extracellular vesicle,0.815590988686444
hsa_circ_0000896,circRNA,Homo sapiens,Blood|Urine|CSF|Bile,Extracellular vesicle,0.396358685090047
hsa_circ_0000419,circRNA,Homo sapiens,Blood|Urine|CSF|Bile,Extracellular vesicle,0.795006069178413
hsa_circ_0004314,circRNA,Homo sapiens,Blood|Urine|CSF|Bile,Extracellular vesicle,0.396358685090047
hsa_circ_0001730,circRNA,Homo sapiens,Blood|Urine|CSF|Bile,Extracellular vesicle,0.815590988686444
hsa_circ_0000914,circRNA,Homo sapiens,Blood|Urine|CSF|Bile,Extracellular vesicle,0.815590988686444
hsa_circ_0001083,circRNA,Homo sapiens,Blood|Urine|CSF|Bile,Extracellular vesicle,0.396358685090047
hsa_circ_0000284,circRNA,Homo sapiens,Blood|Urine|CSF|Bile,Extracellular vesicle,0.815590988686444
hsa_circ_0001320,circRNA,Homo sapiens,Blood|Urine|CSF|Bile,Extracellular vesicle,0.396358685090047
hsa_circ_0000566,circRNA,Homo sapiens,Blood|Urine|CSF|Bile,Extracellular vesicle,0.396358685090047
hsa_circ_0001187,circRNA,Homo sapiens,Blood|Urine|CSF|Bile,Extracellular vesicle,0.795006069178413
hsa_circ_0004220,circRNA,Homo sapiens,Blood|Urine|CSF|Bile,Extracellular vesicle,0.396358685090047
hsa_circ_0023919,circRNA,Homo sapiens,Blood|Urine|CSF|Bile,Extracellular vesicle,0.795006069178413
hsa_circ_0001683,circRNA,Homo sapiens,Blood|Urine|CSF|Bile,Extracellular vesicle,0.396358685090047
hsa_circ_0002190,circRNA,Homo sapiens,Blood|Urine|CSF|Bile,Extracellular vesicle,0.795006069178413
hsa_circ_0006790,circRNA,Homo sapiens,BM-MSC,Extracellular exosome,0.694505649698505
hsa_circ_0005753,circRNA,Homo sapiens,BMSCs,Nucleus,0.836757224078988
hsa_circ_0005753,circRNA,Homo sapiens,BMSCs,Cytoplasm,0.836757224078988
hsa_circ_0114581,circRNA,Homo sapiens,BMSCs,Cytoplasm,0.694505649698505
hsa_circ_0001141,circRNA,Homo sapiens,BMSCs,Extracellular exosome,0.694505649698505
Lrrc8a,circRNA,Rattus norvegicus,BMSCs,Extracellular exosome,0.694505649698505
hsa_circ_0001342,circRNA,Homo sapiens,BMSCs,Cytoplasm,0.836757224078988
hsa_circ_0004771,circRNA,Homo sapiens,bone marrow mesenchymal stem cel (BMSC),Extracellular vesicle,0.795006069178413
mmu_circ_0001052,circRNA,Mus musculus,bone marrow mesenchymal stem cells (BMSCs),Extracellular exosome,0.694505649698505
Plod2,circRNA,Rattus norvegicus,bone marrow mesenchymal stem cells (BMSCs),Cytoplasm,0.836757224078988
hsa_circ_0014614,circRNA,Homo sapiens,bone marrow tissues,Extracellular exosome,0.795006069178413
hsa_circ_0001136,circRNA,Homo sapiens,bone marrow tissues,Extracellular exosome,0.815590988686444
hsa_circ_0002360,circRNA,Homo sapiens,bone marrow tissues,Extracellular exosome,0.795006069178413
hsa_circ_0001166,circRNA,Homo sapiens,Bone marrow-derived mesenchymal stem cells (BMSCs),Extracellular exosome,0.396358685090047
hsa_circ_0079230,circRNA,Homo sapiens,Bone marrow-derived mesenchymal stem cells (BMSCs),Extracellular exosome,0.396358685090047
hsa_circ_0039438,circRNA,Homo sapiens,Bone marrow-derived mesenchymal stem cells (BMSCs),Extracellular exosome,0.396358685090047
hsa_circ_0065618,circRNA,Homo sapiens,Bone marrow-derived mesenchymal stem cells (BMSCs),Extracellular exosome,0.396358685090047
hsa_circ_0060849,circRNA,Homo sapiens,Bone marrow-derived mesenchymal stem cells (BMSCs),Extracellular exosome,0.396358685090047
hsa_circ_0087557,circRNA,Homo sapiens,Bone marrow-derived mesenchymal stem cells (BMSCs),Extracellular exosome,0.396358685090047
hsa_circ_0000511,circRNA,Homo sapiens,Bone marrow-derived mesenchymal stem cells (BMSCs),Extracellular exosome,0.441906205517059
hsa_circ_0009127,circRNA,Homo sapiens,Bone marrow-derived mesenchymal stem cells (BMSCs),Extracellular exosome,0.396358685090047
hsa_circ_0000233,circRNA,Homo sapiens,Bone marrow-derived mesenchymal stem cells (BMSCs),Extracellular exosome,0.396358685090047
hsa_circ_0034255,circRNA,Homo sapiens,Bone marrow-derived mesenchymal stem cells (BMSCs),Extracellular exosome,0.396358685090047
hsa_circ_0064831,circRNA,Homo sapiens,Bone marrow-derived mesenchymal stem cells (BMSCs),Extracellular exosome,0.396358685090047
hsa_circ_0008806,circRNA,Homo sapiens,Bone marrow-derived mesenchymal stem cells (BMSCs),Extracellular exosome,0.396358685090047
hsa_circ_0034528,circRNA,Homo sapiens,Bone marrow-derived mesenchymal stem cells (BMSCs),Extracellular exosome,0.396358685090047
hsa_circ_0031900,circRNA,Homo sapiens,Bone marrow-derived mesenchymal stem cells (BMSCs),Extracellular exosome,0.396358685090047
hsa_circ_0078077,circRNA,Homo sapiens,Bone marrow-derived mesenchymal stem cells (BMSCs),Extracellular exosome,0.396358685090047
hsa_circ_0047391,circRNA,Homo sapiens,Bone marrow-derived mesenchymal stem cells (BMSCs),Extracellular exosome,0.396358685090047
hsa_circ_0001249,circRNA,Homo sapiens,Bone marrow-derived mesenchymal stem cells (BMSCs),Extracellular exosome,0.396358685090047
hsa_circ_0006756,circRNA,Homo sapiens,Bone marrow-derived mesenchymal stem cells (BMSCs),Extracellular exosome,0.396358685090047
hsa_circ_0004089,circRNA,Homo sapiens,Bone marrow-derived mesenchymal stem cells (BMSCs),Extracellular exosome,0.396358685090047
hsa_circ_0023676,circRNA,Homo sapiens,Bone marrow-derived mesenchymal stem cells (BMSCs),Extracellular exosome,0.396358685090047
hsa_circ_0001713,circRNA,Homo sapiens,Bone marrow-derived mesenchymal stem cells (BMSCs),Extracellular exosome,0.396358685090047
hsa_circ_0083895,circRNA,Homo sapiens,Bone marrow-derived mesenchymal stem cells (BMSCs),Extracellular exosome,0.396358685090047
hsa_circ_0065188,circRNA,Homo sapiens,Bone marrow-derived mesenchymal stem cells (BMSCs),Extracellular exosome,0.396358685090047
hsa_circ_0007508,circRNA,Homo sapiens,Bone marrow-derived mesenchymal stem cells (BMSCs),Extracellular exosome,0.396358685090047
hsa_circ_0054872,circRNA,Homo sapiens,Bone marrow-derived mesenchymal stem cells (BMSCs),Extracellular exosome,0.396358685090047
hsa_circ_0005944,circRNA,Homo sapiens,Bone marrow-derived mesenchymal stem cells (BMSCs),Extracellular exosome,0.396358685090047
hsa_circ_0003139,circRNA,Homo sapiens,Bone marrow-derived mesenchymal stem cells (BMSCs),Extracellular exosome,0.795006069178413
hsa_circ_0001355,circRNA,Homo sapiens,Bone marrow-derived mesenchymal stem cells (BMSCs),Extracellular exosome,0.396358685090047
hsa_circ_0006393,circRNA,Homo sapiens,Bone mesenchymal stem cells,Cytoplasm,0.694505649698505
hsa_circ_0006393,circRNA,Homo sapiens,Bone mesenchymal stem cells,Nucleus,0.694505649698505
hsa_circ_0004999,circRNA,Homo sapiens,Bone mesenchymal stem cells,Cytoplasm,0.694505649698505
Nkd2,circRNA,Rattus norvegicus,bone mesenchymal stem cells (BMSC),Extracellular exosome,0.795006069178413
hsa_circ_0066523,circRNA,Homo sapiens,bone mesenchymal stem cells (BMSCs),Nucleus,0.694505649698505
hsa_circ_0066523,circRNA,Homo sapiens,bone mesenchymal stem cells (BMSCs),Cytoplasm,0.694505649698505
hsa_circ_0037108,circRNA,Homo sapiens,brain microvascular endothelial cells (BMVECs),Extracellular vesicle,0.396358685090047
hsa_circ_0000495,circRNA,Homo sapiens,brain microvascular endothelial cells (BMVECs),Extracellular vesicle,0.396358685090047
hsa_circ_0003793,circRNA,Homo sapiens,brain microvascular endothelial cells (BMVECs),Extracellular vesicle,0.396358685090047
hsa_circ_0060551,circRNA,Homo sapiens,brain microvascular endothelial cells (BMVECs),Extracellular vesicle,0.396358685090047
hsa_circ_0008285,circRNA,Homo sapiens,brain microvascular endothelial cells (BMVECs),Extracellular vesicle,0.396358685090047
hsa_circ_0007783,circRNA,Homo sapiens,brain microvascular endothelial cells (BMVECs),Extracellular vesicle,0.396358685090047
hsa_circ_0085458,circRNA,Homo sapiens,brain microvascular endothelial cells (BMVECs),Extracellular vesicle,0.396358685090047
hsa_circ_0077096,circRNA,Homo sapiens,brain microvascular endothelial cells (BMVECs),Extracellular vesicle,0.396358685090047
hsa_circ_0004366,circRNA,Homo sapiens,brain microvascular endothelial cells (BMVECs),Extracellular vesicle,0.396358685090047
hsa_circ_0056264,circRNA,Homo sapiens,brain microvascular endothelial cells (BMVECs),Extracellular vesicle,0.396358685090047
GRIA1,circRNA,Macaca mulatta,Brain tissue,Nucleus,0.904945420481312
mmu_circ_0001329,circRNA,Mus musculus,brain tissue,Cytoplasm,0.694505649698505
mmu_circ_0001204,circRNA,Mus musculus,brain tissues,Cytoplasm,0.694505649698505
circ-DUS2,circRNA,Homo sapiens,brain vascular smooth muscle cells,Cytoplasm,0.694505649698505
hsa_circ_0000284,circRNA,Homo sapiens,breast cancer (BC) cells,Extracellular exosome,0.936216130089154
hsa_circ_0000350,circRNA,Homo sapiens,Breast cancer cell line (MCF-7),Nucleus,0.694505649698505
hsa_circ_0052112,circRNA,Homo sapiens,Breast cancer cell line (MDA-MB-231),Cytoplasm,0.836757224078988
hsa_circ_0072995,circRNA,Homo sapiens,Breast cancer cell line (MDA-MB-231),Cytoplasm,0.694505649698505
hsa_circ_0072995,circRNA,Homo sapiens,Breast cancer cell line (MDA-MB-231),Nucleus,0.694505649698505
hsa_circ_0000828,circRNA,Homo sapiens,Breast cancer cell line (MDA-MB-231),Cytoplasm,0.932913100536013
CREIT,circRNA,Homo sapiens,breast cancer cell lines (MDA-MB-231 and MDA-MB-468),Cytoplasm,0.836757224078988
Dock7,circRNA,Rattus norvegicus,BRL cells,Cytoplasm,0.694505649698505
hsa_circ_0000782,circRNA,Homo sapiens,bronchial epithelial (16HBE) cells,Cytoplasm,0.836757224078988
hsa_circ_0008717,circRNA,Homo sapiens,bronchial epithelial cells BEAS-2B and NSCLC cells,Extracellular exosome,0.694505649698505
hsa_circ_0009128,circRNA,Homo sapiens,bronchoalveolar lavage fluid (BALF),Extracellular exosome,0.795006069178413
hsa_circ_0104034,circRNA,Homo sapiens,bronchoalveolar lavage fluid (BALF),Extracellular exosome,0.815590988686444
hsa_circ_0104534,circRNA,Homo sapiens,bronchoalveolar lavage fluid (BALF),Extracellular exosome,0.815590988686444
hsa_circ_0002809,circRNA,Homo sapiens,bronchoalveolar lavage fluid (BALF),Extracellular exosome,0.815590988686444
hsa_circ_0102394,circRNA,Homo sapiens,bronchoalveolar lavage fluid (BALF),Extracellular exosome,0.815590988686444
hsa_circ_0042882,circRNA,Homo sapiens,bronchoalveolar lavage fluid (BALF),Extracellular exosome,0.795006069178413
hsa_circ_0008550,circRNA,Homo sapiens,bronchoalveolar lavage fluid (BALF),Extracellular exosome,0.795006069178413
hsa_circ_0000996,circRNA,Homo sapiens,Bronchoalveolar.lavage.fluid.sample|Cerebrospinal.fluid|Plasma|Serum,Extracellular exosome,0.396358685090047
hsa_circ_0006756,circRNA,Homo sapiens,Bronchoalveolar.lavage.fluid.sample|Cerebrospinal.fluid|Plasma|Serum,Extracellular exosome,0.396358685090047
hsa_circ_0001664,circRNA,Homo sapiens,Bronchoalveolar.lavage.fluid.sample|Plasma,Extracellular exosome,0.396358685090047
hsa_circ_0000610,circRNA,Homo sapiens,Bronchoalveolar.lavage.fluid.sample|Plasma,Extracellular exosome,0.396358685090047
hsa_circ_0000565,circRNA,Homo sapiens,Bronchoalveolar.lavage.fluid.sample|Plasma|Serum|Sputum,Extracellular exosome,0.396358685090047
mmu_circ_0000230,circRNA,Mus musculus,brown adipocytes,Cytoplasm,0.694505649698505
hsa_circ_0085533,circRNA,Homo sapiens,BT-20 and MDA-MB-231 cells,Cytoplasm,0.836757224078988
hsa_circ_0085533,circRNA,Homo sapiens,BT-20 and MDA-MB-231 cells,Nucleus,0.836757224078988
hsa_circ_0075043,circRNA,Homo sapiens,BT-549 and MDA-MB-231 cells,Cytoplasm,0.904945420481312
hsa_circ_0000816,circRNA,Homo sapiens,BT-549 cells,Nucleus,0.694505649698505
hsa_circ_0052582,circRNA,Homo sapiens,BT-549 or MDA-MB-231 cells,Cytoplasm,0.694505649698505
hsa_circ_0052582,circRNA,Homo sapiens,BT-549 or MDA-MB-231 cells,Nucleus,0.694505649698505
hsa_circ_0058113,circRNA,Homo sapiens,BT-549 or MDA-MB-231 cells,Cytoplasm,0.694505649698505
hsa_circ_0058113,circRNA,Homo sapiens,BT-549 or MDA-MB-231 cells,Nucleus,0.694505649698505
hsa_circ_0058148,circRNA,Homo sapiens,BT-549 or MDA-MB-231 cells,Nucleus,0.694505649698505
hsa_circ_0060551,circRNA,Homo sapiens,BT-549 or MDA-MB-231 cells,Nucleus,0.694505649698505
circ-β-TrCP,circRNA,Homo sapiens,BT474 and SKBR3 cells,Cytoplasm,0.836757224078988
hsa_circ_0071332,circRNA,Homo sapiens,BT474 and SKBR3 cells,Nucleus,0.694505649698505
hsa_circ_0071332,circRNA,Homo sapiens,BT474-Tr and SKBR3-Tr cells,Cytoplasm,0.694505649698505
mmu_circ_37492,circRNA,Mus musculus,BUMPT cells and renal tissue,Cytoplasm,0.694505649698505
mmu_circ_0000896,circRNA,Mus musculus,BV2 cells,Cytoplasm,0.694505649698505
mmu_circ_0006640,circRNA,Mus musculus,BV2 cells,Cytoplasm,0.694505649698505
hsa_circ_0050312,circRNA,Homo sapiens,BxPC-3/SW1990 cells,Cytoplasm,0.836757224078988
hsa_circ_0104595,circRNA,Homo sapiens,C28/I2 chondrocytes,Cytoplasm,0.694505649698505
mmu_circ_0001467,circRNA,Mus musculus,C2C12 myoblasts,Cytoplasm,0.904945420481312
hsa_circ_0023981,circRNA,Homo sapiens,CAFs and NFs,Cytoplasm,0.904945420481312
circ-PDHK1,circRNA,Homo sapiens,Caki-1 and 786-O cells,Cytoplasm,0.836757224078988
hsa_circ_0000869,circRNA,Homo sapiens,CAL27 and HN6 cells,Cytoplasm,0.836757224078988
hsa_circ_0000869,circRNA,Homo sapiens,CAL27 and HN6 cells,Nucleus,0.836757224078988
hsa_circ_0001470,circRNA,Homo sapiens,CAL27 and HSC3 cells,Cytoplasm,0.836757224078988
hsa_circ_0000284,circRNA,Homo sapiens,CAL51 cells,Nucleus,0.904945420481312
circ_0003418,circRNA,Populus tomentosa,callus,Nucleus,0.694505649698505
hsa_circ_0060967,circRNA,Homo sapiens,Calu3 and H1299 cells,Cytoplasm,0.694505649698505
hsa_circ_0088300,circRNA,Homo sapiens,Cancer-associated fibroblasts (CAF),Extracellular exosome,0.694505649698505
hsa_circ_0077890,circRNA,Homo sapiens,cancer-associated fibroblasts (CAFs),Cytoplasm,0.904945420481312
mmu_circ_0009767,circRNA,Mus musculus,cardiac fibroblasts,Cytoplasm,0.904945420481312
mmu_circ_0009767,circRNA,Mus musculus,cardiac fibroblasts,Nucleus,0.904945420481312
hsa_circ_0002104,circRNA,Homo sapiens,cardiac fibroblasts (CFs) cells,Cytoplasm,0.694505649698505
mmu_circ_0001572,circRNA,Mus musculus,cardiac fibroblasts (CFs) cells,Cytoplasm,0.836757224078988
mmu_circ_CNEACR,circRNA,Mus musculus,cardiomyocytes,Cytoplasm,0.836757224078988
mmu_circ_CNEACR,circRNA,Mus musculus,cardiomyocytes,Nucleus,0.836757224078988
mmu_circ_0007050,circRNA,Mus musculus,Cardiomyocytes,Cytoplasm,0.694505649698505
mmu_circ_FEACR,circRNA,Mus musculus,cardiomyocytes,Cytoplasm,0.694505649698505
mmu_circ_FEACR,circRNA,Mus musculus,cardiomyocytes,Nucleus,0.694505649698505
circLRP6,circRNA,Rattus norvegicus,cardiomyocytes,Nucleus,0.694505649698505
mmu_circ_0001704,circRNA,Mus musculus,cardiomyocytes,Cytoplasm,0.694505649698505
Rtn4,circRNA,Rattus norvegicus,cardiomyocytes,Cytoplasm,0.694505649698505
hsa_circ_0116795,circRNA,Homo sapiens,cardiomyocytes,Cytoplasm,0.694505649698505
hsa_circ_0007485,circRNA,Homo sapiens,Caski and C33A cells,Cytoplasm,0.694505649698505
hsa_circ_0009185,circRNA,Homo sapiens,CaSki and SiHa cells,Cytoplasm,0.694505649698505
hsa_circ_0074269,circRNA,Homo sapiens,CaSki cells and HeLa cells,Cytoplasm,0.694505649698505
circ-E7,circRNA,Homo sapiens,CaSki cells|HEK-293T cells,Cytoplasm,0.836757224078988
hsa_circ_0092339,circRNA,Homo sapiens,castration-resistant prostate cancer (CRPC) cell lines,Nucleus,0.694505649698505
hsa_circ_0106800,circRNA,Homo sapiens,CC cell lines (CaSKi|Hela),Cytoplasm,0.836757224078988
hsa_circ_0000423,circRNA,Homo sapiens,CC cell lines (HCT-116|LoVo),Cytoplasm,0.836757224078988
hsa_circ_0039787,circRNA,Homo sapiens,CC cells,Cytoplasm,0.694505649698505
hsa_circ_0007534,circRNA,Homo sapiens,CCLP-1 and QBC939 cells,Cytoplasm,0.836757224078988
hsa_circ_0002699,circRNA,Homo sapiens,"ccRCC cell line (786-O and ACHN), tRCC cell lines (UOK109 and UOK120) and normal cell lines (HK-2 and HEK293T)",Cytosol,0.904945420481312
hsa_circ_0002861,circRNA,Homo sapiens,ccRCC cells (786O and Caki-1),Nucleus,0.694505649698505
hsa_circ_0002861,circRNA,Homo sapiens,ccRCC cells (786O and Caki-1),Cytoplasm,0.694505649698505
hsa_circ_0000043,circRNA,Homo sapiens,ccRCC tissues,Cytoplasm,0.694505649698505
circdati,circRNA,Drosophila melanogaster,Cell line (DL1),Cytoplasm,0.836757224078988
dme_circ_0004063,circRNA,Drosophila melanogaster,Cell line (DL1),Cytoplasm,0.836757224078988
hsa_circ_0000722,circRNA,Homo sapiens,Cell line (HeLa),Cytoplasm,0.694505649698505
hsa_circ_0001900,circRNA,Homo sapiens,Cell line (HeLa),Nucleus,0.836757224078988
hsa_circ_0000722,circRNA,Homo sapiens,Cell line (HeLa),Cytoplasm,0.694505649698505
hsa_circ_0002484,circRNA,Homo sapiens,Cell line (HeLa),Cytoplasm,0.904945420481312
hsa_circ_0000066,circRNA,Homo sapiens,Cell line (HeLa),Cytoplasm,0.694505649698505
hsa_circ_0000255,circRNA,Homo sapiens,Cell line (HeLa),Cytoplasm,0.694505649698505
Circβ-catenin,circRNA,Homo sapiens,Cell line (Huh-7),Cytoplasm,0.694505649698505
hsa_circ_0000284,circRNA,Homo sapiens,cell lines (A498|786-O),Cytoplasm,0.943641791621929
hsa_circ_0067934,circRNA,Homo sapiens,Cell lines (ECA-109|KYSE-410|TE-1|TE-13),Cytoplasm,0.904945420481312
hsa_circ_0021769,circRNA,Homo sapiens,Cell lines (KYSE30|KYSE450)|Plasma,Cytoplasm,0.694505649698505
hsa_circ_0000828,circRNA,Homo sapiens,Cell lines (SW480|SW620),Cytoplasm,0.932913100536013
hsa_circ_0001749,circRNA,Homo sapiens,Cerebrospinal.fluid,Extracellular exosome,0.396358685090047
hsa_circ_0001523,circRNA,Homo sapiens,Cerebrospinal.fluid,Extracellular exosome,0.396358685090047
hsa_circ_0000998,circRNA,Homo sapiens,Cerebrospinal.fluid,Extracellular exosome,0.396358685090047
hsa_circ_0001561,circRNA,Homo sapiens,Cerebrospinal.fluid,Extracellular exosome,0.396358685090047
hsa_circ_0000284,circRNA,Homo sapiens,Cerebrospinal.fluid|Ovarian.Follicle.Fluid|Plasma|Serum|Urine,Extracellular exosome,0.936216130089154
hsa_circ_0000512,circRNA,Homo sapiens,Cerebrospinal.fluid|Plasma,Extracellular exosome,0.428658357070095
hsa_circ_0001924,circRNA,Homo sapiens,Cerebrospinal.fluid|Plasma,Extracellular exosome,0.396358685090047
hsa_circ_0000488,circRNA,Homo sapiens,Cerebrospinal.fluid|Plasma,Extracellular exosome,0.396358685090047
hsa_circ_0000092,circRNA,Homo sapiens,Cerebrospinal.fluid|Plasma,Extracellular exosome,0.396358685090047
hsa_circ_0000652,circRNA,Homo sapiens,Cerebrospinal.fluid|Plasma|Seminal.fluid|Serum|Urine,Extracellular exosome,0.396358685090047
hsa_circ_0000705,circRNA,Homo sapiens,Cerebrospinal.fluid|Plasma|Serum,Extracellular exosome,0.396358685090047
hsa_circ_0000511,circRNA,Homo sapiens,Cerebrospinal.fluid|Plasma|Serum,Extracellular exosome,0.441906205517059
hsa_circ_0001676,circRNA,Homo sapiens,Cerebrospinal.fluid|Plasma|Serum,Extracellular exosome,0.396358685090047
hsa_circ_0001834,circRNA,Homo sapiens,Cerebrospinal.fluid|Plasma|Serum,Extracellular exosome,0.396358685090047
hsa_circ_0001801,circRNA,Homo sapiens,Cerebrospinal.fluid|Plasma|Serum,Extracellular exosome,0.795006069178413
hsa_circ_0002809,circRNA,Homo sapiens,Cerebrospinal.fluid|Plasma|Serum|Urine,Extracellular exosome,0.815590988686444
hsa_circ_0000880,circRNA,Homo sapiens,Cerebrospinal.fluid|Plasma|Serum|Urine,Extracellular exosome,0.795006069178413
hsa_circ_0001190,circRNA,Homo sapiens,Cerebrospinal.fluid|Plasma|Serum|Urine,Extracellular exosome,0.396358685090047
hsa_circ_0000517,circRNA,Homo sapiens,Cerebrospinal.fluid|Serum,Extracellular exosome,0.396358685090047
hsa_circ_0001449,circRNA,Homo sapiens,Cerebrospinal.fluid|Serum,Extracellular exosome,0.795006069178413
hsa_circ_0000009,circRNA,Homo sapiens,Cerebrospinal.fluid|Serum|Urine,Extracellular exosome,0.396358685090047
hsa_circ_0001013,circRNA,Homo sapiens,Cerebrospinal.fluid|Sputum,Extracellular exosome,0.396358685090047
hsa_circ_0001946,circRNA,Homo sapiens,Cerebrospinal.fluid|Sputum,Extracellular exosome,0.82545835599294
hsa_circ_0001238,circRNA,Homo sapiens,cervical cancer (CC) cell,Cytoplasm,0.836757224078988
hsa_circ_0036602,circRNA,Homo sapiens,cervical cancer (CC) cells,Cytoplasm,0.836757224078988
hsa_circ_0000759,circRNA,Homo sapiens,cervical cancer (CC) cells,Cytoplasm,0.904945420481312
hsa_circ_0000759,circRNA,Homo sapiens,cervical cancer (CC) cells,Nucleus,0.694505649698505
hsa_circ_0005576,circRNA,Homo sapiens,Cervical cancer cell lines (HeLa|SiHa),Cytoplasm,0.836757224078988
hsa_circ_0058511,circRNA,Homo sapiens,Cervical cancer cell lines (HeLa|SiHa),Cytoplasm,0.694505649698505
hsa_circ_0000520,circRNA,Homo sapiens,cervical cancer cell lines (SiHa and Hela),Cytoplasm,0.836757224078988
PTPN4,circRNA,Gallus gallus,chicken primary myoblast (CPM),Cytoplasm,0.836757224078988
PLXNA2,circRNA,Gallus gallus,chicken primary myoblasts,Cytoplasm,0.694505649698505
PLXNA2,circRNA,Gallus gallus,chicken primary myoblasts,Nucleus,0.694505649698505
hsa_circ_0000838,circRNA,Homo sapiens,"CHILPs, ILCPs, and ILC3s",Nucleus,0.836757224078988
hsa_circ_0001846,circRNA,Homo sapiens,CHON-001 cells,Cytoplasm,0.836757224078988
hsa_circ_0001846,circRNA,Homo sapiens,CHON-001 cells,Nucleus,0.694505649698505
hsa_circ_0116061,circRNA,Homo sapiens,CHON-001 cells,Extracellular exosome,0.694505649698505
hsa_circ_0008365,circRNA,Homo sapiens,CHON-001 cells,Cytoplasm,0.836757224078988
hsa_circ_0136474,circRNA,Homo sapiens,CHON-001 cells,Cytoplasm,0.694505649698505
mmu_circ_0001052,circRNA,Mus musculus,chondrocytes,Cytoplasm,0.932913100536013
hsa_circ_0004773,circRNA,Homo sapiens,chondrocytes,Nucleus,0.694505649698505
hsa_circ_0004773,circRNA,Homo sapiens,chondrocytes,Cytoplasm,0.694505649698505
hsa_circ_0038467,circRNA,Homo sapiens,chondrocytes,Cytoplasm,0.836757224078988
hsa_circ_0038467,circRNA,Homo sapiens,chondrocytes,Nucleus,0.694505649698505
hsa_circ_0001236,circRNA,Homo sapiens,chondrocytes,Cytoplasm,0.694505649698505
mmu_circ_0000370,circRNA,Mus musculus,chondrocytes,Cytoplasm,0.904945420481312
hsa_circ_0003180,circRNA,Homo sapiens,chondrocytes,Cytoplasm,0.932913100536013
mmu_circ_0004691,circRNA,Mus musculus,chondrocytes,Nucleus,0.836757224078988
hsa_circ_0128846,circRNA,Homo sapiens,chondrocytes,Cytoplasm,0.694505649698505
hsa_circ_0006381,circRNA,Homo sapiens,chondrocytes and SW1353 cells,Cytoplasm,0.694505649698505
hsa_circ_0004442,circRNA,Homo sapiens,chordoma cells,Cytoplasm,0.836757224078988
hsa_circ_0001741,circRNA,Homo sapiens,clear cell renal cell carcinoma (ccRCC),Cytoplasm,0.836757224078988
hsa_circ_0009910,circRNA,Homo sapiens,CML cell lines (K562|K562/R),Cytoplasm,0.694505649698505
hsa_circ_0069740,circRNA,Homo sapiens,CNE1 and HONE1 cells,Cytoplasm,0.904945420481312
hsa_circ_0001678,circRNA,Homo sapiens,"colorectal cancer (CRC) cell lines (SW620, LS174T, LoVo and HCT-8)",Nucleus,0.694505649698505
hsa_circ_0002287,circRNA,Homo sapiens,colorectal cancer tissue,Cytoplasm,0.694505649698505
hsa_circ_0001662,circRNA,Homo sapiens,colorectal cancer(CRC) cell line HCT116 and SW480,Nucleus,0.836757224078988
hsa_circ_0001662,circRNA,Homo sapiens,colorectal cancer(CRC) cell line HCT116 and SW480,Cytoplasm,0.836757224078988
hsa_circ_0103830,circRNA,Homo sapiens,colostrum,Extracellular exosome,0.396358685090047
hsa_circ_0101292,circRNA,Homo sapiens,colostrum,Extracellular exosome,0.396358685090047
hsa_circ_0104137,circRNA,Homo sapiens,colostrum,Extracellular exosome,0.396358685090047
hsa_circ_0103757,circRNA,Homo sapiens,colostrum,Extracellular exosome,0.396358685090047
hsa_circ_0100915,circRNA,Homo sapiens,colostrum,Extracellular exosome,0.396358685090047
hsa_circ_0104791,circRNA,Homo sapiens,colostrum,Extracellular exosome,0.396358685090047
hsa_circ_0000886,circRNA,Homo sapiens,colostrum,Extracellular exosome,0.396358685090047
hsa_circ_0103348,circRNA,Homo sapiens,colostrum,Extracellular exosome,0.396358685090047
hsa_circ_400011,circRNA,Homo sapiens,colostrum,Extracellular exosome,0.396358685090047
hsa_circ_0104469,circRNA,Homo sapiens,colostrum,Extracellular exosome,0.396358685090047
hsa_circ_0100823,circRNA,Homo sapiens,colostrum,Extracellular exosome,0.396358685090047
hsa_circ_0101436,circRNA,Homo sapiens,colostrum,Extracellular exosome,0.396358685090047
hsa_circ_0104808,circRNA,Homo sapiens,colostrum,Extracellular exosome,0.396358685090047
hsa_circ_0104438,circRNA,Homo sapiens,colostrum,Extracellular exosome,0.396358685090047
hsa_circ_0103252,circRNA,Homo sapiens,colostrum,Extracellular exosome,0.396358685090047
hsa_circ_0104743,circRNA,Homo sapiens,colostrum,Extracellular exosome,0.396358685090047
hsa_circ_0103695,circRNA,Homo sapiens,colostrum,Extracellular exosome,0.396358685090047
hsa_circ_0101672,circRNA,Homo sapiens,colostrum,Extracellular exosome,0.396358685090047
hsa_circ_0103383,circRNA,Homo sapiens,colostrum,Extracellular exosome,0.396358685090047
hsa_circ_0000423,circRNA,Homo sapiens,colostrum,Extracellular exosome,0.428658357070095
hsa_circ_0102296,circRNA,Homo sapiens,colostrum,Extracellular exosome,0.396358685090047
hsa_circ_0100015,circRNA,Homo sapiens,colostrum,Extracellular exosome,0.396358685090047
hsa_circ_0051239,circRNA,Homo sapiens,colostrum,Extracellular exosome,0.795006069178413
hsa_circ_0104823,circRNA,Homo sapiens,colostrum,Extracellular exosome,0.396358685090047
hsa_circ_0102533,circRNA,Homo sapiens,colostrum,Extracellular exosome,0.396358685090047
hsa_circ_0101366,circRNA,Homo sapiens,colostrum,Extracellular exosome,0.396358685090047
hsa_circ_0001895,circRNA,Homo sapiens,colostrum,Extracellular exosome,0.396358685090047
hsa_circ_0100836,circRNA,Homo sapiens,colostrum,Extracellular exosome,0.396358685090047
hsa_circ_0103902,circRNA,Homo sapiens,colostrum,Extracellular exosome,0.396358685090047
hsa_circ_0100387,circRNA,Homo sapiens,colostrum,Extracellular exosome,0.396358685090047
hsa_circ_0103140,circRNA,Homo sapiens,colostrum,Extracellular exosome,0.396358685090047
hsa_circ_0101018,circRNA,Homo sapiens,colostrum,Extracellular exosome,0.396358685090047
hsa_circ_0103654,circRNA,Homo sapiens,colostrum,Extracellular exosome,0.396358685090047
hsa_circ_0104338,circRNA,Homo sapiens,colostrum,Extracellular exosome,0.396358685090047
hsa_circ_0100922,circRNA,Homo sapiens,colostrum,Extracellular exosome,0.396358685090047
hsa_circ_0103681,circRNA,Homo sapiens,colostrum,Extracellular exosome,0.396358685090047
hsa_circ_0100780,circRNA,Homo sapiens,colostrum,Extracellular exosome,0.396358685090047
hsa_circ_0101903,circRNA,Homo sapiens,colostrum,Extracellular exosome,0.396358685090047
hsa_circ_400005,circRNA,Homo sapiens,colostrum,Extracellular exosome,0.396358685090047
hsa_circ_0102731,circRNA,Homo sapiens,colostrum,Extracellular exosome,0.396358685090047
hsa_circ_400082,circRNA,Homo sapiens,colostrum,Extracellular exosome,0.396358685090047
hsa_circ_0104761,circRNA,Homo sapiens,colostrum,Extracellular exosome,0.396358685090047
hsa_circ_0063313,circRNA,Homo sapiens,colostrum,Extracellular exosome,0.795006069178413
hsa_circ_0101533,circRNA,Homo sapiens,colostrum,Extracellular exosome,0.396358685090047
hsa_circ_0104327,circRNA,Homo sapiens,colostrum,Extracellular exosome,0.396358685090047
hsa_circ_0100691,circRNA,Homo sapiens,colostrum,Extracellular exosome,0.396358685090047
hsa_circ_0102072,circRNA,Homo sapiens,colostrum,Extracellular exosome,0.396358685090047
hsa_circ_0103179,circRNA,Homo sapiens,colostrum,Extracellular exosome,0.396358685090047
hsa_circ_0102788,circRNA,Homo sapiens,colostrum,Extracellular exosome,0.396358685090047
hsa_circ_0000453,circRNA,Homo sapiens,colostrum,Extracellular exosome,0.428658357070095
hsa_circ_0031900,circRNA,Homo sapiens,colostrum,Extracellular exosome,0.396358685090047
hsa_circ_0104238,circRNA,Homo sapiens,colostrum,Extracellular exosome,0.396358685090047
hsa_circ_0100190,circRNA,Homo sapiens,colostrum,Extracellular exosome,0.396358685090047
hsa_circ_0100722,circRNA,Homo sapiens,colostrum,Extracellular exosome,0.396358685090047
hsa_circ_0100832,circRNA,Homo sapiens,colostrum,Extracellular exosome,0.396358685090047
hsa_circ_0103829,circRNA,Homo sapiens,colostrum,Extracellular exosome,0.396358685090047
hsa_circ_0028861,circRNA,Homo sapiens,colostrum,Extracellular exosome,0.795006069178413
hsa_circ_0101809,circRNA,Homo sapiens,colostrum,Extracellular exosome,0.396358685090047
hsa_circ_0102101,circRNA,Homo sapiens,colostrum,Extracellular exosome,0.396358685090047
hsa_circ_0005310,circRNA,Homo sapiens,colostrum,Extracellular exosome,0.396358685090047
hsa_circ_0000726,circRNA,Homo sapiens,colostrum,Extracellular exosome,0.396358685090047
hsa_circ_0100114,circRNA,Homo sapiens,colostrum,Extracellular exosome,0.396358685090047
hsa_circ_0101089,circRNA,Homo sapiens,colostrum,Extracellular exosome,0.396358685090047
hsa_circ_0104798,circRNA,Homo sapiens,colostrum,Extracellular exosome,0.396358685090047
hsa_circ_0101796,circRNA,Homo sapiens,colostrum,Extracellular exosome,0.396358685090047
hsa_circ_0102520,circRNA,Homo sapiens,colostrum,Extracellular exosome,0.396358685090047
hsa_circ_0104423,circRNA,Homo sapiens,colostrum,Extracellular exosome,0.396358685090047
hsa_circ_0103355,circRNA,Homo sapiens,colostrum,Extracellular exosome,0.396358685090047
hsa_circ_0100988,circRNA,Homo sapiens,colostrum,Extracellular exosome,0.396358685090047
hsa_circ_0104412,circRNA,Homo sapiens,colostrum,Extracellular exosome,0.396358685090047
hsa_circ_0000561,circRNA,Homo sapiens,colostrum,Extracellular exosome,0.396358685090047
hsa_circ_0103735,circRNA,Homo sapiens,colostrum,Extracellular exosome,0.396358685090047
hsa_circ_0104797,circRNA,Homo sapiens,colostrum,Extracellular exosome,0.396358685090047
hsa_circ_0104475,circRNA,Homo sapiens,colostrum,Extracellular exosome,0.396358685090047
hsa_circ_0103356,circRNA,Homo sapiens,colostrum,Extracellular exosome,0.396358685090047
hsa_circ_0001314,circRNA,Homo sapiens,colostrum,Extracellular exosome,0.396358685090047
hsa_circ_0103670,circRNA,Homo sapiens,colostrum,Extracellular exosome,0.396358685090047
hsa_circ_0103809,circRNA,Homo sapiens,colostrum,Extracellular exosome,0.815590988686444
hsa_circ_0102471,circRNA,Homo sapiens,colostrum,Extracellular exosome,0.396358685090047
hsa_circ_0104168,circRNA,Homo sapiens,colostrum,Extracellular exosome,0.396358685090047
hsa_circ_0100191,circRNA,Homo sapiens,colostrum,Extracellular exosome,0.396358685090047
hsa_circ_0104052,circRNA,Homo sapiens,colostrum,Extracellular exosome,0.396358685090047
hsa_circ_0000700,circRNA,Homo sapiens,colostrum,Extracellular exosome,0.396358685090047
hsa_circ_0104852,circRNA,Homo sapiens,colostrum,Extracellular exosome,0.396358685090047
hsa_circ_0100013,circRNA,Homo sapiens,colostrum,Extracellular exosome,0.396358685090047
hsa_circ_0036592,circRNA,Homo sapiens,colostrum,Extracellular exosome,0.396358685090047
hsa_circ_0100313,circRNA,Homo sapiens,colostrum,Extracellular exosome,0.396358685090047
hsa_circ_0100146,circRNA,Homo sapiens,colostrum,Extracellular exosome,0.396358685090047
hsa_circ_0100018,circRNA,Homo sapiens,colostrum,Extracellular exosome,0.396358685090047
hsa_circ_0000323,circRNA,Homo sapiens,colostrum,Extracellular exosome,0.396358685090047
hsa_circ_0104566,circRNA,Homo sapiens,colostrum,Extracellular exosome,0.396358685090047
hsa_circ_0104708,circRNA,Homo sapiens,colostrum,Extracellular exosome,0.396358685090047
hsa_circ_0104980,circRNA,Homo sapiens,colostrum,Extracellular exosome,0.396358685090047
hsa_circ_0100039,circRNA,Homo sapiens,colostrum,Extracellular exosome,0.396358685090047
hsa_circ_0102560,circRNA,Homo sapiens,colostrum,Extracellular exosome,0.396358685090047
hsa_circ_0103758,circRNA,Homo sapiens,colostrum,Extracellular exosome,0.396358685090047
hsa_circ_0104706,circRNA,Homo sapiens,colostrum,Extracellular exosome,0.396358685090047
hsa_circ_0100913,circRNA,Homo sapiens,colostrum,Extracellular exosome,0.396358685090047
hsa_circ_0100017,circRNA,Homo sapiens,colostrum,Extracellular exosome,0.396358685090047
hsa_circ_0103176,circRNA,Homo sapiens,colostrum,Extracellular exosome,0.396358685090047
hsa_circ_0104103,circRNA,Homo sapiens,colostrum,Extracellular exosome,0.396358685090047
hsa_circ_0100632,circRNA,Homo sapiens,colostrum,Extracellular exosome,0.396358685090047
hsa_circ_0104821,circRNA,Homo sapiens,colostrum,Extracellular exosome,0.396358685090047
hsa_circ_0104853,circRNA,Homo sapiens,colostrum,Extracellular exosome,0.396358685090047
hsa_circ_0101319,circRNA,Homo sapiens,colostrum,Extracellular exosome,0.396358685090047
hsa_circ_0103881,circRNA,Homo sapiens,colostrum,Extracellular exosome,0.396358685090047
hsa_circ_0102402,circRNA,Homo sapiens,colostrum,Extracellular exosome,0.396358685090047
hsa_circ_0104545,circRNA,Homo sapiens,colostrum,Extracellular exosome,0.396358685090047
hsa_circ_0100583,circRNA,Homo sapiens,colostrum,Extracellular exosome,0.396358685090047
hsa_circ_0100019,circRNA,Homo sapiens,colostrum,Extracellular exosome,0.396358685090047
hsa_circ_0000512,circRNA,Homo sapiens,colostrum,Extracellular exosome,0.428658357070095
hsa_circ_0100311,circRNA,Homo sapiens,colostrum,Extracellular exosome,0.396358685090047
hsa_circ_0103514,circRNA,Homo sapiens,colostrum,Extracellular exosome,0.396358685090047
hsa_circ_0087856,circRNA,Homo sapiens,colostrum,Extracellular exosome,0.396358685090047
hsa_circ_0103871,circRNA,Homo sapiens,colostrum,Extracellular exosome,0.396358685090047
hsa_circ_0104707,circRNA,Homo sapiens,colostrum,Extracellular exosome,0.396358685090047
hsa_circ_0104128,circRNA,Homo sapiens,colostrum,Extracellular exosome,0.396358685090047
hsa_circ_0103559,circRNA,Homo sapiens,colostrum,Extracellular exosome,0.396358685090047
hsa_circ_0103657,circRNA,Homo sapiens,colostrum,Extracellular exosome,0.396358685090047
hsa_circ_0100914,circRNA,Homo sapiens,colostrum,Extracellular exosome,0.396358685090047
hsa_circ_0104565,circRNA,Homo sapiens,colostrum,Extracellular exosome,0.396358685090047
hsa_circ_0104700,circRNA,Homo sapiens,colostrum,Extracellular exosome,0.396358685090047
hsa_circ_0104645,circRNA,Homo sapiens,colostrum,Extracellular exosome,0.396358685090047
hsa_circ_0104820,circRNA,Homo sapiens,colostrum,Extracellular exosome,0.396358685090047
hsa_circ_0100456,circRNA,Homo sapiens,colostrum,Extracellular exosome,0.396358685090047
hsa_circ_0104705,circRNA,Homo sapiens,colostrum,Extracellular exosome,0.396358685090047
hsa_circ_0103470,circRNA,Homo sapiens,colostrum,Extracellular exosome,0.396358685090047
hsa_circ_0101836,circRNA,Homo sapiens,colostrum,Extracellular exosome,0.396358685090047
hsa_circ_0104804,circRNA,Homo sapiens,colostrum,Extracellular exosome,0.396358685090047
hsa_circ_0000511,circRNA,Homo sapiens,colostrum,Extracellular exosome,0.441906205517059
hsa_circ_0100705,circRNA,Homo sapiens,colostrum,Extracellular exosome,0.396358685090047
hsa_circ_0000514,circRNA,Homo sapiens,colostrum,Extracellular exosome,0.396358685090047
hsa_circ_0104854,circRNA,Homo sapiens,colostrum,Extracellular exosome,0.396358685090047
hsa_circ_0103870,circRNA,Homo sapiens,colostrum,Extracellular exosome,0.396358685090047
hsa_circ_0103044,circRNA,Homo sapiens,colostrum,Extracellular exosome,0.396358685090047
hsa_circ_0103491,circRNA,Homo sapiens,colostrum,Extracellular exosome,0.396358685090047
hsa_circ_0103102,circRNA,Homo sapiens,colostrum,Extracellular exosome,0.396358685090047
hsa_circ_0104332,circRNA,Homo sapiens,colostrum,Extracellular exosome,0.396358685090047
hsa_circ_0100917,circRNA,Homo sapiens,colostrum,Extracellular exosome,0.396358685090047
hsa_circ_0104333,circRNA,Homo sapiens,colostrum,Extracellular exosome,0.396358685090047
hsa_circ_0103572,circRNA,Homo sapiens,colostrum,Extracellular exosome,0.396358685090047
hsa_circ_0102742,circRNA,Homo sapiens,colostrum,Extracellular exosome,0.396358685090047
hsa_circ_0102762,circRNA,Homo sapiens,colostrum,Extracellular exosome,0.396358685090047
hsa_circ_0101050,circRNA,Homo sapiens,colostrum,Extracellular exosome,0.396358685090047
hsa_circ_0104851,circRNA,Homo sapiens,colostrum,Extracellular exosome,0.396358685090047
hsa_circ_0103993,circRNA,Homo sapiens,colostrum,Extracellular exosome,0.396358685090047
hsa_circ_0104334,circRNA,Homo sapiens,colostrum,Extracellular exosome,0.396358685090047
hsa_circ_0100720,circRNA,Homo sapiens,colostrum,Extracellular exosome,0.396358685090047
hsa_circ_0103045,circRNA,Homo sapiens,colostrum,Extracellular exosome,0.396358685090047
hsa_circ_0100912,circRNA,Homo sapiens,colostrum,Extracellular exosome,0.396358685090047
hsa_circ_0101066,circRNA,Homo sapiens,colostrum,Extracellular exosome,0.396358685090047
hsa_circ_0103469,circRNA,Homo sapiens,colostrum,Extracellular exosome,0.396358685090047
hsa_circ_0101153,circRNA,Homo sapiens,colostrum,Extracellular exosome,0.396358685090047
hsa_circ_0000443,circRNA,Homo sapiens,colostrum,Extracellular exosome,0.428658357070095
hsa_circ_0104709,circRNA,Homo sapiens,colostrum,Extracellular exosome,0.396358685090047
hsa_circ_0105023,circRNA,Homo sapiens,colostrum,Extracellular exosome,0.396358685090047
hsa_circ_0103046,circRNA,Homo sapiens,colostrum,Extracellular exosome,0.396358685090047
hsa_circ_0100919,circRNA,Homo sapiens,colostrum,Extracellular exosome,0.396358685090047
hsa_circ_0001588,circRNA,Homo sapiens,colostrum,Extracellular exosome,0.396358685090047
hsa_circ_0100354,circRNA,Homo sapiens,colostrum,Extracellular exosome,0.396358685090047
hsa_circ_0100422,circRNA,Homo sapiens,colostrum,Extracellular exosome,0.396358685090047
hsa_circ_0102294,circRNA,Homo sapiens,colostrum,Extracellular exosome,0.396358685090047
hsa_circ_0101816,circRNA,Homo sapiens,colostrum,Extracellular exosome,0.396358685090047
hsa_circ_0103682,circRNA,Homo sapiens,colostrum,Extracellular exosome,0.396358685090047
hsa_circ_0100718,circRNA,Homo sapiens,colostrum,Extracellular exosome,0.396358685090047
hsa_circ_0103756,circRNA,Homo sapiens,colostrum,Extracellular exosome,0.396358685090047
hsa_circ_0104766,circRNA,Homo sapiens,colostrum,Extracellular exosome,0.396358685090047
hsa_circ_0100016,circRNA,Homo sapiens,colostrum,Extracellular exosome,0.396358685090047
hsa_circ_0101493,circRNA,Homo sapiens,colostrum,Extracellular exosome,0.396358685090047
hsa_circ_0008957,circRNA,Homo sapiens,CRC cell,Extracellular exosome,0.694505649698505
hsa_circ_0124554,circRNA,Homo sapiens,CRC cell lines (HCT 116 and HT 29),Nucleus,0.694505649698505
hsa_circ_0124554,circRNA,Homo sapiens,CRC cell lines (HCT 116 and HT 29),Cytoplasm,0.694505649698505
hsa_circ_0060745,circRNA,Homo sapiens,CRC cell lines (HT-29|LOVO),Cytoplasm,0.836757224078988
circ-PIK3,circRNA,Homo sapiens,CRC cell lines (HT-29|LOVO|PKO|SW480),Cytoplasm,0.694505649698505
hsa_circ_0003561,circRNA,Homo sapiens,"CRC cell lines (RKO, SW480 and DLD1)",Cytoplasm,0.836757224078988
hsa_circ_0000395,circRNA,Homo sapiens,CRC cell lines and NCM460 cells,Extracellular exosome,0.90145991609349
hsa_circ_0000467,circRNA,Homo sapiens,"CRC cell lines HCT116, SW480 and HCT8, NCM460 normal intestinal epithelial cells and 293T cells",Extracellular exosome,0.890460238360382
hsa_circ_0001312,circRNA,Homo sapiens,CRC cells,Cytoplasm,0.694505649698505
hsa_circ_0000684,circRNA,Homo sapiens,CRC cells,Cytoplasm,0.836757224078988
hsa_circ_0102495,circRNA,Homo sapiens,CRC cells,Nucleus,0.904945420481312
hsa_circ_0001030,circRNA,Homo sapiens,CRC cells,Cytoplasm,0.836757224078988
hsa_circ_0004839,circRNA,Homo sapiens,CRC cells,Cytoplasm,0.836757224078988
circ-PTEN1,circRNA,Homo sapiens,CRC cells (DLD1 and LoVo),Cytoplasm,0.836757224078988
circ-PTEN1,circRNA,Homo sapiens,CRC cells (DLD1 and LoVo),Nucleus,0.836757224078988
hsa_circ_0001387,circRNA,Homo sapiens,"CRC cells (HCT-116, HT29, and SW480)",Extracellular exosome,0.836757224078988
hsa_circ_0003662,circRNA,Homo sapiens,CRC cells (HCT116 and SW480),Cytoplasm,0.694505649698505
hsa_circ_0084615,circRNA,Homo sapiens,CRC cells (LoVo and SW620),Cytoplasm,0.836757224078988
hsa_circ_0004087,circRNA,Homo sapiens,CRC cells (SW620 and RKO),Cytoplasm,0.694505649698505
hsa_circ_0019222,circRNA,Homo sapiens,CRC cells SW480,Nucleus,0.836757224078988
hsa_circ_0007626,circRNA,Homo sapiens,CRC sample cells,Cytoplasm,0.904945420481312
hsa_circ_0007626,circRNA,Homo sapiens,CRC sample cells,Nucleus,0.904945420481312
hsa_circ_0006623,circRNA,Homo sapiens,CRC tissues,Cytoplasm,0.836757224078988
hsa_circ_0006623,circRNA,Homo sapiens,CRC tissues,Nucleus,0.836757224078988
mmu_circ_0015409,circRNA,Mus musculus,CT26.wt cells,Cytoplasm,0.836757224078988
mmu_circ_0012274,circRNA,Mus musculus,DCs (dendritic cells),Cytoplasm,0.694505649698505
mmu_circ_0000188,circRNA,Mus musculus,dendritic cells (DCs),Cytoplasm,0.694505649698505
hsa_circ_0001979,circRNA,Homo sapiens,Dental pulp stem cells,Cytoplasm,0.694505649698505
hsa_circ_0003561,circRNA,Homo sapiens,DLD-1 cell line,Nucleus,0.694505649698505
hsa_circ_0003561,circRNA,Homo sapiens,DLD-1 cell line,Cytoplasm,0.836757224078988
hsa_circ_0000828,circRNA,Homo sapiens,DMS273 and H82 cells,Cytoplasm,0.932913100536013
hsa_circ_0062019,circRNA,Homo sapiens,DU145 and 22Rv1 cells,Cytoplasm,0.694505649698505
hsa_circ_0003258,circRNA,Homo sapiens,DU145 and C4-2 cells,Cytoplasm,0.836757224078988
hsa_circ_0007944,circRNA,Homo sapiens,DU145 and PC-3 cells,Cytoplasm,0.694505649698505
hsa_circ_0001633,circRNA,Homo sapiens,DU145 and PC-3 cells,Cytoplasm,0.932913100536013
hsa_circ_0001805,circRNA,Homo sapiens,DU145 and PC3 cells,Cytoplasm,0.932913100536013
hsa_circ_0005100,circRNA,Homo sapiens,DU145 cells,Extracellular vesicle,0.694505649698505
ebv_circ_RPMS1,circRNA,Homo sapiens,EBVaGC cell line (SNU-719),Cytoplasm,0.836757224078988
ebv_circ_RPMS1,circRNA,Homo sapiens,EBVaGC cell line (SNU-719),Nucleus,0.836757224078988
hsa_circ_0084927,circRNA,Homo sapiens,EC cell lines (RL95-2 and Ishikawa),Cytoplasm,0.836757224078988
hsa_circ_0076535,circRNA,Homo sapiens,EC cells,Cytoplasm,0.836757224078988
hsa_circ_0058057,circRNA,Homo sapiens,EC109 and KYSE150 cells,Cytoplasm,0.836757224078988
hsa_circ_0000337,circRNA,Homo sapiens,EC9706 and KYSE30 cells,Extracellular exosome,0.694505649698505
hsa_circ_0000700,circRNA,Homo sapiens,ECA-109 and TE-1 cells,Cytoplasm,0.694505649698505
hsa_circ_0024108,circRNA,Homo sapiens,ECA109 and KYSE410 cells,Extracellular exosome,0.694505649698505
mmu_circ_0001335,circRNA,Mus musculus,ECs,Cytoplasm,0.836757224078988
mmu_circ_0001335,circRNA,Mus musculus,ECs,Extracellular vesicle,0.694505649698505
hsa_circ_0109046,circRNA,Homo sapiens,endometrial carcinoma (EC) cells,Cytoplasm,0.836757224078988
circ0001470,circRNA,Sus scrofa,endometrial epithelial cells (EECs),Cytoplasm,0.836757224078988
mmu_circ_0000817,circRNA,Mus musculus,endothelial cell (EC),Cytoplasm,0.694505649698505
mmu_circ_0001470,circRNA,Mus musculus,enterocyte and intestinal crypt stem cells,Cytoplasm,0.694505649698505
hsa_circ_0084443,circRNA,Homo sapiens,Epidermal keratinocytes,Cytoplasm,0.932913100536013
hsa_circ_0000284,circRNA,Homo sapiens,epithelial cells,Cytoplasm,0.943641791621929
LINC00632,circRNA,Homo sapiens,epithelial cells,Cytoplasm,0.904945420481312
hsa_circ_0004390,circRNA,Homo sapiens,ESCC cell line (Kyse450),Cytoplasm,0.904945420481312
hsa_circ_0071106,circRNA,Homo sapiens,"ESCC cell lines (ECA109, ECA9706)",Cytoplasm,0.836757224078988
hsa_circ_0071106,circRNA,Homo sapiens,"ESCC cell lines (ECA109, ECA9706)",Nucleus,0.836757224078988
hsa_circ_0004390,circRNA,Homo sapiens,ESCC cell lines (KYSE30|KYSE150),Cytoplasm,0.904945420481312
hsa_circ_0006948,circRNA,Homo sapiens,ESCC cell lines TE-1 and EC109 cells,Cytoplasm,0.694505649698505
hsa_circ_0019414,circRNA,Homo sapiens,ESCC cells,Cytoplasm,0.694505649698505
cDOPEY2,circRNA,Homo sapiens,ESCC cells,Cytoplasm,0.836757224078988
hsa_circ_0001025,circRNA,Homo sapiens,ESCC cells (ECA-109 and KYSE-150),Cytoplasm,0.694505649698505
hsa_circ_0003340,circRNA,Homo sapiens,esophageal cancer cell lines (ECA109 and EC9706),Cytoplasm,0.694505649698505
hsa_circ_0006732,circRNA,Homo sapiens,Extravillous trophoblast HTR-8/SVneo cells,Cytoplasm,0.694505649698505
mmu_circ_0007972,circRNA,Mus musculus,female germline stem cells (FGSCs),Cytoplasm,0.694505649698505
hsa_circ_0057010,circRNA,Homo sapiens,"FHC, KM12SM, and RKO cells",Cytoplasm,0.694505649698505
Meak7,circRNA,Rattus norvegicus,fibroblast-like synoviocytes (FLSs),Cytoplasm,0.836757224078988
hsa_circ_0005941,circRNA,Homo sapiens,fibroblast-like synoviocytes (FLSs),Cytoplasm,0.694505649698505
hsa_circ_0008410,circRNA,Homo sapiens,fibroblast-like synoviocytes (RASFs),Cytoplasm,0.694505649698505
hsa_circ_0023990,circRNA,Homo sapiens,FRO and CAL-62 cells,Cytoplasm,0.694505649698505
hsa_circ_0001479,circRNA,Homo sapiens,gastric cancer (GC) cells,Cytoplasm,0.694505649698505
hsa_circ_0000662,circRNA,Homo sapiens,gastric cancer (GC) tissues,Cytoplasm,0.904945420481312
hsa_circ_0000390,circRNA,Homo sapiens,gastric cancer (GC) tissues,Cytoplasm,0.836757224078988
hsa_circ_0000615,circRNA,Homo sapiens,gastric cancer (GC) tissues,Cytoplasm,0.943641791621929
hsa_circ_0001438,circRNA,Homo sapiens,gastric cancer (GC) tissues,Cytoplasm,0.836757224078988
hsa_circ_0002190,circRNA,Homo sapiens,gastric cancer (GC) tissues,Cytoplasm,0.694505649698505
hsa_circ_0002449,circRNA,Homo sapiens,gastric cancer (GC) tissues,Cytoplasm,0.694505649698505
hsa_circ_0003120,circRNA,Homo sapiens,gastric cancer (GC) tissues,Cytoplasm,0.694505649698505
hsa_circ_0000200,circRNA,Homo sapiens,"gastric cancer cell lines (AGS, MKN-45, and NCI-N87)",Cytoplasm,0.836757224078988
hsa_circ_0000190,circRNA,Homo sapiens,Gastric cancer cell lines (BGC823|MGC803),Cytoplasm,0.904945420481312
hsa_circ_0003441,circRNA,Homo sapiens,Gastric cancer cell lines MKN45 and HGC27 cells,Cytoplasm,0.836757224078988
hsa_circ_0003441,circRNA,Homo sapiens,Gastric cancer cell lines MKN45 and HGC27 cells,Nucleus,0.836757224078988
hsa_circ_0001944,circRNA,Homo sapiens,gastric cancer cells,Cytoplasm,0.836757224078988
hsa_circ_0000670,circRNA,Homo sapiens,gastric cancer cells,Extracellular exosome,0.90145991609349
hsa_circ_0000741,circRNA,Homo sapiens,GBM cell lines (A172 and LN-229),Cytoplasm,0.836757224078988
hsa_circ_0062575,circRNA,Homo sapiens,GBM cell lines (LN229 and GBM02),Cytoplasm,0.694505649698505
hsa_circ_0030018,circRNA,Homo sapiens,GBM cell lines (U251 and U87),Cytoplasm,0.694505649698505
hsa_circ_0030018,circRNA,Homo sapiens,GBM cell lines (U251 and U87),Nucleus,0.694505649698505
hsa_circ_0000274,circRNA,Homo sapiens,GBM cell lines U87 and U-251,Nucleus,0.694505649698505
hsa_circ_0000274,circRNA,Homo sapiens,GBM cell lines U87 and U-251,Cytoplasm,0.904945420481312
hsa_circ_0000782,circRNA,Homo sapiens,GBM cells,Extracellular exosome,0.795006069178413
hsa_circ_0043949,circRNA,Homo sapiens,GBM cells,Extracellular exosome,0.694505649698505
hsa_circ_0002874,circRNA,Homo sapiens,GBM cells,Cytoplasm,0.836757224078988
hsa_circ_0059906,circRNA,Homo sapiens,GBM cells (LN229 and A172),Cytoplasm,0.904945420481312
hsa_circ_0000782,circRNA,Homo sapiens,GBM cells (U172 and U87),Cytoplasm,0.836757224078988
hsa_circ_0075323,circRNA,Homo sapiens,"GBM cells (U87-MG, U251-MG, A172 and T98G)",Cytoplasm,0.694505649698505
hsa_circ_0001460,circRNA,Homo sapiens,GBM cells|U251 and A172 cells,Cytoplasm,0.904945420481312
hsa_circ_0080914,circRNA,Homo sapiens,GBM6 cells,Cytoplasm,0.694505649698505
hsa_circ_0080913,circRNA,Homo sapiens,GBM6 cells,Nucleus,0.694505649698505
hsa_circ_0001461,circRNA,Homo sapiens,GC cell line (MGC-803),Cytoplasm,0.904945420481312
hsa_circ_0001461,circRNA,Homo sapiens,GC cell line (MGC-803),Nucleus,0.836757224078988
hsa_circ_0001821,circRNA,Homo sapiens,GC cell line (SGC-7901),Cytoplasm,0.694505649698505
hsa_circ_0000078,circRNA,Homo sapiens,GC cell lines,Cytoplasm,0.836757224078988
hsa_circ_0000078,circRNA,Homo sapiens,GC cell lines,Nucleus,0.836757224078988
hsa_circ_0000745,circRNA,Homo sapiens,GC cell lines (AGS|BGC-823|HGC-27|MGC-803|MKN-45|SGC-7901),Cytoplasm,0.694505649698505
hsa_circ_0006071,circRNA,Homo sapiens,GC cell lines (AGS|HGC-27)|GC tissue|Serum,Cytoplasm,0.836757224078988
hsa_circ_0074853,circRNA,Homo sapiens,GC cell lines (AGS|MKN-45),Cytoplasm,0.836757224078988
hsa_circ_0002267,circRNA,Homo sapiens,GC cell lines (HGC-27|MKN-28)|Normal GC cells,Cytoplasm,0.836757224078988
hsa_circ_0003957,circRNA,Homo sapiens,GC cell lines (MKN-28|MKN-45),Cytoplasm,0.694505649698505
hsa_circ_0015430,circRNA,Homo sapiens,GC cells,Nucleus,0.836757224078988
hsa_circ_0015430,circRNA,Homo sapiens,GC cells,Cytoplasm,0.836757224078988
hsa_circ_0006470,circRNA,Homo sapiens,GC cells,Cytoplasm,0.694505649698505
hsa_circ_0000711,circRNA,Homo sapiens,GC cells,Cytoplasm,0.904945420481312
hsa_circ_0091741,circRNA,Homo sapiens,GC cells,Extracellular exosome,0.694505649698505
hsa_circ_0088300,circRNA,Homo sapiens,GC cells,Cytoplasm,0.694505649698505
hsa_circ_0044516,circRNA,Homo sapiens,GC cells,Cytoplasm,0.694505649698505
hsa_circ_0006952,circRNA,Homo sapiens,GC cells (AGS and BGC823),Nucleus,0.836757224078988
hsa_circ_0006952,circRNA,Homo sapiens,GC cells (AGS and BGC823),Cytoplasm,0.836757224078988
hsa_circ_0017252,circRNA,Homo sapiens,GC cells (AGS and MKN45),Cytoplasm,0.694505649698505
hsa_circ_0000437,circRNA,Homo sapiens,GC cells (BGC-823 and MKN-45),Nucleus,0.836757224078988
LINC00632,circRNA,Homo sapiens,GC cells (HGC-27 and MGC-803),Cytoplasm,0.904945420481312
LINC00632,circRNA,Homo sapiens,GC cells (HGC-27 and MGC-803),Nucleus,0.836757224078988
hsa_circ_0000637,circRNA,Homo sapiens,GC cells (MKN-45 and BGC-823),Cytoplasm,0.836757224078988
hsa_circ_0003178,circRNA,Homo sapiens,GC cells (SNU-1 and MKN-45),Cytoplasm,0.904945420481312
hsa_circ_0069975,circRNA,Homo sapiens,GC tissue and AGS cells,Cytoplasm,0.836757224078988
hsa_circ_0002062,circRNA,Homo sapiens,GC tissues and MKN-28 cells,Cytoplasm,0.694505649698505
hsa_circ_0006401,circRNA,Homo sapiens,GC tissues and SGC-7901 cell line,Nucleus,0.694505649698505
hsa_circ_0006401,circRNA,Homo sapiens,GC tissues and SGC-7901 cell line,Cytoplasm,0.694505649698505
hsa_circ_0006332,circRNA,Homo sapiens,GC(gastric cancer) cells,Nucleus,0.694505649698505
hsa_circ_0006332,circRNA,Homo sapiens,GC(gastric cancer) cells,Cytoplasm,0.904945420481312
circ-DB,circRNA,Homo sapiens,GCa cell lines (AGS|HGC-27),Cytoplasm,0.836757224078988
hsa_circ_0007919,circRNA,Homo sapiens,GEM-resistant PDAC cells,Nucleus,0.904945420481312
hsa_circ_0023003,circRNA,Homo sapiens,GIST-882 and GIST-T1 cells,Nucleus,0.694505649698505
hsa_circ_0023003,circRNA,Homo sapiens,GIST-882 and GIST-T1 cells,Cytoplasm,0.694505649698505
hsa_circ_0002874,circRNA,Homo sapiens,glioma cell,Extracellular exosome,0.694505649698505
hsa_circ_0028912,circRNA,Homo sapiens,glioma stem cells (GSCs),Cytoplasm,0.694505649698505
hsa_circ_0005088,circRNA,Homo sapiens,glioma stem cells (GSCs),Cytoplasm,0.694505649698505
hsa_circ_0031750,circRNA,Homo sapiens,glioma stem cells (GSCs),Cytoplasm,0.694505649698505
hsa_circ_0048977,circRNA,Homo sapiens,glioma tissues,Extracellular exosome,0.694505649698505
hsa_circ_0101491,circRNA,Homo sapiens,glioma tissues,Extracellular exosome,0.795006069178413
hsa_circ_404935,circRNA,Homo sapiens,glioma tissues,Extracellular exosome,0.694505649698505
hsa_circ_0000752,circRNA,Homo sapiens,glomerular epithelial cells (GEC),Extracellular exosome,0.795006069178413
hsa_circ_0079586,circRNA,Homo sapiens,GM cell lines (LN229H4|U251),Cytoplasm,0.836757224078988
circLMP-2_e5,circRNA,Homo sapiens,GM12878 cells,Cytoplasm,0.836757224078988
circLMP-2_e5,circRNA,Homo sapiens,GM12878 cells,Nucleus,0.836757224078988
hsa_circ_0005332,circRNA,Homo sapiens,Group 3 innate lymphoid cells (ILC3s),Nucleus,0.694505649698505
hsa_circ_0002476,circRNA,Homo sapiens,H1299 and A549 cells,Cytoplasm,0.694505649698505
hsa_circ_0001410,circRNA,Homo sapiens,H1299 and H1975 cells,Cytosol,0.836757224078988
hsa_circ_0001410,circRNA,Homo sapiens,H1299 and H1975 cells,Nucleus,0.836757224078988
hsa_circ_0008234,circRNA,Homo sapiens,H1299 and PC9 cells,Nucleus,0.836757224078988
hsa_circ_0008234,circRNA,Homo sapiens,H1299 and PC9 cells,Cytoplasm,0.836757224078988
hsa_circ_0000519,circRNA,Homo sapiens,H1299 cells,Extracellular exosome,0.795006069178413
hsa_circ_0072088,circRNA,Homo sapiens,H1299 cells,Cytoplasm,0.904945420481312
hsa_circ_0002360,circRNA,Homo sapiens,H1299/Taxol and A549/Taxol cells,Cytoplasm,0.904945420481312
hsa_circ_0000264,circRNA,Homo sapiens,H1395 and A549 cells,Nucleus,0.694505649698505
hsa_circ_0000264,circRNA,Homo sapiens,H1395 and A549 cells,Cytoplasm,0.694505649698505
F-circEA-2a,circRNA,Homo sapiens,H2228 cells,Cytoplasm,0.836757224078988
F-circEA1,circRNA,Homo sapiens,H3122 cells,Nucleus,0.836757224078988
F-circEA1,circRNA,Homo sapiens,H3122 cells,Cytoplasm,0.836757224078988
hsa_circ_0001466,circRNA,Homo sapiens,H33HJ-A1 and RAMOS cells,Cytoplasm,0.836757224078988
Jarid2,circRNA,Rattus norvegicus,H9c2 cells,Cytoplasm,0.694505649698505
circ-G042080,circRNA,Rattus norvegicus,H9C2 cells,Extracellular exosome,0.694505649698505
hsa_circ_0024028,circRNA,Homo sapiens,HaCaT cells,Cytoplasm,0.694505649698505
hsa_circ_0001964,circRNA,Homo sapiens,HaCaT cells,Cytoplasm,0.836757224078988
hsa_circ_0000915,circRNA,Homo sapiens,haemangioma derived stem cells (HemSCs),Cytoplasm,0.694505649698505
hsa_circ_0043800,circRNA,Homo sapiens,HB cell lines (HepG2|HuH-6),Cytoplasm,0.836757224078988
hsa_circ_0007290,circRNA,Homo sapiens,HBMECs,Cytoplasm,0.694505649698505
hsa_circ_0000414,circRNA,Homo sapiens,hBMSCs chondrogenesis and OA chondrocytes,Cytoplasm,0.836757224078988
hsa_circ_0000775,circRNA,Homo sapiens,HC cells,Cytoplasm,0.694505649698505
hsa_circ_0000284,circRNA,Homo sapiens,HC-a chondrocytes,Cytoplasm,0.943641791621929
hsa_circ_0002805,circRNA,Homo sapiens,HCAECs and HCASMCs,Cytoplasm,0.836757224078988
hsa_circ_0002805,circRNA,Homo sapiens,HCAECs and HCASMCs,Nucleus,0.836757224078988
hsa_circ_0004503,circRNA,Homo sapiens,HCC cell (HepG2),Cytoplasm,0.694505649698505
hsa_circ_0001001,circRNA,Homo sapiens,HCC cell line (HepG2),Cytoplasm,0.694505649698505
hsa_circ_0001320,circRNA,Homo sapiens,HCC cell lines (HCCLM3|SNU-387),Cytoplasm,0.836757224078988
hsa_circ_0000096,circRNA,Homo sapiens,HCC cell lines (Hep3B|LM3)|Normal liver cells (L02),Cytoplasm,0.836757224078988
hsa_circ_0036412,circRNA,Homo sapiens,HCC cell lines HuH-7 and Hep 3B cells,Cytoplasm,0.694505649698505
hsa_circ_0007925,circRNA,Homo sapiens,HCC cell lines Huh-7 and SNU-182 cells,Cytoplasm,0.694505649698505
hsa_circ_0004018,circRNA,Homo sapiens,HCC cell lines SNU-182 and SK-HEP-1 cells,Cytoplasm,0.694505649698505
hsa_circ_0002591,circRNA,Homo sapiens,HCC cells,Extracellular exosome,0.694505649698505
hsa_circ_0005339,circRNA,Homo sapiens,HCC cells,Cytoplasm,0.836757224078988
hsa_circ_0000279,circRNA,Homo sapiens,HCC cells,Cytoplasm,0.836757224078988
hsa_circ_0000279,circRNA,Homo sapiens,HCC cells,Nucleus,0.904945420481312
hsa_circ_0078616,circRNA,Homo sapiens,HCC cells,Cytosol,0.836757224078988
hsa_circ_0007468,circRNA,Homo sapiens,HCC cells,Nucleus,0.836757224078988
hsa_circ_0072088,circRNA,Homo sapiens,HCC cells,Cytoplasm,0.904945420481312
hsa_circ_0091579,circRNA,Homo sapiens,HCC cells,Cytoplasm,0.694505649698505
hsa_circ_0001998,circRNA,Homo sapiens,HCC cells (Huh7 and MHCC97H),Cytoplasm,0.836757224078988
hsa_circ_0000098,circRNA,Homo sapiens,HCC cells (Huh7 and SMMC-7721),Cytoplasm,0.694505649698505
hsa_circ_0000240,circRNA,Homo sapiens,HCC cells (SK-Hep-1 and HCCLM3),Cytoplasm,0.836757224078988
hsa_circ_0004595,circRNA,Homo sapiens,HCC cells and tissues,Cytoplasm,0.836757224078988
hsa_circ_0000165,circRNA,Homo sapiens,HCC cells and tumour tissues,Cytoplasm,0.904945420481312
hsa_circ_0000817,circRNA,Homo sapiens,HCC cells HepG2 and Huh7,Cytoplasm,0.694505649698505
hsa_circ_0001491,circRNA,Homo sapiens,HCC samples,Nucleus,0.836757224078988
hsa_circ_0058493,circRNA,Homo sapiens,HCC tissues,Cytoplasm,0.836757224078988
hsa_circ_0058493,circRNA,Homo sapiens,HCC tissues,Nucleus,0.836757224078988
hsa_circ_0076611,circRNA,Homo sapiens,HCC1954 and MDA-MB-468 cells,Nucleus,0.836757224078988
hsa_circ_0076611,circRNA,Homo sapiens,HCC1954 and MDA-MB-468 cells,Cytoplasm,0.836757224078988
hsa_circ_0000211,circRNA,Homo sapiens,HCC827 and A549 cells,Cytoplasm,0.694505649698505
hsa_circ_0000142,circRNA,Homo sapiens,HCCLM3 and Huh7 cells,Cytoplasm,0.694505649698505
hsa_circ_0032683,circRNA,Homo sapiens,HCCLM3 and MHCC97-L cells,Cytoplasm,0.694505649698505
hsa_circ_0006508,circRNA,Homo sapiens,HCT-116 and HT-29 cells,Cytoplasm,0.836757224078988
hsa_circ_0001387,circRNA,Homo sapiens,HCT-116 and HT-29 cells,Cytoplasm,0.904945420481312
hsa_circ_0007334,circRNA,Homo sapiens,HCT-116 and SW480 cells,Cytoplasm,0.836757224078988
hsa_circ_0000395,circRNA,Homo sapiens,HCT-116 and SW620 cell lines,Cytoplasm,0.836757224078988
hsa_circ_0008989,circRNA,Homo sapiens,"HCT-116, SW480 and NCM460 cells",Extracellular exosome,0.694505649698505
hsa_circ_0004539,circRNA,Homo sapiens,HCT116 and DLD1 cells,Cytoplasm,0.694505649698505
hsa_circ_0004104,circRNA,Homo sapiens,HCT116 and DLD1 cells,Cytoplasm,0.836757224078988
hsa_circ_0000467,circRNA,Homo sapiens,HCT116 and HCT8 cells,Cytoplasm,0.836757224078988
hsa_circ_0001224,circRNA,Homo sapiens,HCT116 and LoVo cells,Nucleus,0.836757224078988
hsa_circ_0008957,circRNA,Homo sapiens,HCT116 and SW620 cells,Cytoplasm,0.694505649698505
circ-PRE0,circRNA,Homo sapiens,HCT116 cells,Nucleus,0.694505649698505
circ-PRE0,circRNA,Homo sapiens,HCT116 cells,Cytoplasm,0.694505649698505
circ-PRE1-2,circRNA,Homo sapiens,HCT116 cells,Nucleus,0.694505649698505
circ-PRE1-2,circRNA,Homo sapiens,HCT116 cells,Cytoplasm,0.694505649698505
circ-PRE4-8,circRNA,Homo sapiens,HCT116 cells,Cytoplasm,0.694505649698505
hsa_circ_0104103,circRNA,Homo sapiens,HCT116 cells,Nucleus,0.836757224078988
hsa_circ_0003662,circRNA,Homo sapiens,HCT116-L-OHP and SW480-L-OHP cell lines,Extracellular exosome,0.694505649698505
circ-INSIG,circRNA,Homo sapiens,HCT8 and DLD1 cells,Cytoplasm,0.836757224078988
hsa_circ_0016861,circRNA,Homo sapiens,HCT8 and SW480 cells,Cytoplasm,0.694505649698505
mmu_circ_0001510,circRNA,Mus musculus,heart tissue,Cytoplasm,0.694505649698505
mmu_circ_0001745,circRNA,Mus musculus,Heart tissues,Nucleus,0.694505649698505
mmu_circ_0007050,circRNA,Mus musculus,heart tissues,Mitochondrion,0.694505649698505
mmu_circ_0002206,circRNA,Mus musculus,Heart tissue|Mouse embryo fibroblasts,Cytoplasm,0.836757224078988
hsa_circ_0085362,circRNA,Homo sapiens,HEECs and ESCC cells,Cytoplasm,0.836757224078988
hsa_circ_0085362,circRNA,Homo sapiens,HEECs and ESCC cells,Nucleus,0.836757224078988
circ-FGFR1p,circRNA,Homo sapiens,HEK-293T cells,Membrane,0.694505649698505
circ-FGFR1p,circRNA,Homo sapiens,HEK-293T cells,Endosome,0.694505649698505
hsa_circ_0007990,circRNA,Homo sapiens,Hela and CaSKi cells,Cytoplasm,0.836757224078988
hsa_circ_0006332,circRNA,Homo sapiens,HeLa and HeLa/PTX cells,Cytoplasm,0.904945420481312
hsa_circ_0043280,circRNA,Homo sapiens,HeLa and MS751 cells,Cytoplasm,0.836757224078988
hsa_circ_0005576,circRNA,Homo sapiens,HeLa and SiHa cells,Cytoplasm,0.836757224078988
circ-ND1,circRNA,Homo sapiens,HeLa cells,Outside of the mitochondria,0.694505649698505
circ-ND5,circRNA,Homo sapiens,HeLa cells,Outside of the mitochondria,0.694505649698505
circ-ND1,circRNA,Homo sapiens,HeLa cells,Cytosol,0.694505649698505
circ-ND5,circRNA,Homo sapiens,HeLa cells,Cytosol,0.694505649698505
hsa_circ_0001579,circRNA,Homo sapiens,HeLa cells,Cytoplasm,0.694505649698505
hsa_circ_0003162,circRNA,Homo sapiens,HeLa cells,Cytoplasm,0.694505649698505
hsa_circ_0000284,circRNA,Homo sapiens,HeLa cells,Cytoplasm,0.943641791621929
hsa_circ_0001997,circRNA,Homo sapiens,HeLa cells,Cytoplasm,0.694505649698505
circ-SPIDR,circRNA,Homo sapiens,HeLa cells,Cytoplasm,0.694505649698505
circ-SPIDR,circRNA,Homo sapiens,HeLa cells,Nucleus,0.694505649698505
hsa_circ_0019435,circRNA,Homo sapiens,HeLa-S3 cells,Nucleus,0.890460238360382
hsa_circ_0001947,circRNA,Homo sapiens,hemin-induced neuronal cells,Cytoplasm,0.836757224078988
hsa_circ_0013290,circRNA,Homo sapiens,Hep 3B2.1-7 cells and PLC/PRF/5 cells,Cytoplasm,0.836757224078988
hsa_circ_0001387,circRNA,Homo sapiens,Hep3B and LM3 cells,Cytoplasm,0.904945420481312
hsa_circ_0003645,circRNA,Homo sapiens,Hep3B and SMMC7721 cells,Cytoplasm,0.836757224078988
cVIM,circRNA,Mus musculus,hepatic stellate cell (HSC),Cytoplasm,0.694505649698505
hsa_circ_0072298,circRNA,Homo sapiens,hepatocellular carcinoma (HCC) cells,Cytoplasm,0.694505649698505
hsa_circ_0026920,circRNA,Homo sapiens,hepatocellular carcinoma (HCC) cells MHCC97H,Nucleus,0.836757224078988
hsa_circ_0001141,circRNA,Homo sapiens,hepatocellular carcinoma cells (Huh7 and Hep3B),Cytoplasm,0.836757224078988
GHR,circRNA,Gallus gallus,hepatocytes and myoblast,Nucleus,0.694505649698505
GHR,circRNA,Gallus gallus,hepatocytes and myoblast,Cytoplasm,0.694505649698505
hsa_circ_0001495,circRNA,Homo sapiens,HepG2 and HCCLM3 cells,Cytoplasm,0.694505649698505
hsa_circ_0000647,circRNA,Homo sapiens,HepG2 and Huh7 cells,Cytoplasm,0.694505649698505
hsa_circ_0002232,circRNA,Homo sapiens,HepG2 cell line,Cytoplasm,0.836757224078988
hsa_circ_0002232,circRNA,Homo sapiens,HepG2 cell line,Mitochondrion,0.694505649698505
hsa_circ_0074854,circRNA,Homo sapiens,HepG2 cells,Cytoplasm,0.694505649698505
hsa_circ_0002490,circRNA,Homo sapiens,HGC-27 and AGS cells,Cytoplasm,0.836757224078988
hsa_circ_0002490,circRNA,Homo sapiens,HGC-27 and AGS cells,Nucleus,0.836757224078988
hsa_circ_0001886,circRNA,Homo sapiens,HGC-27 and AGS cells,Cytoplasm,0.694505649698505
hsa_circ_0001766,circRNA,Homo sapiens,HGC-27 and MKN-45 cells(gastric cancer cells),Nucleus,0.836757224078988
hsa_circ_0001766,circRNA,Homo sapiens,HGC-27 and MKN-45 cells(gastric cancer cells),Cytoplasm,0.836757224078988
hsa_circ_0000670,circRNA,Homo sapiens,HGC-27 cells,Nucleus,0.694505649698505
hsa_circ_0075501,circRNA,Homo sapiens,HGC-27 cells,Nucleus,0.694505649698505
hsa_circ_0000670,circRNA,Homo sapiens,"HGC-27, MKN-45, AGS and GES-1 cells",Cytoplasm,0.694505649698505
hsa_circ_0001190,circRNA,Homo sapiens,HGC27 and AGS cells,Nucleus,0.694505649698505
hsa_circ_0001190,circRNA,Homo sapiens,HGC27 and AGS cells,Cytoplasm,0.694505649698505
hsa_circ_0002131,circRNA,Homo sapiens,HK-2 cells,Cytoplasm,0.694505649698505
hsa_circ_0008529,circRNA,Homo sapiens,HK-2 cells,Cytoplasm,0.694505649698505
hsa_circ_0000284,circRNA,Homo sapiens,HK-2 cells,Cytoplasm,0.943641791621929
hsa_circ_0008925,circRNA,Homo sapiens,HK-2 cells,Extracellular exosome,0.694505649698505
hsa_circ_0001818,circRNA,Homo sapiens,HK2 cells,Cytoplasm,0.694505649698505
hsa_circ_0001806,circRNA,Homo sapiens,HK2 cells,Extracellular exosome,0.694505649698505
hsa_circ_0002766,circRNA,Homo sapiens,HK2 cells,Cytoplasm,0.836757224078988
hsa_circ_0114428,circRNA,Homo sapiens,HK2 cells,Cytoplasm,0.836757224078988
hsa_circ_0002766,circRNA,Homo sapiens,HK2 cells,Extracellular exosome,0.694505649698505
hsa_circ_0114428,circRNA,Homo sapiens,HK2 cells,Nucleus,0.836757224078988
hsa_circ_0009910,circRNA,Homo sapiens,HL-60 and MOLM-13 cells,Extracellular exosome,0.694505649698505
hsa_circ_0004136,circRNA,Homo sapiens,HL60 and K562 cells,Cytoplasm,0.694505649698505
hsa_circ_0005552,circRNA,Homo sapiens,HL60 cells,Cytoplasm,0.694505649698505
hsa_circ_0005552,circRNA,Homo sapiens,HL60 cells,Nucleus,0.694505649698505
hsa_circ_0062677,circRNA,Homo sapiens,HNSCC cell lines (HN31 and HSC-4),Nucleus,0.694505649698505
hsa_circ_0062677,circRNA,Homo sapiens,HNSCC cell lines (HN31 and HSC-4),Cytoplasm,0.694505649698505
hsa_circ_0003732,circRNA,Homo sapiens,HOS and U2OS cells,Cytoplasm,0.694505649698505
hsa_circ_0073748,circRNA,Homo sapiens,HPDE6-C7 cells,Cytoplasm,0.694505649698505
hsa_circ_0002281,circRNA,Homo sapiens,Hs 3.T and MG-63 cells,Nucleus,0.932913100536013
hsa_circ_0002281,circRNA,Homo sapiens,Hs 3.T and MG-63 cells,Cytoplasm,0.836757224078988
hsa_circ_0001699,circRNA,Homo sapiens,HSCs,Cytoplasm,0.694505649698505
hsa_circ_0008494,circRNA,Homo sapiens,HSCs,Cytoplasm,0.904945420481312
hsa_circ_0038718,circRNA,Homo sapiens,HT-29 and SW480 cells,Cytoplasm,0.694505649698505
mmu_circ_0008937,circRNA,Mus musculus,HT22 cells,Cytoplasm,0.694505649698505
mmu_circ_0000435,circRNA,Mus musculus,HT22 cells,Cytoplasm,0.694505649698505
hsa_circ_0006354,circRNA,Homo sapiens,HTR-8/SV-neo cells,Cytoplasm,0.836757224078988
hsa_circ_0111277,circRNA,Homo sapiens,HTR-8/SVneo and JEG-3 cells,Cytoplasm,0.836757224078988
hsa_circ_0008726,circRNA,Homo sapiens,HTR-8/SVneo cells,Cytoplasm,0.694505649698505
hsa_circ_0088196,circRNA,Homo sapiens,HTR-8/SVneo cells,Cytoplasm,0.694505649698505
hsa_circ_0005262,circRNA,Homo sapiens,HTR8/SVneo cells,Cytoplasm,0.694505649698505
hsa_circ_0005262,circRNA,Homo sapiens,HTR8/SVneo cells,Extracellular exosome,0.694505649698505
hsa_circ_0005808,circRNA,Homo sapiens,HuH-7 and HCCLM3 cells,Extracellular exosome,0.694505649698505
hsa_circ_0000282,circRNA,Homo sapiens,Huh-7 and SNU-387 cells,Cytoplasm,0.836757224078988
hsa_circ_0005915,circRNA,Homo sapiens,Huh6 cells and HepG2 cells,Cytoplasm,0.694505649698505
hsa_circ_0005915,circRNA,Homo sapiens,Huh6 cells and HepG2 cells,Nucleus,0.694505649698505
hsa_circ_0007577,circRNA,Homo sapiens,Huh7 and HCC primary cells,Cytoplasm,0.694505649698505
hsa_circ_0007577,circRNA,Homo sapiens,Huh7 and HCC primary cells,Nucleus,0.694505649698505
hsa_circ_0001235,circRNA,Homo sapiens,Huh7 and HCCLM3 cells,Cytoplasm,0.694505649698505
hsa_circ_0129047,circRNA,Homo sapiens,Huh7 and Hep 3B cells,Cytoplasm,0.694505649698505
hsa_circ_0005071,circRNA,Homo sapiens,Huh7 and SNU449 cells,Cytoplasm,0.904945420481312
mcPGK1,circRNA,Homo sapiens,Huh7 cells,Mitochondrion,0.836757224078988
mcPGK1,circRNA,Homo sapiens,Huh7 cells,Cytoplasm,0.836757224078988
hsa_circ_0008934,circRNA,Homo sapiens,Huh7 cells,Cytoplasm,0.694505649698505
circ-BA9.3,circRNA,Homo sapiens,Human acute monocytic leukaemia cell line (THP-1),Cytoplasm,0.694505649698505
hsa_circ_0025984,circRNA,Homo sapiens,"human astrocytoma cell lines, A172 and SK-N-AS",Cytoplasm,0.694505649698505
cHP1BP3,circRNA,Homo sapiens,human bladder cancer (BLCA) tissue,Cytoplasm,0.694505649698505
hsa_circ_0002099,circRNA,Homo sapiens,human BLCA cell lines(T24 and UMUC3),Cytoplasm,0.836757224078988
hsa_circ_0033614,circRNA,Homo sapiens,human brain microvascular endothelial cells,Cytoplasm,0.694505649698505
hsa_circ_0033614,circRNA,Homo sapiens,human brain microvascular endothelial cells,Nucleus,0.694505649698505
hsa_circ_0089984,circRNA,Homo sapiens,human brain microvascular endothelial cells (HBMEC),Cytoplasm,0.694505649698505
hsa_circ_0000566,circRNA,Homo sapiens,human brain microvascular endothelial cells (HBMVECs),Cytoplasm,0.932913100536013
hsa_circ_0071542,circRNA,Homo sapiens,human cardiomyocyte (HCM) cell line (AC16),Cytoplasm,0.694505649698505
hsa_circ_0019435,circRNA,Homo sapiens,human CC cell lines (HeLa and SiHa),Nucleus,0.890460238360382
hsa_circ_0003272,circRNA,Homo sapiens,human ccRCC cells (ACHN and A498),Cytoplasm,0.694505649698505
hsa_circ_0001438,circRNA,Homo sapiens,human cells (PLC and HepG2),Cytoplasm,0.836757224078988
hsa_circ_0008012,circRNA,Homo sapiens,human chondrocytes (HCs),Cytoplasm,0.904945420481312
hsa_circ_0008012,circRNA,Homo sapiens,human chondrocytes (HCs),Nucleus,0.904945420481312
hsa_circ_0037071,circRNA,Homo sapiens,human chorionic trophoblast cell line (HTR-8/SVneo),Cytoplasm,0.694505649698505
hsa_circ_0067681,circRNA,Homo sapiens,Human colon cancer cell lines HCT-116 cells and SW620 cells,Cytoplasm,0.836757224078988
hsa_circ_0000615,circRNA,Homo sapiens,Human colon carcinoma-derived cell line (HCT-116),Cytoplasm,0.943641791621929
hsa_circ_0131663,circRNA,Homo sapiens,human CRC cell lines DLD-1 and LoVo cells,Cytoplasm,0.836757224078988
hsa_circ_0019222,circRNA,Homo sapiens,human CRC cell lines HCT8 cells,Cytoplasm,0.904945420481312
hsa_circ_0000286,circRNA,Homo sapiens,Human CRC cell lines RKO and LoVo cells,Nucleus,0.694505649698505
hsa_circ_0002281,circRNA,Homo sapiens,human CSCC cell lines,Nucleus,0.932913100536013
hsa_circ_0002281,circRNA,Homo sapiens,human CSCC cell lines,Cytoplasm,0.836757224078988
hsa_circ_0001550,circRNA,Homo sapiens,human embryonic stem cells (HESC),Cytoplasm,0.836757224078988
hsa_circ_0001550,circRNA,Homo sapiens,human embryonic stem cells (HESC),Nucleus,0.694505649698505
hsa_circ_0000277,circRNA,Homo sapiens,human ESCC cell lines (TE-1 and EC9706),Cytosol,0.836757224078988
hsa_circ_0008362,circRNA,Homo sapiens,human extravillous trophoblast cell line (HTR-8/SVneo),Cytoplasm,0.694505649698505
hsa_circ_0008362,circRNA,Homo sapiens,human extravillous trophoblast cell line (HTR-8/SVneo),Nucleus,0.694505649698505
hsa_circ_0003661,circRNA,Homo sapiens,human fetal lung fibroblast cell line MRC-5,Cytoplasm,0.904945420481312
hsa_circ_0003661,circRNA,Homo sapiens,human fetal lung fibroblast cell line MRC-5,Nucleus,0.904945420481312
hsa_circ_0001141,circRNA,Homo sapiens,human GC cell lines MGC-803 and GES-1,Cytoplasm,0.836757224078988
hsa_circ_0002109,circRNA,Homo sapiens,"human glioma cell lines (U87, LN229)",Cytoplasm,0.836757224078988
hsa_circ_0000285,circRNA,Homo sapiens,Human glioma cell lines SHG-44 and U251 cells,Cytoplasm,0.694505649698505
hsa_circ_0000274,circRNA,Homo sapiens,human glomerular mesangial cells (HMCs),Cytoplasm,0.904945420481312
hsa_circ_0002111,circRNA,Homo sapiens,human HCC cell lines (HCC-LM9 and SK-Hep-1),Cytoplasm,0.904945420481312
hsa_circ_0072088,circRNA,Homo sapiens,human HCC cell lines (HepG2 and SNU-398),Cytoplasm,0.904945420481312
hsa_circ_0006737,circRNA,Homo sapiens,human HCC cell lines HepG2,Cytoplasm,0.694505649698505
hsa_circ_0001546,circRNA,Homo sapiens,human HCC cell lines MHCC97H and Hep3B,Cytoplasm,0.836757224078988
hsa_circ_0001546,circRNA,Homo sapiens,human HCC cell lines MHCC97H and Hep3B,Nucleus,0.836757224078988
hsa_circ_0003596,circRNA,Homo sapiens,human keloid fibroblasts (HKFs),Cytoplasm,0.694505649698505
hsa_circ_0084443,circRNA,Homo sapiens,human keratinocyte HaCaT cell line,Cytoplasm,0.932913100536013
hsa_circ_0005895,circRNA,Homo sapiens,human lens epithelial cell line (SRA01/04),Cytoplasm,0.694505649698505
hsa_circ_0003684,circRNA,Homo sapiens,human lens epithelial cells (LECs) SRA01/04,Cytoplasm,0.694505649698505
hsa_circ_0002314,circRNA,Homo sapiens,human lens epithelial cells SRA01/04 (LECs),Cytoplasm,0.836757224078988
hsa_circ_0044226,circRNA,Homo sapiens,Human lung fibroblasts (WI-38),Cytoplasm,0.694505649698505
hsa_circ_0102046,circRNA,Homo sapiens,human neural stem cells (hNSCs),Cytoplasm,0.694505649698505
hsa_circ_0005526,circRNA,Homo sapiens,human normal cartilage cell line C-28/I2,Nucleus,0.694505649698505
hsa_circ_0005526,circRNA,Homo sapiens,human normal cartilage cell line C-28/I2,Cytoplasm,0.694505649698505
hsa_circ_0045521,circRNA,Homo sapiens,human NPC cells HONE1 and CNE2 cells,Cytoplasm,0.904945420481312
hsa_circ_0000524,circRNA,Homo sapiens,human placenta mesenchymal stem cell(hPMSCs),Extracellular vesicle,0.815590988686444
hsa_circ_0021208,circRNA,Homo sapiens,human placenta mesenchymal stem cell(hPMSCs),Extracellular vesicle,0.795006069178413
hsa_circ_0001566,circRNA,Homo sapiens,human placenta mesenchymal stem cell(hPMSCs),Extracellular vesicle,0.815590988686444
hsa_circ_0000914,circRNA,Homo sapiens,human placenta mesenchymal stem cell(hPMSCs),Extracellular vesicle,0.815590988686444
hsa_circ_0001730,circRNA,Homo sapiens,human placenta mesenchymal stem cell(hPMSCs),Extracellular vesicle,0.815590988686444
hsa_circ_0080968,circRNA,Homo sapiens,human primary epidermal keratinocytes,Cytoplasm,0.836757224078988
circ-AR-E2,circRNA,Homo sapiens,Human prostate cancer cell line (VCaP),Cytoplasm,0.694505649698505
circ-AR-E2In1,circRNA,Homo sapiens,Human prostate cancer cell line (VCaP),Cytoplasm,0.694505649698505
circ-AR-E2In2,circRNA,Homo sapiens,Human prostate cancer cell line (VCaP),Cytoplasm,0.694505649698505
circ-AR-E3,circRNA,Homo sapiens,Human prostate cancer cell line (VCaP),Cytoplasm,0.694505649698505
hsa_circ_0003192,circRNA,Homo sapiens,human pulmonary microvascular endothelial cells (HPMECs),Cytoplasm,0.836757224078988
hsa_circ_0001746,circRNA,Homo sapiens,Human retinal microvascular endothelial cells (hRMECs),Cytoplasm,0.836757224078988
hsa_circ_0001846,circRNA,Homo sapiens,human TC cell lines (TPC-1 and IHH-4),Cytoplasm,0.836757224078988
hsa_circ_0111277,circRNA,Homo sapiens,Human trophoblast cell line (JEG-3),Cytoplasm,0.836757224078988
hsa_circ_0021001,circRNA,Homo sapiens,human umbilical artery smooth muscle cell (HUASMC),Cytoplasm,0.836757224078988
hsa_circ_0020999,circRNA,Homo sapiens,Human umbilical artery smooth muscle cells (HUASMCs),Cytoplasm,0.694505649698505
hsa_circ_0074837,circRNA,Homo sapiens,human umbilical cord mesenchymal stem cell (hucMSC),Cytoplasm,0.694505649698505
hsa_circ_0001273,circRNA,Homo sapiens,human umbilical cord mesenchymal stem cells (HucMSCs),Extracellular exosome,0.795006069178413
hsa_circ_0008199,circRNA,Homo sapiens,Human umbilical cord mesenchymal stromal cell (HuMSC),Extracellular vesicle,0.795006069178413
hsa_circ_0110664,circRNA,Homo sapiens,Human umbilical cord mesenchymal stromal cell (HuMSC),Extracellular vesicle,0.795006069178413
hsa_circ_0023919,circRNA,Homo sapiens,Human umbilical cord mesenchymal stromal cell (HuMSC),Extracellular vesicle,0.795006069178413
hsa_circ_0002190,circRNA,Homo sapiens,Human umbilical cord mesenchymal stromal cell (HuMSC),Extracellular vesicle,0.795006069178413
hsa_circ_0001988,circRNA,Homo sapiens,Human umbilical cord mesenchymal stromal cell (HuMSC),Extracellular vesicle,0.795006069178413
hsa_circ_0003203,circRNA,Homo sapiens,Human umbilical cord mesenchymal stromal cell (HuMSC),Extracellular vesicle,0.795006069178413
hsa_circ_0001971,circRNA,Homo sapiens,Human umbilical cord mesenchymal stromal cell (HuMSC),Extracellular vesicle,0.795006069178413
hsa_circ_0039400,circRNA,Homo sapiens,Human umbilical cord mesenchymal stromal cell (HuMSC),Extracellular vesicle,0.795006069178413
hsa_circ_0001746,circRNA,Homo sapiens,Human umbilical cord mesenchymal stromal cell (HuMSC),Extracellular vesicle,0.795006069178413
hsa_circ_0000284,circRNA,Homo sapiens,human umbilical cord-derived mesenchymal stem cells (UCMSCs),Extracellular exosome,0.936216130089154
hsa_circ_0125796,circRNA,Homo sapiens,human umbilical vein endothelial cells (HUVECs),Cytoplasm,0.836757224078988
hsa_circ_0026218,circRNA,Homo sapiens,human umbilical vein endothelial cells (HUVECs),Cytoplasm,0.694505649698505
hsa_circ_0000344,circRNA,Homo sapiens,Human umbilical vein endothelial cells (HUVECs),Cytoplasm,0.694505649698505
hsa_circ_0026218,circRNA,Homo sapiens,human umbilical vein endothelial cells (HUVECs),Extracellular exosome,0.694505649698505
hsa_circ_0055946,circRNA,Homo sapiens,Human umbilical vein endothelial cells (HUVECs),Cytoplasm,0.836757224078988
hsa_circ_0055946,circRNA,Homo sapiens,Human umbilical vein endothelial cells (HUVECs),Nucleus,0.836757224078988
hsa_circ_0000725,circRNA,Homo sapiens,human umbilical vein endothelial cells (HUVECs),Cytoplasm,0.694505649698505
hsa_circ_0081065,circRNA,Homo sapiens,human umbilical vein endothelial cells (HUVECs),Cytoplasm,0.904945420481312
hsa_circ_0086296,circRNA,Homo sapiens,human umbilical vein endothelial cells (HUVECs),Cytoplasm,0.836757224078988
hsa_circ_0046060,circRNA,Homo sapiens,hUMSCs,Cytoplasm,0.694505649698505
hsa_circ_0046060,circRNA,Homo sapiens,hUMSCs,Extracellular exosome,0.795006069178413
hsa_circ_0093884,circRNA,Homo sapiens,HUVEC,Cytoplasm,0.904945420481312
circ-IARS1,circRNA,Homo sapiens,HUVECs,Cytoplasm,0.836757224078988
hsa_circ_0001900,circRNA,Homo sapiens,HUVECs,Cytoplasm,0.932913100536013
hsa_circ_0001900,circRNA,Homo sapiens,HUVECs,Nucleus,0.836757224078988
hsa_circ_0000419,circRNA,Homo sapiens,HUVECs,Cytoplasm,0.836757224078988
hsa_circ_0000419,circRNA,Homo sapiens,HUVECs,Nucleus,0.694505649698505
hsa_circ_0006896,circRNA,Homo sapiens,HUVECs,Around the nuclear membrane,0.694505649698505
hsa_circ_0125166,circRNA,Homo sapiens,HUVECs,Nucleus,0.904945420481312
hsa_circ_0075320,circRNA,Homo sapiens,HUVECs,Nucleus,0.836757224078988
hsa_circ_0075320,circRNA,Homo sapiens,HUVECs,Cytoplasm,0.836757224078988
hsa_circ_0044556,circRNA,Homo sapiens,HUVECs,Cytoplasm,0.694505649698505
hsa_circ_0001141,circRNA,Homo sapiens,HUVECs(human umbilical vein endothelial cells),Cytoplasm,0.836757224078988
hsa_circ_0003748,circRNA,Homo sapiens,hVIC cell line,Cytoplasm,0.694505649698505
hsa_circ_0000437,circRNA,Homo sapiens,hVICs cells,Cytoplasm,0.694505649698505
hsa_circ_0001732,circRNA,Homo sapiens,hypopharyngeal carcinoma cells,Cytoplasm,0.694505649698505
DOCK7,circRNA,Gallus gallus,ICP2 cells,Cytoplasm,0.836757224078988
hsa_circ_0000231,circRNA,Homo sapiens,Immortalized normal nasopharyngeal epithelial,Cytoplasm,0.694505649698505
Btnl1,circRNA,Mus musculus,intestinal crypts and small intestine organoids,Cytoplasm,0.836757224078988
Btnl1,circRNA,Mus musculus,intestinal crypts and small intestine organoids,Nucleus,0.836757224078988
hsa_circ_0000971,circRNA,Homo sapiens,Intrahepatic cholangiocarcinoma (ICC) tissue,Cytoplasm,0.904945420481312
hsa_circ_0000971,circRNA,Homo sapiens,Intrahepatic cholangiocarcinoma (ICC) tissue,Nucleus,0.904945420481312
hsa_circ_0099630,circRNA,Homo sapiens,iPDLCs,Cytoplasm,0.694505649698505
circBIRC6-2,circRNA,Sus scrofa,IPEC-J2 cells and porcine jejunum tissue,Nucleus,0.836757224078988
circBIRC6-2,circRNA,Sus scrofa,IPEC-J2 cells and porcine jejunum tissue,Cytoplasm,0.836757224078988
hsa_circ_0088706,circRNA,Homo sapiens,J82 and UM-UC-3 cells,Cytoplasm,0.694505649698505
hsa_circ_0030042,circRNA,Homo sapiens,JEG-3 and HTR-8/SVneo cells,Cytoplasm,0.694505649698505
hsa_circ_0002814,circRNA,Homo sapiens,JEG-3 cells,Cytoplasm,0.694505649698505
hsa_circ_0004240,circRNA,Homo sapiens,K1 and B-CPAP cells,Cytoplasm,0.836757224078988
F-circbA1,circRNA,Homo sapiens,K562 cells,Cytoplasm,0.694505649698505
hsa_circ_0008102,circRNA,Homo sapiens,K562 cells,Cytoplasm,0.694505649698505
hsa_circ_0058493,circRNA,Homo sapiens,K562/G01 cells,Extracellular exosome,0.795006069178413
F-circbA1,circRNA,Homo sapiens,K562/G01 cells,Nucleus,0.694505649698505
hsa_circ_0002281,circRNA,Homo sapiens,Kasumi-3 and Kasumi-6 cells,Nucleus,0.932913100536013
hsa_circ_0007311,circRNA,Homo sapiens,KGN cells,Cytoplasm,0.694505649698505
hsa_circ_0030998,circRNA,Homo sapiens,KMBC and RBE cells,Cytoplasm,0.694505649698505
hsa_circ_0001666,circRNA,Homo sapiens,KYSE-150 cells (Human ESCC cell lines),Cytoplasm,0.904945420481312
hsa_circ_0001946,circRNA,Homo sapiens,KYSE-30 and TE-9 cells,Cytoplasm,0.904945420481312
circ-FIRRE,circRNA,Homo sapiens,KYSE-410 and KYSE-510 cells,Cytoplasm,0.836757224078988
hsa_circ_0023984,circRNA,Homo sapiens,KYSE150 and KYSE30 cells,Cytoplasm,0.836757224078988
hsa_circ_0000211,circRNA,Homo sapiens,KYSE150 and TE1 cells,Cytoplasm,0.694505649698505
hsa_circ_0032746,circRNA,Homo sapiens,KYSE30 and TE-1 cell lines,Cytoplasm,0.694505649698505
hsa_circ_0000043,circRNA,Homo sapiens,KYSE30 cells,Cytoplasm,0.694505649698505
hsa_circ_0000043,circRNA,Homo sapiens,KYSE30 cells,Mitochondrion,0.694505649698505
hsa_circ_0026611,circRNA,Homo sapiens,KYSE30 or EC109 cell lines,Extracellular exosome,0.836757224078988
hsa_circ_0001361,circRNA,Homo sapiens,KYSE450 and EC109 cells,Cytoplasm,0.836757224078988
hsa_circ_0012673,circRNA,Homo sapiens,LAC cell line (A549),Cytoplasm,0.694505649698505
hsa_circ_0001946,circRNA,Homo sapiens,LAC cell lines (A549|H1299),Cytoplasm,0.904945420481312
hsa_circ_0001346,circRNA,Homo sapiens,LAC cells,Cytoplasm,0.836757224078988
hsa_circ_0058106,circRNA,Homo sapiens,laryngeal cancer cells,Cytoplasm,0.694505649698505
hsa_circ_0058106,circRNA,Homo sapiens,laryngeal cancer cells,Nucleus,0.694505649698505
hsa_circ_0002269,circRNA,Homo sapiens,laryngeal squamous cell carcinoma (LSCC) cells,Extracellular exosome,0.694505649698505
hsa_circ_0093884,circRNA,Homo sapiens,liver cells,Nucleus,0.694505649698505
hsa_circ_0093884,circRNA,Homo sapiens,liver cells,Cytoplasm,0.904945420481312
hsa_circ_0098181,circRNA,Homo sapiens,liver paratumor tissues and HCC tissues,Cytoplasm,0.694505649698505
mmu_circ_0001662,circRNA,Mus musculus,liver tissues,Cytoplasm,0.694505649698505
hsa_circ_0003457,circRNA,Homo sapiens,LN229 and U87MG cells,Cytoplasm,0.836757224078988
hsa_circ_0001949,circRNA,Homo sapiens,LN229 cells,Cytoplasm,0.836757224078988
hsa_circ_0006174,circRNA,Homo sapiens,LoVo and HCT116 cells,Extracellular exosome,0.694505649698505
hsa_circ_0001361,circRNA,Homo sapiens,LoVo and HCT116 cells,Cytoplasm,0.836757224078988
hsa_circ_0002099,circRNA,Homo sapiens,LoVo and SW620 cells,Nucleus,0.836757224078988
hsa_circ_0002104,circRNA,Homo sapiens,LSCC cells,Extracellular exosome,0.694505649698505
hsa_circ_0002638,circRNA,Homo sapiens,LUAD cell lines (A549 and H1299),Cytoplasm,0.694505649698505
hsa_circ_0006427,circRNA,Homo sapiens,LUAD cell lines (A549|Calu3|H1299|SPC-A1),Cytoplasm,0.694505649698505
hsa_circ_0000013,circRNA,Homo sapiens,LUAD cell lines (A549|SPCA1),Cytoplasm,0.836757224078988
hsa_circ_0001681,circRNA,Homo sapiens,Lung adenocarcinoma (LAD) tissues,Nucleus,0.836757224078988
hsa_circ_0001681,circRNA,Homo sapiens,Lung adenocarcinoma (LAD) tissues,Cytoplasm,0.836757224078988
hsa_circ_0020710,circRNA,Homo sapiens,lung cancer cell lines (A549 and NCI-H292),Cytoplasm,0.694505649698505
hsa_circ_0000064,circRNA,Homo sapiens,Lung cancer cell lines (A549|H1229),Cytoplasm,0.694505649698505
hsa_circ_0005624,circRNA,Homo sapiens,lung cancer cells,Cytoplasm,0.836757224078988
hsa_circ_0001320,circRNA,Homo sapiens,lung cancer cells,Cytoplasm,0.836757224078988
hsa_circ_0003452,circRNA,Homo sapiens,lung cancer cells,Cytoplasm,0.694505649698505
mmu_circ_0000057,circRNA,Mus musculus,Lung fibroblast cell line (L929),Cytoplasm,0.694505649698505
mmu_circ_0000949,circRNA,Mus musculus,Lung fibroblast cell line (L929),Cytoplasm,0.694505649698505
mmu_circ_0001498,circRNA,Mus musculus,lung tissue,Cytoplasm,0.694505649698505
mmu_circ_0000254,circRNA,Mus musculus,lung tissues,Nucleus,0.694505649698505
circRNA_3079,circRNA,Gallus gallus,"lung, spleen, lymph and bursa of fabricius",Cytoplasm,0.694505649698505
hsa_circ_0008882,circRNA,Homo sapiens,LX-2 cells,Mitochondrion,0.836757224078988
hsa_circ_0089761,circRNA,Homo sapiens,LX-2 cells,Mitochondrion,0.836757224078988
hsa_circ_0089762,circRNA,Homo sapiens,LX-2 cells,Mitochondrion,0.836757224078988
hsa_circ_0089763,circRNA,Homo sapiens,LX-2 cells,Mitochondrion,0.836757224078988
hsa_circ_0008882,circRNA,Homo sapiens,LX-2 cells,Cytoplasm,0.836757224078988
hsa_circ_0089761,circRNA,Homo sapiens,LX-2 cells,Cytoplasm,0.836757224078988
hsa_circ_0089762,circRNA,Homo sapiens,LX-2 cells,Cytoplasm,0.836757224078988
hsa_circ_0089763,circRNA,Homo sapiens,LX-2 cells,Cytoplasm,0.836757224078988
hsa_circ_0002209,circRNA,Homo sapiens,LX-2 cells,Cytoplasm,0.694505649698505
hsa_circ_0061133,circRNA,Homo sapiens,LX2 cells,Cytoplasm,0.836757224078988
mmu_circ_0001388,circRNA,Mus musculus,M0 and M2 macrophage,Extracellular exosome,0.694505649698505
mmu_circ_0000250,circRNA,Mus musculus,M0 and M2 macrophage,Extracellular exosome,0.694505649698505
mmu_circ_0001468,circRNA,Mus musculus,M0 and M2 macrophage,Extracellular exosome,0.694505649698505
mmu_circ_0001090,circRNA,Mus musculus,M0 and M2 macrophage,Extracellular exosome,0.694505649698505
mmu_circ_0001774,circRNA,Mus musculus,M0 and M2 macrophage,Extracellular exosome,0.694505649698505
mmu_circ_0006764,circRNA,Mus musculus,M0 and M2 macrophage,Extracellular exosome,0.694505649698505
mmu_circ_0001053,circRNA,Mus musculus,M0 and M2 macrophage,Extracellular exosome,0.694505649698505
mmu_circ_0001732,circRNA,Mus musculus,M0 and M2 macrophage,Extracellular exosome,0.694505649698505
mmu_circ_0000713,circRNA,Mus musculus,M0 and M2 macrophage,Extracellular exosome,0.694505649698505
mmu_circ_0000905,circRNA,Mus musculus,M0 and M2 macrophage,Extracellular exosome,0.694505649698505
mmu_circ_0001386,circRNA,Mus musculus,M0 and M2 macrophage,Cytoplasm,0.694505649698505
hsa_circ_0006479,circRNA,Homo sapiens,M1 and M2 macrophages,Cytoplasm,0.694505649698505
hsa_circ_0007496,circRNA,Homo sapiens,M2 HCM3 and hBMECs,Cytoplasm,0.694505649698505
hsa_circ_0001610,circRNA,Homo sapiens,M2-polarized macrophages and Ishikawa cells,Cytoplasm,0.694505649698505
mmu_circ_mSCAR,circRNA,Mus musculus,macrophages,Mitochondrion,0.694505649698505
mmu_circ_0000451,circRNA,Mus musculus,macrophages,Cytoplasm,0.694505649698505
mmu_circ_0001711,circRNA,Mus musculus,macrophages,Cytoplasm,0.694505649698505
hsa_circ_0001408,circRNA,Homo sapiens,macrophages,Cytoplasm,0.694505649698505
circ_015343,circRNA,Ovis aries,mammary epithelial cells,Cytoplasm,0.694505649698505
circ_015343,circRNA,Ovis aries,mammary epithelial cells,Nucleus,0.694505649698505
BTBD7,circRNA,Bos taurus,mature adipocytes,Cytoplasm,0.694505649698505
hsa_circ_0000467,circRNA,Homo sapiens,MB-231 cells,Extracellular exosome,0.890460238360382
hsa_circ_0062558,circRNA,Homo sapiens,MCF-10A cells|MDA-MB-231/LR and MCF-7/LR cells,Cytoplasm,0.836757224078988
hsa_circ_0001791,circRNA,Homo sapiens,MCF-7 and MDA-MB-231 cells,Cytoplasm,0.694505649698505
hsa_circ_0000517,circRNA,Homo sapiens,MCF-7 and MDA-MB-231 cells,Cytoplasm,0.694505649698505
hsa_circ_0000620,circRNA,Homo sapiens,MCF-7 and MDA-MB-231 cells,Cytoplasm,0.904945420481312
hsa_circ_0008365,circRNA,Homo sapiens,MCF-7 and MDA-MB-468 cells,Cytoplasm,0.836757224078988
hsa_circ_0001180,circRNA,Homo sapiens,MCF-7 cells,Cytoplasm,0.836757224078988
hsa_circ_0005336,circRNA,Homo sapiens,MCF-7 cells,Nucleus,0.836757224078988
hsa_circ_0086368,circRNA,Homo sapiens,"MCF-7, MDA-MB-231 and MCF-10A",Cytoplasm,0.694505649698505
hsa_circ_0085495,circRNA,Homo sapiens,MCF-7/ADM and MDA-MB-231/ADM cells,Cytoplasm,0.836757224078988
hsa_circ_0001667,circRNA,Homo sapiens,MCF-7/ADM and MDA-MB-231/ADM cells,Cytoplasm,0.694505649698505
hsa_circ_0000284,circRNA,Homo sapiens,MCF7 and BT20 cells,Cytoplasm,0.943641791621929
hsa_circ_0000284,circRNA,Homo sapiens,MCF7 and BT20 cells,Nucleus,0.904945420481312
hsa_circ_0005043,circRNA,Homo sapiens,MCF7 and BT474 cells,Cytoplasm,0.694505649698505
hsa_circ_0024091,circRNA,Homo sapiens,MCF7 cells,Cytosol,0.694505649698505
hsa_circ_0004552,circRNA,Homo sapiens,MDA-231and MDA-468 cells,Cytoplasm,0.836757224078988
hsa_circ_0006404,circRNA,Homo sapiens,MDA-MB-231 and HCC1937 cells,Cytoplasm,0.836757224078988
hsa_circ_0080220,circRNA,Homo sapiens,MDA-MB-231 and MCF-7 cells,Cytoplasm,0.943641791621929
hsa_circ_0120471,circRNA,Homo sapiens,MDA-MB-231 and MCF-7 cells,Nucleus,0.694505649698505
hsa_circ_0120471,circRNA,Homo sapiens,MDA-MB-231 and MCF-7 cells,Cytoplasm,0.694505649698505
hsa_circ_0000511,circRNA,Homo sapiens,MDA-MB-231 and MCF-7 cells,Cytoplasm,0.943641791621929
hsa_circ_0000854,circRNA,Homo sapiens,MDA-MB-231 and MDA-MB-468 cells,Cytoplasm,0.694505649698505
hsa_circ_0000879,circRNA,Homo sapiens,MDA-MB-231 and MDA-MB-468 cells,Cytoplasm,0.836757224078988
hsa_circ_0001982,circRNA,Homo sapiens,MDA-MB-231 and MDA-MB-468 cells,Cytoplasm,0.694505649698505
hsa_circ_0004623,circRNA,Homo sapiens,MDA-MB-231 and SKBR3 cells,Cytoplasm,0.836757224078988
hsa_circ_0004623,circRNA,Homo sapiens,MDA-MB-231 cells,Cytoplasm,0.836757224078988
hsa_circ_0004623,circRNA,Homo sapiens,MDA-MB-231 cells,Extracellular exosome,0.694505649698505
hsa_circ_0080220,circRNA,Homo sapiens,MDA-MB-231 cells and MDA-MB-4468 cells,Cytoplasm,0.943641791621929
hsa_circ_0000284,circRNA,Homo sapiens,MDA-MB-231/PTX and MCF-7/PTX cells,Cytoplasm,0.943641791621929
hsa_circ_0076611,circRNA,Homo sapiens,MDA-MB-468 cells,Perinuclear,0.694505649698505
hsa_circ_0076611,circRNA,Homo sapiens,MDA-MB-468 cells,Nucleolus,0.694505649698505
hsa_circ_0069100,circRNA,Homo sapiens,MDA231 and MDA468 TNBC(Triple-negative breast cancer) cell lines,Nucleus,0.904945420481312
hsa_circ_0069100,circRNA,Homo sapiens,MDA231 and MDA468 TNBC(Triple-negative breast cancer) cell lines,Cytoplasm,0.836757224078988
hsa_circ_0005236,circRNA,Homo sapiens,ME-180 and SiHa cells,Cytoplasm,0.836757224078988
hsa_circ_0005598,circRNA,Homo sapiens,melanoma cells (A375 and A2058),Cytoplasm,0.694505649698505
hsa_circ_0000615,circRNA,Homo sapiens,melanoma cells (HMY-1 and A875),Cytoplasm,0.943641791621929
hsa_circ_0103232,circRNA,Homo sapiens,melanoma cells (SKMel1 and A375 cells) and normal human epidermal melanocytes,Cytoplasm,0.694505649698505
hsa_circ_0125310,circRNA,Homo sapiens,mesangial cells (MCs),Extracellular exosome,0.694505649698505
hsa_circ_0001805,circRNA,Homo sapiens,MG-63 and SAOS-2 cells,Nucleus,0.836757224078988
hsa_circ_0001805,circRNA,Homo sapiens,MG-63 and SAOS-2 cells,Cytoplasm,0.932913100536013
hsa_circ_0009722,circRNA,Homo sapiens,MGC-803 cells,Cytoplasm,0.836757224078988
hsa_circ_0009722,circRNA,Homo sapiens,MGC-803 cells,Nucleus,0.836757224078988
mmu_circ_0000382,circRNA,Mus musculus,mice spinal cord and HT22 cells,Cytoplasm,0.694505649698505
mmu_circ_0000942,circRNA,Mus musculus,MIN6 cell,Cytoplasm,0.932913100536013
mmu_circ_0000942,circRNA,Mus musculus,MIN6 cells,Cytoplasm,0.932913100536013
hsa_circ_0003763,circRNA,Homo sapiens,MKN45 and AGS cells,Nucleus,0.694505649698505
hsa_circ_0000190,circRNA,Homo sapiens,MM cell lines (MM.1S|NCI-H929),Cytoplasm,0.904945420481312
hsa_circ_0007841,circRNA,Homo sapiens,MM cell lines (RPMI-8226 and U266),Cytoplasm,0.694505649698505
hsa_circ_0000592,circRNA,Homo sapiens,MNNG-induced malignant-transformed GES-1-T cells,Cytoplasm,0.694505649698505
hsa_circ_0002017,circRNA,Homo sapiens,MNNG/HOS and U2OS and MG63 cells,Cytoplasm,0.932913100536013
hsa_circ_0009135,circRNA,Homo sapiens,monocytes,Cytoplasm,0.694505649698505
hsa_circ_0088152,circRNA,Homo sapiens,monocytes,Extracellular vesicle,0.694505649698505
hsa_circ_0000375,circRNA,Homo sapiens,monocytes,Extracellular vesicle,0.795006069178413
hsa_circ_0063331,circRNA,Homo sapiens,monocytes,Extracellular vesicle,0.795006069178413
hsa_circ_0063332,circRNA,Homo sapiens,monocytes,Extracellular vesicle,0.694505649698505
hsa_circ_0048131,circRNA,Homo sapiens,monocytes,Extracellular vesicle,0.694505649698505
hsa_circ_0070762,circRNA,Homo sapiens,monocytes,Extracellular vesicle,0.694505649698505
hsa_circ_0070761,circRNA,Homo sapiens,monocytes,Extracellular vesicle,0.694505649698505
hsa_circ_0048121,circRNA,Homo sapiens,monocytes,Extracellular vesicle,0.694505649698505
hsa_circ_0026102,circRNA,Homo sapiens,monocytes,Extracellular vesicle,0.694505649698505
mmu_circ_0001589,circRNA,Mus musculus,motor neurons (MNs),Cell body,0.694505649698505
mmu_circ_0001589,circRNA,Mus musculus,motor neurons (MNs),Neurite,0.694505649698505
mmu_circ_0001291,circRNA,Mus musculus,mouse bone marrow mesenchymal stem cell (mBMSC),Nucleus,0.836757224078988
mmu_circ_0000611,circRNA,Mus musculus,mouse cardiomyocytes HL-1 cells,Cytoplasm,0.694505649698505
mmu_circ_0002206,circRNA,Mus musculus,Mouse embryo fibroblasts,Nucleus,0.694505649698505
mmu_circ_0000375,circRNA,Mus musculus,mouse hippocampal neuronal cell line HT22 cells,Cytoplasm,0.694505649698505
mmu_circ_0000650,circRNA,Mus musculus,Mouse mesangial cells (MCs),Nucleus,0.836757224078988
mmu_circ_0009559,circRNA,Mus musculus,mouse mesangial cells (MMCs),Cytoplasm,0.904945420481312
mmu_circ_0000271,circRNA,Mus musculus,mouse vascular smooth muscle cells (VSMCs),Cytoplasm,0.836757224078988
hsa_circ_0004944,circRNA,Homo sapiens,MRC-5 cells,Cytoplasm,0.836757224078988
hsa_circ_0001451,circRNA,Homo sapiens,MSCs,Cytoplasm,0.694505649698505
hsa_circ_0001451,circRNA,Homo sapiens,MSCs,Extracellular exosome,0.795006069178413
hsa_circ_0001103,circRNA,Homo sapiens,MSCs,Cytoplasm,0.836757224078988
hsa_circ_0001103,circRNA,Homo sapiens,MSCs,Nucleus,0.836757224078988
hsa_circ_0038632,circRNA,Homo sapiens,MSTO-211H and H2052 cells,Cytoplasm,0.836757224078988
Foxk2,circRNA,Mus musculus,murine chondrocyte,Cytoplasm,0.836757224078988
mmu_circ_LARP1B,circRNA,Mus musculus,murine Hepa1-6 cells,Cytoplasm,0.836757224078988
USP13,circRNA,Capra hircus,myoblasts,Cytoplasm,0.694505649698505
USP13,circRNA,Capra hircus,myoblasts,Nucleus,0.694505649698505
circ2388,circRNA,Bos taurus,myoblasts,Cytoplasm,0.836757224078988
SVIL,circRNA,Bos taurus,myoblasts,Nucleus,0.836757224078988
SVIL,circRNA,Bos taurus,myoblasts,Cytoplasm,0.836757224078988
SGCB,circRNA,Bos taurus,myoblasts,Cytoplasm,0.694505649698505
IGF2BP3,circRNA,Gallus gallus,myoblasts,Cytoplasm,0.836757224078988
IGF2BP3,circRNA,Gallus gallus,myoblasts,Nucleus,0.836757224078988
mmu_circ_0001583,circRNA,Mus musculus,N2A cells,Cytoplasm,0.836757224078988
mmu_circ_0003917,circRNA,Mus musculus,N2a cells,Cytoplasm,0.694505649698505
mmu_circ_0002373,circRNA,Mus musculus,N2a cells and hippocampus,Cytoplasm,0.836757224078988
mmu_circ_0005727,circRNA,Mus musculus,N3T3rd cells,Cytoplasm,0.836757224078988
mmu_circ_0067835,circRNA,Mus musculus,nasal epithelial cell (NEpC),Nucleus,0.694505649698505
mmu_circ_0067835,circRNA,Mus musculus,nasal epithelial cell (NEpC),Cytoplasm,0.694505649698505
hsa_circ_0001900,circRNA,Homo sapiens,nasopharyngeal carcinoma (NPC) cells,Cytoplasm,0.932913100536013
hsa_circ_0005224,circRNA,Homo sapiens,nasopharyngeal carcinoma (NPC) cells,Cytoplasm,0.694505649698505
hsa_circ_0007552,circRNA,Homo sapiens,nasopharyngeal carcinoma (NPC) cells,Cytoplasm,0.836757224078988
hsa_circ_0007552,circRNA,Homo sapiens,nasopharyngeal carcinoma (NPC) cells,Nucleus,0.836757224078988
hsa_circ_0005264,circRNA,Homo sapiens,nasopharyngeal carcinoma (NPC) cells,Cytoplasm,0.694505649698505
hsa_circ_0023179,circRNA,Homo sapiens,NCI-H226 and NCI-H1299 cell lines,Cytoplasm,0.694505649698505
hsa_circ_0023179,circRNA,Homo sapiens,NCI-H226 and NCI-H1299 cell lines,Nucleus,0.694505649698505
hsa_circ_0007112,circRNA,Homo sapiens,NCI-H3255 and A549 cells,Cytoplasm,0.836757224078988
Acbd6,circRNA,Rattus norvegicus,Neural stem cells (NSCs),Cytoplasm,0.694505649698505
mmu_circ_0004422,circRNA,Mus musculus,neuron,Cytoplasm,0.836757224078988
circ_01477,circRNA,Rattus norvegicus,neurons,Cytoplasm,0.694505649698505
rno_circ_014260,circRNA,Rattus norvegicus,neurons,Cytoplasm,0.836757224078988
hsa_circ_0001701,circRNA,Homo sapiens,neurons,Cytoplasm,0.836757224078988
mmu_circ_0000075,circRNA,Mus musculus,neurons,Cytoplasm,0.694505649698505
hsa_circ_0116449,circRNA,Homo sapiens,neurons,Cytoplasm,0.694505649698505
hsa_circ_0087371,circRNA,Homo sapiens,"NHA, U251, and U373",Cytoplasm,0.694505649698505
mmu_circ_0001052,circRNA,Mus musculus,NIH/3T3 cells,Nucleus,0.694505649698505
mmu_circ_0001052,circRNA,Mus musculus,NIH/3T3 cells,Cytoplasm,0.932913100536013
mmu_circ_0001704,circRNA,Mus musculus,NIH/3T3 cells,Nucleus,0.694505649698505
mmu_circ_0001704,circRNA,Mus musculus,NIH/3T3 cells,Cytoplasm,0.694505649698505
mmu_circ_0003002,circRNA,Mus musculus,NIH/3T3 cells,Nucleus,0.694505649698505
mmu_circ_0003002,circRNA,Mus musculus,NIH/3T3 cells,Cytoplasm,0.694505649698505
mmu_circ_0000271,circRNA,Mus musculus,NIH/3T3 cells,Nucleus,0.694505649698505
mmu_circ_0000271,circRNA,Mus musculus,NIH/3T3 cells,Cytoplasm,0.836757224078988
hsa_circ_0054229,circRNA,Homo sapiens,non-small cell lung cancers (NSCLCs) plasma,Extracellular vesicle,0.694505649698505
hsa_circ_0000615,circRNA,Homo sapiens,normal breast ductal epithelial cells and breast cancer cell lines,Extracellular exosome,0.694505649698505
hsa_circ_0002310,circRNA,Homo sapiens,Normal prostate cell line (WPMY-1)|PCa cell lines (22Rv1|DU145|LNCaP|PC3),Cytoplasm,0.836757224078988
hsa_circ_0069234,circRNA,Homo sapiens,NP cells,Cytoplasm,0.694505649698505
hsa_circ_0002487,circRNA,Homo sapiens,NPC cell lines,Cytoplasm,0.694505649698505
hsa_circ_0046263,circRNA,Homo sapiens,NPC cell lines (6-10B|CNE-1|CNE-2|SUNE-1|5-8F|HNE-1|C666-1)|NPC tissue,Cytoplasm,0.836757224078988
hsa_circ_0013561,circRNA,Homo sapiens,NPC tissues,Cytoplasm,0.694505649698505
hsa_circ_0048091,circRNA,Homo sapiens,NSCLC cell,Cytoplasm,0.836757224078988
hsa_circ_0018534,circRNA,Homo sapiens,NSCLC cell line (A549),Cytoplasm,0.694505649698505
hsa_circ_0000567,circRNA,Homo sapiens,NSCLC cell lines,Cytoplasm,0.694505649698505
hsa_circ_0000896,circRNA,Homo sapiens,NSCLC cell lines,Cytoplasm,0.836757224078988
hsa_circ_0000567,circRNA,Homo sapiens,NSCLC cell lines,Cytoplasm,0.694505649698505
hsa_circ_0022383,circRNA,Homo sapiens,NSCLC cell lines (H1299 and A549),Cytoplasm,0.836757224078988
hsa_circ_0003028,circRNA,Homo sapiens,NSCLC cell lines A-549 and NCI-H1299 cells,Cytoplasm,0.694505649698505
hsa_circ_0048856,circRNA,Homo sapiens,"NSCLC cell lines(A549, H1299 and SK-MES-1)",Extracellular exosome,0.694505649698505
hsa_circ_0001861,circRNA,Homo sapiens,NSCLC cells,Nucleus,0.694505649698505
hsa_circ_0001861,circRNA,Homo sapiens,NSCLC cells,Cytoplasm,0.694505649698505
circ-TLCD4-RWDD3,circRNA,Homo sapiens,NSCLC cells,Nucleus,0.836757224078988
circ-TLCD4-RWDD3,circRNA,Homo sapiens,NSCLC cells,Cytoplasm,0.836757224078988
hsa_circ_0001550,circRNA,Homo sapiens,NSCLC cells,Cytoplasm,0.836757224078988
hsa_circ_0008037,circRNA,Homo sapiens,NSCLC cells,Cytoplasm,0.694505649698505
hsa_circ_0004249,circRNA,Homo sapiens,NSCLC cells (A-549 and NCI-H1299),Cytoplasm,0.694505649698505
hsa_circ_0007597,circRNA,Homo sapiens,NSCLC cells (H1299 and PC9),Cytoplasm,0.836757224078988
hsa_circ_0001238,circRNA,Homo sapiens,NSCLC cells (PC9 and A549),Cytoplasm,0.836757224078988
hsa_circ_0000518,circRNA,Homo sapiens,NSCLC tissue,Cytoplasm,0.694505649698505
hsa_circ_0083756,circRNA,Homo sapiens,nucleus pulposus (NP) cells,Cytoplasm,0.836757224078988
hsa_circ_0004405,circRNA,Homo sapiens,nucleus pulposus (NP) cells,Cytoplasm,0.694505649698505
hsa_circ_0061851,circRNA,Homo sapiens,nucleus pulposus (NP) cells,Cytoplasm,0.694505649698505
hsa_circ_0102641,circRNA,Homo sapiens,nucleus pulposus cells (NPCs),Nucleus,0.836757224078988
hsa_circ_0003526,circRNA,Homo sapiens,nucleus pulposus cells (NPCs),Cytoplasm,0.694505649698505
hsa_circ_0040039,circRNA,Homo sapiens,nucleus pulposus cells (NPCs),Cytoplasm,0.694505649698505
hsa_circ_0004354,circRNA,Homo sapiens,nucleus pulposus cells (NPCs),Cytoplasm,0.694505649698505
hsa_circ_0000012,circRNA,Homo sapiens,OA chondrocytes,Cytoplasm,0.694505649698505
hsa_circ_0108960,circRNA,Homo sapiens,OC cell line (SKOV3),Cytoplasm,0.836757224078988
hsa_circ_0138660,circRNA,Homo sapiens,OC cell lines (A2780|HEY|HO8910|OVCAR3|SKOV3),Cytoplasm,0.836757224078988
hsa_circ_0056854,circRNA,Homo sapiens,OC cells (OVCAR3 and CAOV3),Cytoplasm,0.904945420481312
hsa_circ_0007292,circRNA,Homo sapiens,OPLL cells,Cytoplasm,0.836757224078988
hsa_circ_0004973,circRNA,Homo sapiens,oral squamous cell carcinoma (OSCC) cell,Cytoplasm,0.836757224078988
hsa_circ_0001161,circRNA,Homo sapiens,OS cell line (U2OS),Cytoplasm,0.694505649698505
hsa_circ_0000337,circRNA,Homo sapiens,OS cell lines (HOS|U2OS),Cytoplasm,0.694505649698505
hsa_circ_0002050,circRNA,Homo sapiens,OS cell lines (MG63 and U2OS cell lines),Cytoplasm,0.836757224078988
hsa_circ_0000253,circRNA,Homo sapiens,OS cell lines (MG63 and U2OS),Cytoplasm,0.836757224078988
hsa_circ_0006149,circRNA,Homo sapiens,OS cells,Cytoplasm,0.836757224078988
hsa_circ_0003137,circRNA,Homo sapiens,OS cells,Nucleus,0.836757224078988
hsa_circ_0001015,circRNA,Homo sapiens,OS cells,Cytoplasm,0.694505649698505
hsa_circ_0000419,circRNA,Homo sapiens,OS cells,Cytoplasm,0.836757224078988
hsa_circ_0103801,circRNA,Homo sapiens,OS cells,Extracellular exosome,0.795006069178413
hsa_circ_0002692,circRNA,Homo sapiens,OS cells,Cytoplasm,0.694505649698505
hsa_circ_0001666,circRNA,Homo sapiens,OS cells,Cytoplasm,0.904945420481312
hsa_circ_0000284,circRNA,Homo sapiens,OS cells (HOS and U2OS cells),Cytoplasm,0.943641791621929
hsa_circ_0001177,circRNA,Homo sapiens,OS cells (MG63 and HOS),Cytoplasm,0.836757224078988
hsa_circ_0000061,circRNA,Homo sapiens,OSCC cell lines (SCC-15 and CAL-27),Cytoplasm,0.694505649698505
hsa_circ_0002766,circRNA,Homo sapiens,OSCC cell lines HSC-3 and HN12 cells,Cytoplasm,0.836757224078988
hsa_circ_0068162,circRNA,Homo sapiens,OSCC cells,Cytoplasm,0.836757224078988
hsa_circ_0069313,circRNA,Homo sapiens,OSCC cells,Extracellular exosome,0.795006069178413
hsa_circ_0008172,circRNA,Homo sapiens,osteoarthritis fibroblast-like synoviocytes (OA-FLS),Cytoplasm,0.694505649698505
hsa_circ_0002485,circRNA,Homo sapiens,osteoblasts,Nucleus,0.694505649698505
hsa_circ_0002485,circRNA,Homo sapiens,osteoblasts,Cytoplasm,0.694505649698505
hsa_circ_0001222,circRNA,Homo sapiens,ovarian cancer cells,Cytoplasm,0.904945420481312
hsa_circ_0001523,circRNA,Homo sapiens,ovarian cancer cells,Cytoplasm,0.694505649698505
hsa_circ_0020093,circRNA,Homo sapiens,ovarian cancer cells,Cytoplasm,0.694505649698505
hsa_circ_0061140,circRNA,Homo sapiens,ovarian cancer cells,Cytoplasm,0.694505649698505
hsa_circ_0001306,circRNA,Homo sapiens,Ovarian.Follicle.Fluid,Extracellular exosome,0.396358685090047
hsa_circ_0001077,circRNA,Homo sapiens,Ovarian.Follicle.Fluid,Extracellular exosome,0.396358685090047
hsa_circ_0000752,circRNA,Homo sapiens,Ovarian.Follicle.Fluid,Extracellular exosome,0.795006069178413
hsa_circ_0001556,circRNA,Homo sapiens,Ovarian.Follicle.Fluid|Plasma,Extracellular exosome,0.396358685090047
hsa_circ_0001901,circRNA,Homo sapiens,Ovarian.Follicle.Fluid|Plasma,Extracellular exosome,0.396358685090047
hsa_circ_0001477,circRNA,Homo sapiens,Ovarian.Follicle.Fluid|Plasma|Serum,Extracellular exosome,0.396358685090047
hsa_circ_0001495,circRNA,Homo sapiens,Ovarian.Follicle.Fluid|Plasma|Serum,Extracellular exosome,0.396358685090047
hsa_circ_0001861,circRNA,Homo sapiens,Ovarian.Follicle.Fluid|Plasma|Urine,Extracellular exosome,0.396358685090047
INSR,circRNA,Ovis aries,ovine stromal vascular fractions (SVFs),Cytoplasm,0.694505649698505
hsa_circ_0092367,circRNA,Homo sapiens,PaCa-2 cells,Cytoplasm,0.694505649698505
Krt4,circRNA,Mus musculus,PAECs(pulmonary artery endothelial cell),Nucleus,0.836757224078988
Krt4,circRNA,Mus musculus,PAECs(pulmonary artery endothelial cell),Cytoplasm,0.836757224078988
hsa_circ_0035428,circRNA,Homo sapiens,PANC-1 and BxPC-3 cells,Cytoplasm,0.836757224078988
hsa_circ_0035428,circRNA,Homo sapiens,PANC-1 and BxPC-3 cells,Nucleus,0.836757224078988
hsa_circ_0012634,circRNA,Homo sapiens,PANC-1 and Capan-2 cells,Cytoplasm,0.694505649698505
hsa_circ_0000971,circRNA,Homo sapiens,PANC-1 and SW1990 cells,Cytoplasm,0.904945420481312
hsa_circ_0000971,circRNA,Homo sapiens,PANC-1 and SW1990 cells,Nucleus,0.904945420481312
hsa_circ_0030167,circRNA,Homo sapiens,PANC-1 cells,Around the nucleus,0.694505649698505
hsa_circ_0004240,circRNA,Homo sapiens,"PANC-1, BxPC-3 and PDAC tissues",Cytoplasm,0.836757224078988
hsa_circ_0003180,circRNA,Homo sapiens,pancreatic cancer cell lines (PANC-1 and MIA CaPa-2 ),Cytoplasm,0.932913100536013
hsa_circ_0074298,circRNA,Homo sapiens,pancreatic cancer tissue,Cytoplasm,0.694505649698505
hsa_circ_0002352,circRNA,Homo sapiens,pancreatic ductal adenocarcinoma (PDAC) cell,Cytoplasm,0.694505649698505
hsa_circ_0001681,circRNA,Homo sapiens,"papillary TC cell lines (TPC-1, NPA87 and KAT-5) and normal thyroid follicular epithelial cell line (Nthy-ori3-1)",Nucleus,0.836757224078988
hsa_circ_0001681,circRNA,Homo sapiens,"papillary TC cell lines (TPC-1, NPA87 and KAT-5) and normal thyroid follicular epithelial cell line (Nthy-ori3-1)",Cytoplasm,0.836757224078988
hsa_circ_0002360,circRNA,Homo sapiens,papillary thyroid cancer tissues,Cytoplasm,0.904945420481312
hsa_circ_0001079,circRNA,Homo sapiens,PC cell lines,Cytoplasm,0.694505649698505
hsa_circ_0006006,circRNA,Homo sapiens,PC cells (MIA PaCa-2 and PANC-1),Cytoplasm,0.836757224078988
hsa_circ_0001959,circRNA,Homo sapiens,PC cells and tissues,Cytoplasm,0.836757224078988
hsa_circ_0001959,circRNA,Homo sapiens,PC cells and tissues,Nucleus,0.836757224078988
hsa_circ_0034161,circRNA,Homo sapiens,PC-3 and DU145 cells,Nucleus,0.904945420481312
hsa_circ_0034161,circRNA,Homo sapiens,PC-3 and DU145 cells,Cytoplasm,0.904945420481312
hsa_circ_0068835,circRNA,Homo sapiens,PC-3 cells,Cytoplasm,0.694505649698505
hsa_circ_0078367,circRNA,Homo sapiens,PC3 and 22RV1 cells,Cytoplasm,0.836757224078988
hsa_circ_0002689,circRNA,Homo sapiens,PC3 and DU145 cells,Cytoplasm,0.694505649698505
hsa_circ_0003310,circRNA,Homo sapiens,PC3 and PC3/DR cells,Cytoplasm,0.836757224078988
hsa_circ_0070512,circRNA,Homo sapiens,PC3 cell,Cytoplasm,0.836757224078988
hsa_circ_0064017,circRNA,Homo sapiens,PC9 and A549 cells,Cytoplasm,0.836757224078988
hsa_circ_0019074,circRNA,Homo sapiens,PC9GR and the HCC827GR cells,Cytoplasm,0.836757224078988
hsa_circ_0005276,circRNA,Homo sapiens,PCa cell lines (DU145 and PC3),Cytoplasm,0.694505649698505
hsa_circ_0005221,circRNA,Homo sapiens,PCa cells,Cytoplasm,0.836757224078988
hsa_circ_0008304,circRNA,Homo sapiens,PCa cells (22Rv-1 and C4-2B),Nucleus,0.904945420481312
hsa_circ_0008304,circRNA,Homo sapiens,PCa cells (22Rv-1 and C4-2B),Cytoplasm,0.904945420481312
hsa_circ_0000211,circRNA,Homo sapiens,PCa cells (PC-3 and DU145),Cytoplasm,0.694505649698505
hsa_circ_0000211,circRNA,Homo sapiens,PCa cells (PC-3 and DU145),Extracellular exosome,0.795006069178413
hsa_circ_0004585,circRNA,Homo sapiens,PCa tissues and cell lines,Cytoplasm,0.694505649698505
hsa_circ_0004296,circRNA,Homo sapiens,PCa(prostate cancer) cells,Nucleus,0.836757224078988
hsa_circ_0006790,circRNA,Homo sapiens,PDAC cells,Nucleus,0.836757224078988
hsa_circ_0006790,circRNA,Homo sapiens,PDAC cells,Cytoplasm,0.836757224078988
hsa_circ_0000607,circRNA,Homo sapiens,PDFS cells,Cytoplasm,0.836757224078988
hsa_circ_0000607,circRNA,Homo sapiens,PDFS cells,Nucleolus,0.836757224078988
circ-BART_1.2,circRNA,Homo sapiens,PEL cell line (BC-1),Nucleus,0.694505649698505
circ-BART_2.2,circRNA,Homo sapiens,PEL cell line (BC-1),Nucleus,0.694505649698505
circ-BART_1.2,circRNA,Homo sapiens,PEL cell line (BC-1),Cytoplasm,0.694505649698505
circ-BART_2.2,circRNA,Homo sapiens,PEL cell line (BC-1),Cytoplasm,0.694505649698505
circ-vIRF4,circRNA,Homo sapiens,PEL cell line (BC-1),Cytoplasm,0.694505649698505
circ-BART_1.1,circRNA,Homo sapiens,PEL cell line (BC-1),Nucleus,0.694505649698505
circ-BART_2.1,circRNA,Homo sapiens,PEL cell line (BC-1),Nucleus,0.694505649698505
circ-vIRF4,circRNA,Homo sapiens,PEL cell line (BC-1),Nucleus,0.694505649698505
mmu_circ_0000992,circRNA,Mus musculus,pericytes,Nucleus,0.694505649698505
hsa_circ_0066881,circRNA,Homo sapiens,periodontal ligament cells (PDLCs),Cytoplasm,0.694505649698505
hsa_circ_0081572,circRNA,Homo sapiens,periodontal ligament cells (PDLCs),Cytoplasm,0.836757224078988
hsa_circ_0002638,circRNA,Homo sapiens,Peripheral blood samples,Extracellular exosome,0.694505649698505
Wnk2,circRNA,Rattus norvegicus,pineal cells,Cytoplasm,0.694505649698505
hsa_circ_0001578,circRNA,Homo sapiens,placenta,Extracellular exosome,0.694505649698505
hsa_circ_0001818,circRNA,Homo sapiens,Plasma,Extracellular exosome,0.795006069178413
hsa_circ_0001805,circRNA,Homo sapiens,plasma,Extracellular vesicle,0.396358685090047
hsa_circ_0001468,circRNA,Homo sapiens,plasma,Extracellular exosome,0.396358685090047
hsa_circ_0100691,circRNA,Homo sapiens,plasma,Extracellular exosome,0.396358685090047
hsa_circ_0000322,circRNA,Homo sapiens,Plasma,Extracellular exosome,0.396358685090047
hsa_circ_0001158,circRNA,Homo sapiens,plasma,Extracellular exosome,0.396358685090047
hsa_circ_0103038,circRNA,Homo sapiens,plasma,Extracellular exosome,0.396358685090047
hsa_circ_0001834,circRNA,Homo sapiens,plasma,Extracellular exosome,0.396358685090047
hsa_circ_0103654,circRNA,Homo sapiens,plasma,Extracellular exosome,0.396358685090047
hsa_circ_0002185,circRNA,Homo sapiens,plasma,Extracellular vesicle,0.396358685090047
hsa_circ_0100354,circRNA,Homo sapiens,plasma,Extracellular exosome,0.396358685090047
hsa_circ_0000339,circRNA,Homo sapiens,Plasma,Extracellular exosome,0.396358685090047
hsa_circ_0002001,circRNA,Homo sapiens,plasma,Extracellular vesicle,0.396358685090047
hsa_circ_0102373,circRNA,Homo sapiens,plasma,Extracellular exosome,0.396358685090047
hsa_circ_0104904,circRNA,Homo sapiens,plasma,Extracellular exosome,0.396358685090047
hsa_circ_0103657,circRNA,Homo sapiens,plasma,Extracellular exosome,0.396358685090047
hsa_circ_0004863,circRNA,Homo sapiens,plasma,Extracellular vesicle,0.396358685090047
hsa_circ_0000223,circRNA,Homo sapiens,plasma,Extracellular exosome,0.396358685090047
hsa_circ_0046060,circRNA,Homo sapiens,plasma,Extracellular exosome,0.795006069178413
hsa_circ_0101018,circRNA,Homo sapiens,plasma,Extracellular exosome,0.396358685090047
hsa_circ_0000540,circRNA,Homo sapiens,Plasma,Extracellular exosome,0.396358685090047
hsa_circ_0000264,circRNA,Homo sapiens,plasma,Extracellular vesicle,0.396358685090047
hsa_circ_0104618,circRNA,Homo sapiens,plasma,Extracellular exosome,0.396358685090047
hsa_circ_0000437,circRNA,Homo sapiens,plasma,Extracellular vesicle,0.396358685090047
hsa_circ_0101366,circRNA,Homo sapiens,plasma,Extracellular exosome,0.396358685090047
hsa_circ_0000566,circRNA,Homo sapiens,plasma,Extracellular vesicle,0.396358685090047
hsa_circ_0000591,circRNA,Homo sapiens,plasma,Extracellular vesicle,0.396358685090047
hsa_circ_0100362,circRNA,Homo sapiens,plasma,Extracellular exosome,0.396358685090047
hsa_circ_0000169,circRNA,Homo sapiens,plasma,Extracellular exosome,0.396358685090047
hsa_circ_0103993,circRNA,Homo sapiens,plasma,Extracellular exosome,0.396358685090047
hsa_circ_0103670,circRNA,Homo sapiens,plasma,Extracellular exosome,0.396358685090047
hsa_circ_0010467,circRNA,Homo sapiens,plasma,Extracellular exosome,0.694505649698505
hsa_circ_0000994,circRNA,Homo sapiens,plasma,Extracellular vesicle,0.396358685090047
hsa_circ_0001083,circRNA,Homo sapiens,plasma,Extracellular vesicle,0.396358685090047
hsa_circ_0101050,circRNA,Homo sapiens,plasma,Extracellular exosome,0.396358685090047
hsa_circ_0102050,circRNA,Homo sapiens,plasma,Extracellular exosome,0.396358685090047
hsa_circ_0001238,circRNA,Homo sapiens,plasma,Extracellular vesicle,0.396358685090047
hsa_circ_0000397,circRNA,Homo sapiens,plasma,Extracellular exosome,0.396358685090047
hsa_circ_0001320,circRNA,Homo sapiens,plasma,Extracellular vesicle,0.396358685090047
hsa_circ_0102373,circRNA,Homo sapiens,plasma,Extracellular exosome,0.396358685090047
hsa_circ_0001484,circRNA,Homo sapiens,Plasma,Extracellular exosome,0.396358685090047
hsa_circ_0000238,circRNA,Homo sapiens,Plasma,Extracellular exosome,0.396358685090047
hsa_circ_0001380,circRNA,Homo sapiens,plasma,Extracellular vesicle,0.396358685090047
hsa_circ_0103019,circRNA,Homo sapiens,plasma,Extracellular exosome,0.396358685090047
hsa_circ_0001445,circRNA,Homo sapiens,plasma,Extracellular vesicle,0.815590988686444
hsa_circ_0001288,circRNA,Homo sapiens,Plasma,Extracellular exosome,0.396358685090047
hsa_circ_0001495,circRNA,Homo sapiens,plasma,Extracellular vesicle,0.396358685090047
hsa_circ_0103348,circRNA,Homo sapiens,plasma,Extracellular exosome,0.396358685090047
hsa_circ_0000301,circRNA,Homo sapiens,Plasma,Extracellular exosome,0.396358685090047
hsa_circ_0001534,circRNA,Homo sapiens,plasma,Extracellular vesicle,0.396358685090047
hsa_circ_0000662,circRNA,Homo sapiens,plasma,Extracellular exosome,0.396358685090047
hsa_circ_0100718,circRNA,Homo sapiens,plasma,Extracellular exosome,0.396358685090047
hsa_circ_0060849,circRNA,Homo sapiens,plasma,Extracellular exosome,0.396358685090047
hsa_circ_0001844,circRNA,Homo sapiens,Plasma,Extracellular exosome,0.396358685090047
hsa_circ_0001675,circRNA,Homo sapiens,plasma,Extracellular vesicle,0.396358685090047
hsa_circ_0104327,circRNA,Homo sapiens,plasma,Extracellular exosome,0.396358685090047
hsa_circ_0002360,circRNA,Homo sapiens,plasma,Extracellular vesicle,0.396358685090047
hsa_circ_0000747,circRNA,Homo sapiens,plasma,Extracellular exosome,0.396358685090047
hsa_circ_0100720,circRNA,Homo sapiens,plasma,Extracellular exosome,0.396358685090047
hsa_circ_0102394,circRNA,Homo sapiens,plasma,Extracellular exosome,0.815590988686444
hsa_circ_0103681,circRNA,Homo sapiens,plasma,Extracellular exosome,0.396358685090047
hsa_circ_0003148,circRNA,Homo sapiens,plasma,Extracellular vesicle,0.396358685090047
hsa_circ_0100039,circRNA,Homo sapiens,plasma,Extracellular exosome,0.396358685090047
hsa_circ_0103682,circRNA,Homo sapiens,plasma,Extracellular exosome,0.396358685090047
hsa_circ_0005310,circRNA,Homo sapiens,plasma,Extracellular exosome,0.396358685090047
hsa_circ_0003655,circRNA,Homo sapiens,plasma,Extracellular vesicle,0.396358685090047
hsa_circ_0000867,circRNA,Homo sapiens,plasma,Extracellular exosome,0.396358685090047
hsa_circ_0100722,circRNA,Homo sapiens,plasma,Extracellular exosome,0.396358685090047
hsa_circ_0018146,circRNA,Homo sapiens,plasma,Extracellular vesicle,0.694505649698505
hsa_circ_0001090,circRNA,Homo sapiens,plasma,Extracellular vesicle,0.396358685090047
hsa_circ_0003245,circRNA,Homo sapiens,plasma,Extracellular vesicle,0.694505649698505
hsa_circ_0080220,circRNA,Homo sapiens,plasma,Extracellular exosome,0.694505649698505
hsa_circ_0003958,circRNA,Homo sapiens,plasma,Extracellular vesicle,0.396358685090047
hsa_circ_0001166,circRNA,Homo sapiens,plasma,Extracellular exosome,0.396358685090047
hsa_circ_0103355,circRNA,Homo sapiens,plasma,Extracellular exosome,0.396358685090047
hsa_circ_0104332,circRNA,Homo sapiens,plasma,Extracellular exosome,0.396358685090047
hsa_circ_0030835,circRNA,Homo sapiens,plasma,Extracellular vesicle,0.694505649698505
hsa_circ_0004062,circRNA,Homo sapiens,plasma,Extracellular vesicle,0.396358685090047
hsa_circ_0001184,circRNA,Homo sapiens,plasma,Extracellular exosome,0.396358685090047
hsa_circ_0103356,circRNA,Homo sapiens,plasma,Extracellular exosome,0.396358685090047
hsa_circ_0104333,circRNA,Homo sapiens,plasma,Extracellular exosome,0.396358685090047
hsa_circ_0024377,circRNA,Homo sapiens,plasma,Extracellular vesicle,0.795006069178413
hsa_circ_0004314,circRNA,Homo sapiens,plasma,Extracellular vesicle,0.396358685090047
hsa_circ_0001120,circRNA,Homo sapiens,plasma,Extracellular exosome,0.396358685090047
hsa_circ_0104334,circRNA,Homo sapiens,plasma,Extracellular exosome,0.396358685090047
hsa_circ_0049015,circRNA,Homo sapiens,plasma,Extracellular vesicle,0.694505649698505
hsa_circ_0039438,circRNA,Homo sapiens,plasma,Extracellular exosome,0.396358685090047
hsa_circ_0002111,circRNA,Homo sapiens,plasma,Extracellular vesicle,0.396358685090047
hsa_circ_0001249,circRNA,Homo sapiens,plasma,Extracellular exosome,0.396358685090047
hsa_circ_0033627,circRNA,Homo sapiens,plasma,Extracellular vesicle,0.694505649698505
hsa_circ_0003600,circRNA,Homo sapiens,plasma,Extracellular vesicle,0.396358685090047
hsa_circ_0102402,circRNA,Homo sapiens,plasma,Extracellular exosome,0.396358685090047
hsa_circ_0001894,circRNA,Homo sapiens,plasma,Extracellular vesicle,0.694505649698505
hsa_circ_0005139,circRNA,Homo sapiens,plasma,Extracellular vesicle,0.396358685090047
hsa_circ_0100387,circRNA,Homo sapiens,plasma,Extracellular exosome,0.396358685090047
hsa_circ_0104338,circRNA,Homo sapiens,plasma,Extracellular exosome,0.396358685090047
hsa_circ_0104645,circRNA,Homo sapiens,plasma,Extracellular exosome,0.396358685090047
hsa_circ_0004955,circRNA,Homo sapiens,plasma,Extracellular vesicle,0.795006069178413
hsa_circ_0005962,circRNA,Homo sapiens,plasma,Extracellular vesicle,0.396358685090047
hsa_circ_0101903,circRNA,Homo sapiens,plasma,Extracellular exosome,0.396358685090047
hsa_circ_0006558,circRNA,Homo sapiens,plasma,Extracellular vesicle,0.795006069178413
hsa_circ_0005138,circRNA,Homo sapiens,plasma,Extracellular vesicle,0.396358685090047
hsa_circ_400082,circRNA,Homo sapiens,plasma,Extracellular exosome,0.396358685090047
hsa_circ_0102072,circRNA,Homo sapiens,plasma,Extracellular exosome,0.396358685090047
hsa_circ_0103038,circRNA,Homo sapiens,plasma,Extracellular exosome,0.396358685090047
hsa_circ_0001480,circRNA,Homo sapiens,plasma,Extracellular vesicle,0.795006069178413
hsa_circ_0001631,circRNA,Homo sapiens,Plasma,Extracellular exosome,0.396358685090047
hsa_circ_0006276,circRNA,Homo sapiens,plasma,Extracellular vesicle,0.396358685090047
hsa_circ_0001303,circRNA,Homo sapiens,plasma,Extracellular exosome,0.396358685090047
hsa_circ_0104649,circRNA,Homo sapiens,plasma,Extracellular exosome,0.396358685090047
hsa_circ_0068277,circRNA,Homo sapiens,plasma,Extracellular vesicle,0.694505649698505
hsa_circ_0000904,circRNA,Homo sapiens,Plasma,Extracellular exosome,0.396358685090047
hsa_circ_0000467,circRNA,Homo sapiens,Plasma,Extracellular exosome,0.890460238360382
hsa_circ_0007037,circRNA,Homo sapiens,plasma,Extracellular vesicle,0.396358685090047
hsa_circ_0001306,circRNA,Homo sapiens,plasma,Extracellular exosome,0.396358685090047
hsa_circ_0101066,circRNA,Homo sapiens,plasma,Extracellular exosome,0.396358685090047
hsa_circ_0103695,circRNA,Homo sapiens,plasma,Extracellular exosome,0.396358685090047
hsa_circ_0002412,circRNA,Homo sapiens,plasma,Extracellular vesicle,0.795006069178413
hsa_circ_0000977,circRNA,Homo sapiens,plasma,Extracellular exosome,0.795006069178413
hsa_circ_0006559,circRNA,Homo sapiens,plasma,Extracellular vesicle,0.396358685090047
hsa_circ_0000194,circRNA,Homo sapiens,plasma,Extracellular vesicle,0.795006069178413
hsa_circ_0006220,circRNA,Homo sapiens,plasma,Extracellular exosome,0.694505649698505
hsa_circ_0074447,circRNA,Homo sapiens,plasma,Extracellular vesicle,0.694505649698505
hsa_circ_0001666,circRNA,Homo sapiens,plasma,Extracellular exosome,0.694505649698505
hsa_circ_0103044,circRNA,Homo sapiens,plasma,Extracellular exosome,0.396358685090047
hsa_circ_0002493,circRNA,Homo sapiens,plasma,Extracellular vesicle,0.694505649698505
hsa_circ_0001400,circRNA,Homo sapiens,Plasma,Extracellular exosome,0.795006069178413
hsa_circ_0035654,circRNA,Homo sapiens,plasma,Extracellular vesicle,0.396358685090047
hsa_circ_0001576,circRNA,Homo sapiens,plasma,Extracellular exosome,0.396358685090047
hsa_circ_0103045,circRNA,Homo sapiens,plasma,Extracellular exosome,0.396358685090047
hsa_circ_0104034,circRNA,Homo sapiens,plasma,Extracellular exosome,0.815590988686444
hsa_circ_0049499,circRNA,Homo sapiens,plasma,Extracellular vesicle,0.694505649698505
hsa_circ_0001297,circRNA,Homo sapiens,Plasma,Extracellular exosome,0.396358685090047
hsa_circ_0000654,circRNA,Homo sapiens,plasma,Extracellular vesicle,0.396358685090047
hsa_circ_0001644,circRNA,Homo sapiens,plasma,Extracellular exosome,0.396358685090047
hsa_circ_0103046,circRNA,Homo sapiens,plasma,Extracellular exosome,0.396358685090047
hsa_circ_0000774,circRNA,Homo sapiens,plasma,Extracellular vesicle,0.694505649698505
hsa_circ_0102543,circRNA,Homo sapiens,plasma,Extracellular exosome,0.396358685090047
hsa_circ_0001653,circRNA,Homo sapiens,plasma,Extracellular exosome,0.396358685090047
hsa_circ_0004956,circRNA,Homo sapiens,plasma,Extracellular vesicle,0.795006069178413
hsa_circ_0000725,circRNA,Homo sapiens,plasma,Extracellular vesicle,0.396358685090047
hsa_circ_0001827,circRNA,Homo sapiens,plasma,Extracellular exosome,0.396358685090047
hsa_circ_0006490,circRNA,Homo sapiens,plasma,Extracellular vesicle,0.795006069178413
hsa_circ_0001336,circRNA,Homo sapiens,Plasma,Extracellular exosome,0.396358685090047
hsa_circ_0000759,circRNA,Homo sapiens,plasma,Extracellular vesicle,0.396358685090047
hsa_circ_0001901,circRNA,Homo sapiens,plasma,Extracellular exosome,0.396358685090047
hsa_circ_0001038,circRNA,Homo sapiens,plasma,Extracellular vesicle,0.694505649698505
hsa_circ_0001845,circRNA,Homo sapiens,plasma,Extracellular exosome,0.396358685090047
hsa_circ_0102731,circRNA,Homo sapiens,plasma,Extracellular exosome,0.396358685090047
hsa_circ_0000254,circRNA,Homo sapiens,plasma,Extracellular exosome,0.396358685090047
hsa_circ_0103383,circRNA,Homo sapiens,plasma,Extracellular exosome,0.396358685090047
hsa_circ_0000950,circRNA,Homo sapiens,Plasma,Extracellular exosome,0.396358685090047
hsa_circ_0000141,circRNA,Homo sapiens,plasma,Extracellular exosome,0.396358685090047
hsa_circ_0104708,circRNA,Homo sapiens,plasma,Extracellular exosome,0.396358685090047
hsa_circ_0000333,circRNA,Homo sapiens,plasma,Extracellular exosome,0.396358685090047
hsa_circ_0000453,circRNA,Homo sapiens,plasma,Extracellular exosome,0.428658357070095
hsa_circ_0005519,circRNA,Homo sapiens,plasma,Extracellular exosome,0.396358685090047
hsa_circ_0100915,circRNA,Homo sapiens,plasma,Extracellular exosome,0.396358685090047
hsa_circ_0000395,circRNA,Homo sapiens,plasma,Extracellular exosome,0.90145991609349
hsa_circ_0100755,circRNA,Homo sapiens,plasma,Extracellular exosome,0.396358685090047
hsa_circ_0102742,circRNA,Homo sapiens,plasma,Extracellular exosome,0.396358685090047
hsa_circ_0001468,circRNA,Homo sapiens,Plasma,Extracellular exosome,0.396358685090047
hsa_circ_0000495,circRNA,Homo sapiens,plasma,Extracellular exosome,0.396358685090047
hsa_circ_0104052,circRNA,Homo sapiens,plasma,Extracellular exosome,0.396358685090047
hsa_circ_0000056,circRNA,Homo sapiens,plasma,Extracellular exosome,0.396358685090047
hsa_circ_0100422,circRNA,Homo sapiens,plasma,Extracellular exosome,0.396358685090047
hsa_circ_0101089,circRNA,Homo sapiens,plasma,Extracellular exosome,0.396358685090047
hsa_circ_0006168,circRNA,Homo sapiens,plasma,Extracellular exosome,0.795006069178413
hsa_circ_0000538,circRNA,Homo sapiens,plasma,Extracellular exosome,0.396358685090047
hsa_circ_0000610,circRNA,Homo sapiens,plasma,Extracellular exosome,0.396358685090047
hsa_circ_0101436,circRNA,Homo sapiens,plasma,Extracellular exosome,0.396358685090047
hsa_circ_0104057,circRNA,Homo sapiens,plasma,Extracellular exosome,0.396358685090047
hsa_circ_0006357,circRNA,Homo sapiens,plasma,Extracellular exosome,0.795006069178413
hsa_circ_0047391,circRNA,Homo sapiens,plasma,Extracellular exosome,0.396358685090047
hsa_circ_0000667,circRNA,Homo sapiens,plasma,Extracellular exosome,0.396358685090047
hsa_circ_0000687,circRNA,Homo sapiens,plasma,Extracellular exosome,0.396358685090047
hsa_circ_0102752,circRNA,Homo sapiens,plasma,Extracellular exosome,0.396358685090047
hsa_circ_0103735,circRNA,Homo sapiens,plasma,Extracellular exosome,0.396358685090047
hsa_circ_0001658,circRNA,Homo sapiens,Plasma,Extracellular exosome,0.396358685090047
hsa_circ_0100780,circRNA,Homo sapiens,plasma,Extracellular exosome,0.396358685090047
hsa_circ_0004277,circRNA,Homo sapiens,plasma,Extracellular exosome,0.795006069178413
hsa_circ_0000053,circRNA,Homo sapiens,Plasma,Extracellular exosome,0.396358685090047
hsa_circ_0001014,circRNA,Homo sapiens,plasma,Extracellular exosome,0.396358685090047
hsa_circ_0100114,circRNA,Homo sapiens,plasma,Extracellular exosome,0.396358685090047
hsa_circ_0000233,circRNA,Homo sapiens,Plasma,Extracellular exosome,0.396358685090047
hsa_circ_0102762,circRNA,Homo sapiens,plasma,Extracellular exosome,0.396358685090047
hsa_circ_0001049,circRNA,Homo sapiens,plasma,Extracellular exosome,0.396358685090047
hsa_circ_0102124,circRNA,Homo sapiens,plasma,Extracellular exosome,0.396358685090047
hsa_circ_0001288,circRNA,Homo sapiens,plasma,Extracellular exosome,0.396358685090047
hsa_circ_0101796,circRNA,Homo sapiens,plasma,Extracellular exosome,0.396358685090047
hsa_circ_0002287,circRNA,Homo sapiens,plasma,Extracellular exosome,0.694505649698505
hsa_circ_0000538,circRNA,Homo sapiens,Plasma,Extracellular exosome,0.396358685090047
hsa_circ_0000965,circRNA,Homo sapiens,Plasma,Extracellular exosome,0.396358685090047
hsa_circ_0001155,circRNA,Homo sapiens,plasma,Extracellular exosome,0.396358685090047
hsa_circ_0001658,circRNA,Homo sapiens,plasma,Extracellular exosome,0.396358685090047
hsa_circ_0000395,circRNA,Homo sapiens,Plasma,Extracellular exosome,0.90145991609349
hsa_circ_0100796,circRNA,Homo sapiens,plasma,Extracellular exosome,0.396358685090047
hsa_circ_0104700,circRNA,Homo sapiens,plasma,Extracellular exosome,0.396358685090047
hsa_circ_0100456,circRNA,Homo sapiens,plasma,Extracellular exosome,0.396358685090047
hsa_circ_0001812,circRNA,Homo sapiens,plasma,Extracellular exosome,0.396358685090047
hsa_circ_0101809,circRNA,Homo sapiens,plasma,Extracellular exosome,0.396358685090047
hsa_circ_0103756,circRNA,Homo sapiens,plasma,Extracellular exosome,0.396358685090047
hsa_circ_0103757,circRNA,Homo sapiens,plasma,Extracellular exosome,0.396358685090047
hsa_circ_0103758,circRNA,Homo sapiens,plasma,Extracellular exosome,0.396358685090047
hsa_circ_0104705,circRNA,Homo sapiens,plasma,Extracellular exosome,0.396358685090047
hsa_circ_0000238,circRNA,Homo sapiens,plasma,Extracellular exosome,0.396358685090047
hsa_circ_0102142,circRNA,Homo sapiens,plasma,Extracellular exosome,0.396358685090047
hsa_circ_0104706,circRNA,Homo sapiens,plasma,Extracellular exosome,0.396358685090047
hsa_circ_0101816,circRNA,Homo sapiens,plasma,Extracellular exosome,0.396358685090047
hsa_circ_0104707,circRNA,Homo sapiens,plasma,Extracellular exosome,0.396358685090047
hsa_circ_0000904,circRNA,Homo sapiens,plasma,Extracellular exosome,0.396358685090047
hsa_circ_0104709,circRNA,Homo sapiens,plasma,Extracellular exosome,0.396358685090047
hsa_circ_0038138,circRNA,Homo sapiens,plasma,Extracellular exosome,0.694505649698505
hsa_circ_0000507,circRNA,Homo sapiens,plasma,Extracellular exosome,0.396358685090047
hsa_circ_0000508,circRNA,Homo sapiens,plasma,Extracellular exosome,0.396358685090047
hsa_circ_0103102,circRNA,Homo sapiens,plasma,Extracellular exosome,0.396358685090047
hsa_circ_0102471,circRNA,Homo sapiens,plasma,Extracellular exosome,0.396358685090047
hsa_circ_0000981,circRNA,Homo sapiens,Plasma,Extracellular exosome,0.396358685090047
hsa_circ_0000630,circRNA,Homo sapiens,plasma,Extracellular exosome,0.396358685090047
hsa_circ_0000086,circRNA,Homo sapiens,plasma,Extracellular exosome,0.815590988686444
hsa_circ_0102788,circRNA,Homo sapiens,plasma,Extracellular exosome,0.396358685090047
hsa_circ_0102179,circRNA,Homo sapiens,plasma,Extracellular exosome,0.396358685090047
hsa_circ_0000323,circRNA,Homo sapiens,Plasma,Extracellular exosome,0.396358685090047
hsa_circ_0104412,circRNA,Homo sapiens,plasma,Extracellular exosome,0.396358685090047
hsa_circ_0001112,circRNA,Homo sapiens,Plasma,Extracellular exosome,0.396358685090047
hsa_circ_0001179,circRNA,Homo sapiens,plasma,Extracellular exosome,0.396358685090047
hsa_circ_0101435,circRNA,Homo sapiens,plasma,Extracellular exosome,0.396358685090047
hsa_circ_0100146,circRNA,Homo sapiens,plasma,Extracellular exosome,0.396358685090047
hsa_circ_0101491,circRNA,Homo sapiens,plasma,Extracellular exosome,0.795006069178413
hsa_circ_0001297,circRNA,Homo sapiens,plasma,Extracellular exosome,0.396358685090047
hsa_circ_0028855,circRNA,Homo sapiens,plasma,Extracellular exosome,0.694505649698505
hsa_circ_0100705,circRNA,Homo sapiens,plasma,Extracellular exosome,0.396358685090047
hsa_circ_0001704,circRNA,Homo sapiens,plasma,Extracellular exosome,0.396358685090047
hsa_circ_0001393,circRNA,Homo sapiens,plasma,Extracellular exosome,0.396358685090047
hsa_circ_0101493,circRNA,Homo sapiens,plasma,Extracellular exosome,0.396358685090047
hsa_circ_0086471,circRNA,Homo sapiens,plasma,Extracellular exosome,0.694505649698505
hsa_circ_0000701,circRNA,Homo sapiens,plasma,Extracellular exosome,0.396358685090047
hsa_circ_0100820,circRNA,Homo sapiens,plasma,Extracellular exosome,0.396358685090047
hsa_circ_0104103,circRNA,Homo sapiens,plasma,Extracellular exosome,0.396358685090047
hsa_circ_0049058,circRNA,Homo sapiens,plasma,Extracellular exosome,0.694505649698505
hsa_circ_0001343,circRNA,Homo sapiens,Plasma,Extracellular exosome,0.396358685090047
hsa_circ_0101153,circRNA,Homo sapiens,plasma,Extracellular exosome,0.396358685090047
hsa_circ_0102481,circRNA,Homo sapiens,plasma,Extracellular exosome,0.795006069178413
hsa_circ_0104423,circRNA,Homo sapiens,plasma,Extracellular exosome,0.396358685090047
hsa_circ_0021091,circRNA,Homo sapiens,plasma,Extracellular exosome,0.694505649698505
hsa_circ_0102101,circRNA,Homo sapiens,plasma,Extracellular exosome,0.396358685090047
hsa_circ_0001561,circRNA,Homo sapiens,plasma,Extracellular exosome,0.396358685090047
hsa_circ_0101836,circRNA,Homo sapiens,plasma,Extracellular exosome,0.396358685090047
hsa_circ_0015286,circRNA,Homo sapiens,plasma,Extracellular exosome,0.694505649698505
hsa_circ_0000209,circRNA,Homo sapiens,Plasma,Extracellular exosome,0.396358685090047
hsa_circ_0001693,circRNA,Homo sapiens,Plasma,Extracellular exosome,0.396358685090047
hsa_circ_0001413,circRNA,Homo sapiens,Plasma,Extracellular exosome,0.396358685090047
hsa_circ_0100823,circRNA,Homo sapiens,plasma,Extracellular exosome,0.396358685090047
hsa_circ_0004344,circRNA,Homo sapiens,plasma,Extracellular exosome,0.694505649698505
hsa_circ_0001703,circRNA,Homo sapiens,Plasma,Extracellular exosome,0.396358685090047
hsa_circ_0001390,circRNA,Homo sapiens,Plasma,Extracellular exosome,0.396358685090047
hsa_circ_0105023,circRNA,Homo sapiens,plasma,Extracellular exosome,0.396358685090047
hsa_circ_0000157,circRNA,Homo sapiens,plasma,Extracellular exosome,0.396358685090047
hsa_circ_0000172,circRNA,Homo sapiens,plasma,Extracellular exosome,0.396358685090047
hsa_circ_0103790,circRNA,Homo sapiens,plasma,Extracellular exosome,0.396358685090047
hsa_circ_0103514,circRNA,Homo sapiens,plasma,Extracellular exosome,0.396358685090047
hsa_circ_0000540,circRNA,Homo sapiens,plasma,Extracellular exosome,0.396358685090047
hsa_circ_0100501,circRNA,Homo sapiens,plasma,Extracellular exosome,0.396358685090047
hsa_circ_0079439,circRNA,Homo sapiens,plasma,Extracellular exosome,0.694505649698505
hsa_circ_0000691,circRNA,Homo sapiens,Plasma,Extracellular exosome,0.396358685090047
hsa_circ_0100836,circRNA,Homo sapiens,plasma,Extracellular exosome,0.396358685090047
hsa_circ_0102179,circRNA,Homo sapiens,plasma,Extracellular exosome,0.396358685090047
hsa_circ_0006357,circRNA,Homo sapiens,plasma,Extracellular exosome,0.795006069178413
hsa_circ_0104980,circRNA,Homo sapiens,plasma,Extracellular exosome,0.396358685090047
hsa_circ_0102180,circRNA,Homo sapiens,plasma,Extracellular exosome,0.396358685090047
hsa_circ_0104438,circRNA,Homo sapiens,plasma,Extracellular exosome,0.396358685090047
hsa_circ_0000254,circRNA,Homo sapiens,Plasma,Extracellular exosome,0.396358685090047
hsa_circ_0000965,circRNA,Homo sapiens,plasma,Extracellular exosome,0.396358685090047
hsa_circ_0001167,circRNA,Homo sapiens,plasma,Extracellular exosome,0.396358685090047
hsa_circ_0103469,circRNA,Homo sapiens,plasma,Extracellular exosome,0.396358685090047
hsa_circ_0103140,circRNA,Homo sapiens,plasma,Extracellular exosome,0.396358685090047
hsa_circ_0103470,circRNA,Homo sapiens,plasma,Extracellular exosome,0.396358685090047
hsa_circ_0103801,circRNA,Homo sapiens,plasma,Extracellular exosome,0.795006069178413
hsa_circ_0001204,circRNA,Homo sapiens,plasma,Extracellular exosome,0.396358685090047
hsa_circ_0104743,circRNA,Homo sapiens,plasma,Extracellular exosome,0.396358685090047
hsa_circ_0100832,circRNA,Homo sapiens,plasma,Extracellular exosome,0.396358685090047
hsa_circ_0001444,circRNA,Homo sapiens,plasma,Extracellular exosome,0.396358685090047
hsa_circ_0001484,circRNA,Homo sapiens,plasma,Extracellular exosome,0.396358685090047
hsa_circ_0104128,circRNA,Homo sapiens,plasma,Extracellular exosome,0.396358685090047
hsa_circ_0000981,circRNA,Homo sapiens,plasma,Extracellular exosome,0.396358685090047
hsa_circ_0001631,circRNA,Homo sapiens,plasma,Extracellular exosome,0.396358685090047
hsa_circ_0000301,circRNA,Homo sapiens,plasma,Extracellular exosome,0.396358685090047
hsa_circ_0103809,circRNA,Homo sapiens,plasma,Extracellular exosome,0.815590988686444
hsa_circ_0000444,circRNA,Homo sapiens,plasma,Extracellular exosome,0.396358685090047
hsa_circ_0104134,circRNA,Homo sapiens,plasma,Extracellular exosome,0.396358685090047
hsa_circ_0100016,circRNA,Homo sapiens,plasma,Extracellular exosome,0.396358685090047
hsa_circ_0102520,circRNA,Homo sapiens,plasma,Extracellular exosome,0.396358685090047
hsa_circ_0000851,circRNA,Homo sapiens,plasma,Extracellular exosome,0.396358685090047
hsa_circ_0101533,circRNA,Homo sapiens,plasma,Extracellular exosome,0.396358685090047
hsa_circ_0005045,circRNA,Homo sapiens,plasma,Extracellular exosome,0.694505649698505
hsa_circ_0008806,circRNA,Homo sapiens,plasma,Extracellular exosome,0.396358685090047
hsa_circ_0104137,circRNA,Homo sapiens,plasma,Extracellular exosome,0.396358685090047
hsa_circ_0001191,circRNA,Homo sapiens,plasma,Extracellular exosome,0.396358685090047
hsa_circ_400005,circRNA,Homo sapiens,plasma,Extracellular exosome,0.396358685090047
hsa_circ_0001560,circRNA,Homo sapiens,plasma,Extracellular exosome,0.396358685090047
hsa_circ_0100190,circRNA,Homo sapiens,plasma,Extracellular exosome,0.396358685090047
hsa_circ_0103491,circRNA,Homo sapiens,plasma,Extracellular exosome,0.396358685090047
hsa_circ_0001946,circRNA,Homo sapiens,Plasma,Extracellular exosome,0.82545835599294
hsa_circ_0101874,circRNA,Homo sapiens,plasma,Extracellular exosome,0.396358685090047
hsa_circ_0000141,circRNA,Homo sapiens,Plasma,Extracellular exosome,0.396358685090047
hsa_circ_0100632,circRNA,Homo sapiens,plasma,Extracellular exosome,0.396358685090047
hsa_circ_0001874,circRNA,Homo sapiens,plasma,Extracellular exosome,0.396358685090047
hsa_circ_0100191,circRNA,Homo sapiens,plasma,Extracellular exosome,0.396358685090047
hsa_circ_0104761,circRNA,Homo sapiens,plasma,Extracellular exosome,0.396358685090047
hsa_circ_0006702,circRNA,Homo sapiens,Plasma,Extracellular exosome,0.836757224078988
hsa_circ_0001924,circRNA,Homo sapiens,plasma,Extracellular exosome,0.396358685090047
hsa_circ_400010,circRNA,Homo sapiens,plasma,Extracellular exosome,0.396358685090047
hsa_circ_0000561,circRNA,Homo sapiens,Plasma,Extracellular exosome,0.396358685090047
hsa_circ_0000269,circRNA,Homo sapiens,plasma,Extracellular exosome,0.396358685090047
hsa_circ_0102533,circRNA,Homo sapiens,plasma,Extracellular exosome,0.396358685090047
hsa_circ_0103827,circRNA,Homo sapiens,plasma,Extracellular exosome,0.795006069178413
hsa_circ_400011,circRNA,Homo sapiens,plasma,Extracellular exosome,0.396358685090047
hsa_circ_0063476,circRNA,Homo sapiens,plasma,Extracellular exosome,0.694505649698505
hsa_circ_0001776,circRNA,Homo sapiens,Plasma,Extracellular exosome,0.396358685090047
hsa_circ_0000090,circRNA,Homo sapiens,plasma,Extracellular exosome,0.396358685090047
hsa_circ_0019120,circRNA,Homo sapiens,plasma,Extracellular exosome,0.795006069178413
hsa_circ_0000687,circRNA,Homo sapiens,Plasma,Extracellular exosome,0.396358685090047
hsa_circ_0000869,circRNA,Homo sapiens,plasma,Extracellular exosome,0.396358685090047
hsa_circ_0103829,circRNA,Homo sapiens,plasma,Extracellular exosome,0.396358685090047
hsa_circ_0000788,circRNA,Homo sapiens,plasma,Extracellular exosome,0.396358685090047
hsa_circ_0103830,circRNA,Homo sapiens,plasma,Extracellular exosome,0.396358685090047
hsa_circ_0104766,circRNA,Homo sapiens,plasma,Extracellular exosome,0.396358685090047
hsa_circ_0000782,circRNA,Homo sapiens,plasma,Extracellular exosome,0.795006069178413
hsa_circ_0000979,circRNA,Homo sapiens,plasma,Extracellular exosome,0.396358685090047
hsa_circ_0001343,circRNA,Homo sapiens,plasma,Extracellular exosome,0.396358685090047
hsa_circ_0104469,circRNA,Homo sapiens,plasma,Extracellular exosome,0.396358685090047
hsa_circ_0100199,circRNA,Homo sapiens,plasma,Extracellular exosome,0.396358685090047
hsa_circ_0103176,circRNA,Homo sapiens,plasma,Extracellular exosome,0.396358685090047
hsa_circ_0001844,circRNA,Homo sapiens,plasma,Extracellular exosome,0.396358685090047
hsa_circ_0103177,circRNA,Homo sapiens,plasma,Extracellular exosome,0.396358685090047
hsa_circ_0104475,circRNA,Homo sapiens,plasma,Extracellular exosome,0.396358685090047
hsa_circ_0103179,circRNA,Homo sapiens,plasma,Extracellular exosome,0.396358685090047
hsa_circ_0003270,circRNA,Homo sapiens,plasma,Extracellular exosome,0.694505649698505
hsa_circ_0100311,circRNA,Homo sapiens,plasma,Extracellular exosome,0.396358685090047
hsa_circ_0102543,circRNA,Homo sapiens,plasma,Extracellular exosome,0.396358685090047
hsa_circ_0001701,circRNA,Homo sapiens,plasma,Extracellular exosome,0.694505649698505
hsa_circ_0007508,circRNA,Homo sapiens,plasma,Extracellular exosome,0.396358685090047
hsa_circ_0001301,circRNA,Homo sapiens,Plasma,Extracellular exosome,0.396358685090047
hsa_circ_0001248,circRNA,Homo sapiens,Plasma,Extracellular exosome,0.396358685090047
hsa_circ_0001692,circRNA,Homo sapiens,plasma,Extracellular exosome,0.396358685090047
hsa_circ_0000322,circRNA,Homo sapiens,plasma,Extracellular exosome,0.396358685090047
hsa_circ_0004277,circRNA,Homo sapiens,plasma,Extracellular exosome,0.795006069178413
hsa_circ_0001138,circRNA,Homo sapiens,Plasma,Extracellular exosome,0.396358685090047
hsa_circ_0000423,circRNA,Homo sapiens,plasma,Extracellular exosome,0.428658357070095
hsa_circ_0000517,circRNA,Homo sapiens,plasma,Extracellular exosome,0.396358685090047
hsa_circ_0001179,circRNA,Homo sapiens,Plasma,Extracellular exosome,0.396358685090047
hsa_circ_0000565,circRNA,Homo sapiens,plasma,Extracellular exosome,0.396358685090047
hsa_circ_0000953,circRNA,Homo sapiens,plasma,Extracellular exosome,0.396358685090047
hsa_circ_0001174,circRNA,Homo sapiens,plasma,Extracellular exosome,0.396358685090047
hsa_circ_0000996,circRNA,Homo sapiens,plasma,Extracellular exosome,0.396358685090047
hsa_circ_0000747,circRNA,Homo sapiens,Plasma,Extracellular exosome,0.396358685090047
hsa_circ_0000998,circRNA,Homo sapiens,plasma,Extracellular exosome,0.396358685090047
hsa_circ_0102752,circRNA,Homo sapiens,plasma,Extracellular exosome,0.396358685090047
hsa_circ_0000191,circRNA,Homo sapiens,plasma,Extracellular exosome,0.396358685090047
hsa_circ_0104168,circRNA,Homo sapiens,plasma,Extracellular exosome,0.396358685090047
hsa_circ_0000691,circRNA,Homo sapiens,plasma,Extracellular exosome,0.396358685090047
hsa_circ_0000204,circRNA,Homo sapiens,plasma,Extracellular exosome,0.396358685090047
hsa_circ_0104791,circRNA,Homo sapiens,plasma,Extracellular exosome,0.396358685090047
hsa_circ_0000246,circRNA,Homo sapiens,plasma,Extracellular exosome,0.396358685090047
hsa_circ_0102560,circRNA,Homo sapiens,plasma,Extracellular exosome,0.396358685090047
hsa_circ_0001014,circRNA,Homo sapiens,plasma,Extracellular exosome,0.396358685090047
hsa_circ_0001033,circRNA,Homo sapiens,Plasma,Extracellular exosome,0.396358685090047
hsa_circ_0001390,circRNA,Homo sapiens,plasma,Extracellular exosome,0.396358685090047
hsa_circ_0104797,circRNA,Homo sapiens,plasma,Extracellular exosome,0.396358685090047
hsa_circ_0102240,circRNA,Homo sapiens,plasma,Extracellular exosome,0.396358685090047
hsa_circ_0104798,circRNA,Homo sapiens,plasma,Extracellular exosome,0.396358685090047
hsa_circ_0000209,circRNA,Homo sapiens,plasma,Extracellular exosome,0.396358685090047
hsa_circ_0001556,circRNA,Homo sapiens,plasma,Extracellular exosome,0.396358685090047
hsa_circ_0001033,circRNA,Homo sapiens,plasma,Extracellular exosome,0.396358685090047
hsa_circ_0103870,circRNA,Homo sapiens,plasma,Extracellular exosome,0.396358685090047
hsa_circ_0103532,circRNA,Homo sapiens,plasma,Extracellular exosome,0.396358685090047
hsa_circ_0103871,circRNA,Homo sapiens,plasma,Extracellular exosome,0.396358685090047
hsa_circ_0001174,circRNA,Homo sapiens,Plasma,Extracellular exosome,0.396358685090047
hsa_circ_0001713,circRNA,Homo sapiens,plasma,Extracellular exosome,0.396358685090047
hsa_circ_0000009,circRNA,Homo sapiens,plasma,Extracellular exosome,0.396358685090047
hsa_circ_0000658,circRNA,Homo sapiens,plasma,Extracellular exosome,0.396358685090047
hsa_circ_0103881,circRNA,Homo sapiens,plasma,Extracellular exosome,0.396358685090047
hsa_circ_0104804,circRNA,Homo sapiens,plasma,Extracellular exosome,0.396358685090047
hsa_circ_0102349,circRNA,Homo sapiens,plasma,Extracellular exosome,0.396358685090047
hsa_circ_0000036,circRNA,Homo sapiens,plasma,Extracellular exosome,0.396358685090047
hsa_circ_0000728,circRNA,Homo sapiens,plasma,Extracellular exosome,0.396358685090047
hsa_circ_0000059,circRNA,Homo sapiens,plasma,Extracellular exosome,0.396358685090047
hsa_circ_0001190,circRNA,Homo sapiens,plasma,Extracellular exosome,0.396358685090047
hsa_circ_0100583,circRNA,Homo sapiens,plasma,Extracellular exosome,0.396358685090047
hsa_circ_0026497,circRNA,Homo sapiens,plasma,Extracellular exosome,0.795006069178413
hsa_circ_0104808,circRNA,Homo sapiens,plasma,Extracellular exosome,0.396358685090047
hsa_circ_0067789,circRNA,Homo sapiens,plasma,Extracellular exosome,0.795006069178413
hsa_circ_0000247,circRNA,Homo sapiens,plasma,Extracellular exosome,0.396358685090047
hsa_circ_0100912,circRNA,Homo sapiens,plasma,Extracellular exosome,0.396358685090047
hsa_circ_0025494,circRNA,Homo sapiens,plasma,Extracellular exosome,0.795006069178413
hsa_circ_0000266,circRNA,Homo sapiens,plasma,Extracellular exosome,0.396358685090047
hsa_circ_0000520,circRNA,Homo sapiens,plasma,Extracellular exosome,0.396358685090047
hsa_circ_0100913,circRNA,Homo sapiens,plasma,Extracellular exosome,0.396358685090047
hsa_circ_0039480,circRNA,Homo sapiens,plasma,Extracellular exosome,0.795006069178413
hsa_circ_0000292,circRNA,Homo sapiens,plasma,Extracellular exosome,0.396358685090047
hsa_circ_0100914,circRNA,Homo sapiens,plasma,Extracellular exosome,0.396358685090047
hsa_circ_0049763,circRNA,Homo sapiens,plasma,Extracellular exosome,0.795006069178413
hsa_circ_0000488,circRNA,Homo sapiens,plasma,Extracellular exosome,0.396358685090047
hsa_circ_0091803,circRNA,Homo sapiens,plasma,Extracellular exosome,0.795006069178413
hsa_circ_0000512,circRNA,Homo sapiens,plasma,Extracellular exosome,0.428658357070095
hsa_circ_0100917,circRNA,Homo sapiens,plasma,Extracellular exosome,0.396358685090047
hsa_circ_0058858,circRNA,Homo sapiens,plasma,Extracellular exosome,0.795006069178413
hsa_circ_0006646,circRNA,Homo sapiens,plasma,Extracellular exosome,0.694505649698505
hsa_circ_0000518,circRNA,Homo sapiens,plasma,Extracellular exosome,0.396358685090047
hsa_circ_0034543,circRNA,Homo sapiens,plasma,Extracellular exosome,0.795006069178413
hsa_circ_0100919,circRNA,Homo sapiens,plasma,Extracellular exosome,0.396358685090047
hsa_circ_0026642,circRNA,Homo sapiens,plasma,Extracellular exosome,0.795006069178413
hsa_circ_0006138,circRNA,Homo sapiens,plasma,Extracellular exosome,0.795006069178413
hsa_circ_0051239,circRNA,Homo sapiens,plasma,Extracellular exosome,0.795006069178413
hsa_circ_0000339,circRNA,Homo sapiens,plasma,Extracellular exosome,0.396358685090047
hsa_circ_0065642,circRNA,Homo sapiens,plasma,Extracellular exosome,0.795006069178413
hsa_circ_0000670,circRNA,Homo sapiens,plasma,Extracellular exosome,0.90145991609349
hsa_circ_0000092,circRNA,Homo sapiens,plasma,Extracellular exosome,0.396358685090047
hsa_circ_0100922,circRNA,Homo sapiens,plasma,Extracellular exosome,0.396358685090047
hsa_circ_0013653,circRNA,Homo sapiens,plasma,Extracellular exosome,0.795006069178413
hsa_circ_0000652,circRNA,Homo sapiens,plasma,Extracellular exosome,0.396358685090047
hsa_circ_0000705,circRNA,Homo sapiens,plasma,Extracellular exosome,0.396358685090047
hsa_circ_0000700,circRNA,Homo sapiens,plasma,Extracellular exosome,0.396358685090047
hsa_circ_0104820,circRNA,Homo sapiens,plasma,Extracellular exosome,0.396358685090047
hsa_circ_0057036,circRNA,Homo sapiens,plasma,Extracellular exosome,0.795006069178413
hsa_circ_0103902,circRNA,Homo sapiens,plasma,Extracellular exosome,0.396358685090047
hsa_circ_0104821,circRNA,Homo sapiens,plasma,Extracellular exosome,0.396358685090047
hsa_circ_0025937,circRNA,Homo sapiens,plasma,Extracellular exosome,0.795006069178413
hsa_circ_0042174,circRNA,Homo sapiens,plasma,Extracellular exosome,0.396358685090047
hsa_circ_0086841,circRNA,Homo sapiens,plasma,Extracellular exosome,0.795006069178413
hsa_circ_0047156,circRNA,Homo sapiens,plasma,Extracellular exosome,0.795006069178413
hsa_circ_0000896,circRNA,Homo sapiens,plasma,Extracellular exosome,0.815590988686444
hsa_circ_0103559,circRNA,Homo sapiens,plasma,Extracellular exosome,0.396358685090047
hsa_circ_0059639,circRNA,Homo sapiens,plasma,Extracellular exosome,0.795006069178413
hsa_circ_0058493,circRNA,Homo sapiens,plasma,Extracellular exosome,0.795006069178413
hsa_circ_0000223,circRNA,Homo sapiens,Plasma,Extracellular exosome,0.396358685090047
hsa_circ_0100262,circRNA,Homo sapiens,plasma,Extracellular exosome,0.396358685090047
hsa_circ_0001112,circRNA,Homo sapiens,plasma,Extracellular exosome,0.396358685090047
hsa_circ_0000969,circRNA,Homo sapiens,plasma,Extracellular exosome,0.396358685090047
hsa_circ_0000730,circRNA,Homo sapiens,plasma,Extracellular exosome,0.396358685090047
hsa_circ_0103911,circRNA,Homo sapiens,plasma,Extracellular exosome,0.396358685090047
hsa_circ_0001138,circRNA,Homo sapiens,plasma,Extracellular exosome,0.396358685090047
hsa_circ_0100022,circRNA,Homo sapiens,plasma,Extracellular exosome,0.428658357070095
hsa_circ_0001301,circRNA,Homo sapiens,plasma,Extracellular exosome,0.396358685090047
hsa_circ_0104534,circRNA,Homo sapiens,plasma,Extracellular exosome,0.815590988686444
hsa_circ_0102142,circRNA,Homo sapiens,plasma,Extracellular exosome,0.396358685090047
hsa_circ_0001749,circRNA,Homo sapiens,plasma,Extracellular exosome,0.396358685090047
hsa_circ_0004089,circRNA,Homo sapiens,plasma,Extracellular exosome,0.396358685090047
hsa_circ_0000169,circRNA,Homo sapiens,Plasma,Extracellular exosome,0.396358685090047
hsa_circ_0000621,circRNA,Homo sapiens,Plasma,Extracellular exosome,0.396358685090047
hsa_circ_0001477,circRNA,Homo sapiens,plasma,Extracellular exosome,0.396358685090047
hsa_circ_0000406,circRNA,Homo sapiens,plasma,Extracellular exosome,0.396358685090047
hsa_circ_0001413,circRNA,Homo sapiens,plasma,Extracellular exosome,0.396358685090047
hsa_circ_0104823,circRNA,Homo sapiens,plasma,Extracellular exosome,0.396358685090047
hsa_circ_0000065,circRNA,Homo sapiens,plasma,Extracellular exosome,0.396358685090047
hsa_circ_0001523,circRNA,Homo sapiens,plasma,Extracellular exosome,0.396358685090047
hsa_circ_0001874,circRNA,Homo sapiens,Plasma,Extracellular exosome,0.396358685090047
hsa_circ_0103572,circRNA,Homo sapiens,plasma,Extracellular exosome,0.396358685090047
hsa_circ_0102294,circRNA,Homo sapiens,plasma,Extracellular exosome,0.396358685090047
hsa_circ_0103252,circRNA,Homo sapiens,plasma,Extracellular exosome,0.396358685090047
hsa_circ_0001550,circRNA,Homo sapiens,plasma,Extracellular exosome,0.396358685090047
hsa_circ_0001664,circRNA,Homo sapiens,plasma,Extracellular exosome,0.396358685090047
hsa_circ_0000204,circRNA,Homo sapiens,plasma,Extracellular exosome,0.396358685090047
hsa_circ_0102296,circRNA,Homo sapiens,plasma,Extracellular exosome,0.396358685090047
hsa_circ_0103922,circRNA,Homo sapiens,plasma,Extracellular exosome,0.396358685090047
hsa_circ_0001495,circRNA,Homo sapiens,plasma,Extracellular exosome,0.396358685090047
hsa_circ_0001703,circRNA,Homo sapiens,plasma,Extracellular exosome,0.396358685090047
hsa_circ_0104545,circRNA,Homo sapiens,plasma,Extracellular exosome,0.396358685090047
hsa_circ_0001707,circRNA,Homo sapiens,plasma,Extracellular exosome,0.396358685090047
hsa_circ_0001644,circRNA,Homo sapiens,Plasma,Extracellular exosome,0.396358685090047
hsa_circ_0001158,circRNA,Homo sapiens,plasma,Extracellular exosome,0.396358685090047
hsa_circ_0101292,circRNA,Homo sapiens,plasma,Extracellular exosome,0.396358685090047
hsa_circ_0101874,circRNA,Homo sapiens,plasma,Extracellular exosome,0.396358685090047
hsa_circ_0001828,circRNA,Homo sapiens,plasma,Extracellular exosome,0.396358685090047
hsa_circ_0001077,circRNA,Homo sapiens,plasma,Extracellular exosome,0.396358685090047
hsa_circ_0001853,circRNA,Homo sapiens,plasma,Extracellular exosome,0.396358685090047
hsa_circ_0001693,circRNA,Homo sapiens,plasma,Extracellular exosome,0.396358685090047
hsa_circ_0001854,circRNA,Homo sapiens,plasma,Extracellular exosome,0.396358685090047
hsa_circ_0000053,circRNA,Homo sapiens,plasma,Extracellular exosome,0.396358685090047
hsa_circ_0104851,circRNA,Homo sapiens,plasma,Extracellular exosome,0.396358685090047
hsa_circ_0001776,circRNA,Homo sapiens,plasma,Extracellular exosome,0.396358685090047
hsa_circ_0000443,circRNA,Homo sapiens,plasma,Extracellular exosome,0.428658357070095
hsa_circ_0104852,circRNA,Homo sapiens,plasma,Extracellular exosome,0.396358685090047
hsa_circ_0005519,circRNA,Homo sapiens,plasma,Extracellular exosome,0.396358685090047
hsa_circ_0001676,circRNA,Homo sapiens,plasma,Extracellular exosome,0.396358685090047
hsa_circ_0104853,circRNA,Homo sapiens,plasma,Extracellular exosome,0.396358685090047
hsa_circ_0104238,circRNA,Homo sapiens,plasma,Extracellular exosome,0.396358685090047
hsa_circ_0104854,circRNA,Homo sapiens,plasma,Extracellular exosome,0.396358685090047
hsa_circ_0001895,circRNA,Homo sapiens,Plasma,Extracellular exosome,0.396358685090047
hsa_circ_0000326,circRNA,Homo sapiens,plasma,Extracellular exosome,0.396358685090047
hsa_circ_0000511,circRNA,Homo sapiens,plasma,Extracellular exosome,0.441906205517059
hsa_circ_0102019,circRNA,Homo sapiens,plasma,Extracellular exosome,0.396358685090047
hsa_circ_0000376,circRNA,Homo sapiens,plasma,Extracellular exosome,0.396358685090047
hsa_circ_0000377,circRNA,Homo sapiens,plasma,Extracellular exosome,0.396358685090047
hsa_circ_0104565,circRNA,Homo sapiens,plasma,Extracellular exosome,0.396358685090047
hsa_circ_0044226,circRNA,Homo sapiens,plasma,Extracellular exosome,0.795006069178413
hsa_circ_0000442,circRNA,Homo sapiens,plasma,Extracellular exosome,0.396358685090047
hsa_circ_0000514,circRNA,Homo sapiens,plasma,Extracellular exosome,0.396358685090047
hsa_circ_0104566,circRNA,Homo sapiens,plasma,Extracellular exosome,0.396358685090047
hsa_circ_0004099,circRNA,Homo sapiens,plasma,Extracellular exosome,0.795006069178413
hsa_circ_0005627,circRNA,Homo sapiens,plasma,Extracellular exosome,0.795006069178413
hsa_circ_0000519,circRNA,Homo sapiens,plasma,Extracellular exosome,0.795006069178413
hsa_circ_0008898,circRNA,Homo sapiens,plasma,Extracellular exosome,0.795006069178413
hsa_circ_0000040,circRNA,Homo sapiens,plasma,Extracellular exosome,0.396358685090047
hsa_circ_0042174,circRNA,Homo sapiens,plasma,Extracellular exosome,0.396358685090047
hsa_circ_0000487,circRNA,Homo sapiens,plasma,Extracellular exosome,0.396358685090047
hsa_circ_0044234,circRNA,Homo sapiens,plasma,Extracellular exosome,0.396358685090047
hsa_circ_0006168,circRNA,Homo sapiens,plasma,Extracellular exosome,0.795006069178413
hsa_circ_0100820,circRNA,Homo sapiens,plasma,Extracellular exosome,0.396358685090047
hsa_circ_0001861,circRNA,Homo sapiens,plasma,Extracellular exosome,0.396358685090047
hsa_circ_0000621,circRNA,Homo sapiens,plasma,Extracellular exosome,0.396358685090047
hsa_circ_0100313,circRNA,Homo sapiens,plasma,Extracellular exosome,0.396358685090047
hsa_circ_0101319,circRNA,Homo sapiens,plasma,Extracellular exosome,0.396358685090047
hsa_circ_0000726,circRNA,Homo sapiens,plasma,Extracellular exosome,0.396358685090047
hsa_circ_0003601,circRNA,Homo sapiens,plasma,Extracellular vesicle,0.396358685090047
hsa_circ_0001449,circRNA,Homo sapiens,plasma,Extracellular exosome,0.795006069178413
hsa_circ_0000748,circRNA,Homo sapiens,plasma,Extracellular exosome,0.396358685090047
hsa_circ_0100013,circRNA,Homo sapiens,plasma,Extracellular exosome,0.396358685090047
hsa_circ_0044234,circRNA,Homo sapiens,plasma,Extracellular exosome,0.396358685090047
hsa_circ_0010926,circRNA,Homo sapiens,plasma,Extracellular vesicle,0.396358685090047
hsa_circ_0101672,circRNA,Homo sapiens,plasma,Extracellular exosome,0.396358685090047
hsa_circ_0000174,circRNA,Homo sapiens,plasma,Extracellular vesicle,0.396358685090047
hsa_circ_0100015,circRNA,Homo sapiens,plasma,Extracellular exosome,0.396358685090047
hsa_circ_0000266,circRNA,Homo sapiens,Plasma,Extracellular exosome,0.396358685090047
hsa_circ_0006916,circRNA,Homo sapiens,plasma,Extracellular vesicle,0.396358685090047
hsa_circ_0000775,circRNA,Homo sapiens,plasma,Extracellular exosome,0.396358685090047
hsa_circ_0100017,circRNA,Homo sapiens,plasma,Extracellular exosome,0.396358685090047
hsa_circ_0001692,circRNA,Homo sapiens,Plasma,Extracellular exosome,0.396358685090047
hsa_circ_0000896,circRNA,Homo sapiens,plasma,Extracellular vesicle,0.396358685090047
hsa_circ_0100018,circRNA,Homo sapiens,plasma,Extracellular exosome,0.396358685090047
hsa_circ_0000284,circRNA,Homo sapiens,plasma,Extracellular vesicle,0.815590988686444
hsa_circ_0100019,circRNA,Homo sapiens,plasma,Extracellular exosome,0.396358685090047
hsa_circ_0100668,circRNA,Homo sapiens,plasma,Extracellular exosome,0.396358685090047
hsa_circ_0002702,circRNA,Homo sapiens,plasma,Extracellular vesicle,0.396358685090047
hsa_circ_0100988,circRNA,Homo sapiens,plasma,Extracellular exosome,0.396358685090047
hsa_circ_0104269,circRNA,Homo sapiens,plasma,Extracellular exosome,0.396358685090047
hsa_circ_0000950,circRNA,Homo sapiens,plasma,Extracellular exosome,0.396358685090047
hsa_circ_0100022,circRNA,Homo sapiens,plasma,Extracellular exosome,0.428658357070095
hsa_circ_0077833,circRNA,Homo sapiens,plasma,Extracellular vesicle,0.396358685090047
hsa_circ_0001171,circRNA,Homo sapiens,plasma,Extracellular exosome,0.396358685090047
hsa_circ_0002099,circRNA,Homo sapiens,plasma,Extracellular vesicle,0.396358685090047
hsa_circ_0043837,circRNA,Homo sapiens,plasma,Extracellular exosome,0.694505649698505
hsa_circ_0004220,circRNA,Homo sapiens,plasma,Extracellular vesicle,0.396358685090047
hsa_circ_0001801,circRNA,Homo sapiens,plasma,Extracellular exosome,0.795006069178413
hsa_circ_0006411,circRNA,Homo sapiens,plasma,Extracellular vesicle,0.396358685090047
hsa_circ_0001248,circRNA,Homo sapiens,plasma,Extracellular exosome,0.396358685090047
hsa_circ_0005627,circRNA,Homo sapiens,plasma,Extracellular exosome,0.795006069178413
hsa_circ_0000333,circRNA,Homo sapiens,Plasma,Extracellular exosome,0.396358685090047
hsa_circ_0004674,circRNA,Homo sapiens,plasma,Extracellular vesicle,0.396358685090047
hsa_circ_0001013,circRNA,Homo sapiens,plasma,Extracellular exosome,0.396358685090047
hsa_circ_0005585,circRNA,Homo sapiens,plasma,Extracellular exosome,0.694505649698505
hsa_circ_0000662,circRNA,Homo sapiens,Plasma,Extracellular exosome,0.396358685090047
hsa_circ_0000658,circRNA,Homo sapiens,Plasma,Extracellular exosome,0.396358685090047
hsa_circ_0000168,circRNA,Homo sapiens,plasma,Extracellular vesicle,0.396358685090047
hsa_circ_0000973,circRNA,Homo sapiens,plasma,Extracellular exosome,0.396358685090047
hsa_circ_0001998,circRNA,Homo sapiens,plasma,Extracellular vesicle,0.396358685090047
hsa_circ_0001336,circRNA,Homo sapiens,plasma,Extracellular exosome,0.396358685090047
hsa_circ_0102019,circRNA,Homo sapiens,plasma,Extracellular exosome,0.396358685090047
hsa_circ_0001235,circRNA,Homo sapiens,plasma,Extracellular vesicle,0.396358685090047
hsa_circ_0002474,circRNA,Homo sapiens,plasma,Extracellular vesicle,0.396358685090047
hsa_circ_0003237,circRNA,Homo sapiens,plasma,Extracellular vesicle,0.396358685090047
hsa_circ_0001443,circRNA,Homo sapiens,plasma,Extracellular exosome,0.396358685090047
hsa_circ_0001683,circRNA,Homo sapiens,plasma,Extracellular vesicle,0.396358685090047
hsa_circ_0001465,circRNA,Homo sapiens,plasma,Extracellular exosome,0.396358685090047
hsa_circ_0005584,circRNA,Homo sapiens,plasma samples,Extracellular exosome,0.694505649698505
hsa_circ_0003823,circRNA,Homo sapiens,plasma samples,Extracellular exosome,0.694505649698505
hsa_circ_0125759,circRNA,Homo sapiens,plasma samples,Extracellular exosome,0.694505649698505
hsa_circ_0009142,circRNA,Homo sapiens,plasma samples,Extracellular exosome,0.694505649698505
hsa_circ_0002452,circRNA,Homo sapiens,plasma samples,Extracellular exosome,0.694505649698505
hsa_circ_0005448,circRNA,Homo sapiens,Plasma|Seminal.fluid,Extracellular exosome,0.795006069178413
hsa_circ_0001355,circRNA,Homo sapiens,Plasma|Seminal.fluid|Serum,Extracellular exosome,0.396358685090047
hsa_circ_0000443,circRNA,Homo sapiens,Plasma|Seminal.fluid|Serum|Urine,Extracellular exosome,0.428658357070095
hsa_circ_0001550,circRNA,Homo sapiens,Plasma|Serum,Extracellular exosome,0.396358685090047
hsa_circ_0001136,circRNA,Homo sapiens,Plasma|Serum,Extracellular exosome,0.815590988686444
hsa_circ_0001439,circRNA,Homo sapiens,Plasma|Serum,Extracellular exosome,0.795006069178413
hsa_circ_0001314,circRNA,Homo sapiens,Plasma|Serum,Extracellular exosome,0.396358685090047
hsa_circ_0000437,circRNA,Homo sapiens,Plasma|Serum,Extracellular exosome,0.795006069178413
hsa_circ_0001411,circRNA,Homo sapiens,Plasma|Serum,Extracellular exosome,0.795006069178413
hsa_circ_0000157,circRNA,Homo sapiens,Plasma|Serum,Extracellular exosome,0.396358685090047
hsa_circ_0001492,circRNA,Homo sapiens,Plasma|Serum,Extracellular exosome,0.890460238360382
hsa_circ_0000292,circRNA,Homo sapiens,Plasma|Serum,Extracellular exosome,0.396358685090047
hsa_circ_0000969,circRNA,Homo sapiens,Plasma|Serum,Extracellular exosome,0.396358685090047
hsa_circ_0000973,circRNA,Homo sapiens,Plasma|Serum|Sputum,Extracellular exosome,0.396358685090047
hsa_circ_0006357,circRNA,Homo sapiens,Plasma|Serum|Urine,Extracellular exosome,0.795006069178413
hsa_circ_0001465,circRNA,Homo sapiens,Plasma|Serum|Urine,Extracellular exosome,0.396358685090047
hsa_circ_0000090,circRNA,Homo sapiens,Plasma|Serum|Urine,Extracellular exosome,0.396358685090047
hsa_circ_0000508,circRNA,Homo sapiens,Plasma|Serum|Urine,Extracellular exosome,0.396358685090047
hsa_circ_0000869,circRNA,Homo sapiens,Plasma|Serum|Urine,Extracellular exosome,0.396358685090047
hsa_circ_0000520,circRNA,Homo sapiens,Plasma|Serum|Urine,Extracellular exosome,0.396358685090047
hsa_circ_0000442,circRNA,Homo sapiens,Plasma|Serum|Urine,Extracellular exosome,0.396358685090047
hsa_circ_0000896,circRNA,Homo sapiens,Plasma|Serum|Urine,Extracellular exosome,0.815590988686444
hsa_circ_0000036,circRNA,Homo sapiens,Plasma|Sputum,Extracellular exosome,0.396358685090047
hsa_circ_0000851,circRNA,Homo sapiens,Plasma|Sputum,Extracellular exosome,0.396358685090047
hsa_circ_0000670,circRNA,Homo sapiens,Plasma|Sputum,Extracellular exosome,0.90145991609349
hsa_circ_0000269,circRNA,Homo sapiens,Plasma|Sputum,Extracellular exosome,0.396358685090047
hsa_circ_0000867,circRNA,Homo sapiens,Plasma|Urine,Extracellular exosome,0.396358685090047
hsa_circ_0001451,circRNA,Homo sapiens,Plasma|Urine,Extracellular exosome,0.795006069178413
hsa_circ_0001393,circRNA,Homo sapiens,Plasma|Urine,Extracellular exosome,0.396358685090047
hsa_circ_0000495,circRNA,Homo sapiens,Plasma|Urine,Extracellular exosome,0.396358685090047
hsa_circ_0000730,circRNA,Homo sapiens,Plasma|Urine,Extracellular exosome,0.396358685090047
hsa_circ_0000246,circRNA,Homo sapiens,Plasma|Urine,Extracellular exosome,0.396358685090047
PPARA,circRNA,Sus scrofa,porcine intramuscular adipocytes,Cytoplasm,0.694505649698505
hsa_circ_0032449,circRNA,Homo sapiens,posterior foregut (PFG) cells,Cytoplasm,0.836757224078988
hsa_circ_0001566,circRNA,Homo sapiens,preadipocytes,Cytoplasm,0.694505649698505
MARK3,circRNA,Bubalus bubalis,primary adipocytes,Cytoplasm,0.836757224078988
Hnrnph1,circRNA,Rattus norvegicus,primary cardiac fibroblasts(CFs),Cytoplasm,0.694505649698505
hsa_circ_0000284,circRNA,Homo sapiens,Primary endothelia cells (EC) line,Cytoplasm,0.943641791621929
mmu_circ_0006823,circRNA,Mus musculus,primary hippocampal neurons (PHN),Nucleus,0.694505649698505
mmu_circ_0006823,circRNA,Mus musculus,primary hippocampal neurons (PHN),Soma,0.694505649698505
mmu_circ_0006823,circRNA,Mus musculus,primary hippocampal neurons (PHN),Dendrite,0.694505649698505
hsa_circ_0072083,circRNA,Homo sapiens,primary human bronchial epithelial cells (HBE) and NSCLC cells (A549 and H460),Cytoplasm,0.694505649698505
hsa_circ_0102678,circRNA,Homo sapiens,primary keratinocytes,Cytoplasm,0.836757224078988
hsa_circ_0105040,circRNA,Homo sapiens,primary keratinocytes,Cytoplasm,0.904945420481312
BDP1,circRNA,Bos taurus,primary preadipocytes,Cytoplasm,0.694505649698505
BDP1,circRNA,Bos taurus,primary preadipocytes,Nucleus,0.694505649698505
hsa_circ_0002474,circRNA,Homo sapiens,prostate cancer (PCa) cells,Cytoplasm,0.836757224078988
hsa_circ_0002474,circRNA,Homo sapiens,prostate cancer (PCa) cells,Nucleus,0.836757224078988
hsa_circ_0000644,circRNA,Homo sapiens,PTC cell,Cytoplasm,0.904945420481312
hsa_circ_0005273,circRNA,Homo sapiens,PTC cell lines (BCPAP|TPC-1),Cytoplasm,0.694505649698505
hsa_circ_0049055,circRNA,Homo sapiens,PTC cell lines (TPC-1 and IHH-4 cells),Cytoplasm,0.694505649698505
Itgb5,circRNA,Rattus norvegicus,pulmonary arterial smooth muscle cells (PASMCs),Cytoplasm,0.694505649698505
mmu_circ_0000468,circRNA,Mus musculus,pulmonary artery smooth muscle cell (PASMC),Cytoplasm,0.694505649698505
Smoc1,circRNA,Rattus norvegicus,pulmonary artery smooth muscle cells,Nucleus,0.694505649698505
Smoc1,circRNA,Rattus norvegicus,pulmonary artery smooth muscle cells,Cytoplasm,0.836757224078988
mmu_circ_0000276,circRNA,Mus musculus,pulmonary artery smooth muscle cells (PASMCs),Nucleus,0.694505649698505
mmu_circ_0000276,circRNA,Mus musculus,pulmonary artery smooth muscle cells (PASMCs),Cytoplasm,0.694505649698505
hsa_circ_0088194,circRNA,Homo sapiens,RA tissues,Cytoplasm,0.694505649698505
hsa_circ_0000175,circRNA,Homo sapiens,RA-FLSs,Cytoplasm,0.694505649698505
hsa_circCDKN2B-AS_006,circRNA,Homo sapiens,RASFs and MH7A cells,Cytoplasm,0.836757224078988
Samd4a,circRNA,Rattus norvegicus,Rat vascular smooth muscle cells,Cytoplasm,0.694505649698505
Smoc1,circRNA,Rattus norvegicus,rat vascular smooth muscle cells (VSMCs),Cytoplasm,0.836757224078988
Ythdf2,circRNA,Mus musculus,RAW264.7 cell line (mouse mononuclear macrophages),Microvesicle,0.795006069178413
mmu_circ_0001367,circRNA,Mus musculus,RAW264.7 cells,Cytoplasm,0.694505649698505
mmu_circ_0001367,circRNA,Mus musculus,RAW264.7 cells,Ribosome,0.694505649698505
mmu_circ_0000181,circRNA,Mus musculus,RAW264.7 cells,Cytoplasm,0.694505649698505
mmu_circ_0008542,circRNA,Mus musculus,RAW264.7 cells and MC3T3-E1 cells,Cytoplasm,0.836757224078988
hsa_circ_0006594,circRNA,Homo sapiens,RBE and FRH0201 cells,Nucleus,0.932913100536013
hsa_circ_0006594,circRNA,Homo sapiens,RBE and FRH0201 cells,Cytoplasm,0.836757224078988
hsa_circ_0000829,circRNA,Homo sapiens,RCC cell lines,Cytoplasm,0.836757224078988
hsa_circ_0000829,circRNA,Homo sapiens,RCC cell lines,Extracellular exosome,0.694505649698505
hsa_circ_0031593,circRNA,Homo sapiens,RCC cell lines (ACHN|OSRC2),Cytoplasm,0.694505649698505
hsa_circ_0002484,circRNA,Homo sapiens,RCC cells,Nucleus,0.836757224078988
hsa_circ_0002484,circRNA,Homo sapiens,RCC cells,Cytoplasm,0.904945420481312
hsa_circ_0000880,circRNA,Homo sapiens,RCC cells,Extracellular exosome,0.795006069178413
hsa_circ_0060920,circRNA,Homo sapiens,RCC tumor cell lines 786-O and A498 cells,Cytoplasm,0.694505649698505
hsa_circ_0005465,circRNA,Homo sapiens,recipient HBE cells and sensitive HBSMCs,Cytoplasm,0.694505649698505
hsa_circ_0005465,circRNA,Homo sapiens,recipient HBE cells and sensitive HBSMCs,Nucleus,0.694505649698505
hsa_circ_0019063,circRNA,Homo sapiens,renal artery,Cytoplasm,0.694505649698505
hsa_circ_0002286,circRNA,Homo sapiens,renal cell carcinoma (RCC) cells,Cytoplasm,0.694505649698505
hsa_circ_0002458,circRNA,Homo sapiens,renal cell carcinoma (RCC) cells,Nucleus,0.836757224078988
circ-MTND5,circRNA,Homo sapiens,renal tubular epithelial cells,Cytoplasm,0.694505649698505
hsa_circ_0008360,circRNA,Homo sapiens,rheumatoid arthritis fibroblast-like synoviocytes (RA-FLSs),Cytoplasm,0.694505649698505
hsa_circ_0001947,circRNA,Homo sapiens,rheumatoid arthritis fibroblast-like synoviocytes (RAFLSs),Cytoplasm,0.836757224078988
hsa_circ_0004705,circRNA,Homo sapiens,RKO and HCT8 cells,Cytoplasm,0.904945420481312
Nkd2,circRNA,Rattus norvegicus,RSC96 and primary Schwann cells (pSCs),Cytoplasm,0.694505649698505
hsa_circ_0003178,circRNA,Homo sapiens,S18 and HONE1 cells,Cytoplasm,0.904945420481312
hsa_circ_0008934,circRNA,Homo sapiens,SaOS2 cells,Cytosol,0.694505649698505
mmu_circ_0001311,circRNA,Mus musculus,sarcomas,Cytosol,0.694505649698505
mmu_circ_0000872,circRNA,Mus musculus,sarcomas,Cytosol,0.694505649698505
hsa_circ_0001461,circRNA,Homo sapiens,SCC23 and SCC1 cells,Cytoplasm,0.904945420481312
dme_circ_0001693,circRNA,Drosophila melanogaster,Schneider 2 (S2) cells,Cytoplasm,0.694505649698505
hsa_circ_0001793,circRNA,Homo sapiens,SCP2 cells,Cytoplasm,0.836757224078988
hsa_circ_0001793,circRNA,Homo sapiens,SCP2 cells,Nucleus,0.836757224078988
hsa_circ_0103367,circRNA,Homo sapiens,seminal plasma,Extracellular vesicle,0.396358685090047
hsa_circ_0009684,circRNA,Homo sapiens,seminal plasma,Extracellular vesicle,0.396358685090047
hsa_circ_0114168,circRNA,Homo sapiens,seminal plasma,Extracellular vesicle,0.396358685090047
hsa_circ_0001488,circRNA,Homo sapiens,seminal plasma,Extracellular vesicle,0.396358685090047
hsa_circ_0009013,circRNA,Homo sapiens,seminal plasma,Extracellular vesicle,0.396358685090047
hsa_circ_0114168,circRNA,Homo sapiens,seminal plasma,Extracellular vesicle,0.396358685090047
hsa_circ_0001488,circRNA,Homo sapiens,seminal plasma,Extracellular vesicle,0.396358685090047
hsa_circ_0005447,circRNA,Homo sapiens,seminal plasma,Extracellular vesicle,0.396358685090047
hsa_circ_0103367,circRNA,Homo sapiens,seminal plasma,Extracellular vesicle,0.396358685090047
hsa_circ_0009684,circRNA,Homo sapiens,seminal plasma,Extracellular vesicle,0.396358685090047
hsa_circ_0000040,circRNA,Homo sapiens,Seminal.fluid,Extracellular exosome,0.396358685090047
hsa_circ_0001411,circRNA,Homo sapiens,sera,Extracellular exosome,0.795006069178413
hsa_circ_0019120,circRNA,Homo sapiens,sera,Extracellular exosome,0.795006069178413
hsa_circ_0023233,circRNA,Homo sapiens,sera,Extracellular exosome,0.694505649698505
hsa_circ_0091103,circRNA,Homo sapiens,sera,Extracellular exosome,0.694505649698505
hsa_circ_0063681,circRNA,Homo sapiens,sera,Extracellular exosome,0.694505649698505
hsa_circ_0040929,circRNA,Homo sapiens,serum,Extracellular exosome,0.694505649698505
hsa_circ_0102481,circRNA,Homo sapiens,serum,Extracellular exosome,0.795006069178413
hsa_circ_0002882,circRNA,Homo sapiens,serum,Extracellular exosome,0.694505649698505
hsa_circ_0063313,circRNA,Homo sapiens,serum,Extracellular exosome,0.795006069178413
hsa_circ_0103827,circRNA,Homo sapiens,serum,Extracellular exosome,0.795006069178413
hsa_circ_405296,circRNA,Homo sapiens,serum,Extracellular exosome,0.694505649698505
hsa_circ_0000367,circRNA,Homo sapiens,serum,Extracellular exosome,0.694505649698505
hsa_circ_406587,circRNA,Homo sapiens,serum,Extracellular exosome,0.694505649698505
hsa_circ_0001492,circRNA,Homo sapiens,serum,Extracellular exosome,0.890460238360382
hsa_circ_0004771,circRNA,Homo sapiens,serum,Extracellular exosome,0.694505649698505
hsa_circ_0000670,circRNA,Homo sapiens,serum,Extracellular exosome,0.90145991609349
hsa_circ_0002555,circRNA,Homo sapiens,serum,Extracellular exosome,0.694505649698505
hsa_circ_0000953,circRNA,Homo sapiens,Serum,Extracellular exosome,0.396358685090047
hsa_circ_0000886,circRNA,Homo sapiens,Serum,Extracellular exosome,0.396358685090047
hsa_circ_0005448,circRNA,Homo sapiens,serum,Extracellular exosome,0.795006069178413
hsa_circ_0003139,circRNA,Homo sapiens,serum,Extracellular exosome,0.795006069178413
hsa_circ_0000211,circRNA,Homo sapiens,Serum,Extracellular exosome,0.795006069178413
hsa_circ_0081234,circRNA,Homo sapiens,serum,Extracellular exosome,0.694505649698505
hsa_circ_0000518,circRNA,Homo sapiens,Serum,Extracellular exosome,0.396358685090047
hsa_circ_0000274,circRNA,Homo sapiens,serum,Extracellular exosome,0.694505649698505
hsa_circ_0000199,circRNA,Homo sapiens,Serum,Extracellular exosome,0.694505649698505
hsa_circ_0103809,circRNA,Homo sapiens,serum,Extracellular exosome,0.815590988686444
hsa_circ_0001560,circRNA,Homo sapiens,Serum,Extracellular exosome,0.396358685090047
hsa_circ_0061395,circRNA,Homo sapiens,serum,Extracellular exosome,0.694505649698505
hsa_circ_0087783,circRNA,Homo sapiens,serum,Extracellular exosome,0.694505649698505
hsa_circ_0001704,circRNA,Homo sapiens,Serum,Extracellular exosome,0.396358685090047
hsa_circ_0000775,circRNA,Homo sapiens,Serum,Extracellular exosome,0.396358685090047
hsa_circ_0000377,circRNA,Homo sapiens,Serum,Extracellular exosome,0.396358685090047
hsa_circ_0000511,circRNA,Homo sapiens,Serum,Extracellular exosome,0.441906205517059
hsa_circ_0001187,circRNA,Homo sapiens,serum,Extracellular exosome,0.694505649698505
hsa_circ_0028861,circRNA,Homo sapiens,serum,Extracellular exosome,0.795006069178413
hsa_circ_0021330,circRNA,Homo sapiens,serum,Extracellular exosome,0.694505649698505
hsa_circ_0005392,circRNA,Homo sapiens,serum,Extracellular exosome,0.694505649698505
hsa_circ_0001387,circRNA,Homo sapiens,serum,Extracellular exosome,0.836757224078988
hsa_circ_0007293,circRNA,Homo sapiens,serum,Extracellular exosome,0.694505649698505
hsa_circ_0000326,circRNA,Homo sapiens,Serum,Extracellular exosome,0.396358685090047
hsa_circ_0000453,circRNA,Homo sapiens,Serum,Extracellular exosome,0.428658357070095
hsa_circ_0001828,circRNA,Homo sapiens,Serum,Extracellular exosome,0.396358685090047
hsa_circ_0006859,circRNA,Homo sapiens,serum,Extracellular exosome,0.694505649698505
hsa_circ_0001439,circRNA,Homo sapiens,serum,Extracellular exosome,0.795006069178413
hsa_circ_0001492,circRNA,Homo sapiens,serum,Extracellular exosome,0.890460238360382
hsa_circ_0000284,circRNA,Homo sapiens,serum,Extracellular exosome,0.936216130089154
hsa_circ_0000896,circRNA,Homo sapiens,serum,Extracellular exosome,0.815590988686444
hsa_circ_0026611,circRNA,Homo sapiens,serum,Extracellular exosome,0.836757224078988
hsa_circ_0126925,circRNA,Homo sapiens,serum,Extracellular exosome,0.694505649698505
hsa_circ_0133794,circRNA,Homo sapiens,serum,Extracellular exosome,0.694505649698505
hsa_circ_0081144,circRNA,Homo sapiens,serum,Extracellular exosome,0.694505649698505
hsa_circ_0034173,circRNA,Homo sapiens,serum,Extracellular exosome,0.694505649698505
hsa_circ_0003863,circRNA,Homo sapiens,serum,Extracellular exosome,0.694505649698505
hsa_circ_0082002,circRNA,Homo sapiens,serum,Extracellular exosome,0.694505649698505
hsa_circ_0133954,circRNA,Homo sapiens,serum,Extracellular exosome,0.694505649698505
hsa_circ_0043110,circRNA,Homo sapiens,serum,Extracellular exosome,0.694505649698505
hsa_circ_0045861,circRNA,Homo sapiens,serum,Extracellular exosome,0.694505649698505
hsa_circ_0008103,circRNA,Homo sapiens,serum,Extracellular exosome,0.694505649698505
hsa_circ_0047744,circRNA,Homo sapiens,serum,Extracellular exosome,0.694505649698505
hsa_circ_0021553,circRNA,Homo sapiens,serum,Extracellular exosome,0.694505649698505
hsa_circ_0097011,circRNA,Homo sapiens,serum,Extracellular exosome,0.694505649698505
hsa_circ_0000284,circRNA,Homo sapiens,serum,Extracellular exosome,0.936216130089154
hsa_circ_0001818,circRNA,Homo sapiens,serum,Extracellular exosome,0.795006069178413
hsa_circ_0000247,circRNA,Homo sapiens,Serum,Extracellular exosome,0.396358685090047
hsa_circ_0008365,circRNA,Homo sapiens,serum,Extracellular exosome,0.836757224078988
hsa_circ_0003574,circRNA,Homo sapiens,serum,Extracellular vesicle,0.795006069178413
hsa_circ_0000397,circRNA,Homo sapiens,Serum,Extracellular exosome,0.396358685090047
hsa_circ_0069313,circRNA,Homo sapiens,Serum,Extracellular exosome,0.795006069178413
hsa_circ_0063526,circRNA,Homo sapiens,Serum,Extracellular exosome,0.795006069178413
hsa_circ_0001184,circRNA,Homo sapiens,Serum,Extracellular exosome,0.396358685090047
hsa_circ_0010522,circRNA,Homo sapiens,Serum,Extracellular exosome,0.795006069178413
hsa_circ_0002062,circRNA,Homo sapiens,serum,Extracellular exosome,0.694505649698505
hsa_circ_0048677,circRNA,Homo sapiens,Serum,Extracellular exosome,0.795006069178413
hsa_circ_0001946,circRNA,Homo sapiens,Serum,Extracellular exosome,0.82545835599294
hsa_circ_0056285,circRNA,Homo sapiens,serum,Extracellular exosome,0.694505649698505
hsa_circ_0001449,circRNA,Homo sapiens,serum,Extracellular exosome,0.795006069178413
hsa_circ_0038632,circRNA,Homo sapiens,serum,Extracellular exosome,0.694505649698505
hsa_circ_0002027,circRNA,Homo sapiens,serum,Extracellular exosome,0.694505649698505
hsa_circ_0000406,circRNA,Homo sapiens,Serum,Extracellular exosome,0.396358685090047
hsa_circ_0000788,circRNA,Homo sapiens,Serum,Extracellular exosome,0.396358685090047
hsa_circ_0000395,circRNA,Homo sapiens,serum,Extracellular exosome,0.90145991609349
hsa_circ_0000191,circRNA,Homo sapiens,Serum,Extracellular exosome,0.396358685090047
hsa_circ_0001653,circRNA,Homo sapiens,Serum,Extracellular exosome,0.396358685090047
hsa_circ_0000423,circRNA,Homo sapiens,Serum,Extracellular exosome,0.428658357070095
hsa_circ_0001970,circRNA,Homo sapiens,serum,Extracellular exosome,0.694505649698505
hsa_circ_0001445,circRNA,Homo sapiens,serum,Extracellular vesicle,0.815590988686444
hsa_circ_0000284,circRNA,Homo sapiens,serum,Extracellular vesicle,0.815590988686444
hsa_circ_0008172,circRNA,Homo sapiens,serum,Extracellular vesicle,0.795006069178413
hsa_circ_0041150,circRNA,Homo sapiens,serum,Extracellular vesicle,0.795006069178413
hsa_circ_0017286,circRNA,Homo sapiens,serum,Extracellular vesicle,0.694505649698505
hsa_circ_0040813,circRNA,Homo sapiens,serum,Extracellular vesicle,0.795006069178413
hsa_circ_0001187,circRNA,Homo sapiens,serum,Extracellular vesicle,0.795006069178413
hsa_circ_0003134,circRNA,Homo sapiens,serum,Extracellular vesicle,0.795006069178413
hsa_circ_0000419,circRNA,Homo sapiens,serum,Extracellular vesicle,0.795006069178413
hsa_circ_0006702,circRNA,Homo sapiens,serum,Extracellular exosome,0.836757224078988
hsa_circ_0000056,circRNA,Homo sapiens,Serum,Extracellular exosome,0.396358685090047
hsa_circ_0085428,circRNA,Homo sapiens,serum,Extracellular exosome,0.694505649698505
hsa_circ_0067835,circRNA,Homo sapiens,serum,Extracellular exosome,0.694505649698505
hsa_circ_0001842,circRNA,Homo sapiens,serum,Extracellular exosome,0.694505649698505
hsa_circ_0067832,circRNA,Homo sapiens,serum,Extracellular exosome,0.694505649698505
hsa_circ_0027723,circRNA,Homo sapiens,serum,Extracellular exosome,0.694505649698505
hsa_circ_0140076,circRNA,Homo sapiens,serum,Extracellular exosome,0.694505649698505
hsa_circ_0073470,circRNA,Homo sapiens,serum,Extracellular exosome,0.694505649698505
hsa_circ_0000437,circRNA,Homo sapiens,serum,Extracellular exosome,0.795006069178413
hsa_circ_0019074,circRNA,Homo sapiens,serum,Extracellular exosome,0.795006069178413
hsa_circ_0019079,circRNA,Homo sapiens,serum,Extracellular exosome,0.795006069178413
hsa_circ_0001707,circRNA,Homo sapiens,Serum|Sputum,Extracellular exosome,0.396358685090047
hsa_circ_0000507,circRNA,Homo sapiens,Serum|Urine,Extracellular exosome,0.396358685090047
hsa_circ_0001845,circRNA,Homo sapiens,Serum|Urine,Extracellular exosome,0.396358685090047
hsa_circ_0000059,circRNA,Homo sapiens,Serum|Urine,Extracellular exosome,0.396358685090047
hsa_circ_0001812,circRNA,Homo sapiens,Serum|Urine,Extracellular exosome,0.396358685090047
hsa_circ_0000172,circRNA,Homo sapiens,Serum|Urine,Extracellular exosome,0.396358685090047
hsa_circ_0009109,circRNA,Homo sapiens,SGC-7901 and MKN-45 cells,Cytoplasm,0.904945420481312
hsa_circ_0002161,circRNA,Homo sapiens,SGC7901 and AGS cell lines,Cytoplasm,0.836757224078988
hsa_circ_0000711,circRNA,Homo sapiens,SGC7901 and BGC823 cells,Cytoplasm,0.904945420481312
hsa_circ_0008494,circRNA,Homo sapiens,SGC7901 and BGC823 cells,Cytoplasm,0.904945420481312
hsa_circ_0001730,circRNA,Homo sapiens,SHG44 and A172 cells,Cytoplasm,0.836757224078988
hsa_circ_0001730,circRNA,Homo sapiens,SHG44 and A172 cells,Nucleus,0.836757224078988
hsa_circ_0006646,circRNA,Homo sapiens,SiHa and C33A cells,Cytoplasm,0.836757224078988
hsa_circ_0084904,circRNA,Homo sapiens,SiHa and Caski cell lines,Cytoplasm,0.694505649698505
hsa_circ_0000511,circRNA,Homo sapiens,SiHa and HeLa cells,Cytoplasm,0.943641791621929
hsa_circ_0000069,circRNA,Homo sapiens,SiHa and HeLa cells,Cytoplasm,0.836757224078988
hsa_circ_0018289,circRNA,Homo sapiens,SiHa and HeLa cervical cancer cells,Cytoplasm,0.694505649698505
hsa_circ_0000943,circRNA,Homo sapiens,SK-Hep-1 and HuH-7 cells,Cytoplasm,0.904945420481312
hsa_circ_0005339,circRNA,Homo sapiens,SK-Hep1 and YY8103 cells,Extracellular exosome,0.694505649698505
hsa_circ_0001949,circRNA,Homo sapiens,SK-MES1 and A549 cells,Cytoplasm,0.836757224078988
hsa_circ_0002882,circRNA,Homo sapiens,SK-N-SH cells,Cytoplasm,0.694505649698505
hsa_circ_0005448,circRNA,Homo sapiens,SK-N-SH cells,Cytoplasm,0.694505649698505
hsa_circ_0000647,circRNA,Homo sapiens,SK-N-SH cells,Extracellular exosome,0.795006069178413
hsa_circ_0050263,circRNA,Homo sapiens,SK-N-SH cells,Cytoplasm,0.694505649698505
hsa_circ_0002945,circRNA,Homo sapiens,SK-N-SH cells and HPNs,Cytoplasm,0.694505649698505
circ-ScribEx,circRNA,Homo sapiens,Skbr-3 cells,Cytoplasm,0.694505649698505
circ-Scrib220,circRNA,Homo sapiens,Skbr-3 cells,Nucleus,0.694505649698505
circ-Scrib236,circRNA,Homo sapiens,Skbr-3 cells,Nucleus,0.694505649698505
circ-Scrib570,circRNA,Homo sapiens,Skbr-3 cells,Nucleus,0.694505649698505
circ-Scrib220,circRNA,Homo sapiens,Skbr-3 cells,Cytoplasm,0.694505649698505
circ-Scrib236,circRNA,Homo sapiens,Skbr-3 cells,Cytoplasm,0.694505649698505
circ-Scrib570,circRNA,Homo sapiens,Skbr-3 cells,Cytoplasm,0.694505649698505
hsa_circ_0007766,circRNA,Homo sapiens,SKBR3 and BT-474 cells,Cytoplasm,0.836757224078988
NDST1,circRNA,Bos taurus,skeletal muscle cells,Cytoplasm,0.836757224078988
UBE3C,circRNA,Bos taurus,skeletal muscle myoblasts,Nucleus,0.694505649698505
UBE3C,circRNA,Bos taurus,skeletal muscle myoblasts,Cytoplasm,0.694505649698505
hsa_circ_0010467,circRNA,Homo sapiens,SKOV3 and A2780 cells,Cytoplasm,0.836757224078988
hsa_circ_0010467,circRNA,Homo sapiens,SKOV3 and A2780 cells,Nucleus,0.836757224078988
hsa_circ_0001445,circRNA,Homo sapiens,SKOV3 and HO8910 cells,Cytoplasm,0.694505649698505
hsa_circ_0001445,circRNA,Homo sapiens,SKOV3 and HO8910 cells,Nucleus,0.694505649698505
hsa_circ_0005660,circRNA,Homo sapiens,SKOV3 and OVCAR3 cells|HUVECs(human umbilical vein endothelial cells),Extracellular exosome,0.694505649698505
hsa_circ_0000173,circRNA,Homo sapiens,SKOV3 cell lines,Cytoplasm,0.694505649698505
hsa_circ_0000173,circRNA,Homo sapiens,SKOV3 cell lines,Nucleus,0.694505649698505
hsa_circ_0051239,circRNA,Homo sapiens,SKOV3.ip cells,Cytoplasm,0.904945420481312
hsa_circ_0001756,circRNA,Homo sapiens,SKOV3/DDP and A2780/DDP cells,Cytoplasm,0.904945420481312
hsa_circ_0005620,circRNA,Homo sapiens,Small cell lung cancer (SCLC) cells,Nucleus,0.836757224078988
hsa_circ_0001900,circRNA,Homo sapiens,SMMC-7721 cells,Cytoplasm,0.932913100536013
hsa_circ_0000604,circRNA,Homo sapiens,SMMC-7721 cells,Stress granule,0.836757224078988
hsa_circ_0005236,circRNA,Homo sapiens,SMMC-7721 cells,Stress granule,0.836757224078988
circ_003628,circRNA,Capra hircus,SMSCs(skeletal muscle satellite cells),Nucleus,0.694505649698505
circ_003628,circRNA,Capra hircus,SMSCs(skeletal muscle satellite cells),Cytoplasm,0.694505649698505
hsa_circ_0046600,circRNA,Homo sapiens,SNU-387 and Huh-7 cells,Cytoplasm,0.836757224078988
hsa_circ_0046600,circRNA,Homo sapiens,SNU-387 and Huh-7 cells,Extracellular exosome,0.694505649698505
hsa_circ_0061395,circRNA,Homo sapiens,SNU-387 and Huh7 cells,Cytoplasm,0.836757224078988
hsa_circ_0001291,circRNA,Homo sapiens,SPCA1 and A549 cell lines,Cytoplasm,0.836757224078988
Fhit,circRNA,Rattus norvegicus,spinal dorsal horn neurons,Nucleus,0.836757224078988
hsa_circ_0000647,circRNA,Homo sapiens,Sputum,Extracellular exosome,0.795006069178413
hsa_circ_0001576,circRNA,Homo sapiens,Sputum,Extracellular exosome,0.396358685090047
hsa_circ_0000376,circRNA,Homo sapiens,Sputum,Extracellular exosome,0.396358685090047
hsa_circ_0000487,circRNA,Homo sapiens,Sputum,Extracellular exosome,0.396358685090047
hsa_circ_0000728,circRNA,Homo sapiens,Sputum,Extracellular exosome,0.396358685090047
hsa_circ_0011173,circRNA,Homo sapiens,SRA01/04 cells,Cytoplasm,0.694505649698505
hsa_circ_0026129,circRNA,Homo sapiens,stromal cell,Extracellular exosome,0.694505649698505
hsa_circ_0037251,circRNA,Homo sapiens,SW1783 and U-118 MG cell lines,Extracellular exosome,0.694505649698505
hsa_circ_0077833,circRNA,Homo sapiens,SW480 and SW620 cells,Cytoplasm,0.904945420481312
hsa_circ_0008234,circRNA,Homo sapiens,SW480 cell line,Cytoplasm,0.836757224078988
hsa_circ_0000338,circRNA,Homo sapiens,SW480/5-FU and HCT116/5-FU cells,Cytoplasm,0.836757224078988
hsa_circ_0005015,circRNA,Homo sapiens,SW620 and HCT116 cells,Cytoplasm,0.836757224078988
hsa_circ_0000212,circRNA,Homo sapiens,SW620 cells,Cytoplasm,0.694505649698505
hsa_circ_0000759,circRNA,Homo sapiens,SW620 cells,Cytoplasm,0.904945420481312
hsa_circ_0102049,circRNA,Homo sapiens,SW620 cells,Cytoplasm,0.694505649698505
hsa_circ_0073243,circRNA,Homo sapiens,synovial mesenchymal stem cells (SMSCs),Cytoplasm,0.694505649698505
hsa_circ_0073243,circRNA,Homo sapiens,synovial mesenchymal stem cells (SMSCs),Nucleus,0.694505649698505
mmu_circ_0000503,circRNA,Mus musculus,T cells,Cytoplasm,0.836757224078988
hsa_circ_0000094,circRNA,Homo sapiens,T-ALL cells,Cytoplasm,0.694505649698505
hsa_circ_0004175,circRNA,Homo sapiens,T24 and 5637 cells,Cytoplasm,0.694505649698505
hsa_circ_0003905,circRNA,Homo sapiens,T24 and EJ,Cytoplasm,0.694505649698505
hsa_circ_0000644,circRNA,Homo sapiens,T24 and HT1376 cells,Cytoplasm,0.904945420481312
hsa_circ_0077231,circRNA,Homo sapiens,T24 and SW780 cells,Cytoplasm,0.694505649698505
hsa_circ_0000395,circRNA,Homo sapiens,T24 cells,Cytoplasm,0.836757224078988
hsa_circ_0000395,circRNA,Homo sapiens,T24 cells,Nucleus,0.694505649698505
hsa_circ_0001540,circRNA,Homo sapiens,T24 cells,Cytosol,0.836757224078988
hsa_circ_0001126,circRNA,Homo sapiens,T24T cells,Cytoplasm,0.836757224078988
hsa_circ_0000511,circRNA,Homo sapiens,T84 and Lovo cells,Cytoplasm,0.943641791621929
hsa_circ_0058124,circRNA,Homo sapiens,TC cell lines (HTH83|TPC-1),Cytoplasm,0.836757224078988
hsa_circ_0007624,circRNA,Homo sapiens,TE-1 and EC9706 cells,Cytoplasm,0.694505649698505
hsa_circ_0081958,circRNA,Homo sapiens,TE-1 and Eca-109 cells,Nucleus,0.836757224078988
hsa_circ_0081958,circRNA,Homo sapiens,TE-1 and Eca-109 cells,Cytoplasm,0.836757224078988
hsa_circ_0005795,circRNA,Homo sapiens,TE354.T and A431 cells,Cytoplasm,0.694505649698505
mmu_circ_0001136,circRNA,Mus musculus,testes tissues,Cytoplasm,0.694505649698505
hsa_circ_0037104,circRNA,Homo sapiens,TFK-1 and HuCCT1 cells,Cytoplasm,0.694505649698505
mmu_circ_0000332,circRNA,Mus musculus,TGF-β-treated CFs,Nucleus,0.694505649698505
mmu_circ_0000332,circRNA,Mus musculus,TGF-β-treated CFs,Cytoplasm,0.694505649698505
hsa_circ_0000086,circRNA,Homo sapiens,THP-1 and MOLM13 cells,Cytoplasm,0.836757224078988
hsa_circ_0000086,circRNA,Homo sapiens,THP-1 and MOLM13 cells,Nucleus,0.836757224078988
hsa_circ_0000086,circRNA,Homo sapiens,THP-1 and MOLM13 cells,Extracellular exosome,0.815590988686444
hsa_circ_0020256,circRNA,Homo sapiens,THP-1 cells,Extracellular exosome,0.694505649698505
circRNA11:120406118|12040782,circRNA,Homo sapiens,THP-1 cells,Nucleus,0.694505649698505
circRNA11:120406118|12040782,circRNA,Homo sapiens,THP-1 cells,Cytoplasm,0.694505649698505
hsa_circ_0000284,circRNA,Homo sapiens,THP-1 cells,Cytoplasm,0.943641791621929
hsa_circ_0087352,circRNA,Homo sapiens,THP-1 macrophages,Nucleus,0.694505649698505
hsa_circ_0014204,circRNA,Homo sapiens,THP-1-derived macrophages,Nucleus,0.694505649698505
hsa_circ_0014204,circRNA,Homo sapiens,THP-1-derived macrophages,Cytoplasm,0.694505649698505
hsa_circ_0001006,circRNA,Homo sapiens,THP1 cells,Cytoplasm,0.694505649698505
HRH4,circRNA,Gallus gallus,Tissues (ALV-J-infected spleen|Normal spleen),Cytoplasm,0.694505649698505
hsa_circ_0076611,circRNA,Homo sapiens,TNBC cell lines (MDA-MB-468 and HCC1395),Extracellular exosome,0.694505649698505
hsa_circ_0007766,circRNA,Homo sapiens,TNBC cell lines(MDA-MB-231 and MDA-MB-468 cells),Cytoplasm,0.836757224078988
hsa_circ_0021330,circRNA,Homo sapiens,TNBC cells,Cytoplasm,0.694505649698505
hsa_circ_0036722,circRNA,Homo sapiens,TNBC cells,Cytoplasm,0.836757224078988
hsa_circ_0001970,circRNA,Homo sapiens,TNBC cells (MDA-MB-231 and BT-549),Cytoplasm,0.932913100536013
hsa_circ_0000511,circRNA,Homo sapiens,TNBC cells (SUM1315 and MDA-MB-231),Cytoplasm,0.943641791621929
hsa_circ_0003237,circRNA,Homo sapiens,TNBC tissues,Cytoplasm,0.836757224078988
hsa_circ_0001018,circRNA,Homo sapiens,TPC-1 and IHH-4 cells,Cytoplasm,0.836757224078988
hsa_circ_0124055,circRNA,Homo sapiens,TPC-1 and SW579 cells,Cytoplasm,0.694505649698505
hsa_circ_0060051,circRNA,Homo sapiens,triple-negative breast cancer (TNBC) cells,Cytoplasm,0.836757224078988
hsa_circ_0099109,circRNA,Homo sapiens,trophoblast cells,Cytoplasm,0.836757224078988
hsa_circ_0099109,circRNA,Homo sapiens,trophoblast cells,Nucleus,0.836757224078988
hsa_circ_0001161,circRNA,Homo sapiens,TU177 and AMC-HN-8 cells,Nucleus,0.836757224078988
hsa_circ_0005392,circRNA,Homo sapiens,Tu177 and SNU899 cells,Cytoplasm,0.694505649698505
MTCL1,circRNA,Homo sapiens,TU212 and LCC cell,Cytoplasm,0.836757224078988
MTCL1,circRNA,Homo sapiens,TU212 and LCC cell,Nucleus,0.836757224078988
hsa_circ_0008365,circRNA,Homo sapiens,tumor associated macrophages (TAMs),Extracellular exosome,0.836757224078988
hsa_circ_0000566,circRNA,Homo sapiens,U-2OS and MNNG/HOS cells,Cytoplasm,0.932913100536013
hsa_circ_0009065,circRNA,Homo sapiens,U251 and LN229 cells,Cytoplasm,0.694505649698505
hsa_circ_0009065,circRNA,Homo sapiens,U251 and LN229 cells,Nucleus,0.694505649698505
hsa_circ_0041638,circRNA,Homo sapiens,U251 and U251R cells,Extracellular exosome,0.795006069178413
hsa_circ_0005963,circRNA,Homo sapiens,U251 and U251R cells,Extracellular exosome,0.795006069178413
hsa_circ_0037096,circRNA,Homo sapiens,U251 and U251R cells,Extracellular exosome,0.795006069178413
hsa_circ_0002782,circRNA,Homo sapiens,U251 and U251R cells,Extracellular exosome,0.795006069178413
hsa_circ_0042003,circRNA,Homo sapiens,U251 and U251R cells,Extracellular exosome,0.795006069178413
hsa_circ_0002507,circRNA,Homo sapiens,U251 and U87 cells,Cytoplasm,0.694505649698505
hsa_circ_0082095,circRNA,Homo sapiens,U251 and U87 cells,Cytoplasm,0.836757224078988
hsa_circ_0003139,circRNA,Homo sapiens,U343-R and U251-R cell,Cytoplasm,0.694505649698505
hsa_circ_0006913,circRNA,Homo sapiens,U87 and HEB cells,Extracellular exosome,0.694505649698505
hsa_circ_0002874,circRNA,Homo sapiens,U87 and U251 cell lines,Cytoplasm,0.836757224078988
hsa_circ_0001721,circRNA,Homo sapiens,U87 and U251 cells,Cytoplasm,0.836757224078988
hsa_circ_0006913,circRNA,Homo sapiens,U87 cells,Cytoplasm,0.694505649698505
hsa_circ_0006913,circRNA,Homo sapiens,U87 cells,Nucleus,0.694505649698505
hsa_circ_0000744,circRNA,Homo sapiens,"UM-UC-1, RT112 and established low-invasive cells",Nucleus,0.836757224078988
hsa_circ_0088706,circRNA,Homo sapiens,UM-UC-3 cells,Nucleus,0.694505649698505
hsa_circ_0000744,circRNA,Homo sapiens,"UM-UC-3, T24 and established high-invasive cells",Cytoplasm,0.836757224078988
hsa_circ_0001470,circRNA,Homo sapiens,UM1 and HN4 cells,Cytoplasm,0.836757224078988
hsa_circ_0074673,circRNA,Homo sapiens,umbilical cord blood,Extracellular exosome,0.694505649698505
hsa_circ_0078460,circRNA,Homo sapiens,umbilical cord blood (UCB) serum,Extracellular exosome,0.396358685090047
hsa_circ_0065188,circRNA,Homo sapiens,umbilical cord blood (UCB) serum,Extracellular exosome,0.396358685090047
hsa_circ_0000284,circRNA,Homo sapiens,umbilical cord-derived mesenchymal stem cells (UCMSCs),Extracellular exosome,0.936216130089154
GUCY2C,circRNA,Sus scrofa,undifferentiated porcine skeletal muscle satellite cells,Cytoplasm,0.836757224078988
hsa_circ_0008529,circRNA,Homo sapiens,urinary,Extracellular exosome,0.694505649698505
hsa_circ_0001250,circRNA,Homo sapiens,urinary,Extracellular exosome,0.694505649698505
hsa_circ_0002099,circRNA,Homo sapiens,Urine,Extracellular vesicle,0.396358685090047
hsa_circ_0001167,circRNA,Homo sapiens,Urine,Extracellular exosome,0.396358685090047
hsa_circ_0001204,circRNA,Homo sapiens,Urine,Extracellular exosome,0.396358685090047
hsa_circ_0000979,circRNA,Homo sapiens,Urine,Extracellular exosome,0.396358685090047
hsa_circ_0001191,circRNA,Homo sapiens,Urine,Extracellular exosome,0.396358685090047
hsa_circ_0001273,circRNA,Homo sapiens,Urine,Extracellular exosome,0.795006069178413
hsa_circ_0000748,circRNA,Homo sapiens,Urine,Extracellular exosome,0.396358685090047
hsa_circ_0001444,circRNA,Homo sapiens,Urine,Extracellular exosome,0.396358685090047
hsa_circ_0003134,circRNA,Homo sapiens,Urine,Extracellular vesicle,0.795006069178413
hsa_circ_0000977,circRNA,Homo sapiens,Urine,Extracellular exosome,0.795006069178413
hsa_circ_0001120,circRNA,Homo sapiens,Urine,Extracellular exosome,0.396358685090047
hsa_circ_0001303,circRNA,Homo sapiens,Urine,Extracellular exosome,0.396358685090047
hsa_circ_0000630,circRNA,Homo sapiens,Urine,Extracellular exosome,0.396358685090047
hsa_circ_0000701,circRNA,Homo sapiens,Urine,Extracellular exosome,0.396358685090047
hsa_circ_0000086,circRNA,Homo sapiens,Urine,Extracellular exosome,0.815590988686444
hsa_circ_0001155,circRNA,Homo sapiens,Urine,Extracellular exosome,0.396358685090047
hsa_circ_0001443,circRNA,Homo sapiens,Urine,Extracellular exosome,0.396358685090047
hsa_circ_0000444,circRNA,Homo sapiens,Urine,Extracellular exosome,0.396358685090047
Atg7,circRNA,Rattus norvegicus,urine-derived stem cell (USC),Extracellular exosome,0.694505649698505
hsa_circ_0001449,circRNA,Homo sapiens,valve interstitial cells (VICs),Cytoplasm,0.836757224078988
hsa_circ_0023992,circRNA,Homo sapiens,vascular smooth muscle cell (VSMC),Cytoplasm,0.836757224078988
hsa_circ_0001032,circRNA,Homo sapiens,Vascular smooth muscle cells,Cytoplasm,0.694505649698505
hsa_circ_0008285,circRNA,Homo sapiens,Vascular smooth muscle cells (VSMCs),Extracellular exosome,0.694505649698505
hsa_circ_0000340,circRNA,Homo sapiens,vascular smooth muscle cells (VSMCs),Cytoplasm,0.694505649698505
hsa_circ_0020397,circRNA,Homo sapiens,vascular smooth muscle cells (VSMCs),Cytoplasm,0.836757224078988
Slc8a1,circRNA,Rattus norvegicus,venous SMCs,Cytoplasm,0.694505649698505
Sirt1,circRNA,Rattus norvegicus,VSMCs,Cytoplasm,0.694505649698505
circ-ALTO,circRNA,Homo sapiens,WaGa cells,Cytoplasm,0.836757224078988
hsa_circ_0000527,circRNA,Homo sapiens,WERI-RB-1 and SO-RB50 cells,Cytoplasm,0.694505649698505
hsa_circ_0035292,circRNA,Homo sapiens,WI-38 cell,Cytoplasm,0.694505649698505
hsa_circ_0002281,circRNA,Homo sapiens,WiDr and HT-29 cells,Nucleus,0.932913100536013
hsa_circ_0002281,circRNA,Homo sapiens,WiDr and HT-29 cells,Cytosol,0.836757224078988
hsa_circ_0002623,circRNA,Homo sapiens,"WM-35, WM-115 and A375 cells",Cytoplasm,0.694505649698505
hsa_circ_0005529,circRNA,Homo sapiens,XGC-1 cells,Cytoplasm,0.694505649698505
hsa_circ_0087783,circRNA,Homo sapiens,Y79 and WERI-Rb-1 cells,Cytoplasm,0.694505649698505
