motif_id	motif_alt_id	sequence_name	start	stop	strand	score	p-value	q-value	matched_sequence
M328_0.6	ELAVL2	hsa_circ_0045521_Cytoplasm	2744	2757	+	15.7811	1.71e-07	0.0807	ATTCTTTTTTTTTT
M328_0.6	ELAVL2	hsa_circ_0062558_Cytoplasm	1036	1049	+	15.3905	3.28e-07	0.0807	CTTCTTTTTTTTTT
M328_0.6	ELAVL2	hsa_circ_0005620_Nucleus	835	848	+	15.3432	3.5e-07	0.0807	TTCCTTTTTTTTTT
M328_0.6	ELAVL2	hsa_circ_0072083_Cytoplasm	4167	4180	+	15.1124	5.1e-07	0.0807	ATTATTTTTATTTT
M328_0.6	ELAVL2	hsa_circ_0005620_Nucleus	932	945	+	14.9882	6.15e-07	0.0807	CTCCTTTTTTTTTA
M328_0.6	ELAVL2	hsa_circ_0000527_Cytoplasm	5536	5549	+	14.9527	6.56e-07	0.0807	ACCCTTTTTTTTTG
M328_0.6	ELAVL2	hsa_circ_0086368_Cytoplasm	6831	6844	+	14.858	7.56e-07	0.0807	TTTCTTTTTTTTTT
M328_0.6	ELAVL2	hsa_circ_0075043_Cytoplasm	895	908	+	14.7041	9.72e-07	0.0807	CTTATTTATTTTTG
M328_0.6	ELAVL2	hsa_circ_0062019_Cytoplasm	2507	2520	+	14.6923	9.83e-07	0.0807	ATGCTTTTTTTTTT
M328_0.6	ELAVL2	hsa_circ_0086368_Cytoplasm	5982	5995	+	14.6923	9.83e-07	0.0807	ATGCTTTTTTTTTT
M328_0.6	ELAVL2	hsa_circ_0008304_Nucleus	38	51	+	14.5858	1.13e-06	0.0807	TTTCTTTTTATTTT
M328_0.6	ELAVL2	hsa_circ_0008304_Cytoplasm	38	51	+	14.5858	1.13e-06	0.0807	TTTCTTTTTATTTT
M328_0.6	ELAVL2	hsa_circ_0000527_Cytoplasm	5476	5489	+	14.4083	1.46e-06	0.0962	ACCCTTTTTTTTTT
M328_0.6	ELAVL2	hsa_circ_0125166_Nucleus	220	233	+	14.1479	2.12e-06	0.124	ATCATTTATTTTTC
M328_0.6	ELAVL2	hsa_circ_0005620_Nucleus	660	673	+	14.1065	2.21e-06	0.124	CTTATTTTTTTTTA
M328_0.6	ELAVL2	hsa_circ_0000175_Cytoplasm	4604	4617	+	14.0296	2.46e-06	0.124	CTGCTTTTTATTTT
M328_0.6	ELAVL2	hsa_circ_0000175_Cytoplasm	4664	4677	+	14.0296	2.46e-06	0.124	CTGCTTTTTATTTT
M328_0.6	ELAVL2	hsa_circ_0000282_Cytoplasm	4908	4921	+	13.8284	3.19e-06	0.136	CCCATTTTTTTTCT
M328_0.6	ELAVL2	hsa_circ_0049055_Cytoplasm	379	392	+	13.6982	3.75e-06	0.136	CTCCTTTTTTTTGT
M328_0.6	ELAVL2	mmu_circ_0001498_Cytoplasm	4347	4360	+	13.6805	3.82e-06	0.136	CTTCTTTTCTTTCT
M328_0.6	ELAVL2	hsa_circ_0051239_Cytoplasm	1057	1070	+	13.6627	3.93e-06	0.136	TTCCTTTTTGTTTT
M328_0.6	ELAVL2	hsa_circ_0000971_Cytoplasm	143	156	+	13.6391	4.04e-06	0.136	ATCATTTGTTTTCC
M328_0.6	ELAVL2	hsa_circ_0000971_Nucleus	143	156	+	13.6391	4.04e-06	0.136	ATCATTTGTTTTCC
M328_0.6	ELAVL2	hsa_circ_0000971_Nucleus	143	156	+	13.6391	4.04e-06	0.136	ATCATTTGTTTTCC
M328_0.6	ELAVL2	hsa_circ_0000971_Cytoplasm	143	156	+	13.6391	4.04e-06	0.136	ATCATTTGTTTTCC
M328_0.6	ELAVL2	hsa_circ_0004390_Cytoplasm	171	184	+	13.574	4.35e-06	0.136	TTTATTTTTTTTTC
M328_0.6	ELAVL2	hsa_circ_0004390_Cytoplasm	171	184	+	13.574	4.35e-06	0.136	TTTATTTTTTTTTC
M328_0.6	ELAVL2	hsa_circ_0081572_Cytoplasm	1458	1471	+	13.5207	4.66e-06	0.136	ATTCTTTTATTTTT
M328_0.6	ELAVL2	hsa_circ_0000282_Cytoplasm	5578	5591	+	13.426	5.15e-06	0.136	CTAATTTTTTTTTT
M328_0.6	ELAVL2	hsa_circ_0001461_Cytoplasm	1546	1559	+	13.3136	5.94e-06	0.136	CTCATTTCTATTTT
M328_0.6	ELAVL2	hsa_circ_0001461_Nucleus	1546	1559	+	13.3136	5.94e-06	0.136	CTCATTTCTATTTT
M328_0.6	ELAVL2	hsa_circ_0001461_Cytoplasm	1546	1559	+	13.3136	5.94e-06	0.136	CTCATTTCTATTTT
M328_0.6	ELAVL2	mmu_circ_0000230_Cytoplasm	3188	3201	+	13.2899	6.07e-06	0.136	AATCTTTTTTTTCT
M328_0.6	ELAVL2	hsa_circ_0000212_Cytoplasm	2049	2062	+	13.2663	6.25e-06	0.136	ATCTTTTTTTTTTT
M328_0.6	ELAVL2	hsa_circ_0086368_Cytoplasm	6043	6056	+	13.2604	6.3e-06	0.136	GTTCTTTTTTTTTT
M328_0.6	ELAVL2	hsa_circ_0054537_Cytoplasm	7827	7840	+	13.213	6.63e-06	0.136	TCCCTTTTTATTTT
M328_0.6	ELAVL2	hsa_circ_0072083_Cytoplasm	4227	4240	+	13.1479	7.13e-06	0.136	ATTATTTTTTTATT
M328_0.6	ELAVL2	hsa_circ_0069975_Cytoplasm	3578	3591	+	13.1243	7.33e-06	0.136	ATTATTTCTTTTAG
M328_0.6	ELAVL2	hsa_circ_0136474_Cytoplasm	110	123	+	13.0651	7.83e-06	0.136	ACCCTTTGTTTTCT
M328_0.6	ELAVL2	hsa_circ_0045521_Cytoplasm	3736	3749	+	13	8.4e-06	0.136	TCTCTTTTTTTTTT
M328_0.6	ELAVL2	hsa_circ_0000212_Cytoplasm	2594	2607	+	12.9763	8.58e-06	0.136	ATTCTTTTCTTTTC
M328_0.6	ELAVL2	hsa_circ_0081572_Cytoplasm	2602	2615	+	12.9645	8.67e-06	0.136	TTTCTTTCTTTTTT
M328_0.6	ELAVL2	hsa_circ_0000212_Cytoplasm	2599	2612	+	12.9408	8.9e-06	0.136	TTTCTTTTCTTTTT
M328_0.6	ELAVL2	hsa_circ_0045521_Cytoplasm	3739	3752	+	12.9349	8.99e-06	0.136	CTTTTTTTTTTTTG
M328_0.6	ELAVL2	hsa_circ_0001666_Cytoplasm	1160	1173	+	12.8757	9.6e-06	0.136	CTCTTTTTTTTTTT
M328_0.6	ELAVL2	hsa_circ_0001666_Cytoplasm	1160	1173	+	12.8757	9.6e-06	0.136	CTCTTTTTTTTTTT
M328_0.6	ELAVL2	hsa_circ_0045521_Cytoplasm	3737	3750	+	12.8757	9.6e-06	0.136	CTCTTTTTTTTTTT
M328_0.6	ELAVL2	mmu_circ_0001498_Cytoplasm	4120	4133	+	12.7988	1.05e-05	0.136	ATCCTTTGCTTTTT
M328_0.6	ELAVL2	hsa_circ_0000175_Cytoplasm	4182	4195	+	12.7811	1.07e-05	0.136	ATTTTTTTTTTTTT
M328_0.6	ELAVL2	hsa_circ_0045521_Cytoplasm	1466	1479	+	12.7456	1.1e-05	0.136	TTTATTTTGTTTTG
M328_0.6	ELAVL2	hsa_circ_0020303_Cytoplasm	364	377	+	12.7278	1.13e-05	0.136	CTCCTTTTGTTTTC
M328_0.6	ELAVL2	hsa_circ_0000264_Cytoplasm	364	377	+	12.7278	1.13e-05	0.136	CTCCTTTTGTTTTC
M328_0.6	ELAVL2	hsa_circ_0000264_Nucleus	364	377	+	12.7278	1.13e-05	0.136	CTCCTTTTGTTTTC
M328_0.6	ELAVL2	hsa_circ_0007577_Nucleus	1248	1261	+	12.716	1.14e-05	0.136	TTTATTTATTTTAT
M328_0.6	ELAVL2	hsa_circ_0007577_Cytoplasm	1248	1261	+	12.716	1.14e-05	0.136	TTTATTTATTTTAT
M328_0.6	ELAVL2	hsa_circ_0005620_Nucleus	849	862	+	12.7101	1.15e-05	0.136	TTTCTTTTTCTTTT
M328_0.6	ELAVL2	hsa_circ_0069975_Cytoplasm	3872	3885	+	12.6864	1.18e-05	0.136	TTCATTTTATTTTT
M328_0.6	ELAVL2	hsa_circ_0002286_Cytoplasm	502	515	+	12.6746	1.19e-05	0.136	ATCATTTGCATTTG
M328_0.6	ELAVL2	hsa_circ_0000282_Cytoplasm	5069	5082	+	12.6627	1.21e-05	0.136	TTTATTTTTTTTAA
M328_0.6	ELAVL2	hsa_circ_0054537_Cytoplasm	8237	8250	+	12.6095	1.28e-05	0.136	TTTTTTTTTTTTCG
M328_0.6	ELAVL2	hsa_circ_0001579_Cytoplasm	149	162	+	12.5976	1.29e-05	0.136	TTTCTTTTATTTTT
M328_0.6	ELAVL2	hsa_circ_0109046_Cytoplasm	2520	2533	+	12.5562	1.34e-05	0.136	ATTATTTTTCTTCC
M328_0.6	ELAVL2	hsa_circ_0054537_Cytoplasm	8124	8137	+	12.5562	1.34e-05	0.136	ATTATTTTCTTTAT
M328_0.6	ELAVL2	hsa_circ_0077890_Cytoplasm	1689	1702	+	12.5207	1.39e-05	0.136	TCTATTTATTTTCG
M328_0.6	ELAVL2	mmu_circ_0001498_Cytoplasm	7551	7564	+	12.5089	1.41e-05	0.136	TTCATTTGTTTTTA
M328_0.6	ELAVL2	hsa_circ_0082369_Cytoplasm	1999	2012	+	12.4556	1.49e-05	0.136	TTCCTTTAATTTCT
M328_0.6	ELAVL2	hsa_circ_0075043_Cytoplasm	1092	1105	+	12.4024	1.58e-05	0.136	CTTATTTTTAGTTG
M328_0.6	ELAVL2	hsa_circ_0000212_Cytoplasm	2056	2069	+	12.4024	1.58e-05	0.136	TTTTTTTTTTTTTG
M328_0.6	ELAVL2	hsa_circ_0082369_Cytoplasm	2123	2136	+	12.4024	1.58e-05	0.136	TTTTTTTTTTTTTG
M328_0.6	ELAVL2	hsa_circ_0025984_Cytoplasm	2563	2576	+	12.4024	1.58e-05	0.136	TTTTTTTTTTTTTG
M328_0.6	ELAVL2	hsa_circ_0043800_Cytoplasm	4174	4187	+	12.4024	1.58e-05	0.136	TTTTTTTTTTTTTG
M328_0.6	ELAVL2	hsa_circ_0000527_Cytoplasm	5483	5496	+	12.4024	1.58e-05	0.136	TTTTTTTTTTTTTG
M328_0.6	ELAVL2	hsa_circ_0005620_Nucleus	838	851	+	12.3905	1.6e-05	0.136	CTTTTTTTTTTTTT
M328_0.6	ELAVL2	hsa_circ_0062558_Cytoplasm	1039	1052	+	12.3905	1.6e-05	0.136	CTTTTTTTTTTTTT
M328_0.6	ELAVL2	hsa_circ_0000212_Cytoplasm	2051	2064	+	12.3905	1.6e-05	0.136	CTTTTTTTTTTTTT
M328_0.6	ELAVL2	hsa_circ_0022454_Cytoplasm	2212	2225	+	12.3905	1.6e-05	0.136	CTTTTTTTTTTTTT
M328_0.6	ELAVL2	hsa_circ_0062019_Cytoplasm	2510	2523	+	12.3905	1.6e-05	0.136	CTTTTTTTTTTTTT
M328_0.6	ELAVL2	hsa_circ_0025984_Cytoplasm	2559	2572	+	12.3905	1.6e-05	0.136	CTTTTTTTTTTTTT
M328_0.6	ELAVL2	hsa_circ_0045521_Cytoplasm	2747	2760	+	12.3905	1.6e-05	0.136	CTTTTTTTTTTTTT
M328_0.6	ELAVL2	hsa_circ_0043800_Cytoplasm	4164	4177	+	12.3905	1.6e-05	0.136	CTTTTTTTTTTTTT
M328_0.6	ELAVL2	hsa_circ_0000527_Cytoplasm	5479	5492	+	12.3905	1.6e-05	0.136	CTTTTTTTTTTTTT
M328_0.6	ELAVL2	hsa_circ_0086368_Cytoplasm	6834	6847	+	12.3905	1.6e-05	0.136	CTTTTTTTTTTTTT
M328_0.6	ELAVL2	hsa_circ_0000282_Cytoplasm	4524	4537	+	12.3728	1.63e-05	0.136	ATTATTTATTTTGT
M328_0.6	ELAVL2	hsa_circ_0045521_Cytoplasm	2940	2953	+	12.355	1.66e-05	0.136	TTTCTTTGTATTCC
M328_0.6	ELAVL2	hsa_circ_0062558_Cytoplasm	1037	1050	+	12.3432	1.67e-05	0.136	TTCTTTTTTTTTTT
M328_0.6	ELAVL2	hsa_circ_0045521_Cytoplasm	2745	2758	+	12.3432	1.67e-05	0.136	TTCTTTTTTTTTTT
M328_0.6	ELAVL2	hsa_circ_0086368_Cytoplasm	6832	6845	+	12.3432	1.67e-05	0.136	TTCTTTTTTTTTTT
M328_0.6	ELAVL2	hsa_circ_0020303_Cytoplasm	163	176	+	12.3254	1.71e-05	0.136	TTTCTTTTAATTTT
M328_0.6	ELAVL2	hsa_circ_0000264_Nucleus	163	176	+	12.3254	1.71e-05	0.136	TTTCTTTTAATTTT
M328_0.6	ELAVL2	hsa_circ_0000264_Cytoplasm	163	176	+	12.3254	1.71e-05	0.136	TTTCTTTTAATTTT
M328_0.6	ELAVL2	hsa_circ_0089763_Cytoplasm	5426	5439	+	12.3254	1.71e-05	0.136	ATTATTTGGTTTCG
M328_0.6	ELAVL2	hsa_circ_0089763_Mitochondrion	5426	5439	+	12.3254	1.71e-05	0.136	ATTATTTGGTTTCG
M328_0.6	ELAVL2	hsa_circ_0089761_Mitochondrion	7542	7555	+	12.3254	1.71e-05	0.136	ATTATTTGGTTTCG
M328_0.6	ELAVL2	hsa_circ_0089761_Cytoplasm	7542	7555	+	12.3254	1.71e-05	0.136	ATTATTTGGTTTCG
M328_0.6	ELAVL2	mmu_circ_0001498_Cytoplasm	4465	4478	+	12.3077	1.74e-05	0.136	TTCCTTTTTCTTTC
M328_0.6	ELAVL2	mmu_circ_0001498_Cytoplasm	4476	4489	+	12.3077	1.74e-05	0.136	TTCCTTTTTCTTTC
M328_0.6	ELAVL2	hsa_circ_0075043_Cytoplasm	1152	1165	+	12.2663	1.81e-05	0.136	TTTCTTTTTAGTTG
M328_0.6	ELAVL2	hsa_circ_0013561_Cytoplasm	878	891	+	12.2426	1.85e-05	0.136	ATTCTTTGGATTTG
M328_0.6	ELAVL2	hsa_circ_0000395_Nucleus	1424	1437	+	12.2189	1.9e-05	0.136	CTACTTTTTCTTTG
M328_0.6	ELAVL2	hsa_circ_0000395_Cytoplasm	1424	1437	+	12.2189	1.9e-05	0.136	CTACTTTTTCTTTG
M328_0.6	ELAVL2	hsa_circ_0000395_Cytoplasm	1424	1437	+	12.2189	1.9e-05	0.136	CTACTTTTTCTTTG
M328_0.6	ELAVL2	hsa_circ_0074298_Cytoplasm	1541	1554	+	12.1893	1.96e-05	0.136	TTGATTTTTATTAT
M328_0.6	ELAVL2	hsa_circ_0038467_Nucleus	1349	1362	+	12.1716	1.99e-05	0.136	ATCATTTGTCTTTT
M328_0.6	ELAVL2	hsa_circ_0038467_Cytoplasm	1349	1362	+	12.1716	1.99e-05	0.136	ATCATTTGTCTTTT
M328_0.6	ELAVL2	hsa_circ_0038467_Cytoplasm	1349	1362	+	12.1716	1.99e-05	0.136	ATCATTTGTCTTTT
M328_0.6	ELAVL2	hsa_circ_0000212_Cytoplasm	2048	2061	+	12.1598	2.01e-05	0.136	TATCTTTTTTTTTT
M328_0.6	ELAVL2	hsa_circ_0001959_Cytoplasm	2612	2625	+	12.0947	2.15e-05	0.136	ATCATTTTTTGTAT
M328_0.6	ELAVL2	hsa_circ_0001959_Nucleus	2612	2625	+	12.0947	2.15e-05	0.136	ATCATTTTTTGTAT
M328_0.6	ELAVL2	hsa_circ_0000212_Cytoplasm	2399	2412	+	12.0769	2.18e-05	0.136	TTTCTTTCTTTTTC
M328_0.6	ELAVL2	hsa_circ_0045598_Cytoplasm	328	341	+	12.0651	2.2e-05	0.136	TTTTTTTTTTTTCT
M328_0.6	ELAVL2	hsa_circ_0061140_Cytoplasm	750	763	+	12.0651	2.2e-05	0.136	TTTTTTTTTTTTCT
M328_0.6	ELAVL2	hsa_circ_0005620_Nucleus	840	853	+	12.0651	2.2e-05	0.136	TTTTTTTTTTTTCT
M328_0.6	ELAVL2	hsa_circ_0109046_Cytoplasm	657	670	+	12.0533	2.23e-05	0.136	AACCTTTATTTTCC
M328_0.6	ELAVL2	hsa_circ_0002699_Cytosol	3195	3208	+	12.0237	2.29e-05	0.136	TTTATTTGTTTTTC
M328_0.6	ELAVL2	mmu_circ_0001291_Nucleus	525	538	+	12.0178	2.3e-05	0.136	ACTCTTTTTATTGG
M328_0.6	ELAVL2	hsa_circ_0054537_Cytoplasm	6164	6177	+	12.0178	2.3e-05	0.136	CCTCTTTATTTTCC
M328_0.6	ELAVL2	hsa_circ_0005526_Cytoplasm	993	1006	+	12.0059	2.33e-05	0.136	ACTCTTTTCTTTTT
M328_0.6	ELAVL2	hsa_circ_0005526_Nucleus	993	1006	+	12.0059	2.33e-05	0.136	ACTCTTTTCTTTTT
M328_0.6	ELAVL2	hsa_circ_0045521_Cytoplasm	2700	2713	+	11.9822	2.39e-05	0.136	CTTATTTATTTTGT
M328_0.6	ELAVL2	hsa_circ_0008726_Cytoplasm	311	324	+	11.9763	2.4e-05	0.136	CCCATTTTCATTTG
M328_0.6	ELAVL2	hsa_circ_0099630_Cytoplasm	969	982	+	11.9763	2.4e-05	0.136	TACATTTTTATTTT
M328_0.6	ELAVL2	hsa_circ_0082369_Cytoplasm	2102	2115	+	11.9586	2.45e-05	0.136	CTCATTTTCCTTTG
M328_0.6	ELAVL2	hsa_circ_0001190_Nucleus	656	669	+	11.9467	2.47e-05	0.136	ATTGTTTATTTTTT
M328_0.6	ELAVL2	hsa_circ_0001190_Cytoplasm	656	669	+	11.9467	2.47e-05	0.136	ATTGTTTATTTTTT
M328_0.6	ELAVL2	hsa_circ_0089761_Cytoplasm	9044	9057	+	11.9467	2.47e-05	0.136	ATTTTTTATTTTTT
M328_0.6	ELAVL2	hsa_circ_0089761_Mitochondrion	9044	9057	+	11.9467	2.47e-05	0.136	ATTTTTTATTTTTT
M328_0.6	ELAVL2	hsa_circ_0005620_Nucleus	1724	1737	+	11.9231	2.53e-05	0.136	ATTCTTTTTGTTGT
M328_0.6	ELAVL2	hsa_circ_0054537_Cytoplasm	4955	4968	+	11.9172	2.54e-05	0.136	TTACTTTTCTTTTG
M328_0.6	ELAVL2	hsa_circ_0013561_Cytoplasm	717	730	+	11.9053	2.57e-05	0.136	ATTCTTTCCATTCT
M328_0.6	ELAVL2	hsa_circ_0002699_Cytosol	1771	1784	+	11.8757	2.64e-05	0.136	TTGCTTTCTTTTTT
M328_0.6	ELAVL2	hsa_circ_0000212_Cytoplasm	2052	2065	+	11.858	2.68e-05	0.136	TTTTTTTTTTTTTT
M328_0.6	ELAVL2	hsa_circ_0000212_Cytoplasm	2053	2066	+	11.858	2.68e-05	0.136	TTTTTTTTTTTTTT
M328_0.6	ELAVL2	hsa_circ_0000212_Cytoplasm	2054	2067	+	11.858	2.68e-05	0.136	TTTTTTTTTTTTTT
M328_0.6	ELAVL2	hsa_circ_0000212_Cytoplasm	2055	2068	+	11.858	2.68e-05	0.136	TTTTTTTTTTTTTT
M328_0.6	ELAVL2	hsa_circ_0022454_Cytoplasm	2213	2226	+	11.858	2.68e-05	0.136	TTTTTTTTTTTTTT
M328_0.6	ELAVL2	hsa_circ_0022454_Cytoplasm	2214	2227	+	11.858	2.68e-05	0.136	TTTTTTTTTTTTTT
M328_0.6	ELAVL2	hsa_circ_0022454_Cytoplasm	2215	2228	+	11.858	2.68e-05	0.136	TTTTTTTTTTTTTT
M328_0.6	ELAVL2	hsa_circ_0022454_Cytoplasm	2216	2229	+	11.858	2.68e-05	0.136	TTTTTTTTTTTTTT
M328_0.6	ELAVL2	hsa_circ_0022454_Cytoplasm	2217	2230	+	11.858	2.68e-05	0.136	TTTTTTTTTTTTTT
M328_0.6	ELAVL2	hsa_circ_0022454_Cytoplasm	2218	2231	+	11.858	2.68e-05	0.136	TTTTTTTTTTTTTT
M328_0.6	ELAVL2	hsa_circ_0022454_Cytoplasm	2219	2232	+	11.858	2.68e-05	0.136	TTTTTTTTTTTTTT
M328_0.6	ELAVL2	hsa_circ_0022454_Cytoplasm	2220	2233	+	11.858	2.68e-05	0.136	TTTTTTTTTTTTTT
M328_0.6	ELAVL2	hsa_circ_0022454_Cytoplasm	2221	2234	+	11.858	2.68e-05	0.136	TTTTTTTTTTTTTT
M328_0.6	ELAVL2	hsa_circ_0022454_Cytoplasm	2222	2235	+	11.858	2.68e-05	0.136	TTTTTTTTTTTTTT
M328_0.6	ELAVL2	hsa_circ_0022454_Cytoplasm	2223	2236	+	11.858	2.68e-05	0.136	TTTTTTTTTTTTTT
M328_0.6	ELAVL2	hsa_circ_0022454_Cytoplasm	2224	2237	+	11.858	2.68e-05	0.136	TTTTTTTTTTTTTT
M328_0.6	ELAVL2	hsa_circ_0022454_Cytoplasm	2225	2238	+	11.858	2.68e-05	0.136	TTTTTTTTTTTTTT
M328_0.6	ELAVL2	hsa_circ_0022454_Cytoplasm	2226	2239	+	11.858	2.68e-05	0.136	TTTTTTTTTTTTTT
M328_0.6	ELAVL2	hsa_circ_0025984_Cytoplasm	2560	2573	+	11.858	2.68e-05	0.136	TTTTTTTTTTTTTT
M328_0.6	ELAVL2	hsa_circ_0025984_Cytoplasm	2561	2574	+	11.858	2.68e-05	0.136	TTTTTTTTTTTTTT
M328_0.6	ELAVL2	hsa_circ_0025984_Cytoplasm	2562	2575	+	11.858	2.68e-05	0.136	TTTTTTTTTTTTTT
M328_0.6	ELAVL2	hsa_circ_0045521_Cytoplasm	2748	2761	+	11.858	2.68e-05	0.136	TTTTTTTTTTTTTT
M328_0.6	ELAVL2	hsa_circ_0045521_Cytoplasm	2749	2762	+	11.858	2.68e-05	0.136	TTTTTTTTTTTTTT
M328_0.6	ELAVL2	hsa_circ_0043800_Cytoplasm	4165	4178	+	11.858	2.68e-05	0.136	TTTTTTTTTTTTTT
M328_0.6	ELAVL2	hsa_circ_0043800_Cytoplasm	4166	4179	+	11.858	2.68e-05	0.136	TTTTTTTTTTTTTT
M328_0.6	ELAVL2	hsa_circ_0043800_Cytoplasm	4167	4180	+	11.858	2.68e-05	0.136	TTTTTTTTTTTTTT
M328_0.6	ELAVL2	hsa_circ_0043800_Cytoplasm	4168	4181	+	11.858	2.68e-05	0.136	TTTTTTTTTTTTTT
M328_0.6	ELAVL2	hsa_circ_0043800_Cytoplasm	4169	4182	+	11.858	2.68e-05	0.136	TTTTTTTTTTTTTT
M328_0.6	ELAVL2	hsa_circ_0043800_Cytoplasm	4170	4183	+	11.858	2.68e-05	0.136	TTTTTTTTTTTTTT
M328_0.6	ELAVL2	hsa_circ_0043800_Cytoplasm	4171	4184	+	11.858	2.68e-05	0.136	TTTTTTTTTTTTTT
M328_0.6	ELAVL2	hsa_circ_0043800_Cytoplasm	4172	4185	+	11.858	2.68e-05	0.136	TTTTTTTTTTTTTT
M328_0.6	ELAVL2	hsa_circ_0043800_Cytoplasm	4173	4186	+	11.858	2.68e-05	0.136	TTTTTTTTTTTTTT
M328_0.6	ELAVL2	hsa_circ_0000527_Cytoplasm	5480	5493	+	11.858	2.68e-05	0.136	TTTTTTTTTTTTTT
M328_0.6	ELAVL2	hsa_circ_0000527_Cytoplasm	5481	5494	+	11.858	2.68e-05	0.136	TTTTTTTTTTTTTT
M328_0.6	ELAVL2	hsa_circ_0000527_Cytoplasm	5482	5495	+	11.858	2.68e-05	0.136	TTTTTTTTTTTTTT
M328_0.6	ELAVL2	hsa_circ_0086368_Cytoplasm	6443	6456	+	11.858	2.68e-05	0.136	TTTTTTTTTTTTTT
M328_0.6	ELAVL2	hsa_circ_0086368_Cytoplasm	6444	6457	+	11.858	2.68e-05	0.136	TTTTTTTTTTTTTT
M328_0.6	ELAVL2	hsa_circ_0086368_Cytoplasm	6835	6848	+	11.858	2.68e-05	0.136	TTTTTTTTTTTTTT
M328_0.6	ELAVL2	hsa_circ_0054537_Cytoplasm	8232	8245	+	11.858	2.68e-05	0.136	TTTGTTTTTTTTTT
M328_0.6	ELAVL2	hsa_circ_0000175_Cytoplasm	3157	3170	+	11.8462	2.72e-05	0.137	TTCATTTTCATTAT
M328_0.6	ELAVL2	hsa_circ_0002487_Cytoplasm	1218	1231	+	11.8047	2.83e-05	0.141	TTCCTTTCCATTTG
M328_0.6	ELAVL2	hsa_circ_0030018_Cytoplasm	2489	2502	+	11.7988	2.85e-05	0.141	AATATTTTTTTTTC
M328_0.6	ELAVL2	hsa_circ_0030018_Nucleus	2489	2502	+	11.7988	2.85e-05	0.141	AATATTTTTTTTTC
M328_0.6	ELAVL2	mmu_circ_0001498_Cytoplasm	4420	4433	+	11.787	2.87e-05	0.142	CTTCTTTCCTTTCT
M328_0.6	ELAVL2	hsa_circ_0081572_Cytoplasm	1518	1531	+	11.7574	2.96e-05	0.145	CCCCTTTTATTTTT
M328_0.6	ELAVL2	hsa_circ_0069975_Cytoplasm	4964	4977	+	11.7515	2.98e-05	0.145	CTTGTTTTTATTAG
M328_0.6	ELAVL2	hsa_circ_0005620_Nucleus	1929	1942	+	11.7456	2.99e-05	0.145	CTAATTTTTGTTTT
M328_0.6	ELAVL2	mmu_circ_0001498_Cytoplasm	4376	4389	+	11.7396	3e-05	0.145	TTCCTTTCCTTTCT
M074_0.6	TARDBP	hsa_circ_0004390_Cytoplasm	20	27	+	10.966	3.05e-05	0.273	TGAATGAG
M074_0.6	TARDBP	hsa_circ_0004390_Cytoplasm	20	27	+	10.966	3.05e-05	0.273	TGAATGAG
M074_0.6	TARDBP	hsa_circ_0006404_Cytoplasm	50	57	+	10.966	3.05e-05	0.273	AGAATGAG
M074_0.6	TARDBP	hsa_circ_0002485_Cytoplasm	82	89	+	10.966	3.05e-05	0.273	AGAATGAG
M074_0.6	TARDBP	hsa_circ_0002485_Nucleus	82	89	+	10.966	3.05e-05	0.273	AGAATGAG
M074_0.6	TARDBP	hsa_circ_0032683_Cytoplasm	84	91	+	10.966	3.05e-05	0.273	TGAATGAG
M074_0.6	TARDBP	hsa_circ_0129047_Cytoplasm	87	94	+	10.966	3.05e-05	0.273	AGAATGAG
M074_0.6	TARDBP	hsa_circ_0072298_Cytoplasm	87	94	+	10.966	3.05e-05	0.273	AGAATGAG
M074_0.6	TARDBP	hsa_circ_0008172_Cytoplasm	141	148	+	10.966	3.05e-05	0.273	TGAATGAG
M074_0.6	TARDBP	hsa_circ_0021769_Cytoplasm	151	158	+	10.966	3.05e-05	0.273	AGAATGAG
M074_0.6	TARDBP	hsa_circ_0089761_Cytoplasm	164	171	+	10.966	3.05e-05	0.273	AGAATGAG
M074_0.6	TARDBP	hsa_circ_0089761_Mitochondrion	164	171	+	10.966	3.05e-05	0.273	AGAATGAG
M074_0.6	TARDBP	mmu_circ_0001204_Cytoplasm	186	193	+	10.966	3.05e-05	0.273	AGAATGAG
M074_0.6	TARDBP	hsa_circ_0021769_Cytoplasm	211	218	+	10.966	3.05e-05	0.273	AGAATGAG
M074_0.6	TARDBP	hsa_circ_0088300_Cytoplasm	276	283	+	10.966	3.05e-05	0.273	AGAATGAG
M074_0.6	TARDBP	hsa_circ_0004104_Cytoplasm	324	331	+	10.966	3.05e-05	0.273	AGAATGAG
M074_0.6	TARDBP	hsa_circ_0036722_Cytoplasm	372	379	+	10.966	3.05e-05	0.273	TGAATGAG
M074_0.6	TARDBP	hsa_circ_0074298_Cytoplasm	418	425	+	10.966	3.05e-05	0.273	AGAATGAG
M074_0.6	TARDBP	mmu_circ_0007972_Cytoplasm	459	466	+	10.966	3.05e-05	0.273	AGAATGAG
M074_0.6	TARDBP	mmu_circ_0000468_Cytoplasm	466	473	+	10.966	3.05e-05	0.273	TGAATGAG
M074_0.6	TARDBP	mmu_circ_0001510_Cytoplasm	524	531	+	10.966	3.05e-05	0.273	AGAATGAG
M074_0.6	TARDBP	hsa_circ_0001408_Cytoplasm	556	563	+	10.966	3.05e-05	0.273	TGAATGAG
M074_0.6	TARDBP	hsa_circ_0036176_Cytoplasm	658	665	+	10.966	3.05e-05	0.273	TGAATGAG
M074_0.6	TARDBP	hsa_circ_0003237_Cytoplasm	677	684	+	10.966	3.05e-05	0.273	TGAATGAG
M074_0.6	TARDBP	hsa_circ_0036176_Cytoplasm	718	725	+	10.966	3.05e-05	0.273	TGAATGAG
M074_0.6	TARDBP	hsa_circ_0069100_Cytoplasm	787	794	+	10.966	3.05e-05	0.273	AGAATGAG
M074_0.6	TARDBP	hsa_circ_0069100_Nucleus	787	794	+	10.966	3.05e-05	0.273	AGAATGAG
M074_0.6	TARDBP	hsa_circ_0030042_Cytoplasm	801	808	+	10.966	3.05e-05	0.273	TGAATGAG
M074_0.6	TARDBP	hsa_circ_0035428_Nucleus	812	819	+	10.966	3.05e-05	0.273	AGAATGAG
M074_0.6	TARDBP	hsa_circ_0035428_Cytoplasm	812	819	+	10.966	3.05e-05	0.273	AGAATGAG
M074_0.6	TARDBP	hsa_circ_0080914_Cytoplasm	822	829	+	10.966	3.05e-05	0.273	TGAATGAG
M074_0.6	TARDBP	hsa_circ_0005552_Nucleus	823	830	+	10.966	3.05e-05	0.273	AGAATGAG
M074_0.6	TARDBP	hsa_circ_0005552_Cytoplasm	823	830	+	10.966	3.05e-05	0.273	AGAATGAG
M074_0.6	TARDBP	hsa_circ_0000395_Cytoplasm	906	913	+	10.966	3.05e-05	0.273	TGAATGAG
M074_0.6	TARDBP	hsa_circ_0000395_Nucleus	906	913	+	10.966	3.05e-05	0.273	TGAATGAG
M074_0.6	TARDBP	hsa_circ_0000395_Cytoplasm	906	913	+	10.966	3.05e-05	0.273	TGAATGAG
M074_0.6	TARDBP	hsa_circ_0000615_Cytoplasm	1003	1010	+	10.966	3.05e-05	0.273	AGAATGAG
M074_0.6	TARDBP	hsa_circ_0000615_Cytoplasm	1003	1010	+	10.966	3.05e-05	0.273	AGAATGAG
M074_0.6	TARDBP	hsa_circ_0000615_Cytoplasm	1003	1010	+	10.966	3.05e-05	0.273	AGAATGAG
M074_0.6	TARDBP	hsa_circ_0007919_Nucleus	1200	1207	+	10.966	3.05e-05	0.273	AGAATGAG
M074_0.6	TARDBP	hsa_circ_0069234_Cytoplasm	1201	1208	+	10.966	3.05e-05	0.273	TGAATGAG
M074_0.6	TARDBP	hsa_circ_0007624_Cytoplasm	1249	1256	+	10.966	3.05e-05	0.273	AGAATGAG
M074_0.6	TARDBP	hsa_circ_0089761_Mitochondrion	1321	1328	+	10.966	3.05e-05	0.273	TGAATGAG
M074_0.6	TARDBP	hsa_circ_0089761_Cytoplasm	1321	1328	+	10.966	3.05e-05	0.273	TGAATGAG
M074_0.6	TARDBP	hsa_circ_0084904_Cytoplasm	1529	1536	+	10.966	3.05e-05	0.273	AGAATGAG
M074_0.6	TARDBP	hsa_circ_0000745_Cytoplasm	1546	1553	+	10.966	3.05e-05	0.273	TGAATGAG
M074_0.6	TARDBP	hsa_circ_0001979_Cytoplasm	1616	1623	+	10.966	3.05e-05	0.273	TGAATGAG
M074_0.6	TARDBP	mmu_circ_0000230_Cytoplasm	1692	1699	+	10.966	3.05e-05	0.273	AGAATGAG
M074_0.6	TARDBP	hsa_circ_0089763_Mitochondrion	1882	1889	+	10.966	3.05e-05	0.273	AGAATGAG
M074_0.6	TARDBP	hsa_circ_0089763_Cytoplasm	1882	1889	+	10.966	3.05e-05	0.273	AGAATGAG
M074_0.6	TARDBP	hsa_circ_0000943_Cytoplasm	1905	1912	+	10.966	3.05e-05	0.273	TGAATGAG
M074_0.6	TARDBP	hsa_circ_0034161_Cytoplasm	1919	1926	+	10.966	3.05e-05	0.273	TGAATGAG
M074_0.6	TARDBP	hsa_circ_0034161_Nucleus	1919	1926	+	10.966	3.05e-05	0.273	TGAATGAG
M074_0.6	TARDBP	hsa_circ_0000943_Cytoplasm	1965	1972	+	10.966	3.05e-05	0.273	TGAATGAG
M074_0.6	TARDBP	hsa_circ_0030018_Nucleus	2503	2510	+	10.966	3.05e-05	0.273	TGAATGAG
M074_0.6	TARDBP	hsa_circ_0030018_Cytoplasm	2503	2510	+	10.966	3.05e-05	0.273	TGAATGAG
M074_0.6	TARDBP	hsa_circ_0089763_Cytoplasm	3213	3220	+	10.966	3.05e-05	0.273	AGAATGAG
M074_0.6	TARDBP	hsa_circ_0089763_Mitochondrion	3213	3220	+	10.966	3.05e-05	0.273	AGAATGAG
M074_0.6	TARDBP	hsa_circ_0089763_Cytoplasm	3273	3280	+	10.966	3.05e-05	0.273	AGAATGAG
M074_0.6	TARDBP	hsa_circ_0089763_Mitochondrion	3273	3280	+	10.966	3.05e-05	0.273	AGAATGAG
M074_0.6	TARDBP	hsa_circ_0002699_Cytosol	3680	3687	+	10.966	3.05e-05	0.273	TGAATGAG
M074_0.6	TARDBP	hsa_circ_0001461_Nucleus	3755	3762	+	10.966	3.05e-05	0.273	TGAATGAG
M074_0.6	TARDBP	hsa_circ_0001461_Cytoplasm	3755	3762	+	10.966	3.05e-05	0.273	TGAATGAG
M074_0.6	TARDBP	hsa_circ_0001461_Cytoplasm	3755	3762	+	10.966	3.05e-05	0.273	TGAATGAG
M074_0.6	TARDBP	hsa_circ_0114428_Cytoplasm	3955	3962	+	10.966	3.05e-05	0.273	TGAATGAG
M074_0.6	TARDBP	hsa_circ_0114428_Nucleus	3955	3962	+	10.966	3.05e-05	0.273	TGAATGAG
M074_0.6	TARDBP	hsa_circ_0001959_Cytoplasm	4315	4322	+	10.966	3.05e-05	0.273	TGAATGAG
M074_0.6	TARDBP	hsa_circ_0001959_Nucleus	4315	4322	+	10.966	3.05e-05	0.273	TGAATGAG
M074_0.6	TARDBP	hsa_circ_0089761_Cytoplasm	5389	5396	+	10.966	3.05e-05	0.273	AGAATGAG
M074_0.6	TARDBP	hsa_circ_0089761_Mitochondrion	5389	5396	+	10.966	3.05e-05	0.273	AGAATGAG
M074_0.6	TARDBP	hsa_circ_0089763_Mitochondrion	6286	6293	+	10.966	3.05e-05	0.273	TGAATGAG
M074_0.6	TARDBP	hsa_circ_0089763_Cytoplasm	6286	6293	+	10.966	3.05e-05	0.273	TGAATGAG
M074_0.6	TARDBP	hsa_circ_0089763_Mitochondrion	6346	6353	+	10.966	3.05e-05	0.273	TGAATGAG
M074_0.6	TARDBP	hsa_circ_0089763_Cytoplasm	6346	6353	+	10.966	3.05e-05	0.273	TGAATGAG
M074_0.6	TARDBP	hsa_circ_0089761_Cytoplasm	8402	8409	+	10.966	3.05e-05	0.273	TGAATGAG
M074_0.6	TARDBP	hsa_circ_0089761_Mitochondrion	8402	8409	+	10.966	3.05e-05	0.273	TGAATGAG
M074_0.6	TARDBP	hsa_circ_0089761_Cytoplasm	8462	8469	+	10.966	3.05e-05	0.273	TGAATGAG
M074_0.6	TARDBP	hsa_circ_0089761_Mitochondrion	8462	8469	+	10.966	3.05e-05	0.273	TGAATGAG
M328_0.6	ELAVL2	hsa_circ_0001666_Cytoplasm	1162	1175	+	11.7101	3.09e-05	0.146	CTTTTTTTTTTTCC
M328_0.6	ELAVL2	hsa_circ_0001666_Cytoplasm	1162	1175	+	11.7101	3.09e-05	0.146	CTTTTTTTTTTTCC
M328_0.6	ELAVL2	hsa_circ_0086368_Cytoplasm	5962	5975	+	11.7101	3.09e-05	0.146	CTTTTTTTTTTTCC
M328_0.6	ELAVL2	hsa_circ_0013561_Cytoplasm	938	951	+	11.6982	3.12e-05	0.146	ATTCTTTGGATTTT
M328_0.6	ELAVL2	hsa_circ_0069975_Cytoplasm	3638	3651	+	11.6923	3.14e-05	0.146	ATTATTTCTTTTAA
M328_0.6	ELAVL2	hsa_circ_0000212_Cytoplasm	4942	4955	+	11.6923	3.14e-05	0.146	TCTATTTTTTTTAT
M328_0.6	ELAVL2	hsa_circ_0000282_Cytoplasm	3342	3355	+	11.6864	3.16e-05	0.146	TTGATTTCTTTTCT
M328_0.6	ELAVL2	hsa_circ_0002699_Cytosol	87	100	+	11.6805	3.17e-05	0.146	GTTATTTTTATTAT
M328_0.6	ELAVL2	hsa_circ_0001190_Nucleus	1072	1085	+	11.6627	3.22e-05	0.146	ATTATATTTATTTG
M328_0.6	ELAVL2	hsa_circ_0001190_Cytoplasm	1072	1085	+	11.6627	3.22e-05	0.146	ATTATATTTATTTG
M328_0.6	ELAVL2	hsa_circ_0000175_Cytoplasm	3817	3830	+	11.6627	3.22e-05	0.146	AAAATTTTTTTTTG
M328_0.6	ELAVL2	hsa_circ_0000282_Cytoplasm	1956	1969	+	11.6568	3.24e-05	0.146	CTTATTTTTATTGC
M328_0.6	ELAVL2	hsa_circ_0005526_Nucleus	384	397	+	11.6391	3.29e-05	0.147	CTTCTTTTTTATTA
M328_0.6	ELAVL2	hsa_circ_0005526_Cytoplasm	384	397	+	11.6391	3.29e-05	0.147	CTTCTTTTTTATTA
M328_0.6	ELAVL2	hsa_circ_0025984_Cytoplasm	633	646	+	11.6331	3.31e-05	0.147	ATTATTTTTTGTTC
M328_0.6	ELAVL2	hsa_circ_0092339_Nucleus	229	242	+	11.6272	3.32e-05	0.147	CTAATTTTTTTTAA
M328_0.6	ELAVL2	hsa_circ_0000175_Cytoplasm	4679	4692	+	11.6154	3.36e-05	0.148	CATATTTTTTTTCA
M328_0.6	ELAVL2	hsa_circ_0005620_Nucleus	664	677	+	11.5858	3.45e-05	0.15	TTTTTTTTTATTTT
M328_0.6	ELAVL2	hsa_circ_0008726_Cytoplasm	326	339	+	11.5799	3.47e-05	0.15	CTTCTTTGATTTTT
M328_0.6	ELAVL2	hsa_circ_0086368_Cytoplasm	4323	4336	+	11.5799	3.47e-05	0.15	CTTCTTTCCTTTTT
M328_0.6	ELAVL2	hsa_circ_0005620_Nucleus	666	679	+	11.568	3.51e-05	0.15	TTTTTTTATTTTTG
M328_0.6	ELAVL2	hsa_circ_0000175_Cytoplasm	2757	2770	+	11.5562	3.54e-05	0.15	ATAATTTTATTTTT
M328_0.6	ELAVL2	hsa_circ_0086368_Cytoplasm	4281	4294	+	11.5325	3.62e-05	0.15	TTGCTTTTTTTATT
M328_0.6	ELAVL2	hsa_circ_0001190_Nucleus	746	759	+	11.5266	3.64e-05	0.15	GTCATTTGTATTTT
M328_0.6	ELAVL2	hsa_circ_0001190_Cytoplasm	746	759	+	11.5266	3.64e-05	0.15	GTCATTTGTATTTT
M328_0.6	ELAVL2	hsa_circ_0005526_Cytoplasm	994	1007	+	11.5266	3.64e-05	0.15	CTCTTTTCTTTTTG
M328_0.6	ELAVL2	hsa_circ_0005526_Nucleus	994	1007	+	11.5266	3.64e-05	0.15	CTCTTTTCTTTTTG
M328_0.6	ELAVL2	hsa_circ_0000175_Cytoplasm	3068	3081	+	11.5266	3.64e-05	0.15	ATTCTTTAGATTTA
M328_0.6	ELAVL2	hsa_circ_0077890_Cytoplasm	1687	1700	+	11.5148	3.68e-05	0.15	ATTCTATTTATTTT
M328_0.6	ELAVL2	hsa_circ_0045521_Cytoplasm	3393	3406	+	11.5148	3.68e-05	0.15	AAACTTTTTTTTTT
M328_0.6	ELAVL2	hsa_circ_0086368_Cytoplasm	5959	5972	+	11.5148	3.68e-05	0.15	AAACTTTTTTTTTT
M328_0.6	ELAVL2	hsa_circ_0001579_Cytoplasm	150	163	+	11.5089	3.7e-05	0.15	TTCTTTTATTTTTT
M328_0.6	ELAVL2	hsa_circ_0045598_Cytoplasm	327	340	+	11.503	3.73e-05	0.15	CTTTTTTTTTTTTC
M328_0.6	ELAVL2	hsa_circ_0001959_Nucleus	2615	2628	+	11.503	3.73e-05	0.15	ATTTTTTGTATTTG
M328_0.6	ELAVL2	hsa_circ_0001959_Cytoplasm	2615	2628	+	11.503	3.73e-05	0.15	ATTTTTTGTATTTG
M328_0.6	ELAVL2	hsa_circ_0054537_Cytoplasm	8226	8239	+	11.4911	3.77e-05	0.151	AACATTTTTGTTTT
M328_0.6	ELAVL2	hsa_circ_0043800_Cytoplasm	2632	2645	+	11.4734	3.84e-05	0.153	CTTATTTTCCTTTG
M328_0.6	ELAVL2	hsa_circ_0054537_Cytoplasm	7053	7066	+	11.4675	3.85e-05	0.153	ACTTTTTTTTTTTG
M328_0.6	ELAVL2	hsa_circ_0086368_Cytoplasm	6044	6057	+	11.4556	3.9e-05	0.154	TTCTTTTTTTTTTA
M328_0.6	ELAVL2	mmu_circ_0008542_Cytoplasm	1834	1847	+	11.4497	3.92e-05	0.154	TTTATTTATTTTGT
M328_0.6	ELAVL2	hsa_circ_0045521_Cytoplasm	2760	2773	+	11.4497	3.92e-05	0.154	TTTATTTATTTTGT
M328_0.6	ELAVL2	hsa_circ_0054537_Cytoplasm	7051	7064	+	11.432	3.99e-05	0.154	TCACTTTTTTTTTT
M328_0.6	ELAVL2	hsa_circ_0000437_Nucleus	98	111	+	11.426	4e-05	0.154	ATCATTTACTTATG
M328_0.6	ELAVL2	hsa_circ_0000437_Cytoplasm	98	111	+	11.426	4e-05	0.154	ATCATTTACTTATG
M328_0.6	ELAVL2	hsa_circ_0030018_Cytoplasm	2490	2503	+	11.4201	4.02e-05	0.154	ATATTTTTTTTTCT
M328_0.6	ELAVL2	hsa_circ_0030018_Nucleus	2490	2503	+	11.4201	4.02e-05	0.154	ATATTTTTTTTTCT
M328_0.6	ELAVL2	hsa_circ_0003340_Cytoplasm	7	20	+	11.4024	4.09e-05	0.155	GACATTTTTTTTCG
M328_0.6	ELAVL2	hsa_circ_0001666_Cytoplasm	1159	1172	+	11.4024	4.09e-05	0.155	GCTCTTTTTTTTTT
M328_0.6	ELAVL2	hsa_circ_0001666_Cytoplasm	1159	1172	+	11.4024	4.09e-05	0.155	GCTCTTTTTTTTTT
M328_0.6	ELAVL2	hsa_circ_0007360_Cytoplasm	110	123	+	11.3846	4.16e-05	0.157	TTGATTTTGATTTG
M328_0.6	ELAVL2	hsa_circ_0000423_Cytoplasm	282	295	+	11.3491	4.28e-05	0.161	ATACTTTATTTACT
M328_0.6	ELAVL2	mmu_circ_0001498_Cytoplasm	5762	5775	+	11.3373	4.33e-05	0.161	ATTATTTAAATTCC
M328_0.6	ELAVL2	hsa_circ_0020093_Cytoplasm	127	140	+	11.3254	4.37e-05	0.161	ATCATTTATGTACT
M328_0.6	ELAVL2	hsa_circ_0069975_Cytoplasm	2529	2542	+	11.3195	4.39e-05	0.161	CATCTTTTCTTTTG
M328_0.6	ELAVL2	hsa_circ_0008304_Cytoplasm	44	57	+	11.3136	4.42e-05	0.161	TTTATTTTTTTAAT
M328_0.6	ELAVL2	hsa_circ_0008304_Nucleus	44	57	+	11.3136	4.42e-05	0.161	TTTATTTTTTTAAT
M328_0.6	ELAVL2	hsa_circ_0072083_Cytoplasm	4173	4186	+	11.3136	4.42e-05	0.161	TTTATTTTATTTTC
M328_0.6	ELAVL2	hsa_circ_0082369_Cytoplasm	2120	2133	+	11.3018	4.46e-05	0.161	CTGTTTTTTTTTTT
M328_0.6	ELAVL2	hsa_circ_0006393_Cytoplasm	342	355	+	11.2722	4.59e-05	0.161	ATGATTTACATTTT
M328_0.6	ELAVL2	hsa_circ_0006393_Nucleus	342	355	+	11.2722	4.59e-05	0.161	ATGATTTACATTTT
M328_0.6	ELAVL2	hsa_circ_0004623_Cytoplasm	342	355	+	11.2722	4.59e-05	0.161	ATGATTTACATTTT
M328_0.6	ELAVL2	hsa_circ_0004623_Cytoplasm	342	355	+	11.2722	4.59e-05	0.161	ATGATTTACATTTT
M328_0.6	ELAVL2	hsa_circ_0001190_Cytoplasm	1220	1233	+	11.2722	4.59e-05	0.161	TTTATTTTTATACC
M328_0.6	ELAVL2	hsa_circ_0001190_Nucleus	1220	1233	+	11.2722	4.59e-05	0.161	TTTATTTTTATACC
M328_0.6	ELAVL2	hsa_circ_0006309_Cytoplasm	947	960	+	11.2544	4.65e-05	0.161	CTCTTTTCTATTTG
M328_0.6	ELAVL2	hsa_circ_0006309_Nucleus	947	960	+	11.2544	4.65e-05	0.161	CTCTTTTCTATTTG
M328_0.6	ELAVL2	mmu_circ_0001498_Cytoplasm	4482	4495	+	11.2544	4.65e-05	0.161	TTTCTTTCCTTTCT
M328_0.6	ELAVL2	mmu_circ_0001498_Cytoplasm	4491	4504	+	11.2544	4.65e-05	0.161	TTTCTTTCCTTTCT
M328_0.6	ELAVL2	hsa_circ_0089761_Cytoplasm	8736	8749	+	11.2544	4.65e-05	0.161	ATCATTTGTTTTGA
M328_0.6	ELAVL2	hsa_circ_0089761_Mitochondrion	8736	8749	+	11.2544	4.65e-05	0.161	ATCATTTGTTTTGA
M328_0.6	ELAVL2	hsa_circ_0001998_Cytoplasm	503	516	+	11.2249	4.78e-05	0.163	ATTCTTTTTTAATG
M328_0.6	ELAVL2	hsa_circ_0000282_Cytoplasm	4279	4292	+	11.2249	4.78e-05	0.163	AAACTTTATTTTTG
M328_0.6	ELAVL2	hsa_circ_0069975_Cytoplasm	5024	5037	+	11.2189	4.8e-05	0.163	TTTGTTTTTATTAG
M328_0.6	ELAVL2	hsa_circ_0089763_Cytoplasm	6827	6840	+	11.213	4.83e-05	0.163	TTCATTTTGGTTCT
M328_0.6	ELAVL2	hsa_circ_0089763_Mitochondrion	6827	6840	+	11.213	4.83e-05	0.163	TTCATTTTGGTTCT
M328_0.6	ELAVL2	hsa_circ_0089761_Mitochondrion	8943	8956	+	11.213	4.83e-05	0.163	TTCATTTTGGTTCT
M328_0.6	ELAVL2	hsa_circ_0089761_Cytoplasm	8943	8956	+	11.213	4.83e-05	0.163	TTCATTTTGGTTCT
M328_0.6	ELAVL2	hsa_circ_0054537_Cytoplasm	407	420	+	11.1893	4.92e-05	0.163	GTTCTTTTTATTAA
M328_0.6	ELAVL2	hsa_circ_0069740_Cytoplasm	713	726	+	11.1893	4.92e-05	0.163	CTTCTTTTACTTCT
M328_0.6	ELAVL2	hsa_circ_0002638_Cytoplasm	141	154	+	11.1834	4.95e-05	0.163	CTTCTTTATGTATG
M328_0.6	ELAVL2	hsa_circ_0022454_Cytoplasm	2228	2241	+	11.1775	4.98e-05	0.163	TTTTTTTTTTTTCC
M328_0.6	ELAVL2	hsa_circ_0054537_Cytoplasm	8177	8190	+	11.1775	4.98e-05	0.163	TTTTTTTTTTTTCA
M328_0.6	ELAVL2	hsa_circ_0061140_Cytoplasm	849	862	+	11.142	5.13e-05	0.163	TTGATTTGTTTTCC
M328_0.6	ELAVL2	hsa_circ_0109046_Cytoplasm	717	730	+	11.1302	5.18e-05	0.163	TACCTTTATTTTCC
M328_0.6	ELAVL2	hsa_circ_0004623_Cytoplasm	872	885	+	11.1302	5.18e-05	0.163	TTCCTTTCTTATTG
M328_0.6	ELAVL2	hsa_circ_0004623_Cytoplasm	872	885	+	11.1302	5.18e-05	0.163	TTCCTTTCTTATTG
M328_0.6	ELAVL2	hsa_circ_0000175_Cytoplasm	2698	2711	+	11.1302	5.18e-05	0.163	CCACTTTATTTTTT
M328_0.6	ELAVL2	hsa_circ_0017252_Cytoplasm	726	739	+	11.1065	5.29e-05	0.163	ATGATTTTGGTTCG
M328_0.6	ELAVL2	hsa_circ_0069975_Cytoplasm	1629	1642	+	11.1065	5.29e-05	0.163	ATCATTATTTTTTG
M328_0.6	ELAVL2	hsa_circ_0000971_Cytoplasm	260	273	+	11.1006	5.32e-05	0.163	CTCATTTATTGTCC
M328_0.6	ELAVL2	hsa_circ_0000971_Nucleus	260	273	+	11.1006	5.32e-05	0.163	CTCATTTATTGTCC
M328_0.6	ELAVL2	hsa_circ_0000971_Nucleus	260	273	+	11.1006	5.32e-05	0.163	CTCATTTATTGTCC
M328_0.6	ELAVL2	hsa_circ_0000971_Cytoplasm	260	273	+	11.1006	5.32e-05	0.163	CTCATTTATTGTCC
M328_0.6	ELAVL2	hsa_circ_0072298_Cytoplasm	504	517	+	11.0828	5.41e-05	0.163	ATGATTTTAATTCC
M328_0.6	ELAVL2	hsa_circ_0020303_Cytoplasm	446	459	+	11.0769	5.43e-05	0.163	CTTATTTTTGTATT
M328_0.6	ELAVL2	hsa_circ_0000264_Nucleus	446	459	+	11.0769	5.43e-05	0.163	CTTATTTTTGTATT
M328_0.6	ELAVL2	hsa_circ_0000264_Cytoplasm	446	459	+	11.0769	5.43e-05	0.163	CTTATTTTTGTATT
M328_0.6	ELAVL2	mmu_circ_0000230_Cytoplasm	2504	2517	+	11.071	5.46e-05	0.163	ACAATTTTTTTTTC
M328_0.6	ELAVL2	mmu_circ_0001498_Cytoplasm	5294	5307	+	11.0592	5.52e-05	0.163	CACATTTATTTTTC
M328_0.6	ELAVL2	hsa_circ_0089763_Cytoplasm	6868	6881	+	11.0592	5.52e-05	0.163	ATTTTTTATTTTTA
M328_0.6	ELAVL2	hsa_circ_0089763_Mitochondrion	6868	6881	+	11.0592	5.52e-05	0.163	ATTTTTTATTTTTA
M328_0.6	ELAVL2	hsa_circ_0089761_Mitochondrion	8984	8997	+	11.0592	5.52e-05	0.163	ATTTTTTATTTTTA
M328_0.6	ELAVL2	hsa_circ_0089761_Cytoplasm	8984	8997	+	11.0592	5.52e-05	0.163	ATTTTTTATTTTTA
M328_0.6	ELAVL2	hsa_circ_0008003_Cytoplasm	171	184	+	11.0533	5.54e-05	0.163	TTCATTTTGTTTGG
M328_0.6	ELAVL2	hsa_circ_0005264_Cytoplasm	708	721	+	11.0473	5.57e-05	0.163	CTCCTGTTTATTCG
M328_0.6	ELAVL2	hsa_circ_0000212_Cytoplasm	3010	3023	+	11.0473	5.57e-05	0.163	TTTCTTTCCTTTTT
M328_0.6	ELAVL2	mmu_circ_0001498_Cytoplasm	4429	4442	+	11.0473	5.57e-05	0.163	TTTCTTTCCTTTTT
M328_0.6	ELAVL2	mmu_circ_0001498_Cytoplasm	4460	4473	+	11.0473	5.57e-05	0.163	TTTCTTTCCTTTTT
M328_0.6	ELAVL2	mmu_circ_0001498_Cytoplasm	4471	4484	+	11.0473	5.57e-05	0.163	TTTCTTTCCTTTTT
M328_0.6	ELAVL2	hsa_circ_0136474_Cytoplasm	837	850	+	11.0414	5.6e-05	0.163	GTTATTTGTATTTT
M328_0.6	ELAVL2	hsa_circ_0045521_Cytoplasm	3043	3056	+	11.0414	5.6e-05	0.163	CTTGTTTCTTTTTG
M328_0.6	ELAVL2	hsa_circ_0001491_Nucleus	184	197	+	11.0296	5.66e-05	0.163	CTAGTTTTTTTTCT
M328_0.6	ELAVL2	hsa_circ_0000527_Cytoplasm	5477	5490	+	11.0178	5.71e-05	0.163	CCCTTTTTTTTTTT
M328_0.6	ELAVL2	hsa_circ_0062677_Nucleus	658	671	+	11.0118	5.75e-05	0.163	CTCATTTGTTTGTG
M328_0.6	ELAVL2	hsa_circ_0062677_Cytoplasm	658	671	+	11.0118	5.75e-05	0.163	CTCATTTGTTTGTG
M328_0.6	ELAVL2	mmu_circ_0001662_Cytoplasm	218	231	+	11.0059	5.78e-05	0.163	CCGCTTTTCATTCG
M328_0.6	ELAVL2	hsa_circ_0062558_Cytoplasm	1090	1103	+	11.0059	5.78e-05	0.163	CTTCTTTTTCTATT
M328_0.6	ELAVL2	hsa_circ_0000282_Cytoplasm	3282	3295	+	11	5.81e-05	0.163	AATATTTCTTTTCT
M328_0.6	ELAVL2	hsa_circ_0061140_Cytoplasm	749	762	+	10.9704	5.96e-05	0.163	TTTTTTTTTTTTTC
M328_0.6	ELAVL2	hsa_circ_0005620_Nucleus	839	852	+	10.9704	5.96e-05	0.163	TTTTTTTTTTTTTC
M328_0.6	ELAVL2	hsa_circ_0062558_Cytoplasm	1040	1053	+	10.9704	5.96e-05	0.163	TTTTTTTTTTTTTA
M328_0.6	ELAVL2	hsa_circ_0022454_Cytoplasm	2227	2240	+	10.9704	5.96e-05	0.163	TTTTTTTTTTTTTC
M328_0.6	ELAVL2	hsa_circ_0062019_Cytoplasm	2511	2524	+	10.9704	5.96e-05	0.163	TTTTTTTTTTTTTA
M328_0.6	ELAVL2	hsa_circ_0045521_Cytoplasm	2750	2763	+	10.9704	5.96e-05	0.163	TTTTTTTTTTTTTA
M328_0.6	ELAVL2	hsa_circ_0000175_Cytoplasm	4183	4196	+	10.9704	5.96e-05	0.163	TTTTTTTTTTTTTA
M328_0.6	ELAVL2	hsa_circ_0086368_Cytoplasm	6445	6458	+	10.9704	5.96e-05	0.163	TTTTTTTTTTTTTA
M328_0.6	ELAVL2	hsa_circ_0086368_Cytoplasm	6836	6849	+	10.9704	5.96e-05	0.163	TTTTTTTTTTTTTA
M328_0.6	ELAVL2	hsa_circ_0054537_Cytoplasm	8236	8249	+	10.9704	5.96e-05	0.163	TTTTTTTTTTTTTC
M328_0.6	ELAVL2	hsa_circ_0001142_Cytoplasm	1304	1317	+	10.9645	5.99e-05	0.163	CTTCTTTGTATAAG
M328_0.6	ELAVL2	hsa_circ_0000175_Cytoplasm	4179	4192	+	10.9586	6.02e-05	0.163	AGCATTTTTTTTTT
M328_0.6	ELAVL2	hsa_circ_0016861_Cytoplasm	352	365	+	10.9527	6.05e-05	0.163	ATCATTTTGTGTCT
M328_0.6	ELAVL2	hsa_circ_0086452_Cytoplasm	1742	1755	+	10.9527	6.05e-05	0.163	CTGCTTTATCTTAG
M328_0.6	ELAVL2	hsa_circ_0000175_Cytoplasm	4677	4690	+	10.9527	6.05e-05	0.163	TTCATATTTTTTTT
M328_0.6	ELAVL2	hsa_circ_0086368_Cytoplasm	6822	6835	+	10.9527	6.05e-05	0.163	GTCTTTTTTTTTCT
M328_0.6	ELAVL2	hsa_circ_0089763_Cytoplasm	6865	6878	+	10.9527	6.05e-05	0.163	ATAATTTTTTATTT
M328_0.6	ELAVL2	hsa_circ_0089763_Mitochondrion	6865	6878	+	10.9527	6.05e-05	0.163	ATAATTTTTTATTT
M328_0.6	ELAVL2	hsa_circ_0089761_Mitochondrion	8981	8994	+	10.9527	6.05e-05	0.163	ATAATTTTTTATTT
M328_0.6	ELAVL2	hsa_circ_0089761_Cytoplasm	8981	8994	+	10.9527	6.05e-05	0.163	ATAATTTTTTATTT
M328_0.6	ELAVL2	hsa_circ_0089761_Mitochondrion	9041	9054	+	10.9527	6.05e-05	0.163	ATAATTTTTTATTT
M328_0.6	ELAVL2	hsa_circ_0089761_Cytoplasm	9041	9054	+	10.9527	6.05e-05	0.163	ATAATTTTTTATTT
M328_0.6	ELAVL2	hsa_circ_0045521_Cytoplasm	2751	2764	+	10.9467	6.09e-05	0.163	TTTTTTTTTTTTAT
M328_0.6	ELAVL2	hsa_circ_0086368_Cytoplasm	6837	6850	+	10.9467	6.09e-05	0.163	TTTTTTTTTTTTAT
M159_0.6	A2BP1	hsa_circ_0001236_Cytoplasm	10	16	+	11.4412	6.1e-05	1	TGCATGC
M159_0.6	A2BP1	hsa_circ_0081958_Nucleus	17	23	+	11.4412	6.1e-05	1	TGCATGC
M159_0.6	A2BP1	hsa_circ_0081958_Cytoplasm	17	23	+	11.4412	6.1e-05	1	TGCATGC
M159_0.6	A2BP1	hsa_circ_0000851_Cytoplasm	22	28	+	11.4412	6.1e-05	1	TGCATGC
M159_0.6	A2BP1	mmu_circ_0000332_Cytoplasm	54	60	+	11.4412	6.1e-05	1	TGCATGC
M159_0.6	A2BP1	mmu_circ_0000332_Nucleus	54	60	+	11.4412	6.1e-05	1	TGCATGC
M159_0.6	A2BP1	hsa_circ_0084904_Cytoplasm	82	88	+	11.4412	6.1e-05	1	TGCATGC
M159_0.6	A2BP1	hsa_circ_0085362_Nucleus	145	151	+	11.4412	6.1e-05	1	TGCATGC
M159_0.6	A2BP1	hsa_circ_0085362_Cytoplasm	145	151	+	11.4412	6.1e-05	1	TGCATGC
M159_0.6	A2BP1	hsa_circ_0006950_Cytoplasm	145	151	+	11.4412	6.1e-05	1	TGCATGC
M159_0.6	A2BP1	hsa_circ_0002638_Cytoplasm	153	159	+	11.4412	6.1e-05	1	TGCATGC
M159_0.6	A2BP1	hsa_circ_0001540_Cytosol	188	194	+	11.4412	6.1e-05	1	TGCATGC
M159_0.6	A2BP1	hsa_circ_0066523_Cytoplasm	190	196	+	11.4412	6.1e-05	1	TGCATGC
M159_0.6	A2BP1	hsa_circ_0066523_Nucleus	190	196	+	11.4412	6.1e-05	1	TGCATGC
M159_0.6	A2BP1	hsa_circ_0002638_Cytoplasm	213	219	+	11.4412	6.1e-05	1	TGCATGC
M159_0.6	A2BP1	hsa_circ_0003732_Cytoplasm	221	227	+	11.4412	6.1e-05	1	TGCATGC
M159_0.6	A2BP1	hsa_circ_0038467_Cytoplasm	237	243	+	11.4412	6.1e-05	1	TGCATGC
M159_0.6	A2BP1	hsa_circ_0038467_Cytoplasm	237	243	+	11.4412	6.1e-05	1	TGCATGC
M159_0.6	A2BP1	hsa_circ_0038467_Nucleus	237	243	+	11.4412	6.1e-05	1	TGCATGC
M159_0.6	A2BP1	hsa_circ_0003732_Cytoplasm	281	287	+	11.4412	6.1e-05	1	TGCATGC
M159_0.6	A2BP1	hsa_circ_0000759_Cytoplasm	333	339	+	11.4412	6.1e-05	1	TGCATGC
M159_0.6	A2BP1	hsa_circ_0000759_Cytoplasm	333	339	+	11.4412	6.1e-05	1	TGCATGC
M159_0.6	A2BP1	hsa_circ_0000759_Nucleus	333	339	+	11.4412	6.1e-05	1	TGCATGC
M159_0.6	A2BP1	hsa_circ_0064017_Cytoplasm	379	385	+	11.4412	6.1e-05	1	TGCATGC
M159_0.6	A2BP1	hsa_circ_0004585_Cytoplasm	401	407	+	11.4412	6.1e-05	1	TGCATGC
M159_0.6	A2BP1	hsa_circ_0008003_Cytoplasm	562	568	+	11.4412	6.1e-05	1	TGCATGC
M159_0.6	A2BP1	hsa_circ_0024028_Cytoplasm	760	766	+	11.4412	6.1e-05	1	TGCATGC
M159_0.6	A2BP1	hsa_circ_0082095_Cytoplasm	1109	1115	+	11.4412	6.1e-05	1	TGCATGC
M159_0.6	A2BP1	hsa_circ_0086368_Cytoplasm	1109	1115	+	11.4412	6.1e-05	1	TGCATGC
M159_0.6	A2BP1	mmu_circ_0000332_Cytoplasm	1126	1132	+	11.4412	6.1e-05	1	TGCATGC
M159_0.6	A2BP1	mmu_circ_0000332_Nucleus	1126	1132	+	11.4412	6.1e-05	1	TGCATGC
M159_0.6	A2BP1	hsa_circ_0000069_Cytoplasm	1182	1188	+	11.4412	6.1e-05	1	TGCATGC
M159_0.6	A2BP1	hsa_circ_0086452_Cytoplasm	1245	1251	+	11.4412	6.1e-05	1	TGCATGC
M159_0.6	A2BP1	hsa_circ_0086452_Cytoplasm	1305	1311	+	11.4412	6.1e-05	1	TGCATGC
M159_0.6	A2BP1	hsa_circ_0087783_Cytoplasm	1497	1503	+	11.4412	6.1e-05	1	TGCATGC
M159_0.6	A2BP1	hsa_circ_0001190_Nucleus	1513	1519	+	11.4412	6.1e-05	1	TGCATGC
M159_0.6	A2BP1	hsa_circ_0001190_Cytoplasm	1513	1519	+	11.4412	6.1e-05	1	TGCATGC
M159_0.6	A2BP1	hsa_circ_0089552_Cytoplasm	1565	1571	+	11.4412	6.1e-05	1	TGCATGC
M159_0.6	A2BP1	hsa_circ_0086368_Cytoplasm	1882	1888	+	11.4412	6.1e-05	1	TGCATGC
M159_0.6	A2BP1	hsa_circ_0032449_Cytoplasm	1936	1942	+	11.4412	6.1e-05	1	TGCATGC
M159_0.6	A2BP1	mmu_circ_0015409_Cytoplasm	1957	1963	+	11.4412	6.1e-05	1	TGCATGC
M159_0.6	A2BP1	hsa_circ_0024028_Cytoplasm	2019	2025	+	11.4412	6.1e-05	1	TGCATGC
M159_0.6	A2BP1	hsa_circ_0005620_Nucleus	2817	2823	+	11.4412	6.1e-05	1	TGCATGC
M159_0.6	A2BP1	hsa_circ_0000212_Cytoplasm	3671	3677	+	11.4412	6.1e-05	1	TGCATGC
M159_0.6	A2BP1	hsa_circ_0086368_Cytoplasm	5919	5925	+	11.4412	6.1e-05	1	TGCATGC
M159_0.6	A2BP1	hsa_circ_0086368_Cytoplasm	5979	5985	+	11.4412	6.1e-05	1	TGCATGC
M159_0.6	A2BP1	hsa_circ_0000527_Cytoplasm	7104	7110	+	11.4412	6.1e-05	1	TGCATGC
M158_0.6	HNRNPCL1	hsa_circ_0000212_Cytoplasm	4	10	+	11.5118	6.1e-05	0.347	ATTTTTT
M158_0.6	HNRNPCL1	hsa_circ_0003340_Cytoplasm	10	16	+	11.5118	6.1e-05	0.347	ATTTTTT
M158_0.6	HNRNPCL1	hsa_circ_0000264_Nucleus	11	17	+	11.5118	6.1e-05	0.347	ATTTTTT
M158_0.6	HNRNPCL1	hsa_circ_0000264_Cytoplasm	11	17	+	11.5118	6.1e-05	0.347	ATTTTTT
M158_0.6	HNRNPCL1	hsa_circ_0020303_Cytoplasm	11	17	+	11.5118	6.1e-05	0.347	ATTTTTT
M158_0.6	HNRNPCL1	mmu_circ_0007972_Cytoplasm	15	21	+	11.5118	6.1e-05	0.347	ATTTTTT
M158_0.6	HNRNPCL1	hsa_circ_0084443_Cytoplasm	28	34	+	11.5118	6.1e-05	0.347	ATTTTTT
M158_0.6	HNRNPCL1	hsa_circ_0084443_Cytoplasm	28	34	+	11.5118	6.1e-05	0.347	ATTTTTT
M158_0.6	HNRNPCL1	hsa_circ_0009065_Nucleus	37	43	+	11.5118	6.1e-05	0.347	ATTTTTT
M158_0.6	HNRNPCL1	hsa_circ_0009065_Cytoplasm	37	43	+	11.5118	6.1e-05	0.347	ATTTTTT
M158_0.6	HNRNPCL1	hsa_circ_0111277_Cytoplasm	40	46	+	11.5118	6.1e-05	0.347	ATTTTTT
M158_0.6	HNRNPCL1	hsa_circ_0111277_Cytoplasm	40	46	+	11.5118	6.1e-05	0.347	ATTTTTT
M158_0.6	HNRNPCL1	hsa_circ_0008304_Nucleus	47	53	+	11.5118	6.1e-05	0.347	ATTTTTT
M158_0.6	HNRNPCL1	hsa_circ_0008304_Cytoplasm	47	53	+	11.5118	6.1e-05	0.347	ATTTTTT
M158_0.6	HNRNPCL1	hsa_circ_0000212_Cytoplasm	64	70	+	11.5118	6.1e-05	0.347	ATTTTTT
M158_0.6	HNRNPCL1	hsa_circ_0001998_Cytoplasm	76	82	+	11.5118	6.1e-05	0.347	ATTTTTT
M158_0.6	HNRNPCL1	hsa_circ_0001451_Cytoplasm	95	101	+	11.5118	6.1e-05	0.347	ATTTTTT
M158_0.6	HNRNPCL1	hsa_circ_0003763_Nucleus	118	124	+	11.5118	6.1e-05	0.347	ATTTTTT
M158_0.6	HNRNPCL1	hsa_circ_0001998_Cytoplasm	136	142	+	11.5118	6.1e-05	0.347	ATTTTTT
M158_0.6	HNRNPCL1	hsa_circ_0001579_Cytoplasm	157	163	+	11.5118	6.1e-05	0.347	ATTTTTT
M158_0.6	HNRNPCL1	hsa_circ_0004390_Cytoplasm	174	180	+	11.5118	6.1e-05	0.347	ATTTTTT
M158_0.6	HNRNPCL1	hsa_circ_0004390_Cytoplasm	174	180	+	11.5118	6.1e-05	0.347	ATTTTTT
M158_0.6	HNRNPCL1	hsa_circ_0000285_Cytoplasm	215	221	+	11.5118	6.1e-05	0.347	ATTTTTT
M158_0.6	HNRNPCL1	hsa_circ_0092339_Nucleus	232	238	+	11.5118	6.1e-05	0.347	ATTTTTT
M158_0.6	HNRNPCL1	mmu_circ_0007972_Cytoplasm	258	264	+	11.5118	6.1e-05	0.347	ATTTTTT
M158_0.6	HNRNPCL1	hsa_circ_0071106_Nucleus	261	267	+	11.5118	6.1e-05	0.347	ATTTTTT
M158_0.6	HNRNPCL1	hsa_circ_0071106_Cytoplasm	261	267	+	11.5118	6.1e-05	0.347	ATTTTTT
M158_0.6	HNRNPCL1	hsa_circ_0008957_Cytoplasm	287	293	+	11.5118	6.1e-05	0.347	ATTTTTT
M158_0.6	HNRNPCL1	hsa_circ_0008726_Cytoplasm	293	299	+	11.5118	6.1e-05	0.347	ATTTTTT
M158_0.6	HNRNPCL1	hsa_circ_0086368_Cytoplasm	297	303	+	11.5118	6.1e-05	0.347	ATTTTTT
M158_0.6	HNRNPCL1	hsa_circ_0067681_Cytoplasm	310	316	+	11.5118	6.1e-05	0.347	ATTTTTT
M158_0.6	HNRNPCL1	hsa_circ_0001451_Cytoplasm	323	329	+	11.5118	6.1e-05	0.347	ATTTTTT
M158_0.6	HNRNPCL1	hsa_circ_0000869_Cytoplasm	327	333	+	11.5118	6.1e-05	0.347	ATTTTTT
M158_0.6	HNRNPCL1	hsa_circ_0000869_Nucleus	327	333	+	11.5118	6.1e-05	0.347	ATTTTTT
M158_0.6	HNRNPCL1	hsa_circ_0020093_Cytoplasm	328	334	+	11.5118	6.1e-05	0.347	ATTTTTT
M158_0.6	HNRNPCL1	hsa_circ_0008726_Cytoplasm	334	340	+	11.5118	6.1e-05	0.347	ATTTTTT
M158_0.6	HNRNPCL1	hsa_circ_0002699_Cytosol	342	348	+	11.5118	6.1e-05	0.347	ATTTTTT
M158_0.6	HNRNPCL1	hsa_circ_0069740_Cytoplasm	348	354	+	11.5118	6.1e-05	0.347	ATTTTTT
M158_0.6	HNRNPCL1	hsa_circ_0086368_Cytoplasm	357	363	+	11.5118	6.1e-05	0.347	ATTTTTT
M158_0.6	HNRNPCL1	hsa_circ_0000088_Cytoplasm	385	391	+	11.5118	6.1e-05	0.347	ATTTTTT
M158_0.6	HNRNPCL1	hsa_circ_0008797_Cytoplasm	403	409	+	11.5118	6.1e-05	0.347	ATTTTTT
M158_0.6	HNRNPCL1	hsa_circ_0104640_Cytoplasm	548	554	+	11.5118	6.1e-05	0.347	ATTTTTT
M158_0.6	HNRNPCL1	hsa_circ_0070512_Cytoplasm	633	639	+	11.5118	6.1e-05	0.347	ATTTTTT
M158_0.6	HNRNPCL1	hsa_circ_0085533_Cytoplasm	634	640	+	11.5118	6.1e-05	0.347	ATTTTTT
M158_0.6	HNRNPCL1	hsa_circ_0085533_Nucleus	634	640	+	11.5118	6.1e-05	0.347	ATTTTTT
M158_0.6	HNRNPCL1	hsa_circ_0025984_Cytoplasm	636	642	+	11.5118	6.1e-05	0.347	ATTTTTT
M158_0.6	HNRNPCL1	hsa_circ_0005620_Nucleus	663	669	+	11.5118	6.1e-05	0.347	ATTTTTT
M158_0.6	HNRNPCL1	hsa_circ_0001190_Cytoplasm	663	669	+	11.5118	6.1e-05	0.347	ATTTTTT
M158_0.6	HNRNPCL1	hsa_circ_0001190_Nucleus	663	669	+	11.5118	6.1e-05	0.347	ATTTTTT
M158_0.6	HNRNPCL1	hsa_circ_0004585_Cytoplasm	666	672	+	11.5118	6.1e-05	0.347	ATTTTTT
M158_0.6	HNRNPCL1	hsa_circ_0005620_Nucleus	681	687	+	11.5118	6.1e-05	0.347	ATTTTTT
M158_0.6	HNRNPCL1	hsa_circ_0084904_Cytoplasm	690	696	+	11.5118	6.1e-05	0.347	ATTTTTT
M158_0.6	HNRNPCL1	hsa_circ_0001460_Cytoplasm	704	710	+	11.5118	6.1e-05	0.347	ATTTTTT
M158_0.6	HNRNPCL1	hsa_circ_0000240_Cytoplasm	712	718	+	11.5118	6.1e-05	0.347	ATTTTTT
M158_0.6	HNRNPCL1	hsa_circ_0001190_Nucleus	723	729	+	11.5118	6.1e-05	0.347	ATTTTTT
M158_0.6	HNRNPCL1	hsa_circ_0001190_Cytoplasm	723	729	+	11.5118	6.1e-05	0.347	ATTTTTT
M158_0.6	HNRNPCL1	hsa_circ_0005620_Nucleus	723	729	+	11.5118	6.1e-05	0.347	ATTTTTT
M158_0.6	HNRNPCL1	hsa_circ_0001190_Cytoplasm	812	818	+	11.5118	6.1e-05	0.347	ATTTTTT
M158_0.6	HNRNPCL1	hsa_circ_0001190_Nucleus	812	818	+	11.5118	6.1e-05	0.347	ATTTTTT
M158_0.6	HNRNPCL1	hsa_circ_0045598_Cytoplasm	829	835	+	11.5118	6.1e-05	0.347	ATTTTTT
M158_0.6	HNRNPCL1	hsa_circ_0006309_Cytoplasm	903	909	+	11.5118	6.1e-05	0.347	ATTTTTT
M158_0.6	HNRNPCL1	hsa_circ_0006309_Nucleus	903	909	+	11.5118	6.1e-05	0.347	ATTTTTT
M158_0.6	HNRNPCL1	hsa_circ_0069234_Cytoplasm	1047	1053	+	11.5118	6.1e-05	0.347	ATTTTTT
M158_0.6	HNRNPCL1	hsa_circ_0089763_Mitochondrion	1106	1112	+	11.5118	6.1e-05	0.347	ATTTTTT
M158_0.6	HNRNPCL1	hsa_circ_0089763_Cytoplasm	1106	1112	+	11.5118	6.1e-05	0.347	ATTTTTT
M158_0.6	HNRNPCL1	hsa_circ_0077890_Cytoplasm	1277	1283	+	11.5118	6.1e-05	0.347	ATTTTTT
M158_0.6	HNRNPCL1	hsa_circ_0025984_Cytoplasm	1374	1380	+	11.5118	6.1e-05	0.347	ATTTTTT
M158_0.6	HNRNPCL1	hsa_circ_0069975_Cytoplasm	1635	1641	+	11.5118	6.1e-05	0.347	ATTTTTT
M158_0.6	HNRNPCL1	hsa_circ_0072298_Cytoplasm	1706	1712	+	11.5118	6.1e-05	0.347	ATTTTTT
M158_0.6	HNRNPCL1	hsa_circ_0001190_Nucleus	1731	1737	+	11.5118	6.1e-05	0.347	ATTTTTT
M158_0.6	HNRNPCL1	hsa_circ_0001190_Cytoplasm	1731	1737	+	11.5118	6.1e-05	0.347	ATTTTTT
M158_0.6	HNRNPCL1	hsa_circ_0077890_Cytoplasm	1792	1798	+	11.5118	6.1e-05	0.347	ATTTTTT
M158_0.6	HNRNPCL1	hsa_circ_0045521_Cytoplasm	1793	1799	+	11.5118	6.1e-05	0.347	ATTTTTT
M158_0.6	HNRNPCL1	hsa_circ_0022454_Cytoplasm	2077	2083	+	11.5118	6.1e-05	0.347	ATTTTTT
M158_0.6	HNRNPCL1	hsa_circ_0069975_Cytoplasm	2133	2139	+	11.5118	6.1e-05	0.347	ATTTTTT
M158_0.6	HNRNPCL1	hsa_circ_0086368_Cytoplasm	2133	2139	+	11.5118	6.1e-05	0.347	ATTTTTT
M158_0.6	HNRNPCL1	hsa_circ_0001959_Cytoplasm	2191	2197	+	11.5118	6.1e-05	0.347	ATTTTTT
M158_0.6	HNRNPCL1	hsa_circ_0001959_Nucleus	2191	2197	+	11.5118	6.1e-05	0.347	ATTTTTT
M158_0.6	HNRNPCL1	hsa_circ_0001959_Nucleus	2251	2257	+	11.5118	6.1e-05	0.347	ATTTTTT
M158_0.6	HNRNPCL1	hsa_circ_0001959_Cytoplasm	2251	2257	+	11.5118	6.1e-05	0.347	ATTTTTT
M158_0.6	HNRNPCL1	hsa_circ_0002699_Cytosol	2261	2267	+	11.5118	6.1e-05	0.347	ATTTTTT
M158_0.6	HNRNPCL1	hsa_circ_0000175_Cytoplasm	2333	2339	+	11.5118	6.1e-05	0.347	ATTTTTT
M158_0.6	HNRNPCL1	hsa_circ_0034161_Cytoplasm	2355	2361	+	11.5118	6.1e-05	0.347	ATTTTTT
M158_0.6	HNRNPCL1	hsa_circ_0034161_Nucleus	2355	2361	+	11.5118	6.1e-05	0.347	ATTTTTT
M158_0.6	HNRNPCL1	hsa_circ_0081572_Cytoplasm	2392	2398	+	11.5118	6.1e-05	0.347	ATTTTTT
M158_0.6	HNRNPCL1	hsa_circ_0030018_Cytoplasm	2492	2498	+	11.5118	6.1e-05	0.347	ATTTTTT
M158_0.6	HNRNPCL1	hsa_circ_0030018_Nucleus	2492	2498	+	11.5118	6.1e-05	0.347	ATTTTTT
M158_0.6	HNRNPCL1	mmu_circ_0000230_Cytoplasm	2507	2513	+	11.5118	6.1e-05	0.347	ATTTTTT
M158_0.6	HNRNPCL1	hsa_circ_0001959_Cytoplasm	2514	2520	+	11.5118	6.1e-05	0.347	ATTTTTT
M158_0.6	HNRNPCL1	hsa_circ_0001959_Nucleus	2514	2520	+	11.5118	6.1e-05	0.347	ATTTTTT
M158_0.6	HNRNPCL1	hsa_circ_0001959_Nucleus	2554	2560	+	11.5118	6.1e-05	0.347	ATTTTTT
M158_0.6	HNRNPCL1	hsa_circ_0001959_Cytoplasm	2554	2560	+	11.5118	6.1e-05	0.347	ATTTTTT
M158_0.6	HNRNPCL1	hsa_circ_0072298_Cytoplasm	2567	2573	+	11.5118	6.1e-05	0.347	ATTTTTT
M158_0.6	HNRNPCL1	hsa_circ_0086368_Cytoplasm	2589	2595	+	11.5118	6.1e-05	0.347	ATTTTTT
M158_0.6	HNRNPCL1	hsa_circ_0001959_Nucleus	2615	2621	+	11.5118	6.1e-05	0.347	ATTTTTT
M158_0.6	HNRNPCL1	hsa_circ_0001959_Cytoplasm	2615	2621	+	11.5118	6.1e-05	0.347	ATTTTTT
M158_0.6	HNRNPCL1	hsa_circ_0000212_Cytoplasm	2681	2687	+	11.5118	6.1e-05	0.347	ATTTTTT
M158_0.6	HNRNPCL1	hsa_circ_0000175_Cytoplasm	2705	2711	+	11.5118	6.1e-05	0.347	ATTTTTT
M158_0.6	HNRNPCL1	hsa_circ_0069975_Cytoplasm	2733	2739	+	11.5118	6.1e-05	0.347	ATTTTTT
M158_0.6	HNRNPCL1	hsa_circ_0000175_Cytoplasm	2765	2771	+	11.5118	6.1e-05	0.347	ATTTTTT
M158_0.6	HNRNPCL1	hsa_circ_0030018_Cytoplasm	2940	2946	+	11.5118	6.1e-05	0.347	ATTTTTT
M158_0.6	HNRNPCL1	hsa_circ_0030018_Nucleus	2940	2946	+	11.5118	6.1e-05	0.347	ATTTTTT
M158_0.6	HNRNPCL1	hsa_circ_0030018_Cytoplasm	3012	3018	+	11.5118	6.1e-05	0.347	ATTTTTT
M158_0.6	HNRNPCL1	hsa_circ_0030018_Nucleus	3012	3018	+	11.5118	6.1e-05	0.347	ATTTTTT
M158_0.6	HNRNPCL1	hsa_circ_0114428_Nucleus	3042	3048	+	11.5118	6.1e-05	0.347	ATTTTTT
M158_0.6	HNRNPCL1	hsa_circ_0114428_Cytoplasm	3042	3048	+	11.5118	6.1e-05	0.347	ATTTTTT
M158_0.6	HNRNPCL1	hsa_circ_0089761_Mitochondrion	3222	3228	+	11.5118	6.1e-05	0.347	ATTTTTT
M158_0.6	HNRNPCL1	hsa_circ_0089761_Cytoplasm	3222	3228	+	11.5118	6.1e-05	0.347	ATTTTTT
M158_0.6	HNRNPCL1	hsa_circ_0086368_Cytoplasm	3288	3294	+	11.5118	6.1e-05	0.347	ATTTTTT
M158_0.6	HNRNPCL1	hsa_circ_0025984_Cytoplasm	3303	3309	+	11.5118	6.1e-05	0.347	ATTTTTT
M158_0.6	HNRNPCL1	hsa_circ_0086368_Cytoplasm	3348	3354	+	11.5118	6.1e-05	0.347	ATTTTTT
M158_0.6	HNRNPCL1	mmu_circ_0000230_Cytoplasm	3387	3393	+	11.5118	6.1e-05	0.347	ATTTTTT
M158_0.6	HNRNPCL1	hsa_circ_0086368_Cytoplasm	3550	3556	+	11.5118	6.1e-05	0.347	ATTTTTT
M158_0.6	HNRNPCL1	hsa_circ_0054537_Cytoplasm	3673	3679	+	11.5118	6.1e-05	0.347	ATTTTTT
M158_0.6	HNRNPCL1	hsa_circ_0000282_Cytoplasm	3797	3803	+	11.5118	6.1e-05	0.347	ATTTTTT
M158_0.6	HNRNPCL1	hsa_circ_0000175_Cytoplasm	3820	3826	+	11.5118	6.1e-05	0.347	ATTTTTT
M158_0.6	HNRNPCL1	hsa_circ_0000282_Cytoplasm	3857	3863	+	11.5118	6.1e-05	0.347	ATTTTTT
M158_0.6	HNRNPCL1	hsa_circ_0086368_Cytoplasm	4141	4147	+	11.5118	6.1e-05	0.347	ATTTTTT
M158_0.6	HNRNPCL1	hsa_circ_0000175_Cytoplasm	4182	4188	+	11.5118	6.1e-05	0.347	ATTTTTT
M158_0.6	HNRNPCL1	hsa_circ_0072083_Cytoplasm	4230	4236	+	11.5118	6.1e-05	0.347	ATTTTTT
M158_0.6	HNRNPCL1	hsa_circ_0061140_Cytoplasm	4283	4289	+	11.5118	6.1e-05	0.347	ATTTTTT
M158_0.6	HNRNPCL1	hsa_circ_0086368_Cytoplasm	4316	4322	+	11.5118	6.1e-05	0.347	ATTTTTT
M158_0.6	HNRNPCL1	hsa_circ_0000282_Cytoplasm	4388	4394	+	11.5118	6.1e-05	0.347	ATTTTTT
M158_0.6	HNRNPCL1	hsa_circ_0000175_Cytoplasm	4613	4619	+	11.5118	6.1e-05	0.347	ATTTTTT
M158_0.6	HNRNPCL1	hsa_circ_0000175_Cytoplasm	4682	4688	+	11.5118	6.1e-05	0.347	ATTTTTT
M158_0.6	HNRNPCL1	hsa_circ_0000212_Cytoplasm	4721	4727	+	11.5118	6.1e-05	0.347	ATTTTTT
M158_0.6	HNRNPCL1	hsa_circ_0000282_Cytoplasm	4911	4917	+	11.5118	6.1e-05	0.347	ATTTTTT
M158_0.6	HNRNPCL1	hsa_circ_0072083_Cytoplasm	4921	4927	+	11.5118	6.1e-05	0.347	ATTTTTT
M158_0.6	HNRNPCL1	hsa_circ_0000212_Cytoplasm	4945	4951	+	11.5118	6.1e-05	0.347	ATTTTTT
M158_0.6	HNRNPCL1	hsa_circ_0086368_Cytoplasm	4988	4994	+	11.5118	6.1e-05	0.347	ATTTTTT
M158_0.6	HNRNPCL1	mmu_circ_0001498_Cytoplasm	5033	5039	+	11.5118	6.1e-05	0.347	ATTTTTT
M158_0.6	HNRNPCL1	hsa_circ_0000282_Cytoplasm	5072	5078	+	11.5118	6.1e-05	0.347	ATTTTTT
M158_0.6	HNRNPCL1	hsa_circ_0000282_Cytoplasm	5488	5494	+	11.5118	6.1e-05	0.347	ATTTTTT
M158_0.6	HNRNPCL1	hsa_circ_0000282_Cytoplasm	5581	5587	+	11.5118	6.1e-05	0.347	ATTTTTT
M158_0.6	HNRNPCL1	hsa_circ_0000527_Cytoplasm	5670	5676	+	11.5118	6.1e-05	0.347	ATTTTTT
M158_0.6	HNRNPCL1	hsa_circ_0086368_Cytoplasm	6391	6397	+	11.5118	6.1e-05	0.347	ATTTTTT
M158_0.6	HNRNPCL1	hsa_circ_0086368_Cytoplasm	6404	6410	+	11.5118	6.1e-05	0.347	ATTTTTT
M158_0.6	HNRNPCL1	hsa_circ_0089763_Mitochondrion	6868	6874	+	11.5118	6.1e-05	0.347	ATTTTTT
M158_0.6	HNRNPCL1	hsa_circ_0089763_Cytoplasm	6868	6874	+	11.5118	6.1e-05	0.347	ATTTTTT
M158_0.6	HNRNPCL1	hsa_circ_0089763_Mitochondrion	6928	6934	+	11.5118	6.1e-05	0.347	ATTTTTT
M158_0.6	HNRNPCL1	hsa_circ_0089763_Cytoplasm	6928	6934	+	11.5118	6.1e-05	0.347	ATTTTTT
M158_0.6	HNRNPCL1	hsa_circ_0086368_Cytoplasm	7528	7534	+	11.5118	6.1e-05	0.347	ATTTTTT
M158_0.6	HNRNPCL1	hsa_circ_0054537_Cytoplasm	7705	7711	+	11.5118	6.1e-05	0.347	ATTTTTT
M158_0.6	HNRNPCL1	hsa_circ_0054537_Cytoplasm	7789	7795	+	11.5118	6.1e-05	0.347	ATTTTTT
M158_0.6	HNRNPCL1	hsa_circ_0054537_Cytoplasm	8107	8113	+	11.5118	6.1e-05	0.347	ATTTTTT
M158_0.6	HNRNPCL1	hsa_circ_0054537_Cytoplasm	8167	8173	+	11.5118	6.1e-05	0.347	ATTTTTT
M158_0.6	HNRNPCL1	hsa_circ_0089761_Mitochondrion	8984	8990	+	11.5118	6.1e-05	0.347	ATTTTTT
M158_0.6	HNRNPCL1	hsa_circ_0089761_Cytoplasm	8984	8990	+	11.5118	6.1e-05	0.347	ATTTTTT
M158_0.6	HNRNPCL1	hsa_circ_0089761_Mitochondrion	9044	9050	+	11.5118	6.1e-05	0.347	ATTTTTT
M158_0.6	HNRNPCL1	hsa_circ_0089761_Cytoplasm	9044	9050	+	11.5118	6.1e-05	0.347	ATTTTTT
M158_0.6	HNRNPCL1	hsa_circ_0089761_Mitochondrion	9051	9057	+	11.5118	6.1e-05	0.347	ATTTTTT
M158_0.6	HNRNPCL1	hsa_circ_0089761_Cytoplasm	9051	9057	+	11.5118	6.1e-05	0.347	ATTTTTT
M111_0.6	CSDA	hsa_circ_0003192_Cytoplasm	15	21	+	11.4765	6.1e-05	0.447	AACATCA
M111_0.6	CSDA	hsa_circ_0000157_Cytoplasm	20	26	+	11.4765	6.1e-05	0.447	AACATCA
M111_0.6	CSDA	mmu_circ_0001542_Cytoplasm	24	30	+	11.4765	6.1e-05	0.447	AACATCA
M111_0.6	CSDA	hsa_circ_0000817_Cytoplasm	26	32	+	11.4765	6.1e-05	0.447	AACATCA
M111_0.6	CSDA	hsa_circ_0000816_Nucleus	26	32	+	11.4765	6.1e-05	0.447	AACATCA
M111_0.6	CSDA	hsa_circ_0006508_Cytoplasm	92	98	+	11.4765	6.1e-05	0.447	AACATCA
M111_0.6	CSDA	hsa_circ_0011173_Cytoplasm	93	99	+	11.4765	6.1e-05	0.447	AACATCA
M111_0.6	CSDA	hsa_circ_0000061_Cytoplasm	98	104	+	11.4765	6.1e-05	0.447	AACATCA
M111_0.6	CSDA	hsa_circ_0059906_Cytoplasm	117	123	+	11.4765	6.1e-05	0.447	AACATCA
M111_0.6	CSDA	hsa_circ_0001805_Nucleus	128	134	+	11.4765	6.1e-05	0.447	AACATCA
M111_0.6	CSDA	hsa_circ_0001805_Cytoplasm	128	134	+	11.4765	6.1e-05	0.447	AACATCA
M111_0.6	CSDA	hsa_circ_0001805_Cytoplasm	128	134	+	11.4765	6.1e-05	0.447	AACATCA
M111_0.6	CSDA	hsa_circ_0001312_Cytoplasm	150	156	+	11.4765	6.1e-05	0.447	AACATCA
M111_0.6	CSDA	hsa_circ_0004872_Cytoplasm	151	157	+	11.4765	6.1e-05	0.447	AACATCA
M111_0.6	CSDA	hsa_circ_0000828_Cytoplasm	152	158	+	11.4765	6.1e-05	0.447	AACATCA
M111_0.6	CSDA	hsa_circ_0000828_Cytoplasm	152	158	+	11.4765	6.1e-05	0.447	AACATCA
M111_0.6	CSDA	hsa_circ_0000828_Cytoplasm	152	158	+	11.4765	6.1e-05	0.447	AACATCA
M111_0.6	CSDA	hsa_circ_0069740_Cytoplasm	159	165	+	11.4765	6.1e-05	0.447	AACATCA
M111_0.6	CSDA	hsa_circ_0004240_Cytoplasm	160	166	+	11.4765	6.1e-05	0.447	AACATCA
M111_0.6	CSDA	hsa_circ_0004240_Cytoplasm	160	166	+	11.4765	6.1e-05	0.447	AACATCA
M111_0.6	CSDA	hsa_circ_0078616_Cytosol	167	173	+	11.4765	6.1e-05	0.447	AACATCA
M111_0.6	CSDA	hsa_circ_0002286_Cytoplasm	177	183	+	11.4765	6.1e-05	0.447	AACATCA
M111_0.6	CSDA	hsa_circ_0001277_Nucleus	187	193	+	11.4765	6.1e-05	0.447	AACATCA
M111_0.6	CSDA	hsa_circ_0001312_Cytoplasm	210	216	+	11.4765	6.1e-05	0.447	AACATCA
M111_0.6	CSDA	hsa_circ_0004872_Cytoplasm	211	217	+	11.4765	6.1e-05	0.447	AACATCA
M111_0.6	CSDA	hsa_circ_0000828_Cytoplasm	212	218	+	11.4765	6.1e-05	0.447	AACATCA
M111_0.6	CSDA	hsa_circ_0000828_Cytoplasm	212	218	+	11.4765	6.1e-05	0.447	AACATCA
M111_0.6	CSDA	hsa_circ_0000828_Cytoplasm	212	218	+	11.4765	6.1e-05	0.447	AACATCA
M111_0.6	CSDA	hsa_circ_0002692_Cytoplasm	225	231	+	11.4765	6.1e-05	0.447	AACATCA
M111_0.6	CSDA	hsa_circ_0114428_Cytoplasm	245	251	+	11.4765	6.1e-05	0.447	AACATCA
M111_0.6	CSDA	hsa_circ_0114428_Nucleus	245	251	+	11.4765	6.1e-05	0.447	AACATCA
M111_0.6	CSDA	hsa_circ_0084927_Cytoplasm	255	261	+	11.4765	6.1e-05	0.447	AACATCA
M111_0.6	CSDA	hsa_circ_0000344_Cytoplasm	262	268	+	11.4765	6.1e-05	0.447	AACATCA
M111_0.6	CSDA	hsa_circ_0004249_Cytoplasm	264	270	+	11.4765	6.1e-05	0.447	AACATCA
M111_0.6	CSDA	hsa_circ_0000943_Cytoplasm	270	276	+	11.4765	6.1e-05	0.447	AACATCA
M111_0.6	CSDA	hsa_circ_0002692_Cytoplasm	285	291	+	11.4765	6.1e-05	0.447	AACATCA
M111_0.6	CSDA	hsa_circ_0078367_Cytoplasm	293	299	+	11.4765	6.1e-05	0.447	AACATCA
M111_0.6	CSDA	hsa_circ_0001001_Cytoplasm	328	334	+	11.4765	6.1e-05	0.447	AACATCA
M111_0.6	CSDA	hsa_circ_0091579_Cytoplasm	352	358	+	11.4765	6.1e-05	0.447	AACATCA
M111_0.6	CSDA	hsa_circ_0078367_Cytoplasm	353	359	+	11.4765	6.1e-05	0.447	AACATCA
M111_0.6	CSDA	hsa_circ_0000279_Nucleus	362	368	+	11.4765	6.1e-05	0.447	AACATCA
M111_0.6	CSDA	hsa_circ_0000279_Cytoplasm	362	368	+	11.4765	6.1e-05	0.447	AACATCA
M111_0.6	CSDA	hsa_circ_0003310_Cytoplasm	372	378	+	11.4765	6.1e-05	0.447	AACATCA
M111_0.6	CSDA	hsa_circ_0010467_Cytoplasm	373	379	+	11.4765	6.1e-05	0.447	AACATCA
M111_0.6	CSDA	hsa_circ_0010467_Nucleus	373	379	+	11.4765	6.1e-05	0.447	AACATCA
M111_0.6	CSDA	hsa_circ_0001846_Cytoplasm	375	381	+	11.4765	6.1e-05	0.447	AACATCA
M111_0.6	CSDA	hsa_circ_0001846_Cytoplasm	375	381	+	11.4765	6.1e-05	0.447	AACATCA
M111_0.6	CSDA	hsa_circ_0001846_Nucleus	375	381	+	11.4765	6.1e-05	0.447	AACATCA
M111_0.6	CSDA	hsa_circ_0084443_Cytoplasm	388	394	+	11.4765	6.1e-05	0.447	AACATCA
M111_0.6	CSDA	hsa_circ_0084443_Cytoplasm	388	394	+	11.4765	6.1e-05	0.447	AACATCA
M111_0.6	CSDA	hsa_circ_0000615_Cytoplasm	403	409	+	11.4765	6.1e-05	0.447	AACATCA
M111_0.6	CSDA	hsa_circ_0000615_Cytoplasm	403	409	+	11.4765	6.1e-05	0.447	AACATCA
M111_0.6	CSDA	hsa_circ_0000615_Cytoplasm	403	409	+	11.4765	6.1e-05	0.447	AACATCA
M111_0.6	CSDA	hsa_circ_0005224_Cytoplasm	407	413	+	11.4765	6.1e-05	0.447	AACATCA
M111_0.6	CSDA	hsa_circ_0023984_Cytoplasm	424	430	+	11.4765	6.1e-05	0.447	AACATCA
M111_0.6	CSDA	hsa_circ_0023981_Cytoplasm	424	430	+	11.4765	6.1e-05	0.447	AACATCA
M111_0.6	CSDA	hsa_circ_0003310_Cytoplasm	432	438	+	11.4765	6.1e-05	0.447	AACATCA
M111_0.6	CSDA	hsa_circ_0063290_Cytoplasm	438	444	+	11.4765	6.1e-05	0.447	AACATCA
M111_0.6	CSDA	hsa_circ_0002991_Cytoplasm	457	463	+	11.4765	6.1e-05	0.447	AACATCA
M111_0.6	CSDA	hsa_circ_0060967_Cytoplasm	467	473	+	11.4765	6.1e-05	0.447	AACATCA
M111_0.6	CSDA	mmu_circ_0001386_Cytoplasm	469	475	+	11.4765	6.1e-05	0.447	AACATCA
M111_0.6	CSDA	hsa_circ_0004175_Cytoplasm	529	535	+	11.4765	6.1e-05	0.447	AACATCA
M111_0.6	CSDA	hsa_circ_0005526_Cytoplasm	602	608	+	11.4765	6.1e-05	0.447	AACATCA
M111_0.6	CSDA	hsa_circ_0005526_Nucleus	602	608	+	11.4765	6.1e-05	0.447	AACATCA
M111_0.6	CSDA	hsa_circ_0058124_Cytoplasm	611	617	+	11.4765	6.1e-05	0.447	AACATCA
M111_0.6	CSDA	hsa_circ_0008003_Cytoplasm	616	622	+	11.4765	6.1e-05	0.447	AACATCA
M111_0.6	CSDA	hsa_circ_0030042_Cytoplasm	626	632	+	11.4765	6.1e-05	0.447	AACATCA
M111_0.6	CSDA	hsa_circ_0006404_Cytoplasm	673	679	+	11.4765	6.1e-05	0.447	AACATCA
M111_0.6	CSDA	hsa_circ_0002474_Nucleus	686	692	+	11.4765	6.1e-05	0.447	AACATCA
M111_0.6	CSDA	hsa_circ_0002474_Cytoplasm	686	692	+	11.4765	6.1e-05	0.447	AACATCA
M111_0.6	CSDA	hsa_circ_0087371_Cytoplasm	688	694	+	11.4765	6.1e-05	0.447	AACATCA
M111_0.6	CSDA	hsa_circ_0088194_Cytoplasm	690	696	+	11.4765	6.1e-05	0.447	AACATCA
M111_0.6	CSDA	mmu_circ_0000230_Cytoplasm	700	706	+	11.4765	6.1e-05	0.447	AACATCA
M111_0.6	CSDA	hsa_circ_0007292_Cytoplasm	745	751	+	11.4765	6.1e-05	0.447	AACATCA
M111_0.6	CSDA	hsa_circ_0092367_Cytoplasm	918	924	+	11.4765	6.1e-05	0.447	AACATCA
M111_0.6	CSDA	hsa_circ_0001666_Cytoplasm	974	980	+	11.4765	6.1e-05	0.447	AACATCA
M111_0.6	CSDA	hsa_circ_0001666_Cytoplasm	974	980	+	11.4765	6.1e-05	0.447	AACATCA
M111_0.6	CSDA	hsa_circ_0007311_Cytoplasm	1052	1058	+	11.4765	6.1e-05	0.447	AACATCA
M111_0.6	CSDA	hsa_circ_0023981_Cytoplasm	1090	1096	+	11.4765	6.1e-05	0.447	AACATCA
M111_0.6	CSDA	hsa_circ_0001756_Cytoplasm	1174	1180	+	11.4765	6.1e-05	0.447	AACATCA
M111_0.6	CSDA	hsa_circ_0001756_Cytoplasm	1174	1180	+	11.4765	6.1e-05	0.447	AACATCA
M111_0.6	CSDA	hsa_circ_0001756_Cytoplasm	1174	1180	+	11.4765	6.1e-05	0.447	AACATCA
M111_0.6	CSDA	hsa_circ_0025030_Cytoplasm	1196	1202	+	11.4765	6.1e-05	0.447	AACATCA
M111_0.6	CSDA	hsa_circ_0138660_Cytoplasm	1217	1223	+	11.4765	6.1e-05	0.447	AACATCA
M111_0.6	CSDA	hsa_circ_0001756_Cytoplasm	1234	1240	+	11.4765	6.1e-05	0.447	AACATCA
M111_0.6	CSDA	hsa_circ_0001756_Cytoplasm	1234	1240	+	11.4765	6.1e-05	0.447	AACATCA
M111_0.6	CSDA	hsa_circ_0001756_Cytoplasm	1234	1240	+	11.4765	6.1e-05	0.447	AACATCA
M111_0.6	CSDA	hsa_circ_0088196_Cytoplasm	1353	1359	+	11.4765	6.1e-05	0.447	AACATCA
M111_0.6	CSDA	hsa_circ_0004585_Cytoplasm	1830	1836	+	11.4765	6.1e-05	0.447	AACATCA
M111_0.6	CSDA	hsa_circ_0004585_Cytoplasm	1890	1896	+	11.4765	6.1e-05	0.447	AACATCA
M111_0.6	CSDA	hsa_circ_0089552_Cytoplasm	2018	2024	+	11.4765	6.1e-05	0.447	AACATCA
M111_0.6	CSDA	mmu_circ_0000370_Cytoplasm	2065	2071	+	11.4765	6.1e-05	0.447	AACATCA
M111_0.6	CSDA	hsa_circ_0082095_Cytoplasm	2121	2127	+	11.4765	6.1e-05	0.447	AACATCA
M111_0.6	CSDA	hsa_circ_0082095_Cytoplasm	2181	2187	+	11.4765	6.1e-05	0.447	AACATCA
M111_0.6	CSDA	hsa_circ_0001666_Cytoplasm	2191	2197	+	11.4765	6.1e-05	0.447	AACATCA
M111_0.6	CSDA	hsa_circ_0001666_Cytoplasm	2191	2197	+	11.4765	6.1e-05	0.447	AACATCA
M111_0.6	CSDA	hsa_circ_0001666_Cytoplasm	2251	2257	+	11.4765	6.1e-05	0.447	AACATCA
M111_0.6	CSDA	hsa_circ_0001666_Cytoplasm	2251	2257	+	11.4765	6.1e-05	0.447	AACATCA
M111_0.6	CSDA	hsa_circ_0089552_Cytoplasm	2289	2295	+	11.4765	6.1e-05	0.447	AACATCA
M111_0.6	CSDA	hsa_circ_0128846_Cytoplasm	2290	2296	+	11.4765	6.1e-05	0.447	AACATCA
M111_0.6	CSDA	hsa_circ_0020397_Cytoplasm	2348	2354	+	11.4765	6.1e-05	0.447	AACATCA
M111_0.6	CSDA	hsa_circ_0072083_Cytoplasm	2416	2422	+	11.4765	6.1e-05	0.447	AACATCA
M111_0.6	CSDA	hsa_circ_0085362_Nucleus	2427	2433	+	11.4765	6.1e-05	0.447	AACATCA
M111_0.6	CSDA	hsa_circ_0085362_Cytoplasm	2427	2433	+	11.4765	6.1e-05	0.447	AACATCA
M111_0.6	CSDA	hsa_circ_0030018_Nucleus	2428	2434	+	11.4765	6.1e-05	0.447	AACATCA
M111_0.6	CSDA	hsa_circ_0030018_Cytoplasm	2428	2434	+	11.4765	6.1e-05	0.447	AACATCA
M111_0.6	CSDA	hsa_circ_0072083_Cytoplasm	2476	2482	+	11.4765	6.1e-05	0.447	AACATCA
M111_0.6	CSDA	mmu_circ_0000230_Cytoplasm	2643	2649	+	11.4765	6.1e-05	0.447	AACATCA
M111_0.6	CSDA	hsa_circ_0089552_Cytoplasm	2712	2718	+	11.4765	6.1e-05	0.447	AACATCA
M111_0.6	CSDA	hsa_circ_0025984_Cytoplasm	3295	3301	+	11.4765	6.1e-05	0.447	AACATCA
M111_0.6	CSDA	hsa_circ_0049116_Nucleus	3299	3305	+	11.4765	6.1e-05	0.447	AACATCA
M111_0.6	CSDA	hsa_circ_0049116_Cytoplasm	3299	3305	+	11.4765	6.1e-05	0.447	AACATCA
M111_0.6	CSDA	hsa_circ_0002699_Cytosol	4471	4477	+	11.4765	6.1e-05	0.447	AACATCA
M111_0.6	CSDA	hsa_circ_0000212_Cytoplasm	4585	4591	+	11.4765	6.1e-05	0.447	AACATCA
M111_0.6	CSDA	hsa_circ_0019222_Nucleus	4639	4645	+	11.4765	6.1e-05	0.447	AACATCA
M111_0.6	CSDA	hsa_circ_0019222_Cytoplasm	4639	4645	+	11.4765	6.1e-05	0.447	AACATCA
M111_0.6	CSDA	hsa_circ_0000527_Cytoplasm	5334	5340	+	11.4765	6.1e-05	0.447	AACATCA
M111_0.6	CSDA	hsa_circ_0000527_Cytoplasm	5394	5400	+	11.4765	6.1e-05	0.447	AACATCA
M111_0.6	CSDA	hsa_circ_0054537_Cytoplasm	8002	8008	+	11.4765	6.1e-05	0.447	AACATCA
M074_0.6	TARDBP	mmu_circ_0000271_Nucleus	6	13	+	10.8689	6.1e-05	0.273	TGAATGAA
M074_0.6	TARDBP	mmu_circ_0000271_Cytoplasm	6	13	+	10.8689	6.1e-05	0.273	TGAATGAA
M074_0.6	TARDBP	mmu_circ_0000271_Cytoplasm	6	13	+	10.8689	6.1e-05	0.273	TGAATGAA
M074_0.6	TARDBP	hsa_circ_0001633_Cytoplasm	20	27	+	10.8689	6.1e-05	0.273	TGAATGAA
M074_0.6	TARDBP	hsa_circ_0001633_Cytoplasm	20	27	+	10.8689	6.1e-05	0.273	TGAATGAA
M074_0.6	TARDBP	hsa_circ_0030042_Cytoplasm	50	57	+	10.8689	6.1e-05	0.273	AGAATGAA
M074_0.6	TARDBP	mmu_circ_0000271_Nucleus	66	73	+	10.8689	6.1e-05	0.273	TGAATGAA
M074_0.6	TARDBP	mmu_circ_0000271_Cytoplasm	66	73	+	10.8689	6.1e-05	0.273	TGAATGAA
M074_0.6	TARDBP	mmu_circ_0000271_Cytoplasm	66	73	+	10.8689	6.1e-05	0.273	TGAATGAA
M074_0.6	TARDBP	hsa_circ_0001479_Cytoplasm	99	106	+	10.8689	6.1e-05	0.273	TGAATGAA
M074_0.6	TARDBP	hsa_circ_0002874_Nucleus	109	116	+	10.8689	6.1e-05	0.273	AGAATGAA
M074_0.6	TARDBP	hsa_circ_0002874_Cytoplasm	109	116	+	10.8689	6.1e-05	0.273	AGAATGAA
M074_0.6	TARDBP	hsa_circ_0002874_Cytoplasm	109	116	+	10.8689	6.1e-05	0.273	AGAATGAA
M074_0.6	TARDBP	hsa_circ_0002874_Cytoplasm	109	116	+	10.8689	6.1e-05	0.273	AGAATGAA
M074_0.6	TARDBP	hsa_circ_0000231_Cytoplasm	121	128	+	10.8689	6.1e-05	0.273	TGAATGAA
M074_0.6	TARDBP	hsa_circ_0074269_Cytoplasm	125	132	+	10.8689	6.1e-05	0.273	TGAATGAA
M074_0.6	TARDBP	hsa_circ_0007321_Cytoplasm	125	132	+	10.8689	6.1e-05	0.273	AGAATGAA
M074_0.6	TARDBP	hsa_circ_0071332_Cytoplasm	142	149	+	10.8689	6.1e-05	0.273	AGAATGAA
M074_0.6	TARDBP	hsa_circ_0002485_Nucleus	142	149	+	10.8689	6.1e-05	0.273	AGAATGAA
M074_0.6	TARDBP	hsa_circ_0071332_Nucleus	142	149	+	10.8689	6.1e-05	0.273	AGAATGAA
M074_0.6	TARDBP	hsa_circ_0002485_Cytoplasm	142	149	+	10.8689	6.1e-05	0.273	AGAATGAA
M074_0.6	TARDBP	mmu_circ_0000468_Cytoplasm	162	169	+	10.8689	6.1e-05	0.273	TGAATGAA
M074_0.6	TARDBP	hsa_circ_0003748_Cytoplasm	166	173	+	10.8689	6.1e-05	0.273	AGAATGAA
M074_0.6	TARDBP	hsa_circ_0038632_Cytoplasm	169	176	+	10.8689	6.1e-05	0.273	TGAATGAA
M074_0.6	TARDBP	hsa_circ_0001445_Cytoplasm	186	193	+	10.8689	6.1e-05	0.273	TGAATGAA
M074_0.6	TARDBP	hsa_circ_0001445_Nucleus	186	193	+	10.8689	6.1e-05	0.273	TGAATGAA
M074_0.6	TARDBP	hsa_circ_0131663_Cytoplasm	194	201	+	10.8689	6.1e-05	0.273	TGAATGAA
M074_0.6	TARDBP	hsa_circ_0001312_Cytoplasm	195	202	+	10.8689	6.1e-05	0.273	AGAATGAA
M074_0.6	TARDBP	hsa_circ_0004296_Nucleus	198	205	+	10.8689	6.1e-05	0.273	TGAATGAA
M074_0.6	TARDBP	hsa_circ_0000745_Cytoplasm	226	233	+	10.8689	6.1e-05	0.273	AGAATGAA
M074_0.6	TARDBP	hsa_circ_0001746_Cytoplasm	279	286	+	10.8689	6.1e-05	0.273	AGAATGAA
M074_0.6	TARDBP	hsa_circ_0062677_Nucleus	300	307	+	10.8689	6.1e-05	0.273	AGAATGAA
M074_0.6	TARDBP	hsa_circ_0062677_Cytoplasm	300	307	+	10.8689	6.1e-05	0.273	AGAATGAA
M074_0.6	TARDBP	hsa_circ_0004999_Cytoplasm	308	315	+	10.8689	6.1e-05	0.273	AGAATGAA
M074_0.6	TARDBP	hsa_circ_0124554_Nucleus	363	370	+	10.8689	6.1e-05	0.273	TGAATGAA
M074_0.6	TARDBP	hsa_circ_0124554_Cytoplasm	363	370	+	10.8689	6.1e-05	0.273	TGAATGAA
M074_0.6	TARDBP	hsa_circ_0004018_Cytoplasm	367	374	+	10.8689	6.1e-05	0.273	AGAATGAA
M074_0.6	TARDBP	mmu_circ_0001589_Neurite	391	398	+	10.8689	6.1e-05	0.273	AGAATGAA
M074_0.6	TARDBP	mmu_circ_0001589_Cell	391	398	+	10.8689	6.1e-05	0.273	AGAATGAA
M074_0.6	TARDBP	hsa_circ_0004018_Cytoplasm	427	434	+	10.8689	6.1e-05	0.273	AGAATGAA
M074_0.6	TARDBP	mmu_circ_0001470_Cytoplasm	434	441	+	10.8689	6.1e-05	0.273	TGAATGAA
M074_0.6	TARDBP	hsa_circ_0000759_Nucleus	435	442	+	10.8689	6.1e-05	0.273	TGAATGAA
M074_0.6	TARDBP	hsa_circ_0000759_Cytoplasm	435	442	+	10.8689	6.1e-05	0.273	TGAATGAA
M074_0.6	TARDBP	hsa_circ_0000759_Cytoplasm	435	442	+	10.8689	6.1e-05	0.273	TGAATGAA
M074_0.6	TARDBP	hsa_circ_0007290_Cytoplasm	435	442	+	10.8689	6.1e-05	0.273	AGAATGAA
M074_0.6	TARDBP	mmu_circ_0001583_Cytoplasm	453	460	+	10.8689	6.1e-05	0.273	AGAATGAA
M074_0.6	TARDBP	hsa_circ_0104103_Nucleus	463	470	+	10.8689	6.1e-05	0.273	AGAATGAA
M074_0.6	TARDBP	hsa_circ_0038632_Cytoplasm	464	471	+	10.8689	6.1e-05	0.273	AGAATGAA
M074_0.6	TARDBP	hsa_circ_0003028_Cytoplasm	472	479	+	10.8689	6.1e-05	0.273	AGAATGAA
M074_0.6	TARDBP	hsa_circ_0017252_Cytoplasm	549	556	+	10.8689	6.1e-05	0.273	AGAATGAA
M074_0.6	TARDBP	hsa_circ_0004623_Cytoplasm	564	571	+	10.8689	6.1e-05	0.273	AGAATGAA
M074_0.6	TARDBP	hsa_circ_0004623_Cytoplasm	564	571	+	10.8689	6.1e-05	0.273	AGAATGAA
M074_0.6	TARDBP	hsa_circ_0000711_Cytoplasm	588	595	+	10.8689	6.1e-05	0.273	TGAATGAA
M074_0.6	TARDBP	hsa_circ_0000711_Cytoplasm	588	595	+	10.8689	6.1e-05	0.273	TGAATGAA
M074_0.6	TARDBP	hsa_circ_0019222_Cytoplasm	594	601	+	10.8689	6.1e-05	0.273	TGAATGAA
M074_0.6	TARDBP	hsa_circ_0019222_Nucleus	594	601	+	10.8689	6.1e-05	0.273	TGAATGAA
M074_0.6	TARDBP	hsa_circ_0001998_Cytoplasm	596	603	+	10.8689	6.1e-05	0.273	AGAATGAA
M074_0.6	TARDBP	hsa_circ_0000711_Cytoplasm	648	655	+	10.8689	6.1e-05	0.273	TGAATGAA
M074_0.6	TARDBP	hsa_circ_0000711_Cytoplasm	648	655	+	10.8689	6.1e-05	0.273	TGAATGAA
M074_0.6	TARDBP	hsa_circ_0067681_Cytoplasm	780	787	+	10.8689	6.1e-05	0.273	TGAATGAA
M074_0.6	TARDBP	hsa_circ_0002689_Cytoplasm	799	806	+	10.8689	6.1e-05	0.273	AGAATGAA
M074_0.6	TARDBP	hsa_circ_0025984_Cytoplasm	800	807	+	10.8689	6.1e-05	0.273	AGAATGAA
M074_0.6	TARDBP	mmu_circ_0001052_Nucleus	861	868	+	10.8689	6.1e-05	0.273	AGAATGAA
M074_0.6	TARDBP	mmu_circ_0001052_Cytoplasm	861	868	+	10.8689	6.1e-05	0.273	AGAATGAA
M074_0.6	TARDBP	mmu_circ_0001052_Cytoplasm	861	868	+	10.8689	6.1e-05	0.273	AGAATGAA
M074_0.6	TARDBP	mmu_circ_0001052_Cytoplasm	861	868	+	10.8689	6.1e-05	0.273	AGAATGAA
M074_0.6	TARDBP	hsa_circ_0001805_Cytoplasm	903	910	+	10.8689	6.1e-05	0.273	AGAATGAA
M074_0.6	TARDBP	hsa_circ_0001805_Nucleus	903	910	+	10.8689	6.1e-05	0.273	AGAATGAA
M074_0.6	TARDBP	hsa_circ_0001805_Cytoplasm	903	910	+	10.8689	6.1e-05	0.273	AGAATGAA
M074_0.6	TARDBP	mmu_circ_0001470_Cytoplasm	946	953	+	10.8689	6.1e-05	0.273	AGAATGAA
M074_0.6	TARDBP	hsa_circ_0000284_Nucleus	1017	1024	+	10.8689	6.1e-05	0.273	TGAATGAA
M074_0.6	TARDBP	hsa_circ_0000284_Cytoplasm	1017	1024	+	10.8689	6.1e-05	0.273	TGAATGAA
M074_0.6	TARDBP	hsa_circ_0000284_Nucleus	1017	1024	+	10.8689	6.1e-05	0.273	TGAATGAA
M074_0.6	TARDBP	hsa_circ_0000284_Cytoplasm	1017	1024	+	10.8689	6.1e-05	0.273	TGAATGAA
M074_0.6	TARDBP	hsa_circ_0000284_Cytoplasm	1017	1024	+	10.8689	6.1e-05	0.273	TGAATGAA
M074_0.6	TARDBP	hsa_circ_0000284_Cytoplasm	1017	1024	+	10.8689	6.1e-05	0.273	TGAATGAA
M074_0.6	TARDBP	hsa_circ_0000284_Cytoplasm	1017	1024	+	10.8689	6.1e-05	0.273	TGAATGAA
M074_0.6	TARDBP	hsa_circ_0000284_Cytoplasm	1017	1024	+	10.8689	6.1e-05	0.273	TGAATGAA
M074_0.6	TARDBP	hsa_circ_0000284_Cytoplasm	1017	1024	+	10.8689	6.1e-05	0.273	TGAATGAA
M074_0.6	TARDBP	hsa_circ_0000284_Cytoplasm	1017	1024	+	10.8689	6.1e-05	0.273	TGAATGAA
M074_0.6	TARDBP	hsa_circ_0000284_Cytoplasm	1017	1024	+	10.8689	6.1e-05	0.273	TGAATGAA
M074_0.6	TARDBP	hsa_circ_0000284_Cytoplasm	1017	1024	+	10.8689	6.1e-05	0.273	TGAATGAA
M074_0.6	TARDBP	hsa_circ_0000284_Cytoplasm	1017	1024	+	10.8689	6.1e-05	0.273	TGAATGAA
M074_0.6	TARDBP	mmu_circ_0000382_Cytoplasm	1022	1029	+	10.8689	6.1e-05	0.273	AGAATGAA
M074_0.6	TARDBP	hsa_circ_0061140_Cytoplasm	1076	1083	+	10.8689	6.1e-05	0.273	AGAATGAA
M074_0.6	TARDBP	hsa_circ_0109046_Cytoplasm	1205	1212	+	10.8689	6.1e-05	0.273	AGAATGAA
M074_0.6	TARDBP	hsa_circ_0000745_Cytoplasm	1293	1300	+	10.8689	6.1e-05	0.273	AGAATGAA
M074_0.6	TARDBP	hsa_circ_0082095_Cytoplasm	1360	1367	+	10.8689	6.1e-05	0.273	AGAATGAA
M074_0.6	TARDBP	hsa_circ_0030018_Cytoplasm	1465	1472	+	10.8689	6.1e-05	0.273	TGAATGAA
M074_0.6	TARDBP	hsa_circ_0030018_Nucleus	1465	1472	+	10.8689	6.1e-05	0.273	TGAATGAA
M074_0.6	TARDBP	hsa_circ_0030018_Cytoplasm	1525	1532	+	10.8689	6.1e-05	0.273	TGAATGAA
M074_0.6	TARDBP	hsa_circ_0030018_Nucleus	1525	1532	+	10.8689	6.1e-05	0.273	TGAATGAA
M074_0.6	TARDBP	hsa_circ_0024028_Cytoplasm	1828	1835	+	10.8689	6.1e-05	0.273	TGAATGAA
M074_0.6	TARDBP	hsa_circ_0024028_Cytoplasm	1888	1895	+	10.8689	6.1e-05	0.273	TGAATGAA
M074_0.6	TARDBP	hsa_circ_0024028_Cytoplasm	1907	1914	+	10.8689	6.1e-05	0.273	AGAATGAA
M074_0.6	TARDBP	hsa_circ_0062019_Cytoplasm	2533	2540	+	10.8689	6.1e-05	0.273	AGAATGAA
M074_0.6	TARDBP	hsa_circ_0082095_Cytoplasm	2731	2738	+	10.8689	6.1e-05	0.273	AGAATGAA
M074_0.6	TARDBP	hsa_circ_0030018_Cytoplasm	3217	3224	+	10.8689	6.1e-05	0.273	TGAATGAA
M074_0.6	TARDBP	hsa_circ_0030018_Nucleus	3217	3224	+	10.8689	6.1e-05	0.273	TGAATGAA
M074_0.6	TARDBP	hsa_circ_0030018_Cytoplasm	3233	3240	+	10.8689	6.1e-05	0.273	TGAATGAA
M074_0.6	TARDBP	hsa_circ_0030018_Nucleus	3233	3240	+	10.8689	6.1e-05	0.273	TGAATGAA
M074_0.6	TARDBP	hsa_circ_0086368_Cytoplasm	3868	3875	+	10.8689	6.1e-05	0.273	TGAATGAA
M074_0.6	TARDBP	hsa_circ_0086368_Cytoplasm	3928	3935	+	10.8689	6.1e-05	0.273	AGAATGAA
M074_0.6	TARDBP	hsa_circ_0086368_Cytoplasm	4857	4864	+	10.8689	6.1e-05	0.273	TGAATGAA
M074_0.6	TARDBP	mmu_circ_0001498_Cytoplasm	5695	5702	+	10.8689	6.1e-05	0.273	TGAATGAA
M074_0.6	TARDBP	mmu_circ_0001498_Cytoplasm	5755	5762	+	10.8689	6.1e-05	0.273	TGAATGAA
M074_0.6	TARDBP	hsa_circ_0089763_Mitochondrion	6115	6122	+	10.8689	6.1e-05	0.273	AGAATGAA
M074_0.6	TARDBP	hsa_circ_0089763_Cytoplasm	6115	6122	+	10.8689	6.1e-05	0.273	AGAATGAA
M074_0.6	TARDBP	hsa_circ_0089763_Mitochondrion	6804	6811	+	10.8689	6.1e-05	0.273	TGAATGAA
M074_0.6	TARDBP	hsa_circ_0089763_Cytoplasm	6804	6811	+	10.8689	6.1e-05	0.273	TGAATGAA
M074_0.6	TARDBP	hsa_circ_0089761_Cytoplasm	8920	8927	+	10.8689	6.1e-05	0.273	TGAATGAA
M074_0.6	TARDBP	hsa_circ_0089761_Mitochondrion	8920	8927	+	10.8689	6.1e-05	0.273	TGAATGAA
M069_0.6	SNRPA	hsa_circ_0008957_Cytoplasm	8	14	+	11.3706	6.1e-05	0.915	TTGCACA
M069_0.6	SNRPA	hsa_circ_0072298_Cytoplasm	12	18	+	11.3706	6.1e-05	0.915	TTGCACA
M069_0.6	SNRPA	hsa_circ_0129047_Cytoplasm	12	18	+	11.3706	6.1e-05	0.915	TTGCACA
M069_0.6	SNRPA	hsa_circ_0003441_Nucleus	28	34	+	11.3706	6.1e-05	0.915	TTGCACA
M069_0.6	SNRPA	hsa_circ_0003441_Cytoplasm	28	34	+	11.3706	6.1e-05	0.915	TTGCACA
M069_0.6	SNRPA	mmu_circ_0001662_Cytoplasm	44	50	+	11.3706	6.1e-05	0.915	TTGCACA
M069_0.6	SNRPA	hsa_circ_0013290_Cytoplasm	131	137	+	11.3706	6.1e-05	0.915	TTGCACA
M069_0.6	SNRPA	hsa_circ_0022454_Cytoplasm	132	138	+	11.3706	6.1e-05	0.915	TTGCACA
M069_0.6	SNRPA	hsa_circ_0000782_Cytoplasm	172	178	+	11.3706	6.1e-05	0.915	TTGCACA
M069_0.6	SNRPA	hsa_circ_0000782_Cytoplasm	172	178	+	11.3706	6.1e-05	0.915	TTGCACA
M069_0.6	SNRPA	hsa_circ_0004087_Cytoplasm	174	180	+	11.3706	6.1e-05	0.915	TTGCACA
M069_0.6	SNRPA	hsa_circ_0056854_Cytoplasm	175	181	+	11.3706	6.1e-05	0.915	TTGCACA
M069_0.6	SNRPA	hsa_circ_0056854_Nucleus	175	181	+	11.3706	6.1e-05	0.915	TTGCACA
M069_0.6	SNRPA	hsa_circ_0056854_Cytoplasm	175	181	+	11.3706	6.1e-05	0.915	TTGCACA
M069_0.6	SNRPA	hsa_circ_0002267_Cytoplasm	186	192	+	11.3706	6.1e-05	0.915	TTGCACA
M069_0.6	SNRPA	hsa_circ_0000684_Cytoplasm	188	194	+	11.3706	6.1e-05	0.915	TTGCACA
M069_0.6	SNRPA	hsa_circ_0002232_Mitochondrion	322	328	+	11.3706	6.1e-05	0.915	TTGCACA
M069_0.6	SNRPA	hsa_circ_0002232_Cytoplasm	322	328	+	11.3706	6.1e-05	0.915	TTGCACA
M069_0.6	SNRPA	hsa_circ_0003441_Cytoplasm	326	332	+	11.3706	6.1e-05	0.915	TTGCACA
M069_0.6	SNRPA	hsa_circ_0003441_Nucleus	326	332	+	11.3706	6.1e-05	0.915	TTGCACA
M069_0.6	SNRPA	hsa_circ_0077231_Cytoplasm	433	439	+	11.3706	6.1e-05	0.915	TTGCACA
M069_0.6	SNRPA	hsa_circ_0002286_Cytoplasm	447	453	+	11.3706	6.1e-05	0.915	TTGCACA
M069_0.6	SNRPA	hsa_circ_0002314_Cytoplasm	498	504	+	11.3706	6.1e-05	0.915	TTGCACA
M069_0.6	SNRPA	hsa_circ_0006952_Cytoplasm	830	836	+	11.3706	6.1e-05	0.915	TTGCACA
M069_0.6	SNRPA	hsa_circ_0006952_Nucleus	830	836	+	11.3706	6.1e-05	0.915	TTGCACA
M069_0.6	SNRPA	hsa_circ_0103232_Cytoplasm	875	881	+	11.3706	6.1e-05	0.915	TTGCACA
M069_0.6	SNRPA	hsa_circ_0000096_Cytoplasm	969	975	+	11.3706	6.1e-05	0.915	TTGCACA
M069_0.6	SNRPA	hsa_circ_0058511_Cytoplasm	1116	1122	+	11.3706	6.1e-05	0.915	TTGCACA
M069_0.6	SNRPA	hsa_circ_0000069_Cytoplasm	1172	1178	+	11.3706	6.1e-05	0.915	TTGCACA
M069_0.6	SNRPA	hsa_circ_0000069_Cytoplasm	1232	1238	+	11.3706	6.1e-05	0.915	TTGCACA
M069_0.6	SNRPA	hsa_circ_0030586_Cytoplasm	1360	1366	+	11.3706	6.1e-05	0.915	TTGCACA
M069_0.6	SNRPA	hsa_circ_0001190_Nucleus	1541	1547	+	11.3706	6.1e-05	0.915	TTGCACA
M069_0.6	SNRPA	hsa_circ_0001190_Cytoplasm	1541	1547	+	11.3706	6.1e-05	0.915	TTGCACA
M069_0.6	SNRPA	hsa_circ_0082095_Cytoplasm	1648	1654	+	11.3706	6.1e-05	0.915	TTGCACA
M069_0.6	SNRPA	hsa_circ_0000745_Cytoplasm	1748	1754	+	11.3706	6.1e-05	0.915	TTGCACA
M069_0.6	SNRPA	hsa_circ_0005332_Nucleus	1884	1890	+	11.3706	6.1e-05	0.915	TTGCACA
M069_0.6	SNRPA	hsa_circ_0114428_Cytoplasm	2005	2011	+	11.3706	6.1e-05	0.915	TTGCACA
M069_0.6	SNRPA	hsa_circ_0114428_Nucleus	2005	2011	+	11.3706	6.1e-05	0.915	TTGCACA
M069_0.6	SNRPA	hsa_circ_0001979_Cytoplasm	2015	2021	+	11.3706	6.1e-05	0.915	TTGCACA
M069_0.6	SNRPA	mmu_circ_0008542_Cytoplasm	2234	2240	+	11.3706	6.1e-05	0.915	TTGCACA
M069_0.6	SNRPA	hsa_circ_0081572_Cytoplasm	2496	2502	+	11.3706	6.1e-05	0.915	TTGCACA
M069_0.6	SNRPA	hsa_circ_0069975_Cytoplasm	2540	2546	+	11.3706	6.1e-05	0.915	TTGCACA
M069_0.6	SNRPA	hsa_circ_0082095_Cytoplasm	2648	2654	+	11.3706	6.1e-05	0.915	TTGCACA
M069_0.6	SNRPA	hsa_circ_0030018_Nucleus	2885	2891	+	11.3706	6.1e-05	0.915	TTGCACA
M069_0.6	SNRPA	hsa_circ_0030018_Cytoplasm	2885	2891	+	11.3706	6.1e-05	0.915	TTGCACA
M069_0.6	SNRPA	hsa_circ_0061140_Cytoplasm	3144	3150	+	11.3706	6.1e-05	0.915	TTGCACA
M069_0.6	SNRPA	hsa_circ_0061140_Cytoplasm	3204	3210	+	11.3706	6.1e-05	0.915	TTGCACA
M069_0.6	SNRPA	hsa_circ_0069975_Cytoplasm	3324	3330	+	11.3706	6.1e-05	0.915	TTGCACA
M069_0.6	SNRPA	hsa_circ_0061133_Cytoplasm	3362	3368	+	11.3706	6.1e-05	0.915	TTGCACA
M069_0.6	SNRPA	hsa_circ_0061133_Cytoplasm	3422	3428	+	11.3706	6.1e-05	0.915	TTGCACA
M069_0.6	SNRPA	hsa_circ_0000212_Cytoplasm	3649	3655	+	11.3706	6.1e-05	0.915	TTGCACA
M069_0.6	SNRPA	mmu_circ_0000230_Cytoplasm	3735	3741	+	11.3706	6.1e-05	0.915	TTGCACA
M069_0.6	SNRPA	hsa_circ_0005620_Nucleus	4269	4275	+	11.3706	6.1e-05	0.915	TTGCACA
M069_0.6	SNRPA	hsa_circ_0000527_Cytoplasm	5259	5265	+	11.3706	6.1e-05	0.915	TTGCACA
M069_0.6	SNRPA	hsa_circ_0000527_Cytoplasm	5319	5325	+	11.3706	6.1e-05	0.915	TTGCACA
M069_0.6	SNRPA	hsa_circ_0054537_Cytoplasm	5478	5484	+	11.3706	6.1e-05	0.915	TTGCACA
M069_0.6	SNRPA	hsa_circ_0054537_Cytoplasm	5538	5544	+	11.3706	6.1e-05	0.915	TTGCACA
M069_0.6	SNRPA	hsa_circ_0086368_Cytoplasm	5636	5642	+	11.3706	6.1e-05	0.915	TTGCACA
M049_0.6	(RBM38)_(Mus_musculus)_(RBD_0.99)	hsa_circ_0004552_Cytoplasm	9	15	+	10.8059	6.1e-05	0.443	GTGTGTG
M049_0.6	(RBM38)_(Mus_musculus)_(RBD_0.99)	hsa_circ_0000662_Cytoplasm	16	22	+	10.8059	6.1e-05	0.443	GTGTGTG
M049_0.6	(RBM38)_(Mus_musculus)_(RBD_0.99)	hsa_circ_0092367_Cytoplasm	21	27	+	10.8059	6.1e-05	0.443	GTGTGTG
M049_0.6	(RBM38)_(Mus_musculus)_(RBD_0.99)	hsa_circ_0088706_Cytoplasm	24	30	+	10.8059	6.1e-05	0.443	GTGTGTG
M049_0.6	(RBM38)_(Mus_musculus)_(RBD_0.99)	hsa_circ_0088706_Nucleus	24	30	+	10.8059	6.1e-05	0.443	GTGTGTG
M049_0.6	(RBM38)_(Mus_musculus)_(RBD_0.99)	hsa_circ_0056854_Nucleus	28	34	+	10.8059	6.1e-05	0.443	GTGTGTG
M049_0.6	(RBM38)_(Mus_musculus)_(RBD_0.99)	hsa_circ_0056854_Cytoplasm	28	34	+	10.8059	6.1e-05	0.443	GTGTGTG
M049_0.6	(RBM38)_(Mus_musculus)_(RBD_0.99)	hsa_circ_0056854_Cytoplasm	28	34	+	10.8059	6.1e-05	0.443	GTGTGTG
M049_0.6	(RBM38)_(Mus_musculus)_(RBD_0.99)	mmu_circ_0001204_Cytoplasm	30	36	+	10.8059	6.1e-05	0.443	GTGTGTG
M049_0.6	(RBM38)_(Mus_musculus)_(RBD_0.99)	hsa_circ_0063290_Cytoplasm	44	50	+	10.8059	6.1e-05	0.443	GTGTGTG
M049_0.6	(RBM38)_(Mus_musculus)_(RBD_0.99)	hsa_circ_0037071_Cytoplasm	187	193	+	10.8059	6.1e-05	0.443	GTGTGTG
M049_0.6	(RBM38)_(Mus_musculus)_(RBD_0.99)	mmu_circ_0000382_Cytoplasm	206	212	+	10.8059	6.1e-05	0.443	GTGTGTG
M049_0.6	(RBM38)_(Mus_musculus)_(RBD_0.99)	hsa_circ_0056854_Cytoplasm	216	222	+	10.8059	6.1e-05	0.443	GTGTGTG
M049_0.6	(RBM38)_(Mus_musculus)_(RBD_0.99)	hsa_circ_0056854_Nucleus	216	222	+	10.8059	6.1e-05	0.443	GTGTGTG
M049_0.6	(RBM38)_(Mus_musculus)_(RBD_0.99)	hsa_circ_0056854_Cytoplasm	216	222	+	10.8059	6.1e-05	0.443	GTGTGTG
M049_0.6	(RBM38)_(Mus_musculus)_(RBD_0.99)	hsa_circ_0060967_Cytoplasm	219	225	+	10.8059	6.1e-05	0.443	GTGTGTG
M049_0.6	(RBM38)_(Mus_musculus)_(RBD_0.99)	hsa_circ_0070512_Cytoplasm	243	249	+	10.8059	6.1e-05	0.443	GTGTGTG
M049_0.6	(RBM38)_(Mus_musculus)_(RBD_0.99)	hsa_circ_0089763_Cytoplasm	250	256	+	10.8059	6.1e-05	0.443	GTGTGTG
M049_0.6	(RBM38)_(Mus_musculus)_(RBD_0.99)	hsa_circ_0089763_Mitochondrion	250	256	+	10.8059	6.1e-05	0.443	GTGTGTG
M049_0.6	(RBM38)_(Mus_musculus)_(RBD_0.99)	hsa_circ_0075501_Nucleus	259	265	+	10.8059	6.1e-05	0.443	GTGTGTG
M049_0.6	(RBM38)_(Mus_musculus)_(RBD_0.99)	hsa_circ_0000338_Cytoplasm	261	267	+	10.8059	6.1e-05	0.443	GTGTGTG
M049_0.6	(RBM38)_(Mus_musculus)_(RBD_0.99)	hsa_circ_0071332_Nucleus	292	298	+	10.8059	6.1e-05	0.443	GTGTGTG
M049_0.6	(RBM38)_(Mus_musculus)_(RBD_0.99)	hsa_circ_0071332_Cytoplasm	292	298	+	10.8059	6.1e-05	0.443	GTGTGTG
M049_0.6	(RBM38)_(Mus_musculus)_(RBD_0.99)	hsa_circ_0002689_Cytoplasm	302	308	+	10.8059	6.1e-05	0.443	GTGTGTG
M049_0.6	(RBM38)_(Mus_musculus)_(RBD_0.99)	hsa_circ_0000175_Cytoplasm	362	368	+	10.8059	6.1e-05	0.443	GTGTGTG
M049_0.6	(RBM38)_(Mus_musculus)_(RBD_0.99)	mmu_circ_0000949_Cytoplasm	363	369	+	10.8059	6.1e-05	0.443	GTGTGTG
M049_0.6	(RBM38)_(Mus_musculus)_(RBD_0.99)	hsa_circ_0109046_Cytoplasm	390	396	+	10.8059	6.1e-05	0.443	GTGTGTG
M049_0.6	(RBM38)_(Mus_musculus)_(RBD_0.99)	hsa_circ_0003748_Cytoplasm	401	407	+	10.8059	6.1e-05	0.443	GTGTGTG
M049_0.6	(RBM38)_(Mus_musculus)_(RBD_0.99)	hsa_circ_0003748_Cytoplasm	403	409	+	10.8059	6.1e-05	0.443	GTGTGTG
M049_0.6	(RBM38)_(Mus_musculus)_(RBD_0.99)	hsa_circ_0008362_Cytoplasm	494	500	+	10.8059	6.1e-05	0.443	GTGTGTG
M049_0.6	(RBM38)_(Mus_musculus)_(RBD_0.99)	hsa_circ_0008362_Nucleus	494	500	+	10.8059	6.1e-05	0.443	GTGTGTG
M049_0.6	(RBM38)_(Mus_musculus)_(RBD_0.99)	hsa_circ_0008362_Nucleus	496	502	+	10.8059	6.1e-05	0.443	GTGTGTG
M049_0.6	(RBM38)_(Mus_musculus)_(RBD_0.99)	hsa_circ_0008362_Cytoplasm	496	502	+	10.8059	6.1e-05	0.443	GTGTGTG
M049_0.6	(RBM38)_(Mus_musculus)_(RBD_0.99)	hsa_circ_0006393_Nucleus	513	519	+	10.8059	6.1e-05	0.443	GTGTGTG
M049_0.6	(RBM38)_(Mus_musculus)_(RBD_0.99)	hsa_circ_0006393_Cytoplasm	513	519	+	10.8059	6.1e-05	0.443	GTGTGTG
M049_0.6	(RBM38)_(Mus_musculus)_(RBD_0.99)	hsa_circ_0006393_Nucleus	515	521	+	10.8059	6.1e-05	0.443	GTGTGTG
M049_0.6	(RBM38)_(Mus_musculus)_(RBD_0.99)	hsa_circ_0006393_Cytoplasm	515	521	+	10.8059	6.1e-05	0.443	GTGTGTG
M049_0.6	(RBM38)_(Mus_musculus)_(RBD_0.99)	hsa_circ_0006393_Cytoplasm	517	523	+	10.8059	6.1e-05	0.443	GTGTGTG
M049_0.6	(RBM38)_(Mus_musculus)_(RBD_0.99)	hsa_circ_0006393_Nucleus	517	523	+	10.8059	6.1e-05	0.443	GTGTGTG
M049_0.6	(RBM38)_(Mus_musculus)_(RBD_0.99)	hsa_circ_0006393_Nucleus	519	525	+	10.8059	6.1e-05	0.443	GTGTGTG
M049_0.6	(RBM38)_(Mus_musculus)_(RBD_0.99)	hsa_circ_0006393_Cytoplasm	519	525	+	10.8059	6.1e-05	0.443	GTGTGTG
M049_0.6	(RBM38)_(Mus_musculus)_(RBD_0.99)	hsa_circ_0000240_Cytoplasm	596	602	+	10.8059	6.1e-05	0.443	GTGTGTG
M049_0.6	(RBM38)_(Mus_musculus)_(RBD_0.99)	hsa_circ_0138660_Cytoplasm	624	630	+	10.8059	6.1e-05	0.443	GTGTGTG
M049_0.6	(RBM38)_(Mus_musculus)_(RBD_0.99)	mmu_circ_0001291_Nucleus	699	705	+	10.8059	6.1e-05	0.443	GTGTGTG
M049_0.6	(RBM38)_(Mus_musculus)_(RBD_0.99)	hsa_circ_0069234_Cytoplasm	738	744	+	10.8059	6.1e-05	0.443	GTGTGTG
M049_0.6	(RBM38)_(Mus_musculus)_(RBD_0.99)	hsa_circ_0075043_Cytoplasm	759	765	+	10.8059	6.1e-05	0.443	GTGTGTG
M049_0.6	(RBM38)_(Mus_musculus)_(RBD_0.99)	hsa_circ_0069234_Cytoplasm	798	804	+	10.8059	6.1e-05	0.443	GTGTGTG
M049_0.6	(RBM38)_(Mus_musculus)_(RBD_0.99)	hsa_circ_0069234_Cytoplasm	800	806	+	10.8059	6.1e-05	0.443	GTGTGTG
M049_0.6	(RBM38)_(Mus_musculus)_(RBD_0.99)	mmu_circ_0001291_Nucleus	815	821	+	10.8059	6.1e-05	0.443	GTGTGTG
M049_0.6	(RBM38)_(Mus_musculus)_(RBD_0.99)	hsa_circ_0061140_Cytoplasm	974	980	+	10.8059	6.1e-05	0.443	GTGTGTG
M049_0.6	(RBM38)_(Mus_musculus)_(RBD_0.99)	hsa_circ_0089552_Cytoplasm	993	999	+	10.8059	6.1e-05	0.443	GTGTGTG
M049_0.6	(RBM38)_(Mus_musculus)_(RBD_0.99)	hsa_circ_0062558_Cytoplasm	1005	1011	+	10.8059	6.1e-05	0.443	GTGTGTG
M049_0.6	(RBM38)_(Mus_musculus)_(RBD_0.99)	mmu_circ_0001510_Cytoplasm	1052	1058	+	10.8059	6.1e-05	0.443	GTGTGTG
M049_0.6	(RBM38)_(Mus_musculus)_(RBD_0.99)	hsa_circ_0035428_Nucleus	1072	1078	+	10.8059	6.1e-05	0.443	GTGTGTG
M049_0.6	(RBM38)_(Mus_musculus)_(RBD_0.99)	hsa_circ_0035428_Cytoplasm	1072	1078	+	10.8059	6.1e-05	0.443	GTGTGTG
M049_0.6	(RBM38)_(Mus_musculus)_(RBD_0.99)	hsa_circ_0019414_Cytoplasm	1095	1101	+	10.8059	6.1e-05	0.443	GTGTGTG
M049_0.6	(RBM38)_(Mus_musculus)_(RBD_0.99)	hsa_circ_0043800_Cytoplasm	1095	1101	+	10.8059	6.1e-05	0.443	GTGTGTG
M049_0.6	(RBM38)_(Mus_musculus)_(RBD_0.99)	hsa_circ_0080968_Cytoplasm	1124	1130	+	10.8059	6.1e-05	0.443	GTGTGTG
M049_0.6	(RBM38)_(Mus_musculus)_(RBD_0.99)	hsa_circ_0080968_Cytoplasm	1126	1132	+	10.8059	6.1e-05	0.443	GTGTGTG
M049_0.6	(RBM38)_(Mus_musculus)_(RBD_0.99)	hsa_circ_0019414_Cytoplasm	1155	1161	+	10.8059	6.1e-05	0.443	GTGTGTG
M049_0.6	(RBM38)_(Mus_musculus)_(RBD_0.99)	hsa_circ_0092367_Cytoplasm	1413	1419	+	10.8059	6.1e-05	0.443	GTGTGTG
M049_0.6	(RBM38)_(Mus_musculus)_(RBD_0.99)	hsa_circ_0089552_Cytoplasm	1840	1846	+	10.8059	6.1e-05	0.443	GTGTGTG
M049_0.6	(RBM38)_(Mus_musculus)_(RBD_0.99)	hsa_circ_0114428_Nucleus	1842	1848	+	10.8059	6.1e-05	0.443	GTGTGTG
M049_0.6	(RBM38)_(Mus_musculus)_(RBD_0.99)	hsa_circ_0114428_Cytoplasm	1842	1848	+	10.8059	6.1e-05	0.443	GTGTGTG
M049_0.6	(RBM38)_(Mus_musculus)_(RBD_0.99)	hsa_circ_0022454_Cytoplasm	1859	1865	+	10.8059	6.1e-05	0.443	GTGTGTG
M049_0.6	(RBM38)_(Mus_musculus)_(RBD_0.99)	hsa_circ_0000212_Cytoplasm	1869	1875	+	10.8059	6.1e-05	0.443	GTGTGTG
M049_0.6	(RBM38)_(Mus_musculus)_(RBD_0.99)	hsa_circ_0050333_Nucleus	1900	1906	+	10.8059	6.1e-05	0.443	GTGTGTG
M049_0.6	(RBM38)_(Mus_musculus)_(RBD_0.99)	hsa_circ_0050333_Nucleus	1960	1966	+	10.8059	6.1e-05	0.443	GTGTGTG
M049_0.6	(RBM38)_(Mus_musculus)_(RBD_0.99)	hsa_circ_0081572_Cytoplasm	2128	2134	+	10.8059	6.1e-05	0.443	GTGTGTG
M049_0.6	(RBM38)_(Mus_musculus)_(RBD_0.99)	mmu_circ_0000230_Cytoplasm	2131	2137	+	10.8059	6.1e-05	0.443	GTGTGTG
M049_0.6	(RBM38)_(Mus_musculus)_(RBD_0.99)	mmu_circ_0000230_Cytoplasm	2133	2139	+	10.8059	6.1e-05	0.443	GTGTGTG
M049_0.6	(RBM38)_(Mus_musculus)_(RBD_0.99)	mmu_circ_0000230_Cytoplasm	2135	2141	+	10.8059	6.1e-05	0.443	GTGTGTG
M049_0.6	(RBM38)_(Mus_musculus)_(RBD_0.99)	mmu_circ_0000230_Cytoplasm	2137	2143	+	10.8059	6.1e-05	0.443	GTGTGTG
M049_0.6	(RBM38)_(Mus_musculus)_(RBD_0.99)	hsa_circ_0089761_Cytoplasm	2366	2372	+	10.8059	6.1e-05	0.443	GTGTGTG
M049_0.6	(RBM38)_(Mus_musculus)_(RBD_0.99)	hsa_circ_0089761_Mitochondrion	2366	2372	+	10.8059	6.1e-05	0.443	GTGTGTG
M049_0.6	(RBM38)_(Mus_musculus)_(RBD_0.99)	hsa_circ_0005620_Nucleus	2783	2789	+	10.8059	6.1e-05	0.443	GTGTGTG
M049_0.6	(RBM38)_(Mus_musculus)_(RBD_0.99)	hsa_circ_0005620_Nucleus	2804	2810	+	10.8059	6.1e-05	0.443	GTGTGTG
M049_0.6	(RBM38)_(Mus_musculus)_(RBD_0.99)	hsa_circ_0005620_Nucleus	2806	2812	+	10.8059	6.1e-05	0.443	GTGTGTG
M049_0.6	(RBM38)_(Mus_musculus)_(RBD_0.99)	hsa_circ_0082369_Cytoplasm	2939	2945	+	10.8059	6.1e-05	0.443	GTGTGTG
M049_0.6	(RBM38)_(Mus_musculus)_(RBD_0.99)	hsa_circ_0082369_Cytoplasm	2941	2947	+	10.8059	6.1e-05	0.443	GTGTGTG
M049_0.6	(RBM38)_(Mus_musculus)_(RBD_0.99)	hsa_circ_0082369_Cytoplasm	2943	2949	+	10.8059	6.1e-05	0.443	GTGTGTG
M049_0.6	(RBM38)_(Mus_musculus)_(RBD_0.99)	hsa_circ_0082369_Cytoplasm	2945	2951	+	10.8059	6.1e-05	0.443	GTGTGTG
M049_0.6	(RBM38)_(Mus_musculus)_(RBD_0.99)	hsa_circ_0082369_Cytoplasm	2947	2953	+	10.8059	6.1e-05	0.443	GTGTGTG
M049_0.6	(RBM38)_(Mus_musculus)_(RBD_0.99)	hsa_circ_0082369_Cytoplasm	2949	2955	+	10.8059	6.1e-05	0.443	GTGTGTG
M049_0.6	(RBM38)_(Mus_musculus)_(RBD_0.99)	hsa_circ_0082369_Cytoplasm	2951	2957	+	10.8059	6.1e-05	0.443	GTGTGTG
M049_0.6	(RBM38)_(Mus_musculus)_(RBD_0.99)	hsa_circ_0082369_Cytoplasm	2953	2959	+	10.8059	6.1e-05	0.443	GTGTGTG
M049_0.6	(RBM38)_(Mus_musculus)_(RBD_0.99)	hsa_circ_0082369_Cytoplasm	2955	2961	+	10.8059	6.1e-05	0.443	GTGTGTG
M049_0.6	(RBM38)_(Mus_musculus)_(RBD_0.99)	hsa_circ_0082369_Cytoplasm	2957	2963	+	10.8059	6.1e-05	0.443	GTGTGTG
M049_0.6	(RBM38)_(Mus_musculus)_(RBD_0.99)	hsa_circ_0082369_Cytoplasm	2959	2965	+	10.8059	6.1e-05	0.443	GTGTGTG
M049_0.6	(RBM38)_(Mus_musculus)_(RBD_0.99)	hsa_circ_0082369_Cytoplasm	2961	2967	+	10.8059	6.1e-05	0.443	GTGTGTG
M049_0.6	(RBM38)_(Mus_musculus)_(RBD_0.99)	hsa_circ_0082369_Cytoplasm	2963	2969	+	10.8059	6.1e-05	0.443	GTGTGTG
M049_0.6	(RBM38)_(Mus_musculus)_(RBD_0.99)	hsa_circ_0082369_Cytoplasm	2965	2971	+	10.8059	6.1e-05	0.443	GTGTGTG
M049_0.6	(RBM38)_(Mus_musculus)_(RBD_0.99)	hsa_circ_0082369_Cytoplasm	2967	2973	+	10.8059	6.1e-05	0.443	GTGTGTG
M049_0.6	(RBM38)_(Mus_musculus)_(RBD_0.99)	hsa_circ_0082369_Cytoplasm	2969	2975	+	10.8059	6.1e-05	0.443	GTGTGTG
M049_0.6	(RBM38)_(Mus_musculus)_(RBD_0.99)	hsa_circ_0082369_Cytoplasm	2971	2977	+	10.8059	6.1e-05	0.443	GTGTGTG
M049_0.6	(RBM38)_(Mus_musculus)_(RBD_0.99)	hsa_circ_0082369_Cytoplasm	2994	3000	+	10.8059	6.1e-05	0.443	GTGTGTG
M049_0.6	(RBM38)_(Mus_musculus)_(RBD_0.99)	hsa_circ_0082369_Cytoplasm	2996	3002	+	10.8059	6.1e-05	0.443	GTGTGTG
M049_0.6	(RBM38)_(Mus_musculus)_(RBD_0.99)	hsa_circ_0082369_Cytoplasm	2998	3004	+	10.8059	6.1e-05	0.443	GTGTGTG
M049_0.6	(RBM38)_(Mus_musculus)_(RBD_0.99)	hsa_circ_0082369_Cytoplasm	3054	3060	+	10.8059	6.1e-05	0.443	GTGTGTG
M049_0.6	(RBM38)_(Mus_musculus)_(RBD_0.99)	hsa_circ_0082369_Cytoplasm	3056	3062	+	10.8059	6.1e-05	0.443	GTGTGTG
M049_0.6	(RBM38)_(Mus_musculus)_(RBD_0.99)	hsa_circ_0082369_Cytoplasm	3058	3064	+	10.8059	6.1e-05	0.443	GTGTGTG
M049_0.6	(RBM38)_(Mus_musculus)_(RBD_0.99)	hsa_circ_0045521_Cytoplasm	3168	3174	+	10.8059	6.1e-05	0.443	GTGTGTG
M049_0.6	(RBM38)_(Mus_musculus)_(RBD_0.99)	hsa_circ_0045521_Cytoplasm	3170	3176	+	10.8059	6.1e-05	0.443	GTGTGTG
M049_0.6	(RBM38)_(Mus_musculus)_(RBD_0.99)	hsa_circ_0045521_Cytoplasm	3172	3178	+	10.8059	6.1e-05	0.443	GTGTGTG
M049_0.6	(RBM38)_(Mus_musculus)_(RBD_0.99)	hsa_circ_0045521_Cytoplasm	3174	3180	+	10.8059	6.1e-05	0.443	GTGTGTG
M049_0.6	(RBM38)_(Mus_musculus)_(RBD_0.99)	hsa_circ_0045521_Cytoplasm	3182	3188	+	10.8059	6.1e-05	0.443	GTGTGTG
M049_0.6	(RBM38)_(Mus_musculus)_(RBD_0.99)	hsa_circ_0045521_Cytoplasm	3184	3190	+	10.8059	6.1e-05	0.443	GTGTGTG
M049_0.6	(RBM38)_(Mus_musculus)_(RBD_0.99)	hsa_circ_0045521_Cytoplasm	3186	3192	+	10.8059	6.1e-05	0.443	GTGTGTG
M049_0.6	(RBM38)_(Mus_musculus)_(RBD_0.99)	hsa_circ_0082369_Cytoplasm	3234	3240	+	10.8059	6.1e-05	0.443	GTGTGTG
M049_0.6	(RBM38)_(Mus_musculus)_(RBD_0.99)	hsa_circ_0000175_Cytoplasm	3317	3323	+	10.8059	6.1e-05	0.443	GTGTGTG
M049_0.6	(RBM38)_(Mus_musculus)_(RBD_0.99)	hsa_circ_0000175_Cytoplasm	3319	3325	+	10.8059	6.1e-05	0.443	GTGTGTG
M049_0.6	(RBM38)_(Mus_musculus)_(RBD_0.99)	hsa_circ_0061140_Cytoplasm	3650	3656	+	10.8059	6.1e-05	0.443	GTGTGTG
M049_0.6	(RBM38)_(Mus_musculus)_(RBD_0.99)	hsa_circ_0054537_Cytoplasm	3842	3848	+	10.8059	6.1e-05	0.443	GTGTGTG
M049_0.6	(RBM38)_(Mus_musculus)_(RBD_0.99)	hsa_circ_0019222_Nucleus	4254	4260	+	10.8059	6.1e-05	0.443	GTGTGTG
M049_0.6	(RBM38)_(Mus_musculus)_(RBD_0.99)	hsa_circ_0019222_Cytoplasm	4254	4260	+	10.8059	6.1e-05	0.443	GTGTGTG
M049_0.6	(RBM38)_(Mus_musculus)_(RBD_0.99)	hsa_circ_0072083_Cytoplasm	5081	5087	+	10.8059	6.1e-05	0.443	GTGTGTG
M049_0.6	(RBM38)_(Mus_musculus)_(RBD_0.99)	hsa_circ_0072083_Cytoplasm	5083	5089	+	10.8059	6.1e-05	0.443	GTGTGTG
M049_0.6	(RBM38)_(Mus_musculus)_(RBD_0.99)	hsa_circ_0089763_Mitochondrion	5740	5746	+	10.8059	6.1e-05	0.443	GTGTGTG
M049_0.6	(RBM38)_(Mus_musculus)_(RBD_0.99)	hsa_circ_0089763_Cytoplasm	5740	5746	+	10.8059	6.1e-05	0.443	GTGTGTG
M049_0.6	(RBM38)_(Mus_musculus)_(RBD_0.99)	hsa_circ_0089761_Mitochondrion	7856	7862	+	10.8059	6.1e-05	0.443	GTGTGTG
M049_0.6	(RBM38)_(Mus_musculus)_(RBD_0.99)	hsa_circ_0089761_Cytoplasm	7856	7862	+	10.8059	6.1e-05	0.443	GTGTGTG
M026_0.6	hnRNPK	hsa_circ_0006401_Nucleus	36	42	+	10.0563	6.1e-05	0.974	CCAACCC
M026_0.6	hnRNPK	hsa_circ_0006401_Cytoplasm	36	42	+	10.0563	6.1e-05	0.974	CCAACCC
M026_0.6	hnRNPK	hsa_circ_0089552_Cytoplasm	39	45	+	10.0563	6.1e-05	0.974	CCAACCC
M026_0.6	hnRNPK	hsa_circ_0060051_Cytoplasm	56	62	+	10.0563	6.1e-05	0.974	CCAACCC
M026_0.6	hnRNPK	hsa_circ_0026218_Cytoplasm	74	80	+	10.0563	6.1e-05	0.974	CCAACCC
M026_0.6	hnRNPK	hsa_circ_0000745_Cytoplasm	107	113	+	10.0563	6.1e-05	0.974	CCAACCC
M026_0.6	hnRNPK	hsa_circ_0026218_Cytoplasm	134	140	+	10.0563	6.1e-05	0.974	CCAACCC
M026_0.6	hnRNPK	hsa_circ_0008360_Cytoplasm	147	153	+	10.0563	6.1e-05	0.974	CCAACCC
M026_0.6	hnRNPK	hsa_circ_0002945_Cytoplasm	148	154	+	10.0563	6.1e-05	0.974	CCAACCC
M026_0.6	hnRNPK	hsa_circ_0000527_Cytoplasm	167	173	+	10.0563	6.1e-05	0.974	CCAACCC
M026_0.6	hnRNPK	hsa_circ_0067681_Cytoplasm	168	174	+	10.0563	6.1e-05	0.974	CCAACCC
M026_0.6	hnRNPK	hsa_circ_0060051_Cytoplasm	168	174	+	10.0563	6.1e-05	0.974	CCAACCC
M026_0.6	hnRNPK	hsa_circ_0071542_Cytoplasm	176	182	+	10.0563	6.1e-05	0.974	CCAACCC
M026_0.6	hnRNPK	hsa_circ_0008360_Cytoplasm	207	213	+	10.0563	6.1e-05	0.974	CCAACCC
M026_0.6	hnRNPK	hsa_circ_0002945_Cytoplasm	208	214	+	10.0563	6.1e-05	0.974	CCAACCC
M026_0.6	hnRNPK	hsa_circ_0089552_Cytoplasm	222	228	+	10.0563	6.1e-05	0.974	CCAACCC
M026_0.6	hnRNPK	hsa_circ_0002360_Cytoplasm	271	277	+	10.0563	6.1e-05	0.974	CCAACCC
M026_0.6	hnRNPK	hsa_circ_0002360_Cytoplasm	271	277	+	10.0563	6.1e-05	0.974	CCAACCC
M026_0.6	hnRNPK	hsa_circ_0018289_Cytoplasm	273	279	+	10.0563	6.1e-05	0.974	CCAACCC
M026_0.6	hnRNPK	hsa_circ_0089552_Cytoplasm	282	288	+	10.0563	6.1e-05	0.974	CCAACCC
M026_0.6	hnRNPK	hsa_circ_0005273_Cytoplasm	320	326	+	10.0563	6.1e-05	0.974	CCAACCC
M026_0.6	hnRNPK	hsa_circ_0004689_Cytoplasm	321	327	+	10.0563	6.1e-05	0.974	CCAACCC
M026_0.6	hnRNPK	mmu_circ_0001704_Cytoplasm	342	348	+	10.0563	6.1e-05	0.974	CCAACCC
M026_0.6	hnRNPK	mmu_circ_0001704_Nucleus	342	348	+	10.0563	6.1e-05	0.974	CCAACCC
M026_0.6	hnRNPK	mmu_circ_0001704_Cytoplasm	342	348	+	10.0563	6.1e-05	0.974	CCAACCC
M026_0.6	hnRNPK	hsa_circ_0025030_Cytoplasm	366	372	+	10.0563	6.1e-05	0.974	CCAACCC
M026_0.6	hnRNPK	hsa_circ_0000527_Cytoplasm	381	387	+	10.0563	6.1e-05	0.974	CCAACCC
M026_0.6	hnRNPK	hsa_circ_0001701_Cytoplasm	392	398	+	10.0563	6.1e-05	0.974	CCAACCC
M026_0.6	hnRNPK	hsa_circ_0004585_Cytoplasm	424	430	+	10.0563	6.1e-05	0.974	CCAACCC
M026_0.6	hnRNPK	hsa_circ_0025030_Cytoplasm	426	432	+	10.0563	6.1e-05	0.974	CCAACCC
M026_0.6	hnRNPK	hsa_circ_0001947_Cytoplasm	583	589	+	10.0563	6.1e-05	0.974	CCAACCC
M026_0.6	hnRNPK	hsa_circ_0001947_Cytoplasm	583	589	+	10.0563	6.1e-05	0.974	CCAACCC
M026_0.6	hnRNPK	hsa_circ_0035292_Cytoplasm	618	624	+	10.0563	6.1e-05	0.974	CCAACCC
M026_0.6	hnRNPK	hsa_circ_0030042_Cytoplasm	715	721	+	10.0563	6.1e-05	0.974	CCAACCC
M026_0.6	hnRNPK	hsa_circ_0008365_Cytoplasm	743	749	+	10.0563	6.1e-05	0.974	CCAACCC
M026_0.6	hnRNPK	hsa_circ_0008365_Cytoplasm	743	749	+	10.0563	6.1e-05	0.974	CCAACCC
M026_0.6	hnRNPK	mmu_circ_0001386_Cytoplasm	850	856	+	10.0563	6.1e-05	0.974	CCAACCC
M026_0.6	hnRNPK	hsa_circ_0002991_Cytoplasm	1093	1099	+	10.0563	6.1e-05	0.974	CCAACCC
M026_0.6	hnRNPK	hsa_circ_0005332_Nucleus	1243	1249	+	10.0563	6.1e-05	0.974	CCAACCC
M026_0.6	hnRNPK	hsa_circ_0089552_Cytoplasm	1247	1253	+	10.0563	6.1e-05	0.974	CCAACCC
M026_0.6	hnRNPK	hsa_circ_0005332_Nucleus	1303	1309	+	10.0563	6.1e-05	0.974	CCAACCC
M026_0.6	hnRNPK	hsa_circ_0089552_Cytoplasm	1307	1313	+	10.0563	6.1e-05	0.974	CCAACCC
M026_0.6	hnRNPK	hsa_circ_0001610_Cytoplasm	1336	1342	+	10.0563	6.1e-05	0.974	CCAACCC
M026_0.6	hnRNPK	hsa_circ_0089552_Cytoplasm	1353	1359	+	10.0563	6.1e-05	0.974	CCAACCC
M026_0.6	hnRNPK	hsa_circ_0020710_Cytoplasm	1623	1629	+	10.0563	6.1e-05	0.974	CCAACCC
M026_0.6	hnRNPK	mmu_circ_0001510_Cytoplasm	1935	1941	+	10.0563	6.1e-05	0.974	CCAACCC
M026_0.6	hnRNPK	hsa_circ_0089552_Cytoplasm	2591	2597	+	10.0563	6.1e-05	0.974	CCAACCC
M026_0.6	hnRNPK	hsa_circ_0089552_Cytoplasm	2731	2737	+	10.0563	6.1e-05	0.974	CCAACCC
M026_0.6	hnRNPK	hsa_circ_0049116_Cytoplasm	2977	2983	+	10.0563	6.1e-05	0.974	CCAACCC
M026_0.6	hnRNPK	hsa_circ_0049116_Nucleus	2977	2983	+	10.0563	6.1e-05	0.974	CCAACCC
M026_0.6	hnRNPK	hsa_circ_0089552_Cytoplasm	3157	3163	+	10.0563	6.1e-05	0.974	CCAACCC
M026_0.6	hnRNPK	hsa_circ_0020397_Cytoplasm	3218	3224	+	10.0563	6.1e-05	0.974	CCAACCC
M026_0.6	hnRNPK	hsa_circ_0020397_Cytoplasm	3278	3284	+	10.0563	6.1e-05	0.974	CCAACCC
M026_0.6	hnRNPK	hsa_circ_0000943_Cytoplasm	3600	3606	+	10.0563	6.1e-05	0.974	CCAACCC
M026_0.6	hnRNPK	mmu_circ_0001498_Cytoplasm	5629	5635	+	10.0563	6.1e-05	0.974	CCAACCC
M025_0.6	HNRNPC	hsa_circ_0000212_Cytoplasm	4	10	+	11.4588	6.1e-05	0.349	ATTTTTT
M025_0.6	HNRNPC	hsa_circ_0003340_Cytoplasm	10	16	+	11.4588	6.1e-05	0.349	ATTTTTT
M025_0.6	HNRNPC	hsa_circ_0000264_Nucleus	11	17	+	11.4588	6.1e-05	0.349	ATTTTTT
M025_0.6	HNRNPC	hsa_circ_0000264_Cytoplasm	11	17	+	11.4588	6.1e-05	0.349	ATTTTTT
M025_0.6	HNRNPC	hsa_circ_0020303_Cytoplasm	11	17	+	11.4588	6.1e-05	0.349	ATTTTTT
M025_0.6	HNRNPC	mmu_circ_0007972_Cytoplasm	15	21	+	11.4588	6.1e-05	0.349	ATTTTTT
M025_0.6	HNRNPC	hsa_circ_0084443_Cytoplasm	28	34	+	11.4588	6.1e-05	0.349	ATTTTTT
M025_0.6	HNRNPC	hsa_circ_0084443_Cytoplasm	28	34	+	11.4588	6.1e-05	0.349	ATTTTTT
M025_0.6	HNRNPC	hsa_circ_0009065_Nucleus	37	43	+	11.4588	6.1e-05	0.349	ATTTTTT
M025_0.6	HNRNPC	hsa_circ_0009065_Cytoplasm	37	43	+	11.4588	6.1e-05	0.349	ATTTTTT
M025_0.6	HNRNPC	hsa_circ_0111277_Cytoplasm	40	46	+	11.4588	6.1e-05	0.349	ATTTTTT
M025_0.6	HNRNPC	hsa_circ_0111277_Cytoplasm	40	46	+	11.4588	6.1e-05	0.349	ATTTTTT
M025_0.6	HNRNPC	hsa_circ_0008304_Nucleus	47	53	+	11.4588	6.1e-05	0.349	ATTTTTT
M025_0.6	HNRNPC	hsa_circ_0008304_Cytoplasm	47	53	+	11.4588	6.1e-05	0.349	ATTTTTT
M025_0.6	HNRNPC	hsa_circ_0000212_Cytoplasm	64	70	+	11.4588	6.1e-05	0.349	ATTTTTT
M025_0.6	HNRNPC	hsa_circ_0001998_Cytoplasm	76	82	+	11.4588	6.1e-05	0.349	ATTTTTT
M025_0.6	HNRNPC	hsa_circ_0001451_Cytoplasm	95	101	+	11.4588	6.1e-05	0.349	ATTTTTT
M025_0.6	HNRNPC	hsa_circ_0003763_Nucleus	118	124	+	11.4588	6.1e-05	0.349	ATTTTTT
M025_0.6	HNRNPC	hsa_circ_0001998_Cytoplasm	136	142	+	11.4588	6.1e-05	0.349	ATTTTTT
M025_0.6	HNRNPC	hsa_circ_0001579_Cytoplasm	157	163	+	11.4588	6.1e-05	0.349	ATTTTTT
M025_0.6	HNRNPC	hsa_circ_0004390_Cytoplasm	174	180	+	11.4588	6.1e-05	0.349	ATTTTTT
M025_0.6	HNRNPC	hsa_circ_0004390_Cytoplasm	174	180	+	11.4588	6.1e-05	0.349	ATTTTTT
M025_0.6	HNRNPC	hsa_circ_0000285_Cytoplasm	215	221	+	11.4588	6.1e-05	0.349	ATTTTTT
M025_0.6	HNRNPC	hsa_circ_0092339_Nucleus	232	238	+	11.4588	6.1e-05	0.349	ATTTTTT
M025_0.6	HNRNPC	mmu_circ_0007972_Cytoplasm	258	264	+	11.4588	6.1e-05	0.349	ATTTTTT
M025_0.6	HNRNPC	hsa_circ_0071106_Nucleus	261	267	+	11.4588	6.1e-05	0.349	ATTTTTT
M025_0.6	HNRNPC	hsa_circ_0071106_Cytoplasm	261	267	+	11.4588	6.1e-05	0.349	ATTTTTT
M025_0.6	HNRNPC	hsa_circ_0008957_Cytoplasm	287	293	+	11.4588	6.1e-05	0.349	ATTTTTT
M025_0.6	HNRNPC	hsa_circ_0008726_Cytoplasm	293	299	+	11.4588	6.1e-05	0.349	ATTTTTT
M025_0.6	HNRNPC	hsa_circ_0086368_Cytoplasm	297	303	+	11.4588	6.1e-05	0.349	ATTTTTT
M025_0.6	HNRNPC	hsa_circ_0067681_Cytoplasm	310	316	+	11.4588	6.1e-05	0.349	ATTTTTT
M025_0.6	HNRNPC	hsa_circ_0001451_Cytoplasm	323	329	+	11.4588	6.1e-05	0.349	ATTTTTT
M025_0.6	HNRNPC	hsa_circ_0000869_Cytoplasm	327	333	+	11.4588	6.1e-05	0.349	ATTTTTT
M025_0.6	HNRNPC	hsa_circ_0000869_Nucleus	327	333	+	11.4588	6.1e-05	0.349	ATTTTTT
M025_0.6	HNRNPC	hsa_circ_0020093_Cytoplasm	328	334	+	11.4588	6.1e-05	0.349	ATTTTTT
M025_0.6	HNRNPC	hsa_circ_0008726_Cytoplasm	334	340	+	11.4588	6.1e-05	0.349	ATTTTTT
M025_0.6	HNRNPC	hsa_circ_0002699_Cytosol	342	348	+	11.4588	6.1e-05	0.349	ATTTTTT
M025_0.6	HNRNPC	hsa_circ_0069740_Cytoplasm	348	354	+	11.4588	6.1e-05	0.349	ATTTTTT
M025_0.6	HNRNPC	hsa_circ_0086368_Cytoplasm	357	363	+	11.4588	6.1e-05	0.349	ATTTTTT
M025_0.6	HNRNPC	hsa_circ_0000088_Cytoplasm	385	391	+	11.4588	6.1e-05	0.349	ATTTTTT
M025_0.6	HNRNPC	hsa_circ_0008797_Cytoplasm	403	409	+	11.4588	6.1e-05	0.349	ATTTTTT
M025_0.6	HNRNPC	hsa_circ_0104640_Cytoplasm	548	554	+	11.4588	6.1e-05	0.349	ATTTTTT
M025_0.6	HNRNPC	hsa_circ_0070512_Cytoplasm	633	639	+	11.4588	6.1e-05	0.349	ATTTTTT
M025_0.6	HNRNPC	hsa_circ_0085533_Cytoplasm	634	640	+	11.4588	6.1e-05	0.349	ATTTTTT
M025_0.6	HNRNPC	hsa_circ_0085533_Nucleus	634	640	+	11.4588	6.1e-05	0.349	ATTTTTT
M025_0.6	HNRNPC	hsa_circ_0025984_Cytoplasm	636	642	+	11.4588	6.1e-05	0.349	ATTTTTT
M025_0.6	HNRNPC	hsa_circ_0005620_Nucleus	663	669	+	11.4588	6.1e-05	0.349	ATTTTTT
M025_0.6	HNRNPC	hsa_circ_0001190_Cytoplasm	663	669	+	11.4588	6.1e-05	0.349	ATTTTTT
M025_0.6	HNRNPC	hsa_circ_0001190_Nucleus	663	669	+	11.4588	6.1e-05	0.349	ATTTTTT
M025_0.6	HNRNPC	hsa_circ_0004585_Cytoplasm	666	672	+	11.4588	6.1e-05	0.349	ATTTTTT
M025_0.6	HNRNPC	hsa_circ_0005620_Nucleus	681	687	+	11.4588	6.1e-05	0.349	ATTTTTT
M025_0.6	HNRNPC	hsa_circ_0084904_Cytoplasm	690	696	+	11.4588	6.1e-05	0.349	ATTTTTT
M025_0.6	HNRNPC	hsa_circ_0001460_Cytoplasm	704	710	+	11.4588	6.1e-05	0.349	ATTTTTT
M025_0.6	HNRNPC	hsa_circ_0000240_Cytoplasm	712	718	+	11.4588	6.1e-05	0.349	ATTTTTT
M025_0.6	HNRNPC	hsa_circ_0001190_Nucleus	723	729	+	11.4588	6.1e-05	0.349	ATTTTTT
M025_0.6	HNRNPC	hsa_circ_0001190_Cytoplasm	723	729	+	11.4588	6.1e-05	0.349	ATTTTTT
M025_0.6	HNRNPC	hsa_circ_0005620_Nucleus	723	729	+	11.4588	6.1e-05	0.349	ATTTTTT
M025_0.6	HNRNPC	hsa_circ_0001190_Cytoplasm	812	818	+	11.4588	6.1e-05	0.349	ATTTTTT
M025_0.6	HNRNPC	hsa_circ_0001190_Nucleus	812	818	+	11.4588	6.1e-05	0.349	ATTTTTT
M025_0.6	HNRNPC	hsa_circ_0045598_Cytoplasm	829	835	+	11.4588	6.1e-05	0.349	ATTTTTT
M025_0.6	HNRNPC	hsa_circ_0006309_Cytoplasm	903	909	+	11.4588	6.1e-05	0.349	ATTTTTT
M025_0.6	HNRNPC	hsa_circ_0006309_Nucleus	903	909	+	11.4588	6.1e-05	0.349	ATTTTTT
M025_0.6	HNRNPC	hsa_circ_0069234_Cytoplasm	1047	1053	+	11.4588	6.1e-05	0.349	ATTTTTT
M025_0.6	HNRNPC	hsa_circ_0089763_Mitochondrion	1106	1112	+	11.4588	6.1e-05	0.349	ATTTTTT
M025_0.6	HNRNPC	hsa_circ_0089763_Cytoplasm	1106	1112	+	11.4588	6.1e-05	0.349	ATTTTTT
M025_0.6	HNRNPC	hsa_circ_0077890_Cytoplasm	1277	1283	+	11.4588	6.1e-05	0.349	ATTTTTT
M025_0.6	HNRNPC	hsa_circ_0025984_Cytoplasm	1374	1380	+	11.4588	6.1e-05	0.349	ATTTTTT
M025_0.6	HNRNPC	hsa_circ_0069975_Cytoplasm	1635	1641	+	11.4588	6.1e-05	0.349	ATTTTTT
M025_0.6	HNRNPC	hsa_circ_0072298_Cytoplasm	1706	1712	+	11.4588	6.1e-05	0.349	ATTTTTT
M025_0.6	HNRNPC	hsa_circ_0001190_Nucleus	1731	1737	+	11.4588	6.1e-05	0.349	ATTTTTT
M025_0.6	HNRNPC	hsa_circ_0001190_Cytoplasm	1731	1737	+	11.4588	6.1e-05	0.349	ATTTTTT
M025_0.6	HNRNPC	hsa_circ_0077890_Cytoplasm	1792	1798	+	11.4588	6.1e-05	0.349	ATTTTTT
M025_0.6	HNRNPC	hsa_circ_0045521_Cytoplasm	1793	1799	+	11.4588	6.1e-05	0.349	ATTTTTT
M025_0.6	HNRNPC	hsa_circ_0022454_Cytoplasm	2077	2083	+	11.4588	6.1e-05	0.349	ATTTTTT
M025_0.6	HNRNPC	hsa_circ_0069975_Cytoplasm	2133	2139	+	11.4588	6.1e-05	0.349	ATTTTTT
M025_0.6	HNRNPC	hsa_circ_0086368_Cytoplasm	2133	2139	+	11.4588	6.1e-05	0.349	ATTTTTT
M025_0.6	HNRNPC	hsa_circ_0001959_Cytoplasm	2191	2197	+	11.4588	6.1e-05	0.349	ATTTTTT
M025_0.6	HNRNPC	hsa_circ_0001959_Nucleus	2191	2197	+	11.4588	6.1e-05	0.349	ATTTTTT
M025_0.6	HNRNPC	hsa_circ_0001959_Nucleus	2251	2257	+	11.4588	6.1e-05	0.349	ATTTTTT
M025_0.6	HNRNPC	hsa_circ_0001959_Cytoplasm	2251	2257	+	11.4588	6.1e-05	0.349	ATTTTTT
M025_0.6	HNRNPC	hsa_circ_0002699_Cytosol	2261	2267	+	11.4588	6.1e-05	0.349	ATTTTTT
M025_0.6	HNRNPC	hsa_circ_0000175_Cytoplasm	2333	2339	+	11.4588	6.1e-05	0.349	ATTTTTT
M025_0.6	HNRNPC	hsa_circ_0034161_Cytoplasm	2355	2361	+	11.4588	6.1e-05	0.349	ATTTTTT
M025_0.6	HNRNPC	hsa_circ_0034161_Nucleus	2355	2361	+	11.4588	6.1e-05	0.349	ATTTTTT
M025_0.6	HNRNPC	hsa_circ_0081572_Cytoplasm	2392	2398	+	11.4588	6.1e-05	0.349	ATTTTTT
M025_0.6	HNRNPC	hsa_circ_0030018_Cytoplasm	2492	2498	+	11.4588	6.1e-05	0.349	ATTTTTT
M025_0.6	HNRNPC	hsa_circ_0030018_Nucleus	2492	2498	+	11.4588	6.1e-05	0.349	ATTTTTT
M025_0.6	HNRNPC	mmu_circ_0000230_Cytoplasm	2507	2513	+	11.4588	6.1e-05	0.349	ATTTTTT
M025_0.6	HNRNPC	hsa_circ_0001959_Cytoplasm	2514	2520	+	11.4588	6.1e-05	0.349	ATTTTTT
M025_0.6	HNRNPC	hsa_circ_0001959_Nucleus	2514	2520	+	11.4588	6.1e-05	0.349	ATTTTTT
M025_0.6	HNRNPC	hsa_circ_0001959_Nucleus	2554	2560	+	11.4588	6.1e-05	0.349	ATTTTTT
M025_0.6	HNRNPC	hsa_circ_0001959_Cytoplasm	2554	2560	+	11.4588	6.1e-05	0.349	ATTTTTT
M025_0.6	HNRNPC	hsa_circ_0072298_Cytoplasm	2567	2573	+	11.4588	6.1e-05	0.349	ATTTTTT
M025_0.6	HNRNPC	hsa_circ_0086368_Cytoplasm	2589	2595	+	11.4588	6.1e-05	0.349	ATTTTTT
M025_0.6	HNRNPC	hsa_circ_0001959_Nucleus	2615	2621	+	11.4588	6.1e-05	0.349	ATTTTTT
M025_0.6	HNRNPC	hsa_circ_0001959_Cytoplasm	2615	2621	+	11.4588	6.1e-05	0.349	ATTTTTT
M025_0.6	HNRNPC	hsa_circ_0000212_Cytoplasm	2681	2687	+	11.4588	6.1e-05	0.349	ATTTTTT
M025_0.6	HNRNPC	hsa_circ_0000175_Cytoplasm	2705	2711	+	11.4588	6.1e-05	0.349	ATTTTTT
M025_0.6	HNRNPC	hsa_circ_0069975_Cytoplasm	2733	2739	+	11.4588	6.1e-05	0.349	ATTTTTT
M025_0.6	HNRNPC	hsa_circ_0000175_Cytoplasm	2765	2771	+	11.4588	6.1e-05	0.349	ATTTTTT
M025_0.6	HNRNPC	hsa_circ_0030018_Cytoplasm	2940	2946	+	11.4588	6.1e-05	0.349	ATTTTTT
M025_0.6	HNRNPC	hsa_circ_0030018_Nucleus	2940	2946	+	11.4588	6.1e-05	0.349	ATTTTTT
M025_0.6	HNRNPC	hsa_circ_0030018_Cytoplasm	3012	3018	+	11.4588	6.1e-05	0.349	ATTTTTT
M025_0.6	HNRNPC	hsa_circ_0030018_Nucleus	3012	3018	+	11.4588	6.1e-05	0.349	ATTTTTT
M025_0.6	HNRNPC	hsa_circ_0114428_Nucleus	3042	3048	+	11.4588	6.1e-05	0.349	ATTTTTT
M025_0.6	HNRNPC	hsa_circ_0114428_Cytoplasm	3042	3048	+	11.4588	6.1e-05	0.349	ATTTTTT
M025_0.6	HNRNPC	hsa_circ_0089761_Mitochondrion	3222	3228	+	11.4588	6.1e-05	0.349	ATTTTTT
M025_0.6	HNRNPC	hsa_circ_0089761_Cytoplasm	3222	3228	+	11.4588	6.1e-05	0.349	ATTTTTT
M025_0.6	HNRNPC	hsa_circ_0086368_Cytoplasm	3288	3294	+	11.4588	6.1e-05	0.349	ATTTTTT
M025_0.6	HNRNPC	hsa_circ_0025984_Cytoplasm	3303	3309	+	11.4588	6.1e-05	0.349	ATTTTTT
M025_0.6	HNRNPC	hsa_circ_0086368_Cytoplasm	3348	3354	+	11.4588	6.1e-05	0.349	ATTTTTT
M025_0.6	HNRNPC	mmu_circ_0000230_Cytoplasm	3387	3393	+	11.4588	6.1e-05	0.349	ATTTTTT
M025_0.6	HNRNPC	hsa_circ_0086368_Cytoplasm	3550	3556	+	11.4588	6.1e-05	0.349	ATTTTTT
M025_0.6	HNRNPC	hsa_circ_0054537_Cytoplasm	3673	3679	+	11.4588	6.1e-05	0.349	ATTTTTT
M025_0.6	HNRNPC	hsa_circ_0000282_Cytoplasm	3797	3803	+	11.4588	6.1e-05	0.349	ATTTTTT
M025_0.6	HNRNPC	hsa_circ_0000175_Cytoplasm	3820	3826	+	11.4588	6.1e-05	0.349	ATTTTTT
M025_0.6	HNRNPC	hsa_circ_0000282_Cytoplasm	3857	3863	+	11.4588	6.1e-05	0.349	ATTTTTT
M025_0.6	HNRNPC	hsa_circ_0086368_Cytoplasm	4141	4147	+	11.4588	6.1e-05	0.349	ATTTTTT
M025_0.6	HNRNPC	hsa_circ_0000175_Cytoplasm	4182	4188	+	11.4588	6.1e-05	0.349	ATTTTTT
M025_0.6	HNRNPC	hsa_circ_0072083_Cytoplasm	4230	4236	+	11.4588	6.1e-05	0.349	ATTTTTT
M025_0.6	HNRNPC	hsa_circ_0061140_Cytoplasm	4283	4289	+	11.4588	6.1e-05	0.349	ATTTTTT
M025_0.6	HNRNPC	hsa_circ_0086368_Cytoplasm	4316	4322	+	11.4588	6.1e-05	0.349	ATTTTTT
M025_0.6	HNRNPC	hsa_circ_0000282_Cytoplasm	4388	4394	+	11.4588	6.1e-05	0.349	ATTTTTT
M025_0.6	HNRNPC	hsa_circ_0000175_Cytoplasm	4613	4619	+	11.4588	6.1e-05	0.349	ATTTTTT
M025_0.6	HNRNPC	hsa_circ_0000175_Cytoplasm	4682	4688	+	11.4588	6.1e-05	0.349	ATTTTTT
M025_0.6	HNRNPC	hsa_circ_0000212_Cytoplasm	4721	4727	+	11.4588	6.1e-05	0.349	ATTTTTT
M025_0.6	HNRNPC	hsa_circ_0000282_Cytoplasm	4911	4917	+	11.4588	6.1e-05	0.349	ATTTTTT
M025_0.6	HNRNPC	hsa_circ_0072083_Cytoplasm	4921	4927	+	11.4588	6.1e-05	0.349	ATTTTTT
M025_0.6	HNRNPC	hsa_circ_0000212_Cytoplasm	4945	4951	+	11.4588	6.1e-05	0.349	ATTTTTT
M025_0.6	HNRNPC	hsa_circ_0086368_Cytoplasm	4988	4994	+	11.4588	6.1e-05	0.349	ATTTTTT
M025_0.6	HNRNPC	mmu_circ_0001498_Cytoplasm	5033	5039	+	11.4588	6.1e-05	0.349	ATTTTTT
M025_0.6	HNRNPC	hsa_circ_0000282_Cytoplasm	5072	5078	+	11.4588	6.1e-05	0.349	ATTTTTT
M025_0.6	HNRNPC	hsa_circ_0000282_Cytoplasm	5488	5494	+	11.4588	6.1e-05	0.349	ATTTTTT
M025_0.6	HNRNPC	hsa_circ_0000282_Cytoplasm	5581	5587	+	11.4588	6.1e-05	0.349	ATTTTTT
M025_0.6	HNRNPC	hsa_circ_0000527_Cytoplasm	5670	5676	+	11.4588	6.1e-05	0.349	ATTTTTT
M025_0.6	HNRNPC	hsa_circ_0086368_Cytoplasm	6391	6397	+	11.4588	6.1e-05	0.349	ATTTTTT
M025_0.6	HNRNPC	hsa_circ_0086368_Cytoplasm	6404	6410	+	11.4588	6.1e-05	0.349	ATTTTTT
M025_0.6	HNRNPC	hsa_circ_0089763_Mitochondrion	6868	6874	+	11.4588	6.1e-05	0.349	ATTTTTT
M025_0.6	HNRNPC	hsa_circ_0089763_Cytoplasm	6868	6874	+	11.4588	6.1e-05	0.349	ATTTTTT
M025_0.6	HNRNPC	hsa_circ_0089763_Mitochondrion	6928	6934	+	11.4588	6.1e-05	0.349	ATTTTTT
M025_0.6	HNRNPC	hsa_circ_0089763_Cytoplasm	6928	6934	+	11.4588	6.1e-05	0.349	ATTTTTT
M025_0.6	HNRNPC	hsa_circ_0086368_Cytoplasm	7528	7534	+	11.4588	6.1e-05	0.349	ATTTTTT
M025_0.6	HNRNPC	hsa_circ_0054537_Cytoplasm	7705	7711	+	11.4588	6.1e-05	0.349	ATTTTTT
M025_0.6	HNRNPC	hsa_circ_0054537_Cytoplasm	7789	7795	+	11.4588	6.1e-05	0.349	ATTTTTT
M025_0.6	HNRNPC	hsa_circ_0054537_Cytoplasm	8107	8113	+	11.4588	6.1e-05	0.349	ATTTTTT
M025_0.6	HNRNPC	hsa_circ_0054537_Cytoplasm	8167	8173	+	11.4588	6.1e-05	0.349	ATTTTTT
M025_0.6	HNRNPC	hsa_circ_0089761_Mitochondrion	8984	8990	+	11.4588	6.1e-05	0.349	ATTTTTT
M025_0.6	HNRNPC	hsa_circ_0089761_Cytoplasm	8984	8990	+	11.4588	6.1e-05	0.349	ATTTTTT
M025_0.6	HNRNPC	hsa_circ_0089761_Mitochondrion	9044	9050	+	11.4588	6.1e-05	0.349	ATTTTTT
M025_0.6	HNRNPC	hsa_circ_0089761_Cytoplasm	9044	9050	+	11.4588	6.1e-05	0.349	ATTTTTT
M025_0.6	HNRNPC	hsa_circ_0089761_Mitochondrion	9051	9057	+	11.4588	6.1e-05	0.349	ATTTTTT
M025_0.6	HNRNPC	hsa_circ_0089761_Cytoplasm	9051	9057	+	11.4588	6.1e-05	0.349	ATTTTTT
M328_0.6	ELAVL2	hsa_circ_0069975_Cytoplasm	2124	2137	+	10.9408	6.12e-05	0.163	ATAGTTTTTATTTT
M328_0.6	ELAVL2	hsa_circ_0114428_Cytoplasm	716	729	+	10.9349	6.15e-05	0.163	ACTATTTTTGTTAT
M328_0.6	ELAVL2	hsa_circ_0114428_Nucleus	716	729	+	10.9349	6.15e-05	0.163	ACTATTTTTGTTAT
M328_0.6	ELAVL2	hsa_circ_0004872_Cytoplasm	214	227	+	10.9231	6.21e-05	0.164	ATCATTTGTATATA
M328_0.6	ELAVL2	hsa_circ_0025984_Cytoplasm	2558	2571	+	10.9231	6.21e-05	0.164	ACTTTTTTTTTTTT
M328_0.6	ELAVL2	hsa_circ_0000212_Cytoplasm	2287	2300	+	10.9172	6.25e-05	0.164	ACCCTTTATTGTCT
M328_0.6	ELAVL2	hsa_circ_0045521_Cytoplasm	2917	2930	+	10.8876	6.4e-05	0.168	ATTATTTTATTATT
M328_0.6	ELAVL2	hsa_circ_0069975_Cytoplasm	3758	3771	+	10.8521	6.59e-05	0.172	CTTATTTGTGTTAT
M328_0.6	ELAVL2	hsa_circ_0002699_Cytosol	2150	2163	+	10.8402	6.65e-05	0.173	ATTATTTTTGATTT
M328_0.6	ELAVL2	hsa_circ_0005620_Nucleus	855	868	+	10.8343	6.69e-05	0.174	TTTCTTTTTAATTA
M328_0.6	ELAVL2	hsa_circ_0114428_Nucleus	3	16	+	10.8225	6.76e-05	0.174	TTGATTTAATTTTG
M328_0.6	ELAVL2	hsa_circ_0114428_Cytoplasm	3	16	+	10.8225	6.76e-05	0.174	TTGATTTAATTTTG
M328_0.6	ELAVL2	hsa_circ_0047317_Cytoplasm	746	759	+	10.8225	6.76e-05	0.174	TTCCTTTTCTTAAG
M328_0.6	ELAVL2	hsa_circ_0021330_Cytoplasm	420	433	+	10.8166	6.79e-05	0.174	ATTGTTTTTATATG
M328_0.6	ELAVL2	hsa_circ_0045521_Cytoplasm	3730	3743	+	10.8166	6.79e-05	0.174	TTTCTTTCTCTTTT
M328_0.6	ELAVL2	hsa_circ_0099630_Cytoplasm	1010	1023	+	10.8047	6.86e-05	0.175	GTTGTTTTTTTTTG
M328_0.6	ELAVL2	hsa_circ_0082369_Cytoplasm	3116	3129	+	10.8047	6.86e-05	0.175	GTCCTTTTGTTTCA
M328_0.6	ELAVL2	hsa_circ_0008003_Cytoplasm	166	179	+	10.7988	6.89e-05	0.175	ACCCTTTCATTTTG
M328_0.6	ELAVL2	hsa_circ_0078367_Cytoplasm	56	69	+	10.787	6.95e-05	0.175	TTACTTTGTATTCC
M328_0.6	ELAVL2	hsa_circ_0002507_Cytoplasm	150	163	+	10.787	6.95e-05	0.175	CTTCTTTGCGTTTG
M328_0.6	ELAVL2	hsa_circ_0000096_Cytoplasm	956	969	+	10.787	6.95e-05	0.175	ATTCTTTCCATTAT
M328_0.6	ELAVL2	hsa_circ_0018534_Cytoplasm	157	170	+	10.7751	7.02e-05	0.176	TTTCTTTGGATTTT
M328_0.6	ELAVL2	hsa_circ_0084904_Cytoplasm	530	543	+	10.7692	7.06e-05	0.176	ATCATTGATATTTT
M328_0.6	ELAVL2	hsa_circ_0054537_Cytoplasm	8233	8246	+	10.7692	7.06e-05	0.176	TTGTTTTTTTTTTT
M328_0.6	ELAVL2	hsa_circ_0045598_Cytoplasm	325	338	+	10.7456	7.2e-05	0.178	GTCTTTTTTTTTTT
M328_0.6	ELAVL2	hsa_circ_0022454_Cytoplasm	2210	2223	+	10.7456	7.2e-05	0.178	GTCTTTTTTTTTTT
M328_0.6	ELAVL2	hsa_circ_0043800_Cytoplasm	4162	4175	+	10.7456	7.2e-05	0.178	GTCTTTTTTTTTTT
M328_0.6	ELAVL2	hsa_circ_0069975_Cytoplasm	596	609	+	10.7337	7.27e-05	0.179	AACATTTGTTTTTA
M328_0.6	ELAVL2	mmu_circ_0000230_Cytoplasm	1392	1405	+	10.7278	7.3e-05	0.18	TTTATTTTTATGTT
M328_0.6	ELAVL2	hsa_circ_0045521_Cytoplasm	2754	2767	+	10.6982	7.48e-05	0.181	TTTTTTTTTATTTA
M328_0.6	ELAVL2	hsa_circ_0045521_Cytoplasm	2880	2893	+	10.6982	7.48e-05	0.181	TTTTTTTTTATTTA
M328_0.6	ELAVL2	hsa_circ_0045521_Cytoplasm	3398	3411	+	10.6982	7.48e-05	0.181	TTTTTTTTTATTTA
M328_0.6	ELAVL2	hsa_circ_0020303_Cytoplasm	369	382	+	10.6923	7.52e-05	0.181	TTTGTTTTCTTTCG
M328_0.6	ELAVL2	hsa_circ_0000264_Nucleus	369	382	+	10.6923	7.52e-05	0.181	TTTGTTTTCTTTCG
M328_0.6	ELAVL2	hsa_circ_0000264_Cytoplasm	369	382	+	10.6923	7.52e-05	0.181	TTTGTTTTCTTTCG
M328_0.6	ELAVL2	hsa_circ_0084443_Cytoplasm	49	62	+	10.6864	7.57e-05	0.181	CTCATTTTCATAAG
M328_0.6	ELAVL2	hsa_circ_0084443_Cytoplasm	49	62	+	10.6864	7.57e-05	0.181	CTCATTTTCATAAG
M328_0.6	ELAVL2	hsa_circ_0072298_Cytoplasm	3144	3157	+	10.6864	7.57e-05	0.181	ATCCTTTGCTATCG
M328_0.6	ELAVL2	hsa_circ_0086368_Cytoplasm	2045	2058	+	10.6805	7.6e-05	0.181	ATCATTTTAAATCT
M328_0.6	ELAVL2	hsa_circ_0086368_Cytoplasm	2105	2118	+	10.6805	7.6e-05	0.181	ATCATTTTAAATCT
M074_0.6	TARDBP	hsa_circ_0001470_Cytoplasm	113	120	+	10.4709	7.63e-05	0.317	GGAATGAG
M074_0.6	TARDBP	hsa_circ_0001470_Cytoplasm	113	120	+	10.4709	7.63e-05	0.317	GGAATGAG
M074_0.6	TARDBP	hsa_circ_0020303_Cytoplasm	145	152	+	10.4709	7.63e-05	0.317	GGAATGAG
M074_0.6	TARDBP	hsa_circ_0000264_Nucleus	145	152	+	10.4709	7.63e-05	0.317	GGAATGAG
M074_0.6	TARDBP	hsa_circ_0000264_Cytoplasm	145	152	+	10.4709	7.63e-05	0.317	GGAATGAG
M074_0.6	TARDBP	mmu_circ_0007050_Mitochondrion	203	210	+	10.4709	7.63e-05	0.317	GGAATGAG
M074_0.6	TARDBP	mmu_circ_0007050_Cytoplasm	203	210	+	10.4709	7.63e-05	0.317	GGAATGAG
M074_0.6	TARDBP	hsa_circ_0030042_Cytoplasm	861	868	+	10.4709	7.63e-05	0.317	GGAATGAG
M074_0.6	TARDBP	hsa_circ_0076535_Cytoplasm	1132	1139	+	10.4709	7.63e-05	0.317	GGAATGAG
M074_0.6	TARDBP	hsa_circ_0000527_Cytoplasm	2533	2540	+	10.4709	7.63e-05	0.317	GGAATGAG
M074_0.6	TARDBP	hsa_circ_0089761_Mitochondrion	5329	5336	+	10.4709	7.63e-05	0.317	GGAATGAG
M074_0.6	TARDBP	hsa_circ_0089761_Cytoplasm	5329	5336	+	10.4709	7.63e-05	0.317	GGAATGAG
M074_0.6	TARDBP	hsa_circ_0000175_Cytoplasm	5498	5505	+	10.4709	7.63e-05	0.317	GGAATGAG
M074_0.6	TARDBP	mmu_circ_0001498_Cytoplasm	6227	6234	+	10.4709	7.63e-05	0.317	GGAATGAG
M328_0.6	ELAVL2	hsa_circ_0069975_Cytoplasm	3444	3457	+	10.6627	7.72e-05	0.182	CTTATTTTAATTAA
M328_0.6	ELAVL2	hsa_circ_0000395_Cytoplasm	526	539	+	10.6568	7.75e-05	0.182	TTCTTTTCTTTTCT
M328_0.6	ELAVL2	hsa_circ_0000395_Nucleus	526	539	+	10.6568	7.75e-05	0.182	TTCTTTTCTTTTCT
M328_0.6	ELAVL2	hsa_circ_0000395_Cytoplasm	526	539	+	10.6568	7.75e-05	0.182	TTCTTTTCTTTTCT
M328_0.6	ELAVL2	hsa_circ_0000212_Cytoplasm	2595	2608	+	10.6568	7.75e-05	0.182	TTCTTTTCTTTTCT
M328_0.6	ELAVL2	hsa_circ_0002699_Cytosol	4307	4320	+	10.6568	7.75e-05	0.182	AACATTTATGTTTT
M328_0.6	ELAVL2	hsa_circ_0001142_Cytoplasm	1244	1257	+	10.6509	7.78e-05	0.182	CTTCTTTGTATGTG
M328_0.6	ELAVL2	hsa_circ_0005895_Cytoplasm	1771	1784	+	10.6509	7.78e-05	0.182	ATCCTTTGCCTTTT
M328_0.6	ELAVL2	hsa_circ_0000175_Cytoplasm	2702	2715	+	10.6331	7.9e-05	0.183	TTTATTTTTTTGAG
M328_0.6	ELAVL2	hsa_circ_0000282_Cytoplasm	5191	5204	+	10.6331	7.9e-05	0.183	TACATTTGTATTCT
M328_0.6	ELAVL2	hsa_circ_0081572_Cytoplasm	1459	1472	+	10.6213	7.98e-05	0.185	TTCTTTTATTTTTA
M328_0.6	ELAVL2	hsa_circ_0000175_Cytoplasm	3128	3141	+	10.6154	8.02e-05	0.185	ATTCTTTAGATTAA
M328_0.6	ELAVL2	hsa_circ_0020303_Cytoplasm	159	172	+	10.6036	8.1e-05	0.185	ATGATTTCTTTTAA
M328_0.6	ELAVL2	hsa_circ_0000264_Nucleus	159	172	+	10.6036	8.1e-05	0.185	ATGATTTCTTTTAA
M328_0.6	ELAVL2	hsa_circ_0000264_Cytoplasm	159	172	+	10.6036	8.1e-05	0.185	ATGATTTCTTTTAA
M328_0.6	ELAVL2	hsa_circ_0086368_Cytoplasm	5985	5998	+	10.5917	8.18e-05	0.187	CTTTTTTTTTTTAA
M328_0.6	ELAVL2	hsa_circ_0001959_Nucleus	2555	2568	+	10.5799	8.26e-05	0.188	TTTTTTTGTATTTG
M328_0.6	ELAVL2	hsa_circ_0001959_Cytoplasm	2555	2568	+	10.5799	8.26e-05	0.188	TTTTTTTGTATTTG
M328_0.6	ELAVL2	hsa_circ_0001579_Cytoplasm	145	158	+	10.568	8.34e-05	0.188	TTGATTTCTTTTAT
M328_0.6	ELAVL2	hsa_circ_0001579_Cytoplasm	205	218	+	10.568	8.34e-05	0.188	TTGATTTCTTTTAT
M328_0.6	ELAVL2	hsa_circ_0086368_Cytoplasm	5960	5973	+	10.568	8.34e-05	0.188	AACTTTTTTTTTTT
M328_0.6	ELAVL2	hsa_circ_0067681_Cytoplasm	247	260	+	10.5621	8.38e-05	0.188	AAACTTTTTATTCA
M328_0.6	ELAVL2	hsa_circ_0000971_Cytoplasm	203	216	+	10.5503	8.48e-05	0.189	ATTGTTTGTTTTCC
M328_0.6	ELAVL2	hsa_circ_0000971_Cytoplasm	203	216	+	10.5503	8.48e-05	0.189	ATTGTTTGTTTTCC
M328_0.6	ELAVL2	hsa_circ_0000971_Nucleus	203	216	+	10.5503	8.48e-05	0.189	ATTGTTTGTTTTCC
M328_0.6	ELAVL2	hsa_circ_0000971_Nucleus	203	216	+	10.5503	8.48e-05	0.189	ATTGTTTGTTTTCC
M328_0.6	ELAVL2	hsa_circ_0005620_Nucleus	670	683	+	10.5444	8.52e-05	0.189	TTTATTTTTGTATT
M328_0.6	ELAVL2	hsa_circ_0005620_Nucleus	837	850	+	10.5325	8.6e-05	0.189	CCTTTTTTTTTTTT
M328_0.6	ELAVL2	hsa_circ_0082369_Cytoplasm	2119	2132	+	10.5325	8.6e-05	0.189	CCTGTTTTTTTTTT
M328_0.6	ELAVL2	hsa_circ_0000527_Cytoplasm	5478	5491	+	10.5325	8.6e-05	0.189	CCTTTTTTTTTTTT
M328_0.6	ELAVL2	mmu_circ_0001498_Cytoplasm	414	427	+	10.5266	8.64e-05	0.19	ATCCTTTTGGTTAA
M328_0.6	ELAVL2	hsa_circ_0000282_Cytoplasm	5065	5078	+	10.5207	8.68e-05	0.19	AGCCTTTATTTTTT
M328_0.6	ELAVL2	hsa_circ_0054537_Cytoplasm	7050	7063	+	10.5089	8.76e-05	0.191	ATCACTTTTTTTTT
M328_0.6	ELAVL2	hsa_circ_0004390_Cytoplasm	172	185	+	10.497	8.84e-05	0.191	TTATTTTTTTTTCT
M328_0.6	ELAVL2	hsa_circ_0004390_Cytoplasm	172	185	+	10.497	8.84e-05	0.191	TTATTTTTTTTTCT
M328_0.6	ELAVL2	hsa_circ_0001190_Nucleus	1214	1227	+	10.497	8.84e-05	0.191	TTGGTTTTTATTTT
M328_0.6	ELAVL2	hsa_circ_0001190_Cytoplasm	1214	1227	+	10.497	8.84e-05	0.191	TTGGTTTTTATTTT
M328_0.6	ELAVL2	hsa_circ_0045598_Cytoplasm	332	345	+	10.4852	8.93e-05	0.192	TTTTTTTTCTTTTG
M328_0.6	ELAVL2	hsa_circ_0005620_Nucleus	836	849	+	10.4852	8.93e-05	0.192	TCCTTTTTTTTTTT
M328_0.6	ELAVL2	hsa_circ_0049055_Cytoplasm	414	427	+	10.4793	8.98e-05	0.192	CTCCTTTAAATACT
M328_0.6	ELAVL2	hsa_circ_0043800_Cytoplasm	4161	4174	+	10.4793	8.98e-05	0.192	CGTCTTTTTTTTTT
M328_0.6	ELAVL2	hsa_circ_0005620_Nucleus	717	730	+	10.4734	9.02e-05	0.192	ATTCTTATTTTTTT
M328_0.6	ELAVL2	hsa_circ_0000098_Cytoplasm	335	348	+	10.4556	9.15e-05	0.192	AATATTTGTTTTCA
M328_0.6	ELAVL2	hsa_circ_0000395_Cytoplasm	525	538	+	10.4556	9.15e-05	0.192	GTTCTTTTCTTTTC
M328_0.6	ELAVL2	hsa_circ_0000395_Nucleus	525	538	+	10.4556	9.15e-05	0.192	GTTCTTTTCTTTTC
M328_0.6	ELAVL2	hsa_circ_0000395_Cytoplasm	525	538	+	10.4556	9.15e-05	0.192	GTTCTTTTCTTTTC
M328_0.6	ELAVL2	hsa_circ_0000212_Cytoplasm	2600	2613	+	10.4497	9.19e-05	0.192	TTCTTTTCTTTTTT
M328_0.6	ELAVL2	mmu_circ_0000230_Cytoplasm	3191	3204	+	10.4497	9.19e-05	0.192	CTTTTTTTTCTTCT
M328_0.6	ELAVL2	hsa_circ_0045521_Cytoplasm	3724	3737	+	10.4497	9.19e-05	0.192	TCCCTTTTTCTTTC
M328_0.6	ELAVL2	hsa_circ_0045521_Cytoplasm	3784	3797	+	10.4497	9.19e-05	0.192	TCCCTTTTTCTTTA
M328_0.6	ELAVL2	hsa_circ_0045521_Cytoplasm	3008	3021	+	10.4438	9.23e-05	0.193	TTTCTTTGTTGTTT
M328_0.6	ELAVL2	hsa_circ_0019414_Cytoplasm	990	1003	+	10.4379	9.28e-05	0.193	AAGATTTTTATTTA
M328_0.6	ELAVL2	hsa_circ_0000212_Cytoplasm	3585	3598	+	10.4379	9.28e-05	0.193	TTTATTTTTAGTTC
M328_0.6	ELAVL2	hsa_circ_0005620_Nucleus	850	863	+	10.426	9.36e-05	0.194	TTCTTTTTCTTTTT
M328_0.6	ELAVL2	hsa_circ_0000395_Cytoplasm	126	139	+	10.4083	9.5e-05	0.196	CTCATTTACTATTG
M328_0.6	ELAVL2	hsa_circ_0000395_Nucleus	126	139	+	10.4083	9.5e-05	0.196	CTCATTTACTATTG
M328_0.6	ELAVL2	hsa_circ_0000395_Cytoplasm	126	139	+	10.4083	9.5e-05	0.196	CTCATTTACTATTG
M328_0.6	ELAVL2	hsa_circ_0003763_Nucleus	115	128	+	10.3905	9.63e-05	0.197	TTCATTTTTTGATG
M328_0.6	ELAVL2	hsa_circ_0008797_Cytoplasm	400	413	+	10.3905	9.63e-05	0.197	TTCATTTTTTGATG
M328_0.6	ELAVL2	hsa_circ_0109046_Cytoplasm	851	864	+	10.3905	9.63e-05	0.197	ATCCTTTACTTATA
M328_0.6	ELAVL2	hsa_circ_0000175_Cytoplasm	3074	3087	+	10.3846	9.67e-05	0.197	TAGATTTATTTTTG
M328_0.6	ELAVL2	mmu_circ_0001498_Cytoplasm	4516	4529	+	10.3846	9.67e-05	0.197	TTCCTTTCTTTTGC
M328_0.6	ELAVL2	hsa_circ_0069975_Cytoplasm	4402	4415	+	10.3728	9.77e-05	0.197	AATCTTTGTATTTC
M328_0.6	ELAVL2	mmu_circ_0001510_Cytoplasm	312	325	+	10.3669	9.82e-05	0.197	ATCCTTTTTCGTTC
M328_0.6	ELAVL2	hsa_circ_0001566_Cytoplasm	496	509	+	10.3669	9.82e-05	0.197	ATCATTTGGTTATG
M328_0.6	ELAVL2	hsa_circ_0000212_Cytoplasm	2745	2758	+	10.3669	9.82e-05	0.197	AACATTTCTTTTAT
M328_0.6	ELAVL2	hsa_circ_0069975_Cytoplasm	4193	4206	+	10.3669	9.82e-05	0.197	TTTATTTTCTTTGT
M328_0.6	ELAVL2	mmu_circ_0001498_Cytoplasm	4500	4513	+	10.3669	9.82e-05	0.197	TTTCTTTCCTTTCC
M328_0.6	ELAVL2	hsa_circ_0061140_Cytoplasm	664	677	+	10.3609	9.86e-05	0.197	CTGCTTTCTGTTAG
M328_0.6	ELAVL2	hsa_circ_0000282_Cytoplasm	4584	4597	+	10.3609	9.86e-05	0.197	TTGATTTATTTTGT
M328_0.6	ELAVL2	hsa_circ_0019222_Nucleus	1719	1732	+	10.3491	9.96e-05	0.198	ATACTTTTGCTTTG
M328_0.6	ELAVL2	hsa_circ_0019222_Cytoplasm	1719	1732	+	10.3491	9.96e-05	0.198	ATACTTTTGCTTTG

# FIMO (Find Individual Motif Occurrences): Version 5.4.1 compiled on Feb 24 2022 at 15:21:45
# The format of this file is described at https://meme-suite.org/meme/doc/fimo-output-format.html.
# fimo --oc fimo_EV_motif_on_Cyto_seq ./meme_files/EV_specific_motifs.meme /lulabdata3/huangkeyun/zhangys/RNA_locator/motif_analysis/circRNA_ligated/Cyto_sequences.fasta
