motif_id	motif_alt_id	sequence_name	start	stop	strand	score	p-value	q-value	matched_sequence
M323_0.6	NOVA2	hsa_circ_0008003_Cytoplasm	318	330	+	16.1124	1.74e-06	0.569	AAAGAGTCATACC
M323_0.6	NOVA2	hsa_circ_0001479_Cytoplasm	582	594	+	15.8639	2.03e-06	0.569	AAAGAGTCATTGC
M323_0.6	NOVA2	hsa_circ_0000604_Stress	517	529	+	15.5385	2.46e-06	0.569	GAGGAGTCATCAC
M323_0.6	NOVA2	hsa_circ_0001479_Cytoplasm	642	654	+	15.0888	3.32e-06	0.569	GGCGAGTCATTGC
M323_0.6	NOVA2	hsa_circ_0017252_Cytoplasm	115	127	+	15.0414	3.5e-06	0.569	GGGGAGTCATCAT
M323_0.6	NOVA2	hsa_circ_0001699_Cytoplasm	651	663	+	14.5858	5.28e-06	0.569	GGAGAGTCAAACC
M323_0.6	NOVA2	hsa_circ_0001387_Cytoplasm	1538	1550	+	14.5858	5.28e-06	0.569	GGAGAGTCACCCC
M323_0.6	NOVA2	hsa_circ_0001387_Cytoplasm	1538	1550	+	14.5858	5.28e-06	0.569	GGAGAGTCACCCC
M323_0.6	NOVA2	hsa_circ_0003139_Cytoplasm	64	76	+	13.645	1.04e-05	0.741	ACAGAGACATCCC
M323_0.6	NOVA2	hsa_circ_0007468_Nucleus	248	260	+	13.4379	1.15e-05	0.741	GCAGAGTCACTCC
M323_0.6	NOVA2	mmu_circ_0000075_Cytoplasm	587	599	+	13.1893	1.32e-05	0.741	GCAGAGTCAGAGC
M071_0.6	SRSF7	hsa_circ_0003596_Cytoplasm	95	102	+	12.0941	1.53e-05	1	GACGACGG
M071_0.6	SRSF7	mmu_circ_0001386_Cytoplasm	801	808	+	12.0941	1.53e-05	1	GACGACGG
M323_0.6	NOVA2	hsa_circ_0001947_Cytoplasm	539	551	+	12.9172	1.7e-05	0.741	GAAGAGTCAAACC
M323_0.6	NOVA2	hsa_circ_0001947_Cytoplasm	539	551	+	12.9172	1.7e-05	0.741	GAAGAGTCAAACC
M323_0.6	NOVA2	hsa_circ_0074269_Cytoplasm	460	472	+	12.4556	2.15e-05	0.741	GAGGAGTCTTCCC
M323_0.6	NOVA2	hsa_circ_0001461_Cytoplasm	1201	1213	+	12.4201	2.34e-05	0.741	GGACAGTCATCCT
M323_0.6	NOVA2	hsa_circ_0001461_Nucleus	1201	1213	+	12.4201	2.34e-05	0.741	GGACAGTCATCCT
M323_0.6	NOVA2	hsa_circ_0001461_Cytoplasm	1201	1213	+	12.4201	2.34e-05	0.741	GGACAGTCATCCT
M323_0.6	NOVA2	hsa_circ_0080220_Cytoplasm	274	286	+	12.2071	2.6e-05	0.741	GAGGAATCATTGC
M323_0.6	NOVA2	hsa_circ_0080220_Cytoplasm	274	286	+	12.2071	2.6e-05	0.741	GAGGAATCATTGC
M323_0.6	NOVA2	hsa_circ_0080220_Cytoplasm	274	286	+	12.2071	2.6e-05	0.741	GAGGAATCATTGC
M323_0.6	NOVA2	mmu_circ_0001291_Nucleus	505	517	+	12.1716	2.77e-05	0.741	AGAGAGTCAAAGC
M071_0.6	SRSF7	mmu_circ_0000188_Cytoplasm	126	133	+	11.8941	3.05e-05	1	GACGACGA
M071_0.6	SRSF7	hsa_circ_0048091_Cytoplasm	260	267	+	11.8941	3.05e-05	1	GACGACGA
M071_0.6	SRSF7	hsa_circ_0001451_Cytoplasm	917	924	+	11.8941	3.05e-05	1	GACGACGA
M071_0.6	SRSF7	hsa_circ_0050333_Nucleus	1488	1495	+	11.8941	3.05e-05	1	GACGACGA
M071_0.6	SRSF7	hsa_circ_0050333_Nucleus	1491	1498	+	11.8941	3.05e-05	1	GACGACGA
M071_0.6	SRSF7	hsa_circ_0050333_Nucleus	1494	1501	+	11.8941	3.05e-05	1	GACGACGA
M071_0.6	SRSF7	hsa_circ_0007919_Nucleus	1497	1504	+	11.8941	3.05e-05	1	GACGACGA
M071_0.6	SRSF7	hsa_circ_0050333_Nucleus	1509	1516	+	11.8941	3.05e-05	1	GACGACGA
M323_0.6	NOVA2	hsa_circ_0017252_Cytoplasm	1	13	+	11.9112	3.09e-05	0.741	GCTGAGTCATCAC
M323_0.6	NOVA2	hsa_circ_0017252_Cytoplasm	61	73	+	11.9112	3.09e-05	0.741	GCTGAGTCATCAC
M323_0.6	NOVA2	hsa_circ_0030586_Cytoplasm	98	110	+	11.8462	3.21e-05	0.741	GGGAAGTCATCAC
M323_0.6	NOVA2	hsa_circ_0000943_Cytoplasm	493	505	+	11.8462	3.21e-05	0.741	GGGGAGTCAGCAC
M323_0.6	NOVA2	hsa_circ_0000745_Cytoplasm	22	34	+	11.5976	3.64e-05	0.741	GGACAGGCATTCC
M323_0.6	NOVA2	hsa_circ_0005915_Cytoplasm	479	491	+	11.4142	3.74e-05	0.741	GCAGAGGCATTTC
M323_0.6	NOVA2	hsa_circ_0005915_Nucleus	479	491	+	11.4142	3.74e-05	0.741	GCAGAGGCATTTC
M323_0.6	NOVA2	hsa_circ_0058148_Nucleus	686	698	+	11.3491	3.96e-05	0.741	GGAGTGGCATTGC
M323_0.6	NOVA2	mmu_circ_0007972_Cytoplasm	124	136	+	11.2722	4.15e-05	0.741	GCACAGTCATTCT
M323_0.6	NOVA2	hsa_circ_0000098_Cytoplasm	402	414	+	11.2722	4.15e-05	0.741	ACACAGTCATTCC
M323_0.6	NOVA2	mmu_circ_0000075_Cytoplasm	835	847	+	11.2722	4.15e-05	0.741	ACAGTGTCATTCC
M323_0.6	NOVA2	mmu_circ_0001510_Cytoplasm	69	81	+	11.1598	4.31e-05	0.741	GCAGAGTCAGAAC
M323_0.6	NOVA2	hsa_circ_0006401_Nucleus	701	713	+	11.1361	4.5e-05	0.741	GGGCAGACATACC
M323_0.6	NOVA2	hsa_circ_0006401_Cytoplasm	701	713	+	11.1361	4.5e-05	0.741	GGGCAGACATACC
M323_0.6	NOVA2	hsa_circ_0072298_Cytoplasm	2731	2743	+	11.1361	4.5e-05	0.741	GGGAAGACATTCC
M071_0.6	SRSF7	hsa_circ_0087783_Cytoplasm	141	148	+	10.7765	4.58e-05	1	AACGACGG
M323_0.6	NOVA2	hsa_circ_0002474_Cytoplasm	113	125	+	11.0237	4.7e-05	0.741	GCAGAGTCCTCGT
M323_0.6	NOVA2	hsa_circ_0002474_Nucleus	113	125	+	11.0237	4.7e-05	0.741	GCAGAGTCCTCGT
M323_0.6	NOVA2	mmu_circ_0000075_Cytoplasm	647	659	+	11.0237	4.7e-05	0.741	GCAGAGTCAGAGT
M323_0.6	NOVA2	hsa_circ_0020397_Cytoplasm	1272	1284	+	11.0237	4.7e-05	0.741	ACAAAGTCATCGC
M323_0.6	NOVA2	hsa_circ_0000175_Cytoplasm	4756	4768	+	11.0237	4.7e-05	0.741	GCAAAGTCATAGT
M323_0.6	NOVA2	hsa_circ_0000527_Cytoplasm	4363	4375	+	10.8876	5.07e-05	0.741	GGGGACACATTGC
M323_0.6	NOVA2	hsa_circ_0020397_Cytoplasm	229	241	+	10.7515	5.49e-05	0.741	AAACAGTCATCCC
M323_0.6	NOVA2	hsa_circ_0000284_Cytoplasm	829	841	+	10.7515	5.49e-05	0.741	GAAGAATCATCCT
M323_0.6	NOVA2	hsa_circ_0000284_Cytoplasm	829	841	+	10.7515	5.49e-05	0.741	GAAGAATCATCCT
M323_0.6	NOVA2	hsa_circ_0000284_Cytoplasm	829	841	+	10.7515	5.49e-05	0.741	GAAGAATCATCCT
M323_0.6	NOVA2	hsa_circ_0000284_Cytoplasm	829	841	+	10.7515	5.49e-05	0.741	GAAGAATCATCCT
M323_0.6	NOVA2	hsa_circ_0000284_Cytoplasm	829	841	+	10.7515	5.49e-05	0.741	GAAGAATCATCCT
M323_0.6	NOVA2	hsa_circ_0000284_Nucleus	829	841	+	10.7515	5.49e-05	0.741	GAAGAATCATCCT
M323_0.6	NOVA2	hsa_circ_0000284_Nucleus	829	841	+	10.7515	5.49e-05	0.741	GAAGAATCATCCT
M323_0.6	NOVA2	hsa_circ_0000284_Cytoplasm	829	841	+	10.7515	5.49e-05	0.741	GAAGAATCATCCT
M323_0.6	NOVA2	hsa_circ_0000284_Cytoplasm	829	841	+	10.7515	5.49e-05	0.741	GAAGAATCATCCT
M323_0.6	NOVA2	hsa_circ_0000284_Cytoplasm	829	841	+	10.7515	5.49e-05	0.741	GAAGAATCATCCT
M323_0.6	NOVA2	hsa_circ_0000284_Cytoplasm	829	841	+	10.7515	5.49e-05	0.741	GAAGAATCATCCT
M323_0.6	NOVA2	hsa_circ_0000284_Cytoplasm	829	841	+	10.7515	5.49e-05	0.741	GAAGAATCATCCT
M323_0.6	NOVA2	hsa_circ_0000284_Cytoplasm	829	841	+	10.7515	5.49e-05	0.741	GAAGAATCATCCT
M323_0.6	NOVA2	hsa_circ_0032449_Cytoplasm	1798	1810	+	10.7515	5.49e-05	0.741	AAAGATTCATCCC
M323_0.6	NOVA2	hsa_circ_0002310_Cytoplasm	728	740	+	10.7101	5.55e-05	0.741	AAAGAGACATTGT
M323_0.6	NOVA2	hsa_circ_0006952_Nucleus	146	158	+	10.7041	5.58e-05	0.741	GCAGAGACATACA
M323_0.6	NOVA2	hsa_circ_0006952_Cytoplasm	146	158	+	10.7041	5.58e-05	0.741	GCAGAGACATACA
M323_0.6	NOVA2	hsa_circ_0006952_Nucleus	206	218	+	10.7041	5.58e-05	0.741	GCAGAGACATACA
M323_0.6	NOVA2	hsa_circ_0006952_Cytoplasm	206	218	+	10.7041	5.58e-05	0.741	GCAGAGACATACA
M323_0.6	NOVA2	mmu_circ_0000271_Cytoplasm	296	308	+	10.7041	5.58e-05	0.741	GCAGAGACATTCA
M323_0.6	NOVA2	mmu_circ_0000271_Cytoplasm	296	308	+	10.7041	5.58e-05	0.741	GCAGAGACATTCA
M323_0.6	NOVA2	mmu_circ_0000271_Nucleus	296	308	+	10.7041	5.58e-05	0.741	GCAGAGACATTCA
M209_0.6	(RBM45)_(Mus_musculus)_(RBD_0.94)	hsa_circ_0006401_Cytoplasm	46	52	+	10.0114	6.1e-05	1	GACGACA
M209_0.6	(RBM45)_(Mus_musculus)_(RBD_0.94)	hsa_circ_0006401_Nucleus	46	52	+	10.0114	6.1e-05	1	GACGACA
M209_0.6	(RBM45)_(Mus_musculus)_(RBD_0.94)	hsa_circ_0040929_Cytoplasm	56	62	+	10.0114	6.1e-05	1	GACGACA
M209_0.6	(RBM45)_(Mus_musculus)_(RBD_0.94)	mmu_circ_0000230_Cytoplasm	71	77	+	10.0114	6.1e-05	1	GACGACA
M209_0.6	(RBM45)_(Mus_musculus)_(RBD_0.94)	hsa_circ_0008410_Cytoplasm	89	95	+	10.0114	6.1e-05	1	GACGACA
M209_0.6	(RBM45)_(Mus_musculus)_(RBD_0.94)	hsa_circ_0007577_Cytoplasm	95	101	+	10.0114	6.1e-05	1	GACGACA
M209_0.6	(RBM45)_(Mus_musculus)_(RBD_0.94)	hsa_circ_0007577_Nucleus	95	101	+	10.0114	6.1e-05	1	GACGACA
M209_0.6	(RBM45)_(Mus_musculus)_(RBD_0.94)	mmu_circ_0000075_Cytoplasm	158	164	+	10.0114	6.1e-05	1	GACGACA
M209_0.6	(RBM45)_(Mus_musculus)_(RBD_0.94)	hsa_circ_0049055_Cytoplasm	163	169	+	10.0114	6.1e-05	1	GACGACA
M209_0.6	(RBM45)_(Mus_musculus)_(RBD_0.94)	hsa_circ_0061133_Cytoplasm	242	248	+	10.0114	6.1e-05	1	GACGACA
M209_0.6	(RBM45)_(Mus_musculus)_(RBD_0.94)	hsa_circ_0006404_Cytoplasm	262	268	+	10.0114	6.1e-05	1	GACGACA
M209_0.6	(RBM45)_(Mus_musculus)_(RBD_0.94)	hsa_circ_0003258_Cytoplasm	276	282	+	10.0114	6.1e-05	1	GACGACA
M209_0.6	(RBM45)_(Mus_musculus)_(RBD_0.94)	hsa_circ_0034161_Cytoplasm	321	327	+	10.0114	6.1e-05	1	GACGACA
M209_0.6	(RBM45)_(Mus_musculus)_(RBD_0.94)	hsa_circ_0034161_Nucleus	321	327	+	10.0114	6.1e-05	1	GACGACA
M209_0.6	(RBM45)_(Mus_musculus)_(RBD_0.94)	hsa_circ_0001222_Cytoplasm	336	342	+	10.0114	6.1e-05	1	GACGACA
M209_0.6	(RBM45)_(Mus_musculus)_(RBD_0.94)	hsa_circ_0087783_Cytoplasm	397	403	+	10.0114	6.1e-05	1	GACGACA
M209_0.6	(RBM45)_(Mus_musculus)_(RBD_0.94)	hsa_circ_0063290_Cytoplasm	848	854	+	10.0114	6.1e-05	1	GACGACA
M209_0.6	(RBM45)_(Mus_musculus)_(RBD_0.94)	hsa_circ_0075043_Cytoplasm	854	860	+	10.0114	6.1e-05	1	GACGACA
M209_0.6	(RBM45)_(Mus_musculus)_(RBD_0.94)	hsa_circ_0007577_Nucleus	919	925	+	10.0114	6.1e-05	1	GACGACA
M209_0.6	(RBM45)_(Mus_musculus)_(RBD_0.94)	hsa_circ_0007577_Cytoplasm	919	925	+	10.0114	6.1e-05	1	GACGACA
M209_0.6	(RBM45)_(Mus_musculus)_(RBD_0.94)	hsa_circ_0050333_Nucleus	1497	1503	+	10.0114	6.1e-05	1	GACGACA
M169_0.6	hnRNPLL	hsa_circ_0003258_Cytoplasm	2	8	+	11.2	6.1e-05	0.353	ACACACA
M169_0.6	hnRNPLL	hsa_circ_0001408_Cytoplasm	56	62	+	11.2	6.1e-05	0.353	ACACACA
M169_0.6	hnRNPLL	hsa_circ_0003258_Cytoplasm	60	66	+	11.2	6.1e-05	0.353	ACACACA
M169_0.6	hnRNPLL	hsa_circ_0003258_Cytoplasm	62	68	+	11.2	6.1e-05	0.353	ACACACA
M169_0.6	hnRNPLL	hsa_circ_0005397_Cytoplasm	74	80	+	11.2	6.1e-05	0.353	ACACACA
M169_0.6	hnRNPLL	hsa_circ_0077833_Cytoplasm	98	104	+	11.2	6.1e-05	0.353	ACACACA
M169_0.6	hnRNPLL	hsa_circ_0077833_Cytoplasm	98	104	+	11.2	6.1e-05	0.353	ACACACA
M169_0.6	hnRNPLL	hsa_circ_0001959_Cytoplasm	110	116	+	11.2	6.1e-05	0.353	ACACACA
M169_0.6	hnRNPLL	hsa_circ_0001959_Nucleus	110	116	+	11.2	6.1e-05	0.353	ACACACA
M169_0.6	hnRNPLL	hsa_circ_0108960_Cytoplasm	129	135	+	11.2	6.1e-05	0.353	ACACACA
M169_0.6	hnRNPLL	hsa_circ_0005273_Cytoplasm	131	137	+	11.2	6.1e-05	0.353	ACACACA
M169_0.6	hnRNPLL	hsa_circ_0005397_Cytoplasm	134	140	+	11.2	6.1e-05	0.353	ACACACA
M169_0.6	hnRNPLL	hsa_circ_0000782_Cytoplasm	176	182	+	11.2	6.1e-05	0.353	ACACACA
M169_0.6	hnRNPLL	hsa_circ_0000782_Cytoplasm	176	182	+	11.2	6.1e-05	0.353	ACACACA
M169_0.6	hnRNPLL	mmu_circ_0000468_Cytoplasm	177	183	+	11.2	6.1e-05	0.353	ACACACA
M169_0.6	hnRNPLL	hsa_circ_0019222_Cytoplasm	187	193	+	11.2	6.1e-05	0.353	ACACACA
M169_0.6	hnRNPLL	hsa_circ_0019222_Nucleus	187	193	+	11.2	6.1e-05	0.353	ACACACA
M169_0.6	hnRNPLL	mmu_circ_0000896_Cytoplasm	193	199	+	11.2	6.1e-05	0.353	ACACACA
M169_0.6	hnRNPLL	hsa_circ_0030998_Nucleus	227	233	+	11.2	6.1e-05	0.353	ACACACA
M169_0.6	hnRNPLL	hsa_circ_0030998_Cytoplasm	227	233	+	11.2	6.1e-05	0.353	ACACACA
M169_0.6	hnRNPLL	hsa_circ_0030998_Cytoplasm	227	233	+	11.2	6.1e-05	0.353	ACACACA
M169_0.6	hnRNPLL	hsa_circ_0128846_Cytoplasm	238	244	+	11.2	6.1e-05	0.353	ACACACA
M169_0.6	hnRNPLL	hsa_circ_0007626_Cytoplasm	268	274	+	11.2	6.1e-05	0.353	ACACACA
M169_0.6	hnRNPLL	hsa_circ_0007626_Nucleus	268	274	+	11.2	6.1e-05	0.353	ACACACA
M169_0.6	hnRNPLL	hsa_circ_0060551_Nucleus	269	275	+	11.2	6.1e-05	0.353	ACACACA
M169_0.6	hnRNPLL	hsa_circ_0006623_Cytoplasm	290	296	+	11.2	6.1e-05	0.353	ACACACA
M169_0.6	hnRNPLL	hsa_circ_0006623_Nucleus	290	296	+	11.2	6.1e-05	0.353	ACACACA
M169_0.6	hnRNPLL	hsa_circ_0003258_Cytoplasm	304	310	+	11.2	6.1e-05	0.353	ACACACA
M169_0.6	hnRNPLL	hsa_circ_0006420_Nucleus	342	348	+	11.2	6.1e-05	0.353	ACACACA
M169_0.6	hnRNPLL	hsa_circ_0006420_Cytoplasm	342	348	+	11.2	6.1e-05	0.353	ACACACA
M169_0.6	hnRNPLL	hsa_circ_0005262_Cytoplasm	369	375	+	11.2	6.1e-05	0.353	ACACACA
M169_0.6	hnRNPLL	hsa_circ_0005262_Cytoplasm	395	401	+	11.2	6.1e-05	0.353	ACACACA
M169_0.6	hnRNPLL	hsa_circ_0102231_Cytoplasm	470	476	+	11.2	6.1e-05	0.353	ACACACA
M169_0.6	hnRNPLL	hsa_circ_0000782_Cytoplasm	478	484	+	11.2	6.1e-05	0.353	ACACACA
M169_0.6	hnRNPLL	hsa_circ_0000782_Cytoplasm	478	484	+	11.2	6.1e-05	0.353	ACACACA
M169_0.6	hnRNPLL	hsa_circ_0004623_Cytoplasm	488	494	+	11.2	6.1e-05	0.353	ACACACA
M169_0.6	hnRNPLL	hsa_circ_0004623_Cytoplasm	488	494	+	11.2	6.1e-05	0.353	ACACACA
M169_0.6	hnRNPLL	hsa_circ_0006393_Nucleus	488	494	+	11.2	6.1e-05	0.353	ACACACA
M169_0.6	hnRNPLL	hsa_circ_0006393_Cytoplasm	488	494	+	11.2	6.1e-05	0.353	ACACACA
M169_0.6	hnRNPLL	hsa_circ_0006913_Nucleus	514	520	+	11.2	6.1e-05	0.353	ACACACA
M169_0.6	hnRNPLL	hsa_circ_0006913_Cytoplasm	514	520	+	11.2	6.1e-05	0.353	ACACACA
M169_0.6	hnRNPLL	hsa_circ_0000817_Cytoplasm	528	534	+	11.2	6.1e-05	0.353	ACACACA
M169_0.6	hnRNPLL	mmu_circ_0001711_Cytoplasm	534	540	+	11.2	6.1e-05	0.353	ACACACA
M169_0.6	hnRNPLL	hsa_circ_0004623_Cytoplasm	541	547	+	11.2	6.1e-05	0.353	ACACACA
M169_0.6	hnRNPLL	hsa_circ_0004623_Cytoplasm	541	547	+	11.2	6.1e-05	0.353	ACACACA
M169_0.6	hnRNPLL	hsa_circ_0006913_Cytoplasm	574	580	+	11.2	6.1e-05	0.353	ACACACA
M169_0.6	hnRNPLL	hsa_circ_0006913_Nucleus	574	580	+	11.2	6.1e-05	0.353	ACACACA
M169_0.6	hnRNPLL	hsa_circ_0035292_Cytoplasm	668	674	+	11.2	6.1e-05	0.353	ACACACA
M169_0.6	hnRNPLL	hsa_circ_0102231_Cytoplasm	875	881	+	11.2	6.1e-05	0.353	ACACACA
M169_0.6	hnRNPLL	hsa_circ_0061395_Cytoplasm	900	906	+	11.2	6.1e-05	0.353	ACACACA
M169_0.6	hnRNPLL	hsa_circ_0007311_Cytoplasm	1092	1098	+	11.2	6.1e-05	0.353	ACACACA
M169_0.6	hnRNPLL	hsa_circ_0080913_Nucleus	1102	1108	+	11.2	6.1e-05	0.353	ACACACA
M169_0.6	hnRNPLL	mmu_circ_0000382_Cytoplasm	1137	1143	+	11.2	6.1e-05	0.353	ACACACA
M169_0.6	hnRNPLL	hsa_circ_0080913_Nucleus	1162	1168	+	11.2	6.1e-05	0.353	ACACACA
M169_0.6	hnRNPLL	hsa_circ_0109046_Cytoplasm	1196	1202	+	11.2	6.1e-05	0.353	ACACACA
M169_0.6	hnRNPLL	hsa_circ_0051239_Cytoplasm	1263	1269	+	11.2	6.1e-05	0.353	ACACACA
M169_0.6	hnRNPLL	hsa_circ_0051239_Cytoplasm	1265	1271	+	11.2	6.1e-05	0.353	ACACACA
M169_0.6	hnRNPLL	hsa_circ_0051239_Cytoplasm	1267	1273	+	11.2	6.1e-05	0.353	ACACACA
M169_0.6	hnRNPLL	hsa_circ_0051239_Cytoplasm	1293	1299	+	11.2	6.1e-05	0.353	ACACACA
M169_0.6	hnRNPLL	hsa_circ_0051239_Cytoplasm	1295	1301	+	11.2	6.1e-05	0.353	ACACACA
M169_0.6	hnRNPLL	hsa_circ_0051239_Cytoplasm	1324	1330	+	11.2	6.1e-05	0.353	ACACACA
M169_0.6	hnRNPLL	hsa_circ_0128846_Cytoplasm	1333	1339	+	11.2	6.1e-05	0.353	ACACACA
M169_0.6	hnRNPLL	hsa_circ_0051239_Cytoplasm	1370	1376	+	11.2	6.1e-05	0.353	ACACACA
M169_0.6	hnRNPLL	hsa_circ_0051239_Cytoplasm	1389	1395	+	11.2	6.1e-05	0.353	ACACACA
M169_0.6	hnRNPLL	hsa_circ_0051239_Cytoplasm	1391	1397	+	11.2	6.1e-05	0.353	ACACACA
M169_0.6	hnRNPLL	hsa_circ_0051239_Cytoplasm	1393	1399	+	11.2	6.1e-05	0.353	ACACACA
M169_0.6	hnRNPLL	hsa_circ_0051239_Cytoplasm	1395	1401	+	11.2	6.1e-05	0.353	ACACACA
M169_0.6	hnRNPLL	hsa_circ_0051239_Cytoplasm	1397	1403	+	11.2	6.1e-05	0.353	ACACACA
M169_0.6	hnRNPLL	hsa_circ_0051239_Cytoplasm	1399	1405	+	11.2	6.1e-05	0.353	ACACACA
M169_0.6	hnRNPLL	hsa_circ_0051239_Cytoplasm	1401	1407	+	11.2	6.1e-05	0.353	ACACACA
M169_0.6	hnRNPLL	hsa_circ_0051239_Cytoplasm	1403	1409	+	11.2	6.1e-05	0.353	ACACACA
M169_0.6	hnRNPLL	hsa_circ_0051239_Cytoplasm	1405	1411	+	11.2	6.1e-05	0.353	ACACACA
M169_0.6	hnRNPLL	hsa_circ_0051239_Cytoplasm	1407	1413	+	11.2	6.1e-05	0.353	ACACACA
M169_0.6	hnRNPLL	hsa_circ_0004018_Cytoplasm	1408	1414	+	11.2	6.1e-05	0.353	ACACACA
M169_0.6	hnRNPLL	hsa_circ_0051239_Cytoplasm	1409	1415	+	11.2	6.1e-05	0.353	ACACACA
M169_0.6	hnRNPLL	hsa_circ_0051239_Cytoplasm	1439	1445	+	11.2	6.1e-05	0.353	ACACACA
M169_0.6	hnRNPLL	hsa_circ_0051239_Cytoplasm	1449	1455	+	11.2	6.1e-05	0.353	ACACACA
M169_0.6	hnRNPLL	hsa_circ_0051239_Cytoplasm	1451	1457	+	11.2	6.1e-05	0.353	ACACACA
M169_0.6	hnRNPLL	hsa_circ_0051239_Cytoplasm	1453	1459	+	11.2	6.1e-05	0.353	ACACACA
M169_0.6	hnRNPLL	hsa_circ_0051239_Cytoplasm	1483	1489	+	11.2	6.1e-05	0.353	ACACACA
M169_0.6	hnRNPLL	hsa_circ_0051239_Cytoplasm	1485	1491	+	11.2	6.1e-05	0.353	ACACACA
M169_0.6	hnRNPLL	hsa_circ_0051239_Cytoplasm	1487	1493	+	11.2	6.1e-05	0.353	ACACACA
M169_0.6	hnRNPLL	hsa_circ_0051239_Cytoplasm	1489	1495	+	11.2	6.1e-05	0.353	ACACACA
M169_0.6	hnRNPLL	hsa_circ_0051239_Cytoplasm	1491	1497	+	11.2	6.1e-05	0.353	ACACACA
M169_0.6	hnRNPLL	hsa_circ_0051239_Cytoplasm	1493	1499	+	11.2	6.1e-05	0.353	ACACACA
M169_0.6	hnRNPLL	hsa_circ_0051239_Cytoplasm	1495	1501	+	11.2	6.1e-05	0.353	ACACACA
M169_0.6	hnRNPLL	hsa_circ_0051239_Cytoplasm	1497	1503	+	11.2	6.1e-05	0.353	ACACACA
M169_0.6	hnRNPLL	hsa_circ_0051239_Cytoplasm	1499	1505	+	11.2	6.1e-05	0.353	ACACACA
M169_0.6	hnRNPLL	hsa_circ_0051239_Cytoplasm	1549	1555	+	11.2	6.1e-05	0.353	ACACACA
M169_0.6	hnRNPLL	hsa_circ_0051239_Cytoplasm	1551	1557	+	11.2	6.1e-05	0.353	ACACACA
M169_0.6	hnRNPLL	hsa_circ_0051239_Cytoplasm	1553	1559	+	11.2	6.1e-05	0.353	ACACACA
M169_0.6	hnRNPLL	hsa_circ_0051239_Cytoplasm	1555	1561	+	11.2	6.1e-05	0.353	ACACACA
M169_0.6	hnRNPLL	hsa_circ_0051239_Cytoplasm	1557	1563	+	11.2	6.1e-05	0.353	ACACACA
M169_0.6	hnRNPLL	hsa_circ_0051239_Cytoplasm	1559	1565	+	11.2	6.1e-05	0.353	ACACACA
M169_0.6	hnRNPLL	hsa_circ_0051239_Cytoplasm	1561	1567	+	11.2	6.1e-05	0.353	ACACACA
M169_0.6	hnRNPLL	hsa_circ_0051239_Cytoplasm	1563	1569	+	11.2	6.1e-05	0.353	ACACACA
M169_0.6	hnRNPLL	hsa_circ_0051239_Cytoplasm	1565	1571	+	11.2	6.1e-05	0.353	ACACACA
M169_0.6	hnRNPLL	hsa_circ_0006404_Cytoplasm	1605	1611	+	11.2	6.1e-05	0.353	ACACACA
M169_0.6	hnRNPLL	hsa_circ_0051239_Cytoplasm	1608	1614	+	11.2	6.1e-05	0.353	ACACACA
M169_0.6	hnRNPLL	hsa_circ_0051239_Cytoplasm	1610	1616	+	11.2	6.1e-05	0.353	ACACACA
M169_0.6	hnRNPLL	hsa_circ_0051239_Cytoplasm	1612	1618	+	11.2	6.1e-05	0.353	ACACACA
M169_0.6	hnRNPLL	hsa_circ_0051239_Cytoplasm	1614	1620	+	11.2	6.1e-05	0.353	ACACACA
M169_0.6	hnRNPLL	hsa_circ_0000175_Cytoplasm	1640	1646	+	11.2	6.1e-05	0.353	ACACACA
M169_0.6	hnRNPLL	hsa_circ_0051239_Cytoplasm	1651	1657	+	11.2	6.1e-05	0.353	ACACACA
M169_0.6	hnRNPLL	hsa_circ_0051239_Cytoplasm	1653	1659	+	11.2	6.1e-05	0.353	ACACACA
M169_0.6	hnRNPLL	hsa_circ_0051239_Cytoplasm	1655	1661	+	11.2	6.1e-05	0.353	ACACACA
M169_0.6	hnRNPLL	hsa_circ_0051239_Cytoplasm	1657	1663	+	11.2	6.1e-05	0.353	ACACACA
M169_0.6	hnRNPLL	hsa_circ_0051239_Cytoplasm	1659	1665	+	11.2	6.1e-05	0.353	ACACACA
M169_0.6	hnRNPLL	hsa_circ_0051239_Cytoplasm	1668	1674	+	11.2	6.1e-05	0.353	ACACACA
M169_0.6	hnRNPLL	hsa_circ_0051239_Cytoplasm	1670	1676	+	11.2	6.1e-05	0.353	ACACACA
M169_0.6	hnRNPLL	hsa_circ_0051239_Cytoplasm	1672	1678	+	11.2	6.1e-05	0.353	ACACACA
M169_0.6	hnRNPLL	hsa_circ_0051239_Cytoplasm	1674	1680	+	11.2	6.1e-05	0.353	ACACACA
M169_0.6	hnRNPLL	hsa_circ_0089552_Cytoplasm	1675	1681	+	11.2	6.1e-05	0.353	ACACACA
M169_0.6	hnRNPLL	hsa_circ_0051239_Cytoplasm	1676	1682	+	11.2	6.1e-05	0.353	ACACACA
M169_0.6	hnRNPLL	hsa_circ_0051239_Cytoplasm	1710	1716	+	11.2	6.1e-05	0.353	ACACACA
M169_0.6	hnRNPLL	hsa_circ_0051239_Cytoplasm	1712	1718	+	11.2	6.1e-05	0.353	ACACACA
M169_0.6	hnRNPLL	hsa_circ_0051239_Cytoplasm	1762	1768	+	11.2	6.1e-05	0.353	ACACACA
M169_0.6	hnRNPLL	hsa_circ_0051239_Cytoplasm	1764	1770	+	11.2	6.1e-05	0.353	ACACACA
M169_0.6	hnRNPLL	hsa_circ_0051239_Cytoplasm	1766	1772	+	11.2	6.1e-05	0.353	ACACACA
M169_0.6	hnRNPLL	hsa_circ_0051239_Cytoplasm	1768	1774	+	11.2	6.1e-05	0.353	ACACACA
M169_0.6	hnRNPLL	hsa_circ_0069975_Cytoplasm	1877	1883	+	11.2	6.1e-05	0.353	ACACACA
M169_0.6	hnRNPLL	hsa_circ_0069975_Cytoplasm	1879	1885	+	11.2	6.1e-05	0.353	ACACACA
M169_0.6	hnRNPLL	hsa_circ_0005332_Nucleus	1936	1942	+	11.2	6.1e-05	0.353	ACACACA
M169_0.6	hnRNPLL	hsa_circ_0034161_Cytoplasm	2042	2048	+	11.2	6.1e-05	0.353	ACACACA
M169_0.6	hnRNPLL	hsa_circ_0034161_Nucleus	2042	2048	+	11.2	6.1e-05	0.353	ACACACA
M169_0.6	hnRNPLL	hsa_circ_0109046_Cytoplasm	2455	2461	+	11.2	6.1e-05	0.353	ACACACA
M169_0.6	hnRNPLL	hsa_circ_0000527_Cytoplasm	2668	2674	+	11.2	6.1e-05	0.353	ACACACA
M169_0.6	hnRNPLL	mmu_circ_0001498_Cytoplasm	3208	3214	+	11.2	6.1e-05	0.353	ACACACA
M169_0.6	hnRNPLL	hsa_circ_0082369_Cytoplasm	3287	3293	+	11.2	6.1e-05	0.353	ACACACA
M169_0.6	hnRNPLL	hsa_circ_0082369_Cytoplasm	3289	3295	+	11.2	6.1e-05	0.353	ACACACA
M169_0.6	hnRNPLL	hsa_circ_0082369_Cytoplasm	3291	3297	+	11.2	6.1e-05	0.353	ACACACA
M169_0.6	hnRNPLL	hsa_circ_0082369_Cytoplasm	3293	3299	+	11.2	6.1e-05	0.353	ACACACA
M169_0.6	hnRNPLL	hsa_circ_0000175_Cytoplasm	3677	3683	+	11.2	6.1e-05	0.353	ACACACA
M169_0.6	hnRNPLL	hsa_circ_0000175_Cytoplasm	3679	3685	+	11.2	6.1e-05	0.353	ACACACA
M169_0.6	hnRNPLL	hsa_circ_0000175_Cytoplasm	3681	3687	+	11.2	6.1e-05	0.353	ACACACA
M169_0.6	hnRNPLL	hsa_circ_0000175_Cytoplasm	3734	3740	+	11.2	6.1e-05	0.353	ACACACA
M169_0.6	hnRNPLL	hsa_circ_0000175_Cytoplasm	3736	3742	+	11.2	6.1e-05	0.353	ACACACA
M169_0.6	hnRNPLL	hsa_circ_0000175_Cytoplasm	3738	3744	+	11.2	6.1e-05	0.353	ACACACA
M169_0.6	hnRNPLL	hsa_circ_0000175_Cytoplasm	3740	3746	+	11.2	6.1e-05	0.353	ACACACA
M169_0.6	hnRNPLL	hsa_circ_0000175_Cytoplasm	3742	3748	+	11.2	6.1e-05	0.353	ACACACA
M169_0.6	hnRNPLL	hsa_circ_0000175_Cytoplasm	3744	3750	+	11.2	6.1e-05	0.353	ACACACA
M169_0.6	hnRNPLL	hsa_circ_0000175_Cytoplasm	3746	3752	+	11.2	6.1e-05	0.353	ACACACA
M169_0.6	hnRNPLL	hsa_circ_0114428_Cytoplasm	3864	3870	+	11.2	6.1e-05	0.353	ACACACA
M169_0.6	hnRNPLL	hsa_circ_0114428_Nucleus	3864	3870	+	11.2	6.1e-05	0.353	ACACACA
M169_0.6	hnRNPLL	hsa_circ_0019222_Cytoplasm	3954	3960	+	11.2	6.1e-05	0.353	ACACACA
M169_0.6	hnRNPLL	hsa_circ_0019222_Nucleus	3954	3960	+	11.2	6.1e-05	0.353	ACACACA
M169_0.6	hnRNPLL	hsa_circ_0086368_Cytoplasm	4132	4138	+	11.2	6.1e-05	0.353	ACACACA
M169_0.6	hnRNPLL	hsa_circ_0000212_Cytoplasm	4494	4500	+	11.2	6.1e-05	0.353	ACACACA
M148_0.6	PABPN1	hsa_circ_0000915_Cytoplasm	19	25	+	10.5588	6.1e-05	0.282	AGAAGAC
M148_0.6	PABPN1	hsa_circ_0001006_Cytoplasm	31	37	+	10.5588	6.1e-05	0.282	AGAAGAC
M148_0.6	PABPN1	hsa_circ_0074854_Cytoplasm	31	37	+	10.5588	6.1e-05	0.282	AGAAGAC
M148_0.6	PABPN1	hsa_circ_0056285_Cytoplasm	34	40	+	10.5588	6.1e-05	0.282	AGAAGAC
M148_0.6	PABPN1	hsa_circ_0001959_Nucleus	36	42	+	10.5588	6.1e-05	0.282	AGAAGAC
M148_0.6	PABPN1	hsa_circ_0001959_Cytoplasm	36	42	+	10.5588	6.1e-05	0.282	AGAAGAC
M148_0.6	PABPN1	hsa_circ_0116795_Cytoplasm	41	47	+	10.5588	6.1e-05	0.282	AGAAGAC
M148_0.6	PABPN1	hsa_circ_0052112_Cytoplasm	42	48	+	10.5588	6.1e-05	0.282	AGAAGAC
M148_0.6	PABPN1	hsa_circ_0000395_Nucleus	44	50	+	10.5588	6.1e-05	0.282	AGAAGAC
M148_0.6	PABPN1	hsa_circ_0000395_Cytoplasm	44	50	+	10.5588	6.1e-05	0.282	AGAAGAC
M148_0.6	PABPN1	hsa_circ_0000395_Cytoplasm	44	50	+	10.5588	6.1e-05	0.282	AGAAGAC
M148_0.6	PABPN1	hsa_circ_0000350_Nucleus	47	53	+	10.5588	6.1e-05	0.282	AGAAGAC
M148_0.6	PABPN1	hsa_circ_0058040_Cytoplasm	48	54	+	10.5588	6.1e-05	0.282	AGAAGAC
M148_0.6	PABPN1	hsa_circ_0078616_Cytosol	52	58	+	10.5588	6.1e-05	0.282	AGAAGAC
M148_0.6	PABPN1	hsa_circ_0000467_Cytoplasm	71	77	+	10.5588	6.1e-05	0.282	AGAAGAC
M148_0.6	PABPN1	hsa_circ_0000467_Cytoplasm	71	77	+	10.5588	6.1e-05	0.282	AGAAGAC
M148_0.6	PABPN1	hsa_circ_0023992_Cytoplasm	72	78	+	10.5588	6.1e-05	0.282	AGAAGAC
M148_0.6	PABPN1	mmu_circ_0000872_Cytosol	73	79	+	10.5588	6.1e-05	0.282	AGAAGAC
M148_0.6	PABPN1	hsa_circ_0064017_Cytoplasm	76	82	+	10.5588	6.1e-05	0.282	AGAAGAC
M148_0.6	PABPN1	hsa_circ_0001766_Cytoplasm	81	87	+	10.5588	6.1e-05	0.282	AGAAGAC
M148_0.6	PABPN1	hsa_circ_0001766_Nucleus	81	87	+	10.5588	6.1e-05	0.282	AGAAGAC
M148_0.6	PABPN1	hsa_circ_0001190_Nucleus	82	88	+	10.5588	6.1e-05	0.282	AGAAGAC
M148_0.6	PABPN1	hsa_circ_0001190_Cytoplasm	82	88	+	10.5588	6.1e-05	0.282	AGAAGAC
M148_0.6	PABPN1	hsa_circ_0001410_Cytosol	93	99	+	10.5588	6.1e-05	0.282	AGAAGAC
M148_0.6	PABPN1	hsa_circ_0001410_Nucleus	93	99	+	10.5588	6.1e-05	0.282	AGAAGAC
M148_0.6	PABPN1	hsa_circ_0002991_Cytoplasm	94	100	+	10.5588	6.1e-05	0.282	AGAAGAC
M148_0.6	PABPN1	hsa_circ_0051239_Cytoplasm	98	104	+	10.5588	6.1e-05	0.282	AGAAGAC
M148_0.6	PABPN1	hsa_circ_0035428_Cytoplasm	101	107	+	10.5588	6.1e-05	0.282	AGAAGAC
M148_0.6	PABPN1	hsa_circ_0035428_Nucleus	101	107	+	10.5588	6.1e-05	0.282	AGAAGAC
M148_0.6	PABPN1	hsa_circ_0000467_Cytoplasm	131	137	+	10.5588	6.1e-05	0.282	AGAAGAC
M148_0.6	PABPN1	hsa_circ_0000467_Cytoplasm	131	137	+	10.5588	6.1e-05	0.282	AGAAGAC
M148_0.6	PABPN1	hsa_circ_0064017_Cytoplasm	136	142	+	10.5588	6.1e-05	0.282	AGAAGAC
M148_0.6	PABPN1	hsa_circ_0001766_Nucleus	141	147	+	10.5588	6.1e-05	0.282	AGAAGAC
M148_0.6	PABPN1	hsa_circ_0001766_Cytoplasm	141	147	+	10.5588	6.1e-05	0.282	AGAAGAC
M148_0.6	PABPN1	hsa_circ_0000264_Cytoplasm	151	157	+	10.5588	6.1e-05	0.282	AGAAGAC
M148_0.6	PABPN1	hsa_circ_0000264_Nucleus	151	157	+	10.5588	6.1e-05	0.282	AGAAGAC
M148_0.6	PABPN1	hsa_circ_0020303_Cytoplasm	151	157	+	10.5588	6.1e-05	0.282	AGAAGAC
M148_0.6	PABPN1	hsa_circ_0004240_Cytoplasm	166	172	+	10.5588	6.1e-05	0.282	AGAAGAC
M148_0.6	PABPN1	hsa_circ_0086452_Cytoplasm	166	172	+	10.5588	6.1e-05	0.282	AGAAGAC
M148_0.6	PABPN1	hsa_circ_0004240_Cytoplasm	166	172	+	10.5588	6.1e-05	0.282	AGAAGAC
M148_0.6	PABPN1	hsa_circ_0001445_Nucleus	171	177	+	10.5588	6.1e-05	0.282	AGAAGAC
M148_0.6	PABPN1	hsa_circ_0001445_Cytoplasm	171	177	+	10.5588	6.1e-05	0.282	AGAAGAC
M148_0.6	PABPN1	hsa_circ_0002314_Cytoplasm	174	180	+	10.5588	6.1e-05	0.282	AGAAGAC
M148_0.6	PABPN1	hsa_circ_0020710_Cytoplasm	190	196	+	10.5588	6.1e-05	0.282	AGAAGAC
M148_0.6	PABPN1	hsa_circ_0056285_Cytoplasm	193	199	+	10.5588	6.1e-05	0.282	AGAAGAC
M148_0.6	PABPN1	hsa_circ_0021769_Cytoplasm	194	200	+	10.5588	6.1e-05	0.282	AGAAGAC
M148_0.6	PABPN1	hsa_circ_0001410_Nucleus	200	206	+	10.5588	6.1e-05	0.282	AGAAGAC
M148_0.6	PABPN1	hsa_circ_0001410_Cytosol	200	206	+	10.5588	6.1e-05	0.282	AGAAGAC
M148_0.6	PABPN1	hsa_circ_0020303_Cytoplasm	211	217	+	10.5588	6.1e-05	0.282	AGAAGAC
M148_0.6	PABPN1	hsa_circ_0000264_Nucleus	211	217	+	10.5588	6.1e-05	0.282	AGAAGAC
M148_0.6	PABPN1	hsa_circ_0000264_Cytoplasm	211	217	+	10.5588	6.1e-05	0.282	AGAAGAC
M148_0.6	PABPN1	hsa_circ_0005043_Cytoplasm	214	220	+	10.5588	6.1e-05	0.282	AGAAGAC
M148_0.6	PABPN1	hsa_circ_0001224_Nucleus	224	230	+	10.5588	6.1e-05	0.282	AGAAGAC
M148_0.6	PABPN1	mmu_circ_0001136_Cytoplasm	231	237	+	10.5588	6.1e-05	0.282	AGAAGAC
M148_0.6	PABPN1	hsa_circ_0001018_Cytoplasm	252	258	+	10.5588	6.1e-05	0.282	AGAAGAC
M148_0.6	PABPN1	hsa_circ_0038632_Cytoplasm	254	260	+	10.5588	6.1e-05	0.282	AGAAGAC
M148_0.6	PABPN1	hsa_circ_0004136_Cytoplasm	256	262	+	10.5588	6.1e-05	0.282	AGAAGAC
M148_0.6	PABPN1	mmu_circ_0000332_Nucleus	257	263	+	10.5588	6.1e-05	0.282	AGAAGAC
M148_0.6	PABPN1	mmu_circ_0000332_Cytoplasm	257	263	+	10.5588	6.1e-05	0.282	AGAAGAC
M148_0.6	PABPN1	hsa_circ_0109046_Cytoplasm	261	267	+	10.5588	6.1e-05	0.282	AGAAGAC
M148_0.6	PABPN1	hsa_circ_0002638_Cytoplasm	262	268	+	10.5588	6.1e-05	0.282	AGAAGAC
M148_0.6	PABPN1	hsa_circ_0002805_Cytoplasm	263	269	+	10.5588	6.1e-05	0.282	AGAAGAC
M148_0.6	PABPN1	hsa_circ_0002805_Nucleus	263	269	+	10.5588	6.1e-05	0.282	AGAAGAC
M148_0.6	PABPN1	hsa_circ_0074853_Cytoplasm	265	271	+	10.5588	6.1e-05	0.282	AGAAGAC
M148_0.6	PABPN1	hsa_circ_0028912_Cytoplasm	266	272	+	10.5588	6.1e-05	0.282	AGAAGAC
M148_0.6	PABPN1	hsa_circ_0048091_Cytoplasm	270	276	+	10.5588	6.1e-05	0.282	AGAAGAC
M148_0.6	PABPN1	hsa_circ_0001224_Nucleus	284	290	+	10.5588	6.1e-05	0.282	AGAAGAC
M148_0.6	PABPN1	hsa_circ_0069100_Cytoplasm	296	302	+	10.5588	6.1e-05	0.282	AGAAGAC
M148_0.6	PABPN1	hsa_circ_0069100_Nucleus	296	302	+	10.5588	6.1e-05	0.282	AGAAGAC
M148_0.6	PABPN1	hsa_circ_0001445_Cytoplasm	297	303	+	10.5588	6.1e-05	0.282	AGAAGAC
M148_0.6	PABPN1	hsa_circ_0001445_Nucleus	297	303	+	10.5588	6.1e-05	0.282	AGAAGAC
M148_0.6	PABPN1	hsa_circ_0002458_Nucleus	297	303	+	10.5588	6.1e-05	0.282	AGAAGAC
M148_0.6	PABPN1	hsa_circ_0000390_Cytoplasm	298	304	+	10.5588	6.1e-05	0.282	AGAAGAC
M148_0.6	PABPN1	hsa_circ_0001460_Cytoplasm	314	320	+	10.5588	6.1e-05	0.282	AGAAGAC
M148_0.6	PABPN1	hsa_circ_0023992_Cytoplasm	316	322	+	10.5588	6.1e-05	0.282	AGAAGAC
M148_0.6	PABPN1	hsa_circ_0010467_Cytoplasm	318	324	+	10.5588	6.1e-05	0.282	AGAAGAC
M148_0.6	PABPN1	hsa_circ_0010467_Nucleus	318	324	+	10.5588	6.1e-05	0.282	AGAAGAC
M148_0.6	PABPN1	hsa_circ_0001445_Cytoplasm	326	332	+	10.5588	6.1e-05	0.282	AGAAGAC
M148_0.6	PABPN1	hsa_circ_0001445_Nucleus	326	332	+	10.5588	6.1e-05	0.282	AGAAGAC
M148_0.6	PABPN1	hsa_circ_0013290_Cytoplasm	328	334	+	10.5588	6.1e-05	0.282	AGAAGAC
M148_0.6	PABPN1	hsa_circ_0002458_Nucleus	341	347	+	10.5588	6.1e-05	0.282	AGAAGAC
M148_0.6	PABPN1	hsa_circ_0069100_Cytoplasm	356	362	+	10.5588	6.1e-05	0.282	AGAAGAC
M148_0.6	PABPN1	hsa_circ_0069100_Nucleus	356	362	+	10.5588	6.1e-05	0.282	AGAAGAC
M148_0.6	PABPN1	hsa_circ_0000390_Cytoplasm	358	364	+	10.5588	6.1e-05	0.282	AGAAGAC
M148_0.6	PABPN1	hsa_circ_0001346_Cytoplasm	373	379	+	10.5588	6.1e-05	0.282	AGAAGAC
M148_0.6	PABPN1	hsa_circ_0001224_Nucleus	373	379	+	10.5588	6.1e-05	0.282	AGAAGAC
M148_0.6	PABPN1	hsa_circ_0001789_Cytoplasm	374	380	+	10.5588	6.1e-05	0.282	AGAAGAC
M148_0.6	PABPN1	hsa_circ_0070512_Cytoplasm	406	412	+	10.5588	6.1e-05	0.282	AGAAGAC
M148_0.6	PABPN1	hsa_circ_0000274_Cytoplasm	420	426	+	10.5588	6.1e-05	0.282	AGAAGAC
M148_0.6	PABPN1	hsa_circ_0000274_Nucleus	420	426	+	10.5588	6.1e-05	0.282	AGAAGAC
M148_0.6	PABPN1	hsa_circ_0000274_Cytoplasm	420	426	+	10.5588	6.1e-05	0.282	AGAAGAC
M148_0.6	PABPN1	mmu_circ_0003002_Nucleus	435	441	+	10.5588	6.1e-05	0.282	AGAAGAC
M148_0.6	PABPN1	hsa_circ_0002874_Cytoplasm	435	441	+	10.5588	6.1e-05	0.282	AGAAGAC
M148_0.6	PABPN1	mmu_circ_0003002_Cytoplasm	435	441	+	10.5588	6.1e-05	0.282	AGAAGAC
M148_0.6	PABPN1	hsa_circ_0002874_Cytoplasm	435	441	+	10.5588	6.1e-05	0.282	AGAAGAC
M148_0.6	PABPN1	hsa_circ_0002874_Nucleus	435	441	+	10.5588	6.1e-05	0.282	AGAAGAC
M148_0.6	PABPN1	hsa_circ_0002874_Cytoplasm	435	441	+	10.5588	6.1e-05	0.282	AGAAGAC
M148_0.6	PABPN1	hsa_circ_0033614_Cytoplasm	452	458	+	10.5588	6.1e-05	0.282	AGAAGAC
M148_0.6	PABPN1	hsa_circ_0033614_Nucleus	452	458	+	10.5588	6.1e-05	0.282	AGAAGAC
M148_0.6	PABPN1	hsa_circ_0000286_Nucleus	453	459	+	10.5588	6.1e-05	0.282	AGAAGAC
M148_0.6	PABPN1	hsa_circ_0058493_Cytoplasm	457	463	+	10.5588	6.1e-05	0.282	AGAAGAC
M148_0.6	PABPN1	hsa_circ_0058493_Nucleus	457	463	+	10.5588	6.1e-05	0.282	AGAAGAC
M148_0.6	PABPN1	hsa_circ_0005264_Cytoplasm	458	464	+	10.5588	6.1e-05	0.282	AGAAGAC
M148_0.6	PABPN1	mmu_circ_0007050_Mitochondrion	462	468	+	10.5588	6.1e-05	0.282	AGAAGAC
M148_0.6	PABPN1	mmu_circ_0007050_Cytoplasm	462	468	+	10.5588	6.1e-05	0.282	AGAAGAC
M148_0.6	PABPN1	hsa_circ_0000350_Nucleus	467	473	+	10.5588	6.1e-05	0.282	AGAAGAC
M148_0.6	PABPN1	hsa_circ_0005043_Cytoplasm	538	544	+	10.5588	6.1e-05	0.282	AGAAGAC
M148_0.6	PABPN1	mmu_circ_0000382_Cytoplasm	558	564	+	10.5588	6.1e-05	0.282	AGAAGAC
M148_0.6	PABPN1	hsa_circ_0021001_Cytoplasm	568	574	+	10.5588	6.1e-05	0.282	AGAAGAC
M148_0.6	PABPN1	hsa_circ_0001727_Cytoplasm	585	591	+	10.5588	6.1e-05	0.282	AGAAGAC
M148_0.6	PABPN1	hsa_circ_0002104_Cytoplasm	595	601	+	10.5588	6.1e-05	0.282	AGAAGAC
M148_0.6	PABPN1	hsa_circ_0001727_Cytoplasm	645	651	+	10.5588	6.1e-05	0.282	AGAAGAC
M148_0.6	PABPN1	hsa_circ_0030586_Cytoplasm	652	658	+	10.5588	6.1e-05	0.282	AGAAGAC
M148_0.6	PABPN1	mmu_circ_0006823_Soma	679	685	+	10.5588	6.1e-05	0.282	AGAAGAC
M148_0.6	PABPN1	mmu_circ_0006823_Dendrite	679	685	+	10.5588	6.1e-05	0.282	AGAAGAC
M148_0.6	PABPN1	mmu_circ_0006823_Nucleus	679	685	+	10.5588	6.1e-05	0.282	AGAAGAC
M148_0.6	PABPN1	mmu_circ_0000271_Cytoplasm	684	690	+	10.5588	6.1e-05	0.282	AGAAGAC
M148_0.6	PABPN1	mmu_circ_0000271_Nucleus	684	690	+	10.5588	6.1e-05	0.282	AGAAGAC
M148_0.6	PABPN1	mmu_circ_0000271_Cytoplasm	684	690	+	10.5588	6.1e-05	0.282	AGAAGAC
M148_0.6	PABPN1	hsa_circ_0000078_Cytoplasm	728	734	+	10.5588	6.1e-05	0.282	AGAAGAC
M148_0.6	PABPN1	hsa_circ_0000078_Nucleus	728	734	+	10.5588	6.1e-05	0.282	AGAAGAC
M148_0.6	PABPN1	hsa_circ_0081572_Cytoplasm	745	751	+	10.5588	6.1e-05	0.282	AGAAGAC
M148_0.6	PABPN1	hsa_circ_0000566_Cytoplasm	777	783	+	10.5588	6.1e-05	0.282	AGAAGAC
M148_0.6	PABPN1	hsa_circ_0000566_Cytoplasm	777	783	+	10.5588	6.1e-05	0.282	AGAAGAC
M148_0.6	PABPN1	hsa_circ_0138660_Cytoplasm	824	830	+	10.5588	6.1e-05	0.282	AGAAGAC
M148_0.6	PABPN1	hsa_circ_0102231_Cytoplasm	861	867	+	10.5588	6.1e-05	0.282	AGAAGAC
M148_0.6	PABPN1	hsa_circ_0023981_Cytoplasm	890	896	+	10.5588	6.1e-05	0.282	AGAAGAC
M148_0.6	PABPN1	hsa_circ_0007919_Nucleus	911	917	+	10.5588	6.1e-05	0.282	AGAAGAC
M148_0.6	PABPN1	mmu_circ_0006823_Nucleus	921	927	+	10.5588	6.1e-05	0.282	AGAAGAC
M148_0.6	PABPN1	mmu_circ_0006823_Dendrite	921	927	+	10.5588	6.1e-05	0.282	AGAAGAC
M148_0.6	PABPN1	mmu_circ_0006823_Soma	921	927	+	10.5588	6.1e-05	0.282	AGAAGAC
M148_0.6	PABPN1	hsa_circ_0000240_Cytoplasm	945	951	+	10.5588	6.1e-05	0.282	AGAAGAC
M148_0.6	PABPN1	hsa_circ_0034161_Cytoplasm	1001	1007	+	10.5588	6.1e-05	0.282	AGAAGAC
M148_0.6	PABPN1	hsa_circ_0034161_Nucleus	1001	1007	+	10.5588	6.1e-05	0.282	AGAAGAC
M148_0.6	PABPN1	hsa_circ_0010467_Cytoplasm	1017	1023	+	10.5588	6.1e-05	0.282	AGAAGAC
M148_0.6	PABPN1	hsa_circ_0010467_Nucleus	1017	1023	+	10.5588	6.1e-05	0.282	AGAAGAC
M148_0.6	PABPN1	hsa_circ_0084904_Cytoplasm	1043	1049	+	10.5588	6.1e-05	0.282	AGAAGAC
M148_0.6	PABPN1	hsa_circ_0075043_Cytoplasm	1177	1183	+	10.5588	6.1e-05	0.282	AGAAGAC
M148_0.6	PABPN1	mmu_circ_0001711_Cytoplasm	1183	1189	+	10.5588	6.1e-05	0.282	AGAAGAC
M148_0.6	PABPN1	hsa_circ_0001944_Cytoplasm	1183	1189	+	10.5588	6.1e-05	0.282	AGAAGAC
M148_0.6	PABPN1	hsa_circ_0020303_Cytoplasm	1252	1258	+	10.5588	6.1e-05	0.282	AGAAGAC
M148_0.6	PABPN1	hsa_circ_0000264_Nucleus	1252	1258	+	10.5588	6.1e-05	0.282	AGAAGAC
M148_0.6	PABPN1	hsa_circ_0000264_Cytoplasm	1252	1258	+	10.5588	6.1e-05	0.282	AGAAGAC
M148_0.6	PABPN1	mmu_circ_0001470_Cytoplasm	1445	1451	+	10.5588	6.1e-05	0.282	AGAAGAC
M148_0.6	PABPN1	hsa_circ_0062019_Cytoplasm	1609	1615	+	10.5588	6.1e-05	0.282	AGAAGAC
M148_0.6	PABPN1	hsa_circ_0001387_Cytoplasm	1640	1646	+	10.5588	6.1e-05	0.282	AGAAGAC
M148_0.6	PABPN1	hsa_circ_0001387_Cytoplasm	1640	1646	+	10.5588	6.1e-05	0.282	AGAAGAC
M148_0.6	PABPN1	hsa_circ_0062019_Cytoplasm	1669	1675	+	10.5588	6.1e-05	0.282	AGAAGAC
M148_0.6	PABPN1	hsa_circ_0128846_Cytoplasm	1713	1719	+	10.5588	6.1e-05	0.282	AGAAGAC
M148_0.6	PABPN1	hsa_circ_0114428_Nucleus	1733	1739	+	10.5588	6.1e-05	0.282	AGAAGAC
M148_0.6	PABPN1	hsa_circ_0114428_Cytoplasm	1733	1739	+	10.5588	6.1e-05	0.282	AGAAGAC
M148_0.6	PABPN1	hsa_circ_0072083_Cytoplasm	1839	1845	+	10.5588	6.1e-05	0.282	AGAAGAC
M148_0.6	PABPN1	hsa_circ_0019222_Cytoplasm	1905	1911	+	10.5588	6.1e-05	0.282	AGAAGAC
M148_0.6	PABPN1	hsa_circ_0019222_Nucleus	1905	1911	+	10.5588	6.1e-05	0.282	AGAAGAC
M148_0.6	PABPN1	hsa_circ_0001387_Cytoplasm	1912	1918	+	10.5588	6.1e-05	0.282	AGAAGAC
M148_0.6	PABPN1	hsa_circ_0001387_Cytoplasm	1912	1918	+	10.5588	6.1e-05	0.282	AGAAGAC
M148_0.6	PABPN1	hsa_circ_0001666_Cytoplasm	1913	1919	+	10.5588	6.1e-05	0.282	AGAAGAC
M148_0.6	PABPN1	hsa_circ_0001666_Cytoplasm	1913	1919	+	10.5588	6.1e-05	0.282	AGAAGAC
M148_0.6	PABPN1	hsa_circ_0019222_Nucleus	1965	1971	+	10.5588	6.1e-05	0.282	AGAAGAC
M148_0.6	PABPN1	hsa_circ_0019222_Cytoplasm	1965	1971	+	10.5588	6.1e-05	0.282	AGAAGAC
M148_0.6	PABPN1	hsa_circ_0001666_Cytoplasm	2047	2053	+	10.5588	6.1e-05	0.282	AGAAGAC
M148_0.6	PABPN1	hsa_circ_0001666_Cytoplasm	2047	2053	+	10.5588	6.1e-05	0.282	AGAAGAC
M148_0.6	PABPN1	hsa_circ_0001666_Cytoplasm	2107	2113	+	10.5588	6.1e-05	0.282	AGAAGAC
M148_0.6	PABPN1	hsa_circ_0001666_Cytoplasm	2107	2113	+	10.5588	6.1e-05	0.282	AGAAGAC
M148_0.6	PABPN1	hsa_circ_0030018_Cytoplasm	2276	2282	+	10.5588	6.1e-05	0.282	AGAAGAC
M148_0.6	PABPN1	hsa_circ_0030018_Nucleus	2276	2282	+	10.5588	6.1e-05	0.282	AGAAGAC
M148_0.6	PABPN1	hsa_circ_0000527_Cytoplasm	2663	2669	+	10.5588	6.1e-05	0.282	AGAAGAC
M148_0.6	PABPN1	hsa_circ_0035428_Cytoplasm	2960	2966	+	10.5588	6.1e-05	0.282	AGAAGAC
M148_0.6	PABPN1	hsa_circ_0035428_Nucleus	2960	2966	+	10.5588	6.1e-05	0.282	AGAAGAC
M148_0.6	PABPN1	mmu_circ_0001510_Cytoplasm	3004	3010	+	10.5588	6.1e-05	0.282	AGAAGAC
M148_0.6	PABPN1	hsa_circ_0061133_Cytoplasm	3114	3120	+	10.5588	6.1e-05	0.282	AGAAGAC
M148_0.6	PABPN1	hsa_circ_0061133_Cytoplasm	3450	3456	+	10.5588	6.1e-05	0.282	AGAAGAC
M148_0.6	PABPN1	hsa_circ_0000943_Cytoplasm	4302	4308	+	10.5588	6.1e-05	0.282	AGAAGAC
M148_0.6	PABPN1	hsa_circ_0000212_Cytoplasm	4471	4477	+	10.5588	6.1e-05	0.282	AGAAGAC
M148_0.6	PABPN1	hsa_circ_0001959_Nucleus	4547	4553	+	10.5588	6.1e-05	0.282	AGAAGAC
M148_0.6	PABPN1	hsa_circ_0001959_Cytoplasm	4547	4553	+	10.5588	6.1e-05	0.282	AGAAGAC
M148_0.6	PABPN1	hsa_circ_0054537_Cytoplasm	4911	4917	+	10.5588	6.1e-05	0.282	AGAAGAC
M148_0.6	PABPN1	hsa_circ_0000282_Cytoplasm	5345	5351	+	10.5588	6.1e-05	0.282	AGAAGAC
M073_0.6	STAR-PAP	hsa_circ_0038632_Cytoplasm	52	58	+	10.399	6.1e-05	1	CGATACT
M073_0.6	STAR-PAP	hsa_circ_0019435_Nucleus	248	254	+	10.399	6.1e-05	1	CGATACT
M073_0.6	STAR-PAP	hsa_circ_0019435_Nucleus	248	254	+	10.399	6.1e-05	1	CGATACT
M073_0.6	STAR-PAP	hsa_circ_0087783_Cytoplasm	451	457	+	10.399	6.1e-05	1	CGATACT
M073_0.6	STAR-PAP	hsa_circ_0025130_Cytoplasm	489	495	+	10.399	6.1e-05	1	CGATACT
M073_0.6	STAR-PAP	mmu_circ_0006640_Cytoplasm	621	627	+	10.399	6.1e-05	1	CGATACT
M073_0.6	STAR-PAP	hsa_circ_0072298_Cytoplasm	1604	1610	+	10.399	6.1e-05	1	CGATACT
M073_0.6	STAR-PAP	hsa_circ_0000212_Cytoplasm	1834	1840	+	10.399	6.1e-05	1	CGATACT
M073_0.6	STAR-PAP	hsa_circ_0085362_Nucleus	2747	2753	+	10.399	6.1e-05	1	CGATACT
M073_0.6	STAR-PAP	hsa_circ_0085362_Cytoplasm	2747	2753	+	10.399	6.1e-05	1	CGATACT
M073_0.6	STAR-PAP	hsa_circ_0001461_Nucleus	3915	3921	+	10.399	6.1e-05	1	CGATACT
M073_0.6	STAR-PAP	hsa_circ_0001461_Cytoplasm	3915	3921	+	10.399	6.1e-05	1	CGATACT
M073_0.6	STAR-PAP	hsa_circ_0001461_Cytoplasm	3915	3921	+	10.399	6.1e-05	1	CGATACT
M061_0.6	SAMD4A	hsa_circ_0007990_Cytoplasm	1	7	+	10.5118	6.1e-05	0.526	GCTGGAC
M061_0.6	SAMD4A	hsa_circ_0007990_Nucleus	1	7	+	10.5118	6.1e-05	0.526	GCTGGAC
M061_0.6	SAMD4A	hsa_circ_0007597_Cytoplasm	15	21	+	10.5118	6.1e-05	0.526	GCTGGAC
M061_0.6	SAMD4A	hsa_circ_0001190_Nucleus	16	22	+	10.5118	6.1e-05	0.526	GCTGGAC
M061_0.6	SAMD4A	hsa_circ_0001190_Cytoplasm	16	22	+	10.5118	6.1e-05	0.526	GCTGGAC
M061_0.6	SAMD4A	hsa_circ_0043280_Cytoplasm	29	35	+	10.5118	6.1e-05	0.526	GCTGGAC
M061_0.6	SAMD4A	hsa_circ_0064017_Cytoplasm	29	35	+	10.5118	6.1e-05	0.526	GCTGGAC
M061_0.6	SAMD4A	hsa_circ_0035428_Nucleus	35	41	+	10.5118	6.1e-05	0.526	GCTGGAC
M061_0.6	SAMD4A	hsa_circ_0035428_Cytoplasm	35	41	+	10.5118	6.1e-05	0.526	GCTGGAC
M061_0.6	SAMD4A	mmu_circ_0000188_Cytoplasm	37	43	+	10.5118	6.1e-05	0.526	GCTGGAC
M061_0.6	SAMD4A	hsa_circ_0056854_Nucleus	43	49	+	10.5118	6.1e-05	0.526	GCTGGAC
M061_0.6	SAMD4A	hsa_circ_0056854_Cytoplasm	43	49	+	10.5118	6.1e-05	0.526	GCTGGAC
M061_0.6	SAMD4A	hsa_circ_0056854_Cytoplasm	43	49	+	10.5118	6.1e-05	0.526	GCTGGAC
M061_0.6	SAMD4A	hsa_circ_0109046_Cytoplasm	57	63	+	10.5118	6.1e-05	0.526	GCTGGAC
M061_0.6	SAMD4A	hsa_circ_0000527_Cytoplasm	60	66	+	10.5118	6.1e-05	0.526	GCTGGAC
M061_0.6	SAMD4A	hsa_circ_0007990_Cytoplasm	61	67	+	10.5118	6.1e-05	0.526	GCTGGAC
M061_0.6	SAMD4A	hsa_circ_0007990_Nucleus	61	67	+	10.5118	6.1e-05	0.526	GCTGGAC
M061_0.6	SAMD4A	hsa_circ_0012673_Cytoplasm	75	81	+	10.5118	6.1e-05	0.526	GCTGGAC
M061_0.6	SAMD4A	hsa_circ_0007944_Cytoplasm	90	96	+	10.5118	6.1e-05	0.526	GCTGGAC
M061_0.6	SAMD4A	hsa_circ_0003596_Cytoplasm	91	97	+	10.5118	6.1e-05	0.526	GCTGGAC
M061_0.6	SAMD4A	hsa_circ_0004973_Cytoplasm	97	103	+	10.5118	6.1e-05	0.526	GCTGGAC
M061_0.6	SAMD4A	hsa_circ_0000395_Cytoplasm	99	105	+	10.5118	6.1e-05	0.526	GCTGGAC
M061_0.6	SAMD4A	hsa_circ_0000395_Nucleus	99	105	+	10.5118	6.1e-05	0.526	GCTGGAC
M061_0.6	SAMD4A	hsa_circ_0000395_Cytoplasm	99	105	+	10.5118	6.1e-05	0.526	GCTGGAC
M061_0.6	SAMD4A	hsa_circ_0000274_Cytoplasm	115	121	+	10.5118	6.1e-05	0.526	GCTGGAC
M061_0.6	SAMD4A	hsa_circ_0061140_Cytoplasm	115	121	+	10.5118	6.1e-05	0.526	GCTGGAC
M061_0.6	SAMD4A	hsa_circ_0000274_Cytoplasm	115	121	+	10.5118	6.1e-05	0.526	GCTGGAC
M061_0.6	SAMD4A	hsa_circ_0000274_Nucleus	115	121	+	10.5118	6.1e-05	0.526	GCTGGAC
M061_0.6	SAMD4A	hsa_circ_0075043_Cytoplasm	120	126	+	10.5118	6.1e-05	0.526	GCTGGAC
M061_0.6	SAMD4A	hsa_circ_0012673_Cytoplasm	135	141	+	10.5118	6.1e-05	0.526	GCTGGAC
M061_0.6	SAMD4A	hsa_circ_0125166_Nucleus	152	158	+	10.5118	6.1e-05	0.526	GCTGGAC
M061_0.6	SAMD4A	hsa_circ_0001818_Cytoplasm	152	158	+	10.5118	6.1e-05	0.526	GCTGGAC
M061_0.6	SAMD4A	hsa_circ_0003356_Nucleus	155	161	+	10.5118	6.1e-05	0.526	GCTGGAC
M061_0.6	SAMD4A	hsa_circ_0003356_Cytoplasm	155	161	+	10.5118	6.1e-05	0.526	GCTGGAC
M061_0.6	SAMD4A	hsa_circ_0002111_Cytoplasm	174	180	+	10.5118	6.1e-05	0.526	GCTGGAC
M061_0.6	SAMD4A	hsa_circ_0085495_Cytoplasm	182	188	+	10.5118	6.1e-05	0.526	GCTGGAC
M061_0.6	SAMD4A	hsa_circ_0125166_Nucleus	212	218	+	10.5118	6.1e-05	0.526	GCTGGAC
M061_0.6	SAMD4A	hsa_circ_0001818_Cytoplasm	212	218	+	10.5118	6.1e-05	0.526	GCTGGAC
M061_0.6	SAMD4A	hsa_circ_0088196_Cytoplasm	214	220	+	10.5118	6.1e-05	0.526	GCTGGAC
M061_0.6	SAMD4A	hsa_circ_0001224_Nucleus	252	258	+	10.5118	6.1e-05	0.526	GCTGGAC
M061_0.6	SAMD4A	hsa_circ_0003340_Cytoplasm	255	261	+	10.5118	6.1e-05	0.526	GCTGGAC
M061_0.6	SAMD4A	mmu_circ_0000130_Cytoplasm	259	265	+	10.5118	6.1e-05	0.526	GCTGGAC
M061_0.6	SAMD4A	hsa_circ_0081146_Cytoplasm	347	353	+	10.5118	6.1e-05	0.526	GCTGGAC
M061_0.6	SAMD4A	hsa_circ_0007290_Cytoplasm	386	392	+	10.5118	6.1e-05	0.526	GCTGGAC
M061_0.6	SAMD4A	hsa_circ_0068835_Cytoplasm	388	394	+	10.5118	6.1e-05	0.526	GCTGGAC
M061_0.6	SAMD4A	hsa_circ_0074298_Cytoplasm	389	395	+	10.5118	6.1e-05	0.526	GCTGGAC
M061_0.6	SAMD4A	hsa_circ_0024028_Cytoplasm	421	427	+	10.5118	6.1e-05	0.526	GCTGGAC
M061_0.6	SAMD4A	hsa_circ_0004104_Cytoplasm	459	465	+	10.5118	6.1e-05	0.526	GCTGGAC
M061_0.6	SAMD4A	hsa_circ_0088196_Cytoplasm	479	485	+	10.5118	6.1e-05	0.526	GCTGGAC
M061_0.6	SAMD4A	hsa_circ_0099109_Cytoplasm	522	528	+	10.5118	6.1e-05	0.526	GCTGGAC
M061_0.6	SAMD4A	hsa_circ_0099109_Nucleus	522	528	+	10.5118	6.1e-05	0.526	GCTGGAC
M061_0.6	SAMD4A	hsa_circ_0002286_Cytoplasm	542	548	+	10.5118	6.1e-05	0.526	GCTGGAC
M061_0.6	SAMD4A	hsa_circ_0043800_Cytoplasm	550	556	+	10.5118	6.1e-05	0.526	GCTGGAC
M061_0.6	SAMD4A	mmu_circ_0000451_Cytoplasm	562	568	+	10.5118	6.1e-05	0.526	GCTGGAC
M061_0.6	SAMD4A	hsa_circ_0002484_Cytoplasm	587	593	+	10.5118	6.1e-05	0.526	GCTGGAC
M061_0.6	SAMD4A	hsa_circ_0002484_Nucleus	587	593	+	10.5118	6.1e-05	0.526	GCTGGAC
M061_0.6	SAMD4A	hsa_circ_0002484_Cytoplasm	587	593	+	10.5118	6.1e-05	0.526	GCTGGAC
M061_0.6	SAMD4A	hsa_circ_0002484_Cytoplasm	647	653	+	10.5118	6.1e-05	0.526	GCTGGAC
M061_0.6	SAMD4A	hsa_circ_0002484_Nucleus	647	653	+	10.5118	6.1e-05	0.526	GCTGGAC
M061_0.6	SAMD4A	hsa_circ_0002484_Cytoplasm	647	653	+	10.5118	6.1e-05	0.526	GCTGGAC
M061_0.6	SAMD4A	hsa_circ_0068835_Cytoplasm	735	741	+	10.5118	6.1e-05	0.526	GCTGGAC
M061_0.6	SAMD4A	hsa_circ_0081146_Cytoplasm	740	746	+	10.5118	6.1e-05	0.526	GCTGGAC
M061_0.6	SAMD4A	hsa_circ_0036722_Cytoplasm	774	780	+	10.5118	6.1e-05	0.526	GCTGGAC
M061_0.6	SAMD4A	hsa_circ_0068835_Cytoplasm	795	801	+	10.5118	6.1e-05	0.526	GCTGGAC
M061_0.6	SAMD4A	hsa_circ_0007311_Cytoplasm	844	850	+	10.5118	6.1e-05	0.526	GCTGGAC
M061_0.6	SAMD4A	hsa_circ_0074269_Cytoplasm	863	869	+	10.5118	6.1e-05	0.526	GCTGGAC
M061_0.6	SAMD4A	hsa_circ_0036602_Cytoplasm	881	887	+	10.5118	6.1e-05	0.526	GCTGGAC
M061_0.6	SAMD4A	hsa_circ_0061395_Cytoplasm	934	940	+	10.5118	6.1e-05	0.526	GCTGGAC
M061_0.6	SAMD4A	hsa_circ_0036602_Cytoplasm	941	947	+	10.5118	6.1e-05	0.526	GCTGGAC
M061_0.6	SAMD4A	hsa_circ_0044226_Cytoplasm	947	953	+	10.5118	6.1e-05	0.526	GCTGGAC
M061_0.6	SAMD4A	hsa_circ_0081146_Cytoplasm	968	974	+	10.5118	6.1e-05	0.526	GCTGGAC
M061_0.6	SAMD4A	hsa_circ_0000725_Cytoplasm	1039	1045	+	10.5118	6.1e-05	0.526	GCTGGAC
M061_0.6	SAMD4A	hsa_circ_0000350_Nucleus	1042	1048	+	10.5118	6.1e-05	0.526	GCTGGAC
M061_0.6	SAMD4A	hsa_circ_0044516_Cytoplasm	1053	1059	+	10.5118	6.1e-05	0.526	GCTGGAC
M061_0.6	SAMD4A	hsa_circ_0128846_Cytoplasm	1066	1072	+	10.5118	6.1e-05	0.526	GCTGGAC
M061_0.6	SAMD4A	hsa_circ_0036176_Cytoplasm	1076	1082	+	10.5118	6.1e-05	0.526	GCTGGAC
M061_0.6	SAMD4A	hsa_circ_0000725_Cytoplasm	1127	1133	+	10.5118	6.1e-05	0.526	GCTGGAC
M061_0.6	SAMD4A	hsa_circ_0006950_Cytoplasm	1132	1138	+	10.5118	6.1e-05	0.526	GCTGGAC
M061_0.6	SAMD4A	hsa_circ_0085362_Nucleus	1132	1138	+	10.5118	6.1e-05	0.526	GCTGGAC
M061_0.6	SAMD4A	hsa_circ_0085362_Cytoplasm	1132	1138	+	10.5118	6.1e-05	0.526	GCTGGAC
M061_0.6	SAMD4A	hsa_circ_0025030_Cytoplasm	1134	1140	+	10.5118	6.1e-05	0.526	GCTGGAC
M061_0.6	SAMD4A	hsa_circ_0072083_Cytoplasm	1192	1198	+	10.5118	6.1e-05	0.526	GCTGGAC
M061_0.6	SAMD4A	hsa_circ_0044516_Cytoplasm	1214	1220	+	10.5118	6.1e-05	0.526	GCTGGAC
M061_0.6	SAMD4A	mmu_circ_0015409_Cytoplasm	1284	1290	+	10.5118	6.1e-05	0.526	GCTGGAC
M061_0.6	SAMD4A	hsa_circ_0044516_Cytoplasm	1442	1448	+	10.5118	6.1e-05	0.526	GCTGGAC
M061_0.6	SAMD4A	hsa_circ_0010467_Nucleus	1492	1498	+	10.5118	6.1e-05	0.526	GCTGGAC
M061_0.6	SAMD4A	hsa_circ_0010467_Cytoplasm	1492	1498	+	10.5118	6.1e-05	0.526	GCTGGAC
M061_0.6	SAMD4A	hsa_circ_0007311_Cytoplasm	1504	1510	+	10.5118	6.1e-05	0.526	GCTGGAC
M061_0.6	SAMD4A	hsa_circ_0066523_Cytoplasm	1566	1572	+	10.5118	6.1e-05	0.526	GCTGGAC
M061_0.6	SAMD4A	hsa_circ_0066523_Nucleus	1566	1572	+	10.5118	6.1e-05	0.526	GCTGGAC
M061_0.6	SAMD4A	hsa_circ_0044516_Cytoplasm	1634	1640	+	10.5118	6.1e-05	0.526	GCTGGAC
M061_0.6	SAMD4A	hsa_circ_0000212_Cytoplasm	1684	1690	+	10.5118	6.1e-05	0.526	GCTGGAC
M061_0.6	SAMD4A	hsa_circ_0000212_Cytoplasm	1744	1750	+	10.5118	6.1e-05	0.526	GCTGGAC
M061_0.6	SAMD4A	hsa_circ_0044516_Cytoplasm	1768	1774	+	10.5118	6.1e-05	0.526	GCTGGAC
M061_0.6	SAMD4A	hsa_circ_0062019_Cytoplasm	1895	1901	+	10.5118	6.1e-05	0.526	GCTGGAC
M061_0.6	SAMD4A	hsa_circ_0081065_Cytoplasm	2798	2804	+	10.5118	6.1e-05	0.526	GCTGGAC
M061_0.6	SAMD4A	hsa_circ_0081065_Cytoplasm	3026	3032	+	10.5118	6.1e-05	0.526	GCTGGAC
M061_0.6	SAMD4A	mmu_circ_0001510_Cytoplasm	3186	3192	+	10.5118	6.1e-05	0.526	GCTGGAC
M061_0.6	SAMD4A	hsa_circ_0128846_Cytoplasm	3266	3272	+	10.5118	6.1e-05	0.526	GCTGGAC
M061_0.6	SAMD4A	hsa_circ_0089552_Cytoplasm	3799	3805	+	10.5118	6.1e-05	0.526	GCTGGAC
M061_0.6	SAMD4A	hsa_circ_0089552_Cytoplasm	3859	3865	+	10.5118	6.1e-05	0.526	GCTGGAC
M061_0.6	SAMD4A	hsa_circ_0000527_Cytoplasm	4396	4402	+	10.5118	6.1e-05	0.526	GCTGGAC
M054_0.6	RBM8A	hsa_circ_0058511_Cytoplasm	161	167	+	10.4085	6.1e-05	1	GCGCGCG
M054_0.6	RBM8A	hsa_circ_0050333_Nucleus	238	244	+	10.4085	6.1e-05	1	GCGCGCG
M054_0.6	RBM8A	hsa_circ_0019222_Cytoplasm	239	245	+	10.4085	6.1e-05	1	GCGCGCG
M054_0.6	RBM8A	hsa_circ_0019222_Nucleus	239	245	+	10.4085	6.1e-05	1	GCGCGCG
M054_0.6	RBM8A	hsa_circ_0050333_Nucleus	259	265	+	10.4085	6.1e-05	1	GCGCGCG
M054_0.6	RBM8A	hsa_circ_0069975_Cytoplasm	292	298	+	10.4085	6.1e-05	1	GCGCGCG
M054_0.6	RBM8A	hsa_circ_0069975_Cytoplasm	294	300	+	10.4085	6.1e-05	1	GCGCGCG
M054_0.6	RBM8A	mmu_circ_0003917_Cytoplasm	336	342	+	10.4085	6.1e-05	1	GCGCGCG
M054_0.6	RBM8A	hsa_circ_0069975_Cytoplasm	354	360	+	10.4085	6.1e-05	1	GCGCGCG
M054_0.6	RBM8A	hsa_circ_0002805_Cytoplasm	1390	1396	+	10.4085	6.1e-05	1	GCGCGCG
M054_0.6	RBM8A	hsa_circ_0002805_Nucleus	1390	1396	+	10.4085	6.1e-05	1	GCGCGCG
M054_0.6	RBM8A	hsa_circ_0002805_Nucleus	1450	1456	+	10.4085	6.1e-05	1	GCGCGCG
M054_0.6	RBM8A	hsa_circ_0002805_Cytoplasm	1450	1456	+	10.4085	6.1e-05	1	GCGCGCG
M049_0.6	(RBM38)_(Mus_musculus)_(RBD_0.99)	hsa_circ_0004552_Cytoplasm	9	15	+	10.8059	6.1e-05	0.443	GTGTGTG
M049_0.6	(RBM38)_(Mus_musculus)_(RBD_0.99)	hsa_circ_0000662_Cytoplasm	16	22	+	10.8059	6.1e-05	0.443	GTGTGTG
M049_0.6	(RBM38)_(Mus_musculus)_(RBD_0.99)	hsa_circ_0092367_Cytoplasm	21	27	+	10.8059	6.1e-05	0.443	GTGTGTG
M049_0.6	(RBM38)_(Mus_musculus)_(RBD_0.99)	hsa_circ_0088706_Cytoplasm	24	30	+	10.8059	6.1e-05	0.443	GTGTGTG
M049_0.6	(RBM38)_(Mus_musculus)_(RBD_0.99)	hsa_circ_0088706_Nucleus	24	30	+	10.8059	6.1e-05	0.443	GTGTGTG
M049_0.6	(RBM38)_(Mus_musculus)_(RBD_0.99)	hsa_circ_0056854_Nucleus	28	34	+	10.8059	6.1e-05	0.443	GTGTGTG
M049_0.6	(RBM38)_(Mus_musculus)_(RBD_0.99)	hsa_circ_0056854_Cytoplasm	28	34	+	10.8059	6.1e-05	0.443	GTGTGTG
M049_0.6	(RBM38)_(Mus_musculus)_(RBD_0.99)	hsa_circ_0056854_Cytoplasm	28	34	+	10.8059	6.1e-05	0.443	GTGTGTG
M049_0.6	(RBM38)_(Mus_musculus)_(RBD_0.99)	mmu_circ_0001204_Cytoplasm	30	36	+	10.8059	6.1e-05	0.443	GTGTGTG
M049_0.6	(RBM38)_(Mus_musculus)_(RBD_0.99)	hsa_circ_0063290_Cytoplasm	44	50	+	10.8059	6.1e-05	0.443	GTGTGTG
M049_0.6	(RBM38)_(Mus_musculus)_(RBD_0.99)	hsa_circ_0037071_Cytoplasm	187	193	+	10.8059	6.1e-05	0.443	GTGTGTG
M049_0.6	(RBM38)_(Mus_musculus)_(RBD_0.99)	mmu_circ_0000382_Cytoplasm	206	212	+	10.8059	6.1e-05	0.443	GTGTGTG
M049_0.6	(RBM38)_(Mus_musculus)_(RBD_0.99)	hsa_circ_0056854_Cytoplasm	216	222	+	10.8059	6.1e-05	0.443	GTGTGTG
M049_0.6	(RBM38)_(Mus_musculus)_(RBD_0.99)	hsa_circ_0056854_Nucleus	216	222	+	10.8059	6.1e-05	0.443	GTGTGTG
M049_0.6	(RBM38)_(Mus_musculus)_(RBD_0.99)	hsa_circ_0056854_Cytoplasm	216	222	+	10.8059	6.1e-05	0.443	GTGTGTG
M049_0.6	(RBM38)_(Mus_musculus)_(RBD_0.99)	hsa_circ_0060967_Cytoplasm	219	225	+	10.8059	6.1e-05	0.443	GTGTGTG
M049_0.6	(RBM38)_(Mus_musculus)_(RBD_0.99)	hsa_circ_0070512_Cytoplasm	243	249	+	10.8059	6.1e-05	0.443	GTGTGTG
M049_0.6	(RBM38)_(Mus_musculus)_(RBD_0.99)	hsa_circ_0089763_Cytoplasm	250	256	+	10.8059	6.1e-05	0.443	GTGTGTG
M049_0.6	(RBM38)_(Mus_musculus)_(RBD_0.99)	hsa_circ_0089763_Mitochondrion	250	256	+	10.8059	6.1e-05	0.443	GTGTGTG
M049_0.6	(RBM38)_(Mus_musculus)_(RBD_0.99)	hsa_circ_0075501_Nucleus	259	265	+	10.8059	6.1e-05	0.443	GTGTGTG
M049_0.6	(RBM38)_(Mus_musculus)_(RBD_0.99)	hsa_circ_0000338_Cytoplasm	261	267	+	10.8059	6.1e-05	0.443	GTGTGTG
M049_0.6	(RBM38)_(Mus_musculus)_(RBD_0.99)	hsa_circ_0071332_Nucleus	292	298	+	10.8059	6.1e-05	0.443	GTGTGTG
M049_0.6	(RBM38)_(Mus_musculus)_(RBD_0.99)	hsa_circ_0071332_Cytoplasm	292	298	+	10.8059	6.1e-05	0.443	GTGTGTG
M049_0.6	(RBM38)_(Mus_musculus)_(RBD_0.99)	hsa_circ_0002689_Cytoplasm	302	308	+	10.8059	6.1e-05	0.443	GTGTGTG
M049_0.6	(RBM38)_(Mus_musculus)_(RBD_0.99)	hsa_circ_0000175_Cytoplasm	362	368	+	10.8059	6.1e-05	0.443	GTGTGTG
M049_0.6	(RBM38)_(Mus_musculus)_(RBD_0.99)	mmu_circ_0000949_Cytoplasm	363	369	+	10.8059	6.1e-05	0.443	GTGTGTG
M049_0.6	(RBM38)_(Mus_musculus)_(RBD_0.99)	hsa_circ_0109046_Cytoplasm	390	396	+	10.8059	6.1e-05	0.443	GTGTGTG
M049_0.6	(RBM38)_(Mus_musculus)_(RBD_0.99)	hsa_circ_0003748_Cytoplasm	401	407	+	10.8059	6.1e-05	0.443	GTGTGTG
M049_0.6	(RBM38)_(Mus_musculus)_(RBD_0.99)	hsa_circ_0003748_Cytoplasm	403	409	+	10.8059	6.1e-05	0.443	GTGTGTG
M049_0.6	(RBM38)_(Mus_musculus)_(RBD_0.99)	hsa_circ_0008362_Cytoplasm	494	500	+	10.8059	6.1e-05	0.443	GTGTGTG
M049_0.6	(RBM38)_(Mus_musculus)_(RBD_0.99)	hsa_circ_0008362_Nucleus	494	500	+	10.8059	6.1e-05	0.443	GTGTGTG
M049_0.6	(RBM38)_(Mus_musculus)_(RBD_0.99)	hsa_circ_0008362_Nucleus	496	502	+	10.8059	6.1e-05	0.443	GTGTGTG
M049_0.6	(RBM38)_(Mus_musculus)_(RBD_0.99)	hsa_circ_0008362_Cytoplasm	496	502	+	10.8059	6.1e-05	0.443	GTGTGTG
M049_0.6	(RBM38)_(Mus_musculus)_(RBD_0.99)	hsa_circ_0006393_Nucleus	513	519	+	10.8059	6.1e-05	0.443	GTGTGTG
M049_0.6	(RBM38)_(Mus_musculus)_(RBD_0.99)	hsa_circ_0006393_Cytoplasm	513	519	+	10.8059	6.1e-05	0.443	GTGTGTG
M049_0.6	(RBM38)_(Mus_musculus)_(RBD_0.99)	hsa_circ_0006393_Nucleus	515	521	+	10.8059	6.1e-05	0.443	GTGTGTG
M049_0.6	(RBM38)_(Mus_musculus)_(RBD_0.99)	hsa_circ_0006393_Cytoplasm	515	521	+	10.8059	6.1e-05	0.443	GTGTGTG
M049_0.6	(RBM38)_(Mus_musculus)_(RBD_0.99)	hsa_circ_0006393_Cytoplasm	517	523	+	10.8059	6.1e-05	0.443	GTGTGTG
M049_0.6	(RBM38)_(Mus_musculus)_(RBD_0.99)	hsa_circ_0006393_Nucleus	517	523	+	10.8059	6.1e-05	0.443	GTGTGTG
M049_0.6	(RBM38)_(Mus_musculus)_(RBD_0.99)	hsa_circ_0006393_Nucleus	519	525	+	10.8059	6.1e-05	0.443	GTGTGTG
M049_0.6	(RBM38)_(Mus_musculus)_(RBD_0.99)	hsa_circ_0006393_Cytoplasm	519	525	+	10.8059	6.1e-05	0.443	GTGTGTG
M049_0.6	(RBM38)_(Mus_musculus)_(RBD_0.99)	hsa_circ_0000240_Cytoplasm	596	602	+	10.8059	6.1e-05	0.443	GTGTGTG
M049_0.6	(RBM38)_(Mus_musculus)_(RBD_0.99)	hsa_circ_0138660_Cytoplasm	624	630	+	10.8059	6.1e-05	0.443	GTGTGTG
M049_0.6	(RBM38)_(Mus_musculus)_(RBD_0.99)	mmu_circ_0001291_Nucleus	699	705	+	10.8059	6.1e-05	0.443	GTGTGTG
M049_0.6	(RBM38)_(Mus_musculus)_(RBD_0.99)	hsa_circ_0069234_Cytoplasm	738	744	+	10.8059	6.1e-05	0.443	GTGTGTG
M049_0.6	(RBM38)_(Mus_musculus)_(RBD_0.99)	hsa_circ_0075043_Cytoplasm	759	765	+	10.8059	6.1e-05	0.443	GTGTGTG
M049_0.6	(RBM38)_(Mus_musculus)_(RBD_0.99)	hsa_circ_0069234_Cytoplasm	798	804	+	10.8059	6.1e-05	0.443	GTGTGTG
M049_0.6	(RBM38)_(Mus_musculus)_(RBD_0.99)	hsa_circ_0069234_Cytoplasm	800	806	+	10.8059	6.1e-05	0.443	GTGTGTG
M049_0.6	(RBM38)_(Mus_musculus)_(RBD_0.99)	mmu_circ_0001291_Nucleus	815	821	+	10.8059	6.1e-05	0.443	GTGTGTG
M049_0.6	(RBM38)_(Mus_musculus)_(RBD_0.99)	hsa_circ_0061140_Cytoplasm	974	980	+	10.8059	6.1e-05	0.443	GTGTGTG
M049_0.6	(RBM38)_(Mus_musculus)_(RBD_0.99)	hsa_circ_0089552_Cytoplasm	993	999	+	10.8059	6.1e-05	0.443	GTGTGTG
M049_0.6	(RBM38)_(Mus_musculus)_(RBD_0.99)	hsa_circ_0062558_Cytoplasm	1005	1011	+	10.8059	6.1e-05	0.443	GTGTGTG
M049_0.6	(RBM38)_(Mus_musculus)_(RBD_0.99)	mmu_circ_0001510_Cytoplasm	1052	1058	+	10.8059	6.1e-05	0.443	GTGTGTG
M049_0.6	(RBM38)_(Mus_musculus)_(RBD_0.99)	hsa_circ_0035428_Nucleus	1072	1078	+	10.8059	6.1e-05	0.443	GTGTGTG
M049_0.6	(RBM38)_(Mus_musculus)_(RBD_0.99)	hsa_circ_0035428_Cytoplasm	1072	1078	+	10.8059	6.1e-05	0.443	GTGTGTG
M049_0.6	(RBM38)_(Mus_musculus)_(RBD_0.99)	hsa_circ_0019414_Cytoplasm	1095	1101	+	10.8059	6.1e-05	0.443	GTGTGTG
M049_0.6	(RBM38)_(Mus_musculus)_(RBD_0.99)	hsa_circ_0043800_Cytoplasm	1095	1101	+	10.8059	6.1e-05	0.443	GTGTGTG
M049_0.6	(RBM38)_(Mus_musculus)_(RBD_0.99)	hsa_circ_0080968_Cytoplasm	1124	1130	+	10.8059	6.1e-05	0.443	GTGTGTG
M049_0.6	(RBM38)_(Mus_musculus)_(RBD_0.99)	hsa_circ_0080968_Cytoplasm	1126	1132	+	10.8059	6.1e-05	0.443	GTGTGTG
M049_0.6	(RBM38)_(Mus_musculus)_(RBD_0.99)	hsa_circ_0019414_Cytoplasm	1155	1161	+	10.8059	6.1e-05	0.443	GTGTGTG
M049_0.6	(RBM38)_(Mus_musculus)_(RBD_0.99)	hsa_circ_0092367_Cytoplasm	1413	1419	+	10.8059	6.1e-05	0.443	GTGTGTG
M049_0.6	(RBM38)_(Mus_musculus)_(RBD_0.99)	hsa_circ_0089552_Cytoplasm	1840	1846	+	10.8059	6.1e-05	0.443	GTGTGTG
M049_0.6	(RBM38)_(Mus_musculus)_(RBD_0.99)	hsa_circ_0114428_Nucleus	1842	1848	+	10.8059	6.1e-05	0.443	GTGTGTG
M049_0.6	(RBM38)_(Mus_musculus)_(RBD_0.99)	hsa_circ_0114428_Cytoplasm	1842	1848	+	10.8059	6.1e-05	0.443	GTGTGTG
M049_0.6	(RBM38)_(Mus_musculus)_(RBD_0.99)	hsa_circ_0022454_Cytoplasm	1859	1865	+	10.8059	6.1e-05	0.443	GTGTGTG
M049_0.6	(RBM38)_(Mus_musculus)_(RBD_0.99)	hsa_circ_0000212_Cytoplasm	1869	1875	+	10.8059	6.1e-05	0.443	GTGTGTG
M049_0.6	(RBM38)_(Mus_musculus)_(RBD_0.99)	hsa_circ_0050333_Nucleus	1900	1906	+	10.8059	6.1e-05	0.443	GTGTGTG
M049_0.6	(RBM38)_(Mus_musculus)_(RBD_0.99)	hsa_circ_0050333_Nucleus	1960	1966	+	10.8059	6.1e-05	0.443	GTGTGTG
M049_0.6	(RBM38)_(Mus_musculus)_(RBD_0.99)	hsa_circ_0081572_Cytoplasm	2128	2134	+	10.8059	6.1e-05	0.443	GTGTGTG
M049_0.6	(RBM38)_(Mus_musculus)_(RBD_0.99)	mmu_circ_0000230_Cytoplasm	2131	2137	+	10.8059	6.1e-05	0.443	GTGTGTG
M049_0.6	(RBM38)_(Mus_musculus)_(RBD_0.99)	mmu_circ_0000230_Cytoplasm	2133	2139	+	10.8059	6.1e-05	0.443	GTGTGTG
M049_0.6	(RBM38)_(Mus_musculus)_(RBD_0.99)	mmu_circ_0000230_Cytoplasm	2135	2141	+	10.8059	6.1e-05	0.443	GTGTGTG
M049_0.6	(RBM38)_(Mus_musculus)_(RBD_0.99)	mmu_circ_0000230_Cytoplasm	2137	2143	+	10.8059	6.1e-05	0.443	GTGTGTG
M049_0.6	(RBM38)_(Mus_musculus)_(RBD_0.99)	hsa_circ_0089761_Cytoplasm	2366	2372	+	10.8059	6.1e-05	0.443	GTGTGTG
M049_0.6	(RBM38)_(Mus_musculus)_(RBD_0.99)	hsa_circ_0089761_Mitochondrion	2366	2372	+	10.8059	6.1e-05	0.443	GTGTGTG
M049_0.6	(RBM38)_(Mus_musculus)_(RBD_0.99)	hsa_circ_0005620_Nucleus	2783	2789	+	10.8059	6.1e-05	0.443	GTGTGTG
M049_0.6	(RBM38)_(Mus_musculus)_(RBD_0.99)	hsa_circ_0005620_Nucleus	2804	2810	+	10.8059	6.1e-05	0.443	GTGTGTG
M049_0.6	(RBM38)_(Mus_musculus)_(RBD_0.99)	hsa_circ_0005620_Nucleus	2806	2812	+	10.8059	6.1e-05	0.443	GTGTGTG
M049_0.6	(RBM38)_(Mus_musculus)_(RBD_0.99)	hsa_circ_0082369_Cytoplasm	2939	2945	+	10.8059	6.1e-05	0.443	GTGTGTG
M049_0.6	(RBM38)_(Mus_musculus)_(RBD_0.99)	hsa_circ_0082369_Cytoplasm	2941	2947	+	10.8059	6.1e-05	0.443	GTGTGTG
M049_0.6	(RBM38)_(Mus_musculus)_(RBD_0.99)	hsa_circ_0082369_Cytoplasm	2943	2949	+	10.8059	6.1e-05	0.443	GTGTGTG
M049_0.6	(RBM38)_(Mus_musculus)_(RBD_0.99)	hsa_circ_0082369_Cytoplasm	2945	2951	+	10.8059	6.1e-05	0.443	GTGTGTG
M049_0.6	(RBM38)_(Mus_musculus)_(RBD_0.99)	hsa_circ_0082369_Cytoplasm	2947	2953	+	10.8059	6.1e-05	0.443	GTGTGTG
M049_0.6	(RBM38)_(Mus_musculus)_(RBD_0.99)	hsa_circ_0082369_Cytoplasm	2949	2955	+	10.8059	6.1e-05	0.443	GTGTGTG
M049_0.6	(RBM38)_(Mus_musculus)_(RBD_0.99)	hsa_circ_0082369_Cytoplasm	2951	2957	+	10.8059	6.1e-05	0.443	GTGTGTG
M049_0.6	(RBM38)_(Mus_musculus)_(RBD_0.99)	hsa_circ_0082369_Cytoplasm	2953	2959	+	10.8059	6.1e-05	0.443	GTGTGTG
M049_0.6	(RBM38)_(Mus_musculus)_(RBD_0.99)	hsa_circ_0082369_Cytoplasm	2955	2961	+	10.8059	6.1e-05	0.443	GTGTGTG
M049_0.6	(RBM38)_(Mus_musculus)_(RBD_0.99)	hsa_circ_0082369_Cytoplasm	2957	2963	+	10.8059	6.1e-05	0.443	GTGTGTG
M049_0.6	(RBM38)_(Mus_musculus)_(RBD_0.99)	hsa_circ_0082369_Cytoplasm	2959	2965	+	10.8059	6.1e-05	0.443	GTGTGTG
M049_0.6	(RBM38)_(Mus_musculus)_(RBD_0.99)	hsa_circ_0082369_Cytoplasm	2961	2967	+	10.8059	6.1e-05	0.443	GTGTGTG
M049_0.6	(RBM38)_(Mus_musculus)_(RBD_0.99)	hsa_circ_0082369_Cytoplasm	2963	2969	+	10.8059	6.1e-05	0.443	GTGTGTG
M049_0.6	(RBM38)_(Mus_musculus)_(RBD_0.99)	hsa_circ_0082369_Cytoplasm	2965	2971	+	10.8059	6.1e-05	0.443	GTGTGTG
M049_0.6	(RBM38)_(Mus_musculus)_(RBD_0.99)	hsa_circ_0082369_Cytoplasm	2967	2973	+	10.8059	6.1e-05	0.443	GTGTGTG
M049_0.6	(RBM38)_(Mus_musculus)_(RBD_0.99)	hsa_circ_0082369_Cytoplasm	2969	2975	+	10.8059	6.1e-05	0.443	GTGTGTG
M049_0.6	(RBM38)_(Mus_musculus)_(RBD_0.99)	hsa_circ_0082369_Cytoplasm	2971	2977	+	10.8059	6.1e-05	0.443	GTGTGTG
M049_0.6	(RBM38)_(Mus_musculus)_(RBD_0.99)	hsa_circ_0082369_Cytoplasm	2994	3000	+	10.8059	6.1e-05	0.443	GTGTGTG
M049_0.6	(RBM38)_(Mus_musculus)_(RBD_0.99)	hsa_circ_0082369_Cytoplasm	2996	3002	+	10.8059	6.1e-05	0.443	GTGTGTG
M049_0.6	(RBM38)_(Mus_musculus)_(RBD_0.99)	hsa_circ_0082369_Cytoplasm	2998	3004	+	10.8059	6.1e-05	0.443	GTGTGTG
M049_0.6	(RBM38)_(Mus_musculus)_(RBD_0.99)	hsa_circ_0082369_Cytoplasm	3054	3060	+	10.8059	6.1e-05	0.443	GTGTGTG
M049_0.6	(RBM38)_(Mus_musculus)_(RBD_0.99)	hsa_circ_0082369_Cytoplasm	3056	3062	+	10.8059	6.1e-05	0.443	GTGTGTG
M049_0.6	(RBM38)_(Mus_musculus)_(RBD_0.99)	hsa_circ_0082369_Cytoplasm	3058	3064	+	10.8059	6.1e-05	0.443	GTGTGTG
M049_0.6	(RBM38)_(Mus_musculus)_(RBD_0.99)	hsa_circ_0045521_Cytoplasm	3168	3174	+	10.8059	6.1e-05	0.443	GTGTGTG
M049_0.6	(RBM38)_(Mus_musculus)_(RBD_0.99)	hsa_circ_0045521_Cytoplasm	3170	3176	+	10.8059	6.1e-05	0.443	GTGTGTG
M049_0.6	(RBM38)_(Mus_musculus)_(RBD_0.99)	hsa_circ_0045521_Cytoplasm	3172	3178	+	10.8059	6.1e-05	0.443	GTGTGTG
M049_0.6	(RBM38)_(Mus_musculus)_(RBD_0.99)	hsa_circ_0045521_Cytoplasm	3174	3180	+	10.8059	6.1e-05	0.443	GTGTGTG
M049_0.6	(RBM38)_(Mus_musculus)_(RBD_0.99)	hsa_circ_0045521_Cytoplasm	3182	3188	+	10.8059	6.1e-05	0.443	GTGTGTG
M049_0.6	(RBM38)_(Mus_musculus)_(RBD_0.99)	hsa_circ_0045521_Cytoplasm	3184	3190	+	10.8059	6.1e-05	0.443	GTGTGTG
M049_0.6	(RBM38)_(Mus_musculus)_(RBD_0.99)	hsa_circ_0045521_Cytoplasm	3186	3192	+	10.8059	6.1e-05	0.443	GTGTGTG
M049_0.6	(RBM38)_(Mus_musculus)_(RBD_0.99)	hsa_circ_0082369_Cytoplasm	3234	3240	+	10.8059	6.1e-05	0.443	GTGTGTG
M049_0.6	(RBM38)_(Mus_musculus)_(RBD_0.99)	hsa_circ_0000175_Cytoplasm	3317	3323	+	10.8059	6.1e-05	0.443	GTGTGTG
M049_0.6	(RBM38)_(Mus_musculus)_(RBD_0.99)	hsa_circ_0000175_Cytoplasm	3319	3325	+	10.8059	6.1e-05	0.443	GTGTGTG
M049_0.6	(RBM38)_(Mus_musculus)_(RBD_0.99)	hsa_circ_0061140_Cytoplasm	3650	3656	+	10.8059	6.1e-05	0.443	GTGTGTG
M049_0.6	(RBM38)_(Mus_musculus)_(RBD_0.99)	hsa_circ_0054537_Cytoplasm	3842	3848	+	10.8059	6.1e-05	0.443	GTGTGTG
M049_0.6	(RBM38)_(Mus_musculus)_(RBD_0.99)	hsa_circ_0019222_Nucleus	4254	4260	+	10.8059	6.1e-05	0.443	GTGTGTG
M049_0.6	(RBM38)_(Mus_musculus)_(RBD_0.99)	hsa_circ_0019222_Cytoplasm	4254	4260	+	10.8059	6.1e-05	0.443	GTGTGTG
M049_0.6	(RBM38)_(Mus_musculus)_(RBD_0.99)	hsa_circ_0072083_Cytoplasm	5081	5087	+	10.8059	6.1e-05	0.443	GTGTGTG
M049_0.6	(RBM38)_(Mus_musculus)_(RBD_0.99)	hsa_circ_0072083_Cytoplasm	5083	5089	+	10.8059	6.1e-05	0.443	GTGTGTG
M049_0.6	(RBM38)_(Mus_musculus)_(RBD_0.99)	hsa_circ_0089763_Mitochondrion	5740	5746	+	10.8059	6.1e-05	0.443	GTGTGTG
M049_0.6	(RBM38)_(Mus_musculus)_(RBD_0.99)	hsa_circ_0089763_Cytoplasm	5740	5746	+	10.8059	6.1e-05	0.443	GTGTGTG
M049_0.6	(RBM38)_(Mus_musculus)_(RBD_0.99)	hsa_circ_0089761_Mitochondrion	7856	7862	+	10.8059	6.1e-05	0.443	GTGTGTG
M049_0.6	(RBM38)_(Mus_musculus)_(RBD_0.99)	hsa_circ_0089761_Cytoplasm	7856	7862	+	10.8059	6.1e-05	0.443	GTGTGTG
M048_0.6	RBM3	hsa_circ_0002050_Cytoplasm	52	58	+	9.91262	6.1e-05	1	GATACGA
M048_0.6	RBM3	hsa_circ_0008402_Cytoplasm	83	89	+	9.91262	6.1e-05	1	GATACGA
M048_0.6	RBM3	mmu_circ_0001711_Cytoplasm	128	134	+	9.91262	6.1e-05	1	GATACGA
M048_0.6	RBM3	hsa_circ_0003340_Cytoplasm	231	237	+	9.91262	6.1e-05	1	GATACGA
M048_0.6	RBM3	hsa_circ_0069740_Cytoplasm	419	425	+	9.91262	6.1e-05	1	GATACGA
M048_0.6	RBM3	mmu_circ_0000382_Cytoplasm	659	665	+	9.91262	6.1e-05	1	GATACGA
M048_0.6	RBM3	mmu_circ_0000382_Cytoplasm	719	725	+	9.91262	6.1e-05	1	GATACGA
M048_0.6	RBM3	hsa_circ_0035266_Cytoplasm	948	954	+	9.91262	6.1e-05	1	GATACGA
M048_0.6	RBM3	hsa_circ_0001944_Cytoplasm	1217	1223	+	9.91262	6.1e-05	1	GATACGA
M048_0.6	RBM3	hsa_circ_0050333_Nucleus	1248	1254	+	9.91262	6.1e-05	1	GATACGA
M048_0.6	RBM3	hsa_circ_0050333_Nucleus	1308	1314	+	9.91262	6.1e-05	1	GATACGA
M048_0.6	RBM3	hsa_circ_0043800_Cytoplasm	1341	1347	+	9.91262	6.1e-05	1	GATACGA
M048_0.6	RBM3	hsa_circ_0082095_Cytoplasm	1757	1763	+	9.91262	6.1e-05	1	GATACGA
M048_0.6	RBM3	hsa_circ_0082095_Cytoplasm	1817	1823	+	9.91262	6.1e-05	1	GATACGA
M048_0.6	RBM3	hsa_circ_0020397_Cytoplasm	1905	1911	+	9.91262	6.1e-05	1	GATACGA
M048_0.6	RBM3	hsa_circ_0020397_Cytoplasm	1965	1971	+	9.91262	6.1e-05	1	GATACGA
M048_0.6	RBM3	hsa_circ_0072298_Cytoplasm	2194	2200	+	9.91262	6.1e-05	1	GATACGA
M048_0.6	RBM3	hsa_circ_0072298_Cytoplasm	2254	2260	+	9.91262	6.1e-05	1	GATACGA
M048_0.6	RBM3	mmu_circ_0000230_Cytoplasm	3608	3614	+	9.91262	6.1e-05	1	GATACGA
M044_0.6	PPRC1	hsa_circ_0058511_Cytoplasm	161	167	+	9.65217	6.1e-05	1	GCGCGCG
M044_0.6	PPRC1	hsa_circ_0050333_Nucleus	238	244	+	9.65217	6.1e-05	1	GCGCGCG
M044_0.6	PPRC1	hsa_circ_0019222_Cytoplasm	239	245	+	9.65217	6.1e-05	1	GCGCGCG
M044_0.6	PPRC1	hsa_circ_0019222_Nucleus	239	245	+	9.65217	6.1e-05	1	GCGCGCG
M044_0.6	PPRC1	hsa_circ_0050333_Nucleus	259	265	+	9.65217	6.1e-05	1	GCGCGCG
M044_0.6	PPRC1	hsa_circ_0069975_Cytoplasm	292	298	+	9.65217	6.1e-05	1	GCGCGCG
M044_0.6	PPRC1	hsa_circ_0069975_Cytoplasm	294	300	+	9.65217	6.1e-05	1	GCGCGCG
M044_0.6	PPRC1	mmu_circ_0003917_Cytoplasm	336	342	+	9.65217	6.1e-05	1	GCGCGCG
M044_0.6	PPRC1	hsa_circ_0069975_Cytoplasm	354	360	+	9.65217	6.1e-05	1	GCGCGCG
M044_0.6	PPRC1	hsa_circ_0002805_Cytoplasm	1390	1396	+	9.65217	6.1e-05	1	GCGCGCG
M044_0.6	PPRC1	hsa_circ_0002805_Nucleus	1390	1396	+	9.65217	6.1e-05	1	GCGCGCG
M044_0.6	PPRC1	hsa_circ_0002805_Nucleus	1450	1456	+	9.65217	6.1e-05	1	GCGCGCG
M044_0.6	PPRC1	hsa_circ_0002805_Cytoplasm	1450	1456	+	9.65217	6.1e-05	1	GCGCGCG
M035_0.6	LIN28A	hsa_circ_0006790_Nucleus	2	8	+	10.4078	6.1e-05	1	CGGAGAA
M035_0.6	LIN28A	hsa_circ_0006790_Cytoplasm	2	8	+	10.4078	6.1e-05	1	CGGAGAA
M035_0.6	LIN28A	hsa_circ_0076611_Cytoplasm	23	29	+	10.4078	6.1e-05	1	CGGAGAA
M035_0.6	LIN28A	hsa_circ_0076611_Nucleolus	23	29	+	10.4078	6.1e-05	1	CGGAGAA
M035_0.6	LIN28A	hsa_circ_0076611_Nucleus	23	29	+	10.4078	6.1e-05	1	CGGAGAA
M035_0.6	LIN28A	hsa_circ_0076611_Perinuclear	23	29	+	10.4078	6.1e-05	1	CGGAGAA
M035_0.6	LIN28A	hsa_circ_0006790_Nucleus	62	68	+	10.4078	6.1e-05	1	CGGAGAA
M035_0.6	LIN28A	hsa_circ_0006790_Cytoplasm	62	68	+	10.4078	6.1e-05	1	CGGAGAA
M035_0.6	LIN28A	hsa_circ_0007385_Cytoplasm	84	90	+	10.4078	6.1e-05	1	CGGAGAA
M035_0.6	LIN28A	hsa_circ_0102046_Cytoplasm	96	102	+	10.4078	6.1e-05	1	CGGAGAA
M035_0.6	LIN28A	hsa_circ_0004249_Cytoplasm	113	119	+	10.4078	6.1e-05	1	CGGAGAA
M035_0.6	LIN28A	mmu_circ_0000992_Nucleus	132	138	+	10.4078	6.1e-05	1	CGGAGAA
M035_0.6	LIN28A	hsa_circ_0003957_Cytoplasm	146	152	+	10.4078	6.1e-05	1	CGGAGAA
M035_0.6	LIN28A	hsa_circ_0087783_Cytoplasm	146	152	+	10.4078	6.1e-05	1	CGGAGAA
M035_0.6	LIN28A	hsa_circ_0084927_Cytoplasm	180	186	+	10.4078	6.1e-05	1	CGGAGAA
M035_0.6	LIN28A	hsa_circ_0007577_Cytoplasm	181	187	+	10.4078	6.1e-05	1	CGGAGAA
M035_0.6	LIN28A	hsa_circ_0007577_Nucleus	181	187	+	10.4078	6.1e-05	1	CGGAGAA
M035_0.6	LIN28A	hsa_circ_0001277_Nucleus	198	204	+	10.4078	6.1e-05	1	CGGAGAA
M035_0.6	LIN28A	hsa_circ_0087783_Cytoplasm	206	212	+	10.4078	6.1e-05	1	CGGAGAA
M035_0.6	LIN28A	hsa_circ_0007385_Cytoplasm	226	232	+	10.4078	6.1e-05	1	CGGAGAA
M035_0.6	LIN28A	hsa_circ_0007385_Cytoplasm	286	292	+	10.4078	6.1e-05	1	CGGAGAA
M035_0.6	LIN28A	hsa_circ_0004812_Cytoplasm	315	321	+	10.4078	6.1e-05	1	CGGAGAA
M035_0.6	LIN28A	hsa_circ_0088196_Cytoplasm	414	420	+	10.4078	6.1e-05	1	CGGAGAA
M035_0.6	LIN28A	mmu_circ_0001204_Cytoplasm	417	423	+	10.4078	6.1e-05	1	CGGAGAA
M035_0.6	LIN28A	hsa_circ_0025030_Cytoplasm	445	451	+	10.4078	6.1e-05	1	CGGAGAA
M035_0.6	LIN28A	hsa_circ_0025030_Cytoplasm	505	511	+	10.4078	6.1e-05	1	CGGAGAA
M035_0.6	LIN28A	mmu_circ_0000254_Nucleus	543	549	+	10.4078	6.1e-05	1	CGGAGAA
M035_0.6	LIN28A	hsa_circ_0074837_Cytoplasm	564	570	+	10.4078	6.1e-05	1	CGGAGAA
M035_0.6	LIN28A	hsa_circ_0046249_Cytoplasm	604	610	+	10.4078	6.1e-05	1	CGGAGAA
M035_0.6	LIN28A	hsa_circ_0003905_Cytoplasm	608	614	+	10.4078	6.1e-05	1	CGGAGAA
M035_0.6	LIN28A	hsa_circ_0001222_Cytoplasm	669	675	+	10.4078	6.1e-05	1	CGGAGAA
M035_0.6	LIN28A	hsa_circ_0080968_Cytoplasm	682	688	+	10.4078	6.1e-05	1	CGGAGAA
M035_0.6	LIN28A	hsa_circ_0004087_Cytoplasm	695	701	+	10.4078	6.1e-05	1	CGGAGAA
M035_0.6	LIN28A	hsa_circ_0000615_Cytoplasm	730	736	+	10.4078	6.1e-05	1	CGGAGAA
M035_0.6	LIN28A	hsa_circ_0000615_Cytoplasm	730	736	+	10.4078	6.1e-05	1	CGGAGAA
M035_0.6	LIN28A	hsa_circ_0000615_Cytoplasm	730	736	+	10.4078	6.1e-05	1	CGGAGAA
M035_0.6	LIN28A	hsa_circ_0001979_Cytoplasm	895	901	+	10.4078	6.1e-05	1	CGGAGAA
M035_0.6	LIN28A	hsa_circ_0034161_Cytoplasm	1489	1495	+	10.4078	6.1e-05	1	CGGAGAA
M035_0.6	LIN28A	hsa_circ_0034161_Nucleus	1489	1495	+	10.4078	6.1e-05	1	CGGAGAA
M035_0.6	LIN28A	hsa_circ_0000240_Cytoplasm	1653	1659	+	10.4078	6.1e-05	1	CGGAGAA
M035_0.6	LIN28A	hsa_circ_0007311_Cytoplasm	1932	1938	+	10.4078	6.1e-05	1	CGGAGAA
M035_0.6	LIN28A	hsa_circ_0072298_Cytoplasm	3014	3020	+	10.4078	6.1e-05	1	CGGAGAA
M035_0.6	LIN28A	hsa_circ_0072083_Cytoplasm	3198	3204	+	10.4078	6.1e-05	1	CGGAGAA
M035_0.6	LIN28A	hsa_circ_0019222_Nucleus	3540	3546	+	10.4078	6.1e-05	1	CGGAGAA
M035_0.6	LIN28A	hsa_circ_0019222_Cytoplasm	3540	3546	+	10.4078	6.1e-05	1	CGGAGAA
M035_0.6	LIN28A	hsa_circ_0001461_Nucleus	3549	3555	+	10.4078	6.1e-05	1	CGGAGAA
M035_0.6	LIN28A	hsa_circ_0001461_Cytoplasm	3549	3555	+	10.4078	6.1e-05	1	CGGAGAA
M035_0.6	LIN28A	hsa_circ_0001461_Cytoplasm	3549	3555	+	10.4078	6.1e-05	1	CGGAGAA
M035_0.6	LIN28A	mmu_circ_0001498_Cytoplasm	7592	7598	+	10.4078	6.1e-05	1	CGGAGAA
M035_0.6	LIN28A	mmu_circ_0001498_Cytoplasm	7652	7658	+	10.4078	6.1e-05	1	CGGAGAA
M027_0.6	HNRNPL	hsa_circ_0003258_Cytoplasm	2	8	+	10.5922	6.1e-05	0.339	ACACACA
M027_0.6	HNRNPL	hsa_circ_0001408_Cytoplasm	56	62	+	10.5922	6.1e-05	0.339	ACACACA
M027_0.6	HNRNPL	hsa_circ_0003258_Cytoplasm	60	66	+	10.5922	6.1e-05	0.339	ACACACA
M027_0.6	HNRNPL	hsa_circ_0003258_Cytoplasm	62	68	+	10.5922	6.1e-05	0.339	ACACACA
M027_0.6	HNRNPL	hsa_circ_0005397_Cytoplasm	74	80	+	10.5922	6.1e-05	0.339	ACACACA
M027_0.6	HNRNPL	hsa_circ_0077833_Cytoplasm	98	104	+	10.5922	6.1e-05	0.339	ACACACA
M027_0.6	HNRNPL	hsa_circ_0077833_Cytoplasm	98	104	+	10.5922	6.1e-05	0.339	ACACACA
M027_0.6	HNRNPL	hsa_circ_0001959_Cytoplasm	110	116	+	10.5922	6.1e-05	0.339	ACACACA
M027_0.6	HNRNPL	hsa_circ_0001959_Nucleus	110	116	+	10.5922	6.1e-05	0.339	ACACACA
M027_0.6	HNRNPL	hsa_circ_0108960_Cytoplasm	129	135	+	10.5922	6.1e-05	0.339	ACACACA
M027_0.6	HNRNPL	hsa_circ_0005273_Cytoplasm	131	137	+	10.5922	6.1e-05	0.339	ACACACA
M027_0.6	HNRNPL	hsa_circ_0005397_Cytoplasm	134	140	+	10.5922	6.1e-05	0.339	ACACACA
M027_0.6	HNRNPL	hsa_circ_0000782_Cytoplasm	176	182	+	10.5922	6.1e-05	0.339	ACACACA
M027_0.6	HNRNPL	hsa_circ_0000782_Cytoplasm	176	182	+	10.5922	6.1e-05	0.339	ACACACA
M027_0.6	HNRNPL	mmu_circ_0000468_Cytoplasm	177	183	+	10.5922	6.1e-05	0.339	ACACACA
M027_0.6	HNRNPL	hsa_circ_0019222_Cytoplasm	187	193	+	10.5922	6.1e-05	0.339	ACACACA
M027_0.6	HNRNPL	hsa_circ_0019222_Nucleus	187	193	+	10.5922	6.1e-05	0.339	ACACACA
M027_0.6	HNRNPL	mmu_circ_0000896_Cytoplasm	193	199	+	10.5922	6.1e-05	0.339	ACACACA
M027_0.6	HNRNPL	hsa_circ_0030998_Nucleus	227	233	+	10.5922	6.1e-05	0.339	ACACACA
M027_0.6	HNRNPL	hsa_circ_0030998_Cytoplasm	227	233	+	10.5922	6.1e-05	0.339	ACACACA
M027_0.6	HNRNPL	hsa_circ_0030998_Cytoplasm	227	233	+	10.5922	6.1e-05	0.339	ACACACA
M027_0.6	HNRNPL	hsa_circ_0128846_Cytoplasm	238	244	+	10.5922	6.1e-05	0.339	ACACACA
M027_0.6	HNRNPL	hsa_circ_0007626_Cytoplasm	268	274	+	10.5922	6.1e-05	0.339	ACACACA
M027_0.6	HNRNPL	hsa_circ_0007626_Nucleus	268	274	+	10.5922	6.1e-05	0.339	ACACACA
M027_0.6	HNRNPL	hsa_circ_0060551_Nucleus	269	275	+	10.5922	6.1e-05	0.339	ACACACA
M027_0.6	HNRNPL	hsa_circ_0006623_Cytoplasm	290	296	+	10.5922	6.1e-05	0.339	ACACACA
M027_0.6	HNRNPL	hsa_circ_0006623_Nucleus	290	296	+	10.5922	6.1e-05	0.339	ACACACA
M027_0.6	HNRNPL	hsa_circ_0003258_Cytoplasm	304	310	+	10.5922	6.1e-05	0.339	ACACACA
M027_0.6	HNRNPL	hsa_circ_0006420_Nucleus	342	348	+	10.5922	6.1e-05	0.339	ACACACA
M027_0.6	HNRNPL	hsa_circ_0006420_Cytoplasm	342	348	+	10.5922	6.1e-05	0.339	ACACACA
M027_0.6	HNRNPL	hsa_circ_0005262_Cytoplasm	369	375	+	10.5922	6.1e-05	0.339	ACACACA
M027_0.6	HNRNPL	hsa_circ_0005262_Cytoplasm	395	401	+	10.5922	6.1e-05	0.339	ACACACA
M027_0.6	HNRNPL	hsa_circ_0102231_Cytoplasm	470	476	+	10.5922	6.1e-05	0.339	ACACACA
M027_0.6	HNRNPL	hsa_circ_0000782_Cytoplasm	478	484	+	10.5922	6.1e-05	0.339	ACACACA
M027_0.6	HNRNPL	hsa_circ_0000782_Cytoplasm	478	484	+	10.5922	6.1e-05	0.339	ACACACA
M027_0.6	HNRNPL	hsa_circ_0004623_Cytoplasm	488	494	+	10.5922	6.1e-05	0.339	ACACACA
M027_0.6	HNRNPL	hsa_circ_0004623_Cytoplasm	488	494	+	10.5922	6.1e-05	0.339	ACACACA
M027_0.6	HNRNPL	hsa_circ_0006393_Nucleus	488	494	+	10.5922	6.1e-05	0.339	ACACACA
M027_0.6	HNRNPL	hsa_circ_0006393_Cytoplasm	488	494	+	10.5922	6.1e-05	0.339	ACACACA
M027_0.6	HNRNPL	hsa_circ_0006913_Nucleus	514	520	+	10.5922	6.1e-05	0.339	ACACACA
M027_0.6	HNRNPL	hsa_circ_0006913_Cytoplasm	514	520	+	10.5922	6.1e-05	0.339	ACACACA
M027_0.6	HNRNPL	hsa_circ_0000817_Cytoplasm	528	534	+	10.5922	6.1e-05	0.339	ACACACA
M027_0.6	HNRNPL	mmu_circ_0001711_Cytoplasm	534	540	+	10.5922	6.1e-05	0.339	ACACACA
M027_0.6	HNRNPL	hsa_circ_0004623_Cytoplasm	541	547	+	10.5922	6.1e-05	0.339	ACACACA
M027_0.6	HNRNPL	hsa_circ_0004623_Cytoplasm	541	547	+	10.5922	6.1e-05	0.339	ACACACA
M027_0.6	HNRNPL	hsa_circ_0006913_Cytoplasm	574	580	+	10.5922	6.1e-05	0.339	ACACACA
M027_0.6	HNRNPL	hsa_circ_0006913_Nucleus	574	580	+	10.5922	6.1e-05	0.339	ACACACA
M027_0.6	HNRNPL	hsa_circ_0035292_Cytoplasm	668	674	+	10.5922	6.1e-05	0.339	ACACACA
M027_0.6	HNRNPL	hsa_circ_0102231_Cytoplasm	875	881	+	10.5922	6.1e-05	0.339	ACACACA
M027_0.6	HNRNPL	hsa_circ_0061395_Cytoplasm	900	906	+	10.5922	6.1e-05	0.339	ACACACA
M027_0.6	HNRNPL	hsa_circ_0007311_Cytoplasm	1092	1098	+	10.5922	6.1e-05	0.339	ACACACA
M027_0.6	HNRNPL	hsa_circ_0080913_Nucleus	1102	1108	+	10.5922	6.1e-05	0.339	ACACACA
M027_0.6	HNRNPL	mmu_circ_0000382_Cytoplasm	1137	1143	+	10.5922	6.1e-05	0.339	ACACACA
M027_0.6	HNRNPL	hsa_circ_0080913_Nucleus	1162	1168	+	10.5922	6.1e-05	0.339	ACACACA
M027_0.6	HNRNPL	hsa_circ_0109046_Cytoplasm	1196	1202	+	10.5922	6.1e-05	0.339	ACACACA
M027_0.6	HNRNPL	hsa_circ_0051239_Cytoplasm	1263	1269	+	10.5922	6.1e-05	0.339	ACACACA
M027_0.6	HNRNPL	hsa_circ_0051239_Cytoplasm	1265	1271	+	10.5922	6.1e-05	0.339	ACACACA
M027_0.6	HNRNPL	hsa_circ_0051239_Cytoplasm	1267	1273	+	10.5922	6.1e-05	0.339	ACACACA
M027_0.6	HNRNPL	hsa_circ_0051239_Cytoplasm	1293	1299	+	10.5922	6.1e-05	0.339	ACACACA
M027_0.6	HNRNPL	hsa_circ_0051239_Cytoplasm	1295	1301	+	10.5922	6.1e-05	0.339	ACACACA
M027_0.6	HNRNPL	hsa_circ_0051239_Cytoplasm	1324	1330	+	10.5922	6.1e-05	0.339	ACACACA
M027_0.6	HNRNPL	hsa_circ_0128846_Cytoplasm	1333	1339	+	10.5922	6.1e-05	0.339	ACACACA
M027_0.6	HNRNPL	hsa_circ_0051239_Cytoplasm	1370	1376	+	10.5922	6.1e-05	0.339	ACACACA
M027_0.6	HNRNPL	hsa_circ_0051239_Cytoplasm	1389	1395	+	10.5922	6.1e-05	0.339	ACACACA
M027_0.6	HNRNPL	hsa_circ_0051239_Cytoplasm	1391	1397	+	10.5922	6.1e-05	0.339	ACACACA
M027_0.6	HNRNPL	hsa_circ_0051239_Cytoplasm	1393	1399	+	10.5922	6.1e-05	0.339	ACACACA
M027_0.6	HNRNPL	hsa_circ_0051239_Cytoplasm	1395	1401	+	10.5922	6.1e-05	0.339	ACACACA
M027_0.6	HNRNPL	hsa_circ_0051239_Cytoplasm	1397	1403	+	10.5922	6.1e-05	0.339	ACACACA
M027_0.6	HNRNPL	hsa_circ_0051239_Cytoplasm	1399	1405	+	10.5922	6.1e-05	0.339	ACACACA
M027_0.6	HNRNPL	hsa_circ_0051239_Cytoplasm	1401	1407	+	10.5922	6.1e-05	0.339	ACACACA
M027_0.6	HNRNPL	hsa_circ_0051239_Cytoplasm	1403	1409	+	10.5922	6.1e-05	0.339	ACACACA
M027_0.6	HNRNPL	hsa_circ_0051239_Cytoplasm	1405	1411	+	10.5922	6.1e-05	0.339	ACACACA
M027_0.6	HNRNPL	hsa_circ_0051239_Cytoplasm	1407	1413	+	10.5922	6.1e-05	0.339	ACACACA
M027_0.6	HNRNPL	hsa_circ_0004018_Cytoplasm	1408	1414	+	10.5922	6.1e-05	0.339	ACACACA
M027_0.6	HNRNPL	hsa_circ_0051239_Cytoplasm	1409	1415	+	10.5922	6.1e-05	0.339	ACACACA
M027_0.6	HNRNPL	hsa_circ_0051239_Cytoplasm	1439	1445	+	10.5922	6.1e-05	0.339	ACACACA
M027_0.6	HNRNPL	hsa_circ_0051239_Cytoplasm	1449	1455	+	10.5922	6.1e-05	0.339	ACACACA
M027_0.6	HNRNPL	hsa_circ_0051239_Cytoplasm	1451	1457	+	10.5922	6.1e-05	0.339	ACACACA
M027_0.6	HNRNPL	hsa_circ_0051239_Cytoplasm	1453	1459	+	10.5922	6.1e-05	0.339	ACACACA
M027_0.6	HNRNPL	hsa_circ_0051239_Cytoplasm	1483	1489	+	10.5922	6.1e-05	0.339	ACACACA
M027_0.6	HNRNPL	hsa_circ_0051239_Cytoplasm	1485	1491	+	10.5922	6.1e-05	0.339	ACACACA
M027_0.6	HNRNPL	hsa_circ_0051239_Cytoplasm	1487	1493	+	10.5922	6.1e-05	0.339	ACACACA
M027_0.6	HNRNPL	hsa_circ_0051239_Cytoplasm	1489	1495	+	10.5922	6.1e-05	0.339	ACACACA
M027_0.6	HNRNPL	hsa_circ_0051239_Cytoplasm	1491	1497	+	10.5922	6.1e-05	0.339	ACACACA
M027_0.6	HNRNPL	hsa_circ_0051239_Cytoplasm	1493	1499	+	10.5922	6.1e-05	0.339	ACACACA
M027_0.6	HNRNPL	hsa_circ_0051239_Cytoplasm	1495	1501	+	10.5922	6.1e-05	0.339	ACACACA
M027_0.6	HNRNPL	hsa_circ_0051239_Cytoplasm	1497	1503	+	10.5922	6.1e-05	0.339	ACACACA
M027_0.6	HNRNPL	hsa_circ_0051239_Cytoplasm	1499	1505	+	10.5922	6.1e-05	0.339	ACACACA
M027_0.6	HNRNPL	hsa_circ_0051239_Cytoplasm	1549	1555	+	10.5922	6.1e-05	0.339	ACACACA
M027_0.6	HNRNPL	hsa_circ_0051239_Cytoplasm	1551	1557	+	10.5922	6.1e-05	0.339	ACACACA
M027_0.6	HNRNPL	hsa_circ_0051239_Cytoplasm	1553	1559	+	10.5922	6.1e-05	0.339	ACACACA
M027_0.6	HNRNPL	hsa_circ_0051239_Cytoplasm	1555	1561	+	10.5922	6.1e-05	0.339	ACACACA
M027_0.6	HNRNPL	hsa_circ_0051239_Cytoplasm	1557	1563	+	10.5922	6.1e-05	0.339	ACACACA
M027_0.6	HNRNPL	hsa_circ_0051239_Cytoplasm	1559	1565	+	10.5922	6.1e-05	0.339	ACACACA
M027_0.6	HNRNPL	hsa_circ_0051239_Cytoplasm	1561	1567	+	10.5922	6.1e-05	0.339	ACACACA
M027_0.6	HNRNPL	hsa_circ_0051239_Cytoplasm	1563	1569	+	10.5922	6.1e-05	0.339	ACACACA
M027_0.6	HNRNPL	hsa_circ_0051239_Cytoplasm	1565	1571	+	10.5922	6.1e-05	0.339	ACACACA
M027_0.6	HNRNPL	hsa_circ_0006404_Cytoplasm	1605	1611	+	10.5922	6.1e-05	0.339	ACACACA
M027_0.6	HNRNPL	hsa_circ_0051239_Cytoplasm	1608	1614	+	10.5922	6.1e-05	0.339	ACACACA
M027_0.6	HNRNPL	hsa_circ_0051239_Cytoplasm	1610	1616	+	10.5922	6.1e-05	0.339	ACACACA
M027_0.6	HNRNPL	hsa_circ_0051239_Cytoplasm	1612	1618	+	10.5922	6.1e-05	0.339	ACACACA
M027_0.6	HNRNPL	hsa_circ_0051239_Cytoplasm	1614	1620	+	10.5922	6.1e-05	0.339	ACACACA
M027_0.6	HNRNPL	hsa_circ_0000175_Cytoplasm	1640	1646	+	10.5922	6.1e-05	0.339	ACACACA
M027_0.6	HNRNPL	hsa_circ_0051239_Cytoplasm	1651	1657	+	10.5922	6.1e-05	0.339	ACACACA
M027_0.6	HNRNPL	hsa_circ_0051239_Cytoplasm	1653	1659	+	10.5922	6.1e-05	0.339	ACACACA
M027_0.6	HNRNPL	hsa_circ_0051239_Cytoplasm	1655	1661	+	10.5922	6.1e-05	0.339	ACACACA
M027_0.6	HNRNPL	hsa_circ_0051239_Cytoplasm	1657	1663	+	10.5922	6.1e-05	0.339	ACACACA
M027_0.6	HNRNPL	hsa_circ_0051239_Cytoplasm	1659	1665	+	10.5922	6.1e-05	0.339	ACACACA
M027_0.6	HNRNPL	hsa_circ_0051239_Cytoplasm	1668	1674	+	10.5922	6.1e-05	0.339	ACACACA
M027_0.6	HNRNPL	hsa_circ_0051239_Cytoplasm	1670	1676	+	10.5922	6.1e-05	0.339	ACACACA
M027_0.6	HNRNPL	hsa_circ_0051239_Cytoplasm	1672	1678	+	10.5922	6.1e-05	0.339	ACACACA
M027_0.6	HNRNPL	hsa_circ_0051239_Cytoplasm	1674	1680	+	10.5922	6.1e-05	0.339	ACACACA
M027_0.6	HNRNPL	hsa_circ_0089552_Cytoplasm	1675	1681	+	10.5922	6.1e-05	0.339	ACACACA
M027_0.6	HNRNPL	hsa_circ_0051239_Cytoplasm	1676	1682	+	10.5922	6.1e-05	0.339	ACACACA
M027_0.6	HNRNPL	hsa_circ_0051239_Cytoplasm	1710	1716	+	10.5922	6.1e-05	0.339	ACACACA
M027_0.6	HNRNPL	hsa_circ_0051239_Cytoplasm	1712	1718	+	10.5922	6.1e-05	0.339	ACACACA
M027_0.6	HNRNPL	hsa_circ_0051239_Cytoplasm	1762	1768	+	10.5922	6.1e-05	0.339	ACACACA
M027_0.6	HNRNPL	hsa_circ_0051239_Cytoplasm	1764	1770	+	10.5922	6.1e-05	0.339	ACACACA
M027_0.6	HNRNPL	hsa_circ_0051239_Cytoplasm	1766	1772	+	10.5922	6.1e-05	0.339	ACACACA
M027_0.6	HNRNPL	hsa_circ_0051239_Cytoplasm	1768	1774	+	10.5922	6.1e-05	0.339	ACACACA
M027_0.6	HNRNPL	hsa_circ_0069975_Cytoplasm	1877	1883	+	10.5922	6.1e-05	0.339	ACACACA
M027_0.6	HNRNPL	hsa_circ_0069975_Cytoplasm	1879	1885	+	10.5922	6.1e-05	0.339	ACACACA
M027_0.6	HNRNPL	hsa_circ_0005332_Nucleus	1936	1942	+	10.5922	6.1e-05	0.339	ACACACA
M027_0.6	HNRNPL	hsa_circ_0034161_Cytoplasm	2042	2048	+	10.5922	6.1e-05	0.339	ACACACA
M027_0.6	HNRNPL	hsa_circ_0034161_Nucleus	2042	2048	+	10.5922	6.1e-05	0.339	ACACACA
M027_0.6	HNRNPL	hsa_circ_0109046_Cytoplasm	2455	2461	+	10.5922	6.1e-05	0.339	ACACACA
M027_0.6	HNRNPL	hsa_circ_0000527_Cytoplasm	2668	2674	+	10.5922	6.1e-05	0.339	ACACACA
M027_0.6	HNRNPL	mmu_circ_0001498_Cytoplasm	3208	3214	+	10.5922	6.1e-05	0.339	ACACACA
M027_0.6	HNRNPL	hsa_circ_0082369_Cytoplasm	3287	3293	+	10.5922	6.1e-05	0.339	ACACACA
M027_0.6	HNRNPL	hsa_circ_0082369_Cytoplasm	3289	3295	+	10.5922	6.1e-05	0.339	ACACACA
M027_0.6	HNRNPL	hsa_circ_0082369_Cytoplasm	3291	3297	+	10.5922	6.1e-05	0.339	ACACACA
M027_0.6	HNRNPL	hsa_circ_0082369_Cytoplasm	3293	3299	+	10.5922	6.1e-05	0.339	ACACACA
M027_0.6	HNRNPL	hsa_circ_0000175_Cytoplasm	3677	3683	+	10.5922	6.1e-05	0.339	ACACACA
M027_0.6	HNRNPL	hsa_circ_0000175_Cytoplasm	3679	3685	+	10.5922	6.1e-05	0.339	ACACACA
M027_0.6	HNRNPL	hsa_circ_0000175_Cytoplasm	3681	3687	+	10.5922	6.1e-05	0.339	ACACACA
M027_0.6	HNRNPL	hsa_circ_0000175_Cytoplasm	3734	3740	+	10.5922	6.1e-05	0.339	ACACACA
M027_0.6	HNRNPL	hsa_circ_0000175_Cytoplasm	3736	3742	+	10.5922	6.1e-05	0.339	ACACACA
M027_0.6	HNRNPL	hsa_circ_0000175_Cytoplasm	3738	3744	+	10.5922	6.1e-05	0.339	ACACACA
M027_0.6	HNRNPL	hsa_circ_0000175_Cytoplasm	3740	3746	+	10.5922	6.1e-05	0.339	ACACACA
M027_0.6	HNRNPL	hsa_circ_0000175_Cytoplasm	3742	3748	+	10.5922	6.1e-05	0.339	ACACACA
M027_0.6	HNRNPL	hsa_circ_0000175_Cytoplasm	3744	3750	+	10.5922	6.1e-05	0.339	ACACACA
M027_0.6	HNRNPL	hsa_circ_0000175_Cytoplasm	3746	3752	+	10.5922	6.1e-05	0.339	ACACACA
M027_0.6	HNRNPL	hsa_circ_0114428_Cytoplasm	3864	3870	+	10.5922	6.1e-05	0.339	ACACACA
M027_0.6	HNRNPL	hsa_circ_0114428_Nucleus	3864	3870	+	10.5922	6.1e-05	0.339	ACACACA
M027_0.6	HNRNPL	hsa_circ_0019222_Cytoplasm	3954	3960	+	10.5922	6.1e-05	0.339	ACACACA
M027_0.6	HNRNPL	hsa_circ_0019222_Nucleus	3954	3960	+	10.5922	6.1e-05	0.339	ACACACA
M027_0.6	HNRNPL	hsa_circ_0086368_Cytoplasm	4132	4138	+	10.5922	6.1e-05	0.339	ACACACA
M027_0.6	HNRNPL	hsa_circ_0000212_Cytoplasm	4494	4500	+	10.5922	6.1e-05	0.339	ACACACA
M016_0.6	FMR1	hsa_circ_0001678_Nucleus	2	8	+	10.5942	6.1e-05	0.423	GGACAAG
M016_0.6	FMR1	hsa_circ_0006354_Cytoplasm	27	33	+	10.5942	6.1e-05	0.423	GGACAAG
M016_0.6	FMR1	hsa_circ_0006354_Nucleus	27	33	+	10.5942	6.1e-05	0.423	GGACAAG
M016_0.6	FMR1	hsa_circ_0006354_Cytoplasm	27	33	+	10.5942	6.1e-05	0.423	GGACAAG
M016_0.6	FMR1	hsa_circ_0001789_Cytoplasm	34	40	+	10.5942	6.1e-05	0.423	GGACAAG
M016_0.6	FMR1	hsa_circ_0001678_Nucleus	62	68	+	10.5942	6.1e-05	0.423	GGACAAG
M016_0.6	FMR1	hsa_circ_0098181_Cytoplasm	73	79	+	10.5942	6.1e-05	0.423	GGACAAG
M016_0.6	FMR1	hsa_circ_0001964_Cytoplasm	77	83	+	10.5942	6.1e-05	0.423	GGACAAG
M016_0.6	FMR1	hsa_circ_0019435_Nucleus	80	86	+	10.5942	6.1e-05	0.423	GGACAAG
M016_0.6	FMR1	hsa_circ_0019435_Nucleus	80	86	+	10.5942	6.1e-05	0.423	GGACAAG
M016_0.6	FMR1	hsa_circ_0006420_Nucleus	84	90	+	10.5942	6.1e-05	0.423	GGACAAG
M016_0.6	FMR1	hsa_circ_0006420_Cytoplasm	84	90	+	10.5942	6.1e-05	0.423	GGACAAG
M016_0.6	FMR1	hsa_circ_0001161_Cytoplasm	93	99	+	10.5942	6.1e-05	0.423	GGACAAG
M016_0.6	FMR1	hsa_circ_0001161_Nucleus	93	99	+	10.5942	6.1e-05	0.423	GGACAAG
M016_0.6	FMR1	hsa_circ_0086452_Cytoplasm	118	124	+	10.5942	6.1e-05	0.423	GGACAAG
M016_0.6	FMR1	hsa_circ_0001861_Cytoplasm	119	125	+	10.5942	6.1e-05	0.423	GGACAAG
M016_0.6	FMR1	hsa_circ_0001861_Nucleus	119	125	+	10.5942	6.1e-05	0.423	GGACAAG
M016_0.6	FMR1	hsa_circ_0000043_Mitochondrion	121	127	+	10.5942	6.1e-05	0.423	GGACAAG
M016_0.6	FMR1	hsa_circ_0000043_Cytoplasm	121	127	+	10.5942	6.1e-05	0.423	GGACAAG
M016_0.6	FMR1	hsa_circ_0000043_Cytoplasm	121	127	+	10.5942	6.1e-05	0.423	GGACAAG
M016_0.6	FMR1	hsa_circ_0020999_Cytoplasm	125	131	+	10.5942	6.1e-05	0.423	GGACAAG
M016_0.6	FMR1	hsa_circ_0003162_Cytoplasm	130	136	+	10.5942	6.1e-05	0.423	GGACAAG
M016_0.6	FMR1	hsa_circ_0001964_Cytoplasm	137	143	+	10.5942	6.1e-05	0.423	GGACAAG
M016_0.6	FMR1	hsa_circ_0019435_Nucleus	140	146	+	10.5942	6.1e-05	0.423	GGACAAG
M016_0.6	FMR1	hsa_circ_0019435_Nucleus	140	146	+	10.5942	6.1e-05	0.423	GGACAAG
M016_0.6	FMR1	hsa_circ_0001238_Cytoplasm	144	150	+	10.5942	6.1e-05	0.423	GGACAAG
M016_0.6	FMR1	hsa_circ_0001238_Cytoplasm	144	150	+	10.5942	6.1e-05	0.423	GGACAAG
M016_0.6	FMR1	hsa_circ_0073243_Cytoplasm	148	154	+	10.5942	6.1e-05	0.423	GGACAAG
M016_0.6	FMR1	hsa_circ_0073243_Nucleus	148	154	+	10.5942	6.1e-05	0.423	GGACAAG
M016_0.6	FMR1	hsa_circ_0005276_Cytoplasm	152	158	+	10.5942	6.1e-05	0.423	GGACAAG
M016_0.6	FMR1	hsa_circ_0003340_Cytoplasm	164	170	+	10.5942	6.1e-05	0.423	GGACAAG
M016_0.6	FMR1	hsa_circ_0000231_Cytoplasm	173	179	+	10.5942	6.1e-05	0.423	GGACAAG
M016_0.6	FMR1	hsa_circ_0001789_Cytoplasm	177	183	+	10.5942	6.1e-05	0.423	GGACAAG
M016_0.6	FMR1	mmu_circ_0003917_Cytoplasm	183	189	+	10.5942	6.1e-05	0.423	GGACAAG
M016_0.6	FMR1	hsa_circ_0004087_Cytoplasm	188	194	+	10.5942	6.1e-05	0.423	GGACAAG
M016_0.6	FMR1	hsa_circ_0073243_Nucleus	208	214	+	10.5942	6.1e-05	0.423	GGACAAG
M016_0.6	FMR1	hsa_circ_0073243_Cytoplasm	208	214	+	10.5942	6.1e-05	0.423	GGACAAG
M016_0.6	FMR1	hsa_circ_0005276_Cytoplasm	212	218	+	10.5942	6.1e-05	0.423	GGACAAG
M016_0.6	FMR1	hsa_circ_0007534_Cytoplasm	229	235	+	10.5942	6.1e-05	0.423	GGACAAG
M016_0.6	FMR1	hsa_circ_0026218_Cytoplasm	238	244	+	10.5942	6.1e-05	0.423	GGACAAG
M016_0.6	FMR1	hsa_circ_0005336_Nucleus	239	245	+	10.5942	6.1e-05	0.423	GGACAAG
M016_0.6	FMR1	hsa_circ_0008037_Cytoplasm	253	259	+	10.5942	6.1e-05	0.423	GGACAAG
M016_0.6	FMR1	hsa_circ_0061851_Cytoplasm	254	260	+	10.5942	6.1e-05	0.423	GGACAAG
M016_0.6	FMR1	hsa_circ_0001141_Cytoplasm	277	283	+	10.5942	6.1e-05	0.423	GGACAAG
M016_0.6	FMR1	hsa_circ_0001141_Cytoplasm	277	283	+	10.5942	6.1e-05	0.423	GGACAAG
M016_0.6	FMR1	hsa_circ_0001141_Cytoplasm	277	283	+	10.5942	6.1e-05	0.423	GGACAAG
M016_0.6	FMR1	mmu_circ_0000254_Nucleus	277	283	+	10.5942	6.1e-05	0.423	GGACAAG
M016_0.6	FMR1	hsa_circ_0001662_Cytoplasm	296	302	+	10.5942	6.1e-05	0.423	GGACAAG
M016_0.6	FMR1	hsa_circ_0001662_Nucleus	296	302	+	10.5942	6.1e-05	0.423	GGACAAG
M016_0.6	FMR1	hsa_circ_0056854_Nucleus	330	336	+	10.5942	6.1e-05	0.423	GGACAAG
M016_0.6	FMR1	hsa_circ_0056854_Cytoplasm	330	336	+	10.5942	6.1e-05	0.423	GGACAAG
M016_0.6	FMR1	hsa_circ_0056854_Cytoplasm	330	336	+	10.5942	6.1e-05	0.423	GGACAAG
M016_0.6	FMR1	hsa_circ_0000337_Cytoplasm	347	353	+	10.5942	6.1e-05	0.423	GGACAAG
M016_0.6	FMR1	hsa_circ_0001662_Nucleus	356	362	+	10.5942	6.1e-05	0.423	GGACAAG
M016_0.6	FMR1	hsa_circ_0001662_Cytoplasm	356	362	+	10.5942	6.1e-05	0.423	GGACAAG
M016_0.6	FMR1	hsa_circ_0073748_Cytoplasm	362	368	+	10.5942	6.1e-05	0.423	GGACAAG
M016_0.6	FMR1	mmu_circ_0000650_Nucleus	367	373	+	10.5942	6.1e-05	0.423	GGACAAG
M016_0.6	FMR1	hsa_circ_0000337_Cytoplasm	384	390	+	10.5942	6.1e-05	0.423	GGACAAG
M016_0.6	FMR1	hsa_circ_0001546_Nucleus	389	395	+	10.5942	6.1e-05	0.423	GGACAAG
M016_0.6	FMR1	hsa_circ_0001546_Cytoplasm	389	395	+	10.5942	6.1e-05	0.423	GGACAAG
M016_0.6	FMR1	hsa_circ_0074298_Cytoplasm	392	398	+	10.5942	6.1e-05	0.423	GGACAAG
M016_0.6	FMR1	hsa_circ_0004552_Cytoplasm	397	403	+	10.5942	6.1e-05	0.423	GGACAAG
M016_0.6	FMR1	mmu_circ_0000650_Nucleus	427	433	+	10.5942	6.1e-05	0.423	GGACAAG
M016_0.6	FMR1	hsa_circ_0000240_Cytoplasm	436	442	+	10.5942	6.1e-05	0.423	GGACAAG
M016_0.6	FMR1	mmu_circ_0001745_Nucleus	442	448	+	10.5942	6.1e-05	0.423	GGACAAG
M016_0.6	FMR1	hsa_circ_0062677_Nucleus	462	468	+	10.5942	6.1e-05	0.423	GGACAAG
M016_0.6	FMR1	hsa_circ_0062677_Cytoplasm	462	468	+	10.5942	6.1e-05	0.423	GGACAAG
M016_0.6	FMR1	mmu_circ_0000130_Cytoplasm	475	481	+	10.5942	6.1e-05	0.423	GGACAAG
M016_0.6	FMR1	hsa_circ_0001727_Cytoplasm	496	502	+	10.5942	6.1e-05	0.423	GGACAAG
M016_0.6	FMR1	mmu_circ_0001745_Nucleus	502	508	+	10.5942	6.1e-05	0.423	GGACAAG
M016_0.6	FMR1	hsa_circ_0002310_Cytoplasm	561	567	+	10.5942	6.1e-05	0.423	GGACAAG
M016_0.6	FMR1	hsa_circ_0002484_Cytoplasm	590	596	+	10.5942	6.1e-05	0.423	GGACAAG
M016_0.6	FMR1	hsa_circ_0002484_Nucleus	590	596	+	10.5942	6.1e-05	0.423	GGACAAG
M016_0.6	FMR1	hsa_circ_0002484_Cytoplasm	590	596	+	10.5942	6.1e-05	0.423	GGACAAG
M016_0.6	FMR1	hsa_circ_0040039_Cytoplasm	618	624	+	10.5942	6.1e-05	0.423	GGACAAG
M016_0.6	FMR1	hsa_circ_0006332_Nucleus	626	632	+	10.5942	6.1e-05	0.423	GGACAAG
M016_0.6	FMR1	hsa_circ_0006332_Cytoplasm	626	632	+	10.5942	6.1e-05	0.423	GGACAAG
M016_0.6	FMR1	hsa_circ_0006332_Cytoplasm	626	632	+	10.5942	6.1e-05	0.423	GGACAAG
M016_0.6	FMR1	hsa_circ_0006332_Cytoplasm	626	632	+	10.5942	6.1e-05	0.423	GGACAAG
M016_0.6	FMR1	hsa_circ_0002484_Cytoplasm	650	656	+	10.5942	6.1e-05	0.423	GGACAAG
M016_0.6	FMR1	hsa_circ_0002484_Nucleus	650	656	+	10.5942	6.1e-05	0.423	GGACAAG
M016_0.6	FMR1	hsa_circ_0002484_Cytoplasm	650	656	+	10.5942	6.1e-05	0.423	GGACAAG
M016_0.6	FMR1	hsa_circ_0056285_Cytoplasm	659	665	+	10.5942	6.1e-05	0.423	GGACAAG
M016_0.6	FMR1	hsa_circ_0056285_Cytoplasm	667	673	+	10.5942	6.1e-05	0.423	GGACAAG
M016_0.6	FMR1	hsa_circ_0080914_Cytoplasm	750	756	+	10.5942	6.1e-05	0.423	GGACAAG
M016_0.6	FMR1	hsa_circ_0007311_Cytoplasm	847	853	+	10.5942	6.1e-05	0.423	GGACAAG
M016_0.6	FMR1	hsa_circ_0051241_Cytoplasm	860	866	+	10.5942	6.1e-05	0.423	GGACAAG
M016_0.6	FMR1	hsa_circ_0000240_Cytoplasm	861	867	+	10.5942	6.1e-05	0.423	GGACAAG
M016_0.6	FMR1	hsa_circ_0035266_Cytoplasm	898	904	+	10.5942	6.1e-05	0.423	GGACAAG
M016_0.6	FMR1	hsa_circ_0051241_Cytoplasm	934	940	+	10.5942	6.1e-05	0.423	GGACAAG
M016_0.6	FMR1	hsa_circ_0038632_Cytoplasm	1028	1034	+	10.5942	6.1e-05	0.423	GGACAAG
M016_0.6	FMR1	hsa_circ_0038632_Cytoplasm	1088	1094	+	10.5942	6.1e-05	0.423	GGACAAG
M016_0.6	FMR1	hsa_circ_0001699_Cytoplasm	1133	1139	+	10.5942	6.1e-05	0.423	GGACAAG
M016_0.6	FMR1	mmu_circ_0000382_Cytoplasm	1183	1189	+	10.5942	6.1e-05	0.423	GGACAAG
M016_0.6	FMR1	hsa_circ_0091579_Cytoplasm	1213	1219	+	10.5942	6.1e-05	0.423	GGACAAG
M016_0.6	FMR1	hsa_circ_0007624_Cytoplasm	1387	1393	+	10.5942	6.1e-05	0.423	GGACAAG
M016_0.6	FMR1	hsa_circ_0007624_Cytoplasm	1447	1453	+	10.5942	6.1e-05	0.423	GGACAAG
M016_0.6	FMR1	hsa_circ_0005620_Nucleus	1497	1503	+	10.5942	6.1e-05	0.423	GGACAAG
M016_0.6	FMR1	hsa_circ_0007311_Cytoplasm	1507	1513	+	10.5942	6.1e-05	0.423	GGACAAG
M016_0.6	FMR1	hsa_circ_0062019_Cytoplasm	1545	1551	+	10.5942	6.1e-05	0.423	GGACAAG
M016_0.6	FMR1	hsa_circ_0007311_Cytoplasm	1556	1562	+	10.5942	6.1e-05	0.423	GGACAAG
M016_0.6	FMR1	hsa_circ_0038632_Cytoplasm	1639	1645	+	10.5942	6.1e-05	0.423	GGACAAG
M016_0.6	FMR1	hsa_circ_0085362_Nucleus	1640	1646	+	10.5942	6.1e-05	0.423	GGACAAG
M016_0.6	FMR1	hsa_circ_0085362_Cytoplasm	1640	1646	+	10.5942	6.1e-05	0.423	GGACAAG
M016_0.6	FMR1	hsa_circ_0072298_Cytoplasm	1832	1838	+	10.5942	6.1e-05	0.423	GGACAAG
M016_0.6	FMR1	hsa_circ_0007919_Nucleus	1840	1846	+	10.5942	6.1e-05	0.423	GGACAAG
M016_0.6	FMR1	hsa_circ_0072298_Cytoplasm	1892	1898	+	10.5942	6.1e-05	0.423	GGACAAG
M016_0.6	FMR1	hsa_circ_0001387_Cytoplasm	2046	2052	+	10.5942	6.1e-05	0.423	GGACAAG
M016_0.6	FMR1	hsa_circ_0001387_Cytoplasm	2046	2052	+	10.5942	6.1e-05	0.423	GGACAAG
M016_0.6	FMR1	hsa_circ_0001387_Cytoplasm	2069	2075	+	10.5942	6.1e-05	0.423	GGACAAG
M016_0.6	FMR1	hsa_circ_0001387_Cytoplasm	2069	2075	+	10.5942	6.1e-05	0.423	GGACAAG
M016_0.6	FMR1	hsa_circ_0089552_Cytoplasm	2218	2224	+	10.5942	6.1e-05	0.423	GGACAAG
M016_0.6	FMR1	hsa_circ_0081146_Cytoplasm	2302	2308	+	10.5942	6.1e-05	0.423	GGACAAG
M016_0.6	FMR1	hsa_circ_0044516_Cytoplasm	2783	2789	+	10.5942	6.1e-05	0.423	GGACAAG
M016_0.6	FMR1	hsa_circ_0035428_Cytoplasm	3073	3079	+	10.5942	6.1e-05	0.423	GGACAAG
M016_0.6	FMR1	hsa_circ_0035428_Nucleus	3073	3079	+	10.5942	6.1e-05	0.423	GGACAAG
M016_0.6	FMR1	hsa_circ_0035428_Nucleus	3133	3139	+	10.5942	6.1e-05	0.423	GGACAAG
M016_0.6	FMR1	hsa_circ_0035428_Cytoplasm	3133	3139	+	10.5942	6.1e-05	0.423	GGACAAG
M016_0.6	FMR1	mmu_circ_0001510_Cytoplasm	3189	3195	+	10.5942	6.1e-05	0.423	GGACAAG
M016_0.6	FMR1	hsa_circ_0081065_Cytoplasm	3357	3363	+	10.5942	6.1e-05	0.423	GGACAAG
M016_0.6	FMR1	hsa_circ_0019222_Nucleus	3478	3484	+	10.5942	6.1e-05	0.423	GGACAAG
M016_0.6	FMR1	hsa_circ_0019222_Cytoplasm	3478	3484	+	10.5942	6.1e-05	0.423	GGACAAG
M016_0.6	FMR1	hsa_circ_0000943_Cytoplasm	3487	3493	+	10.5942	6.1e-05	0.423	GGACAAG
M016_0.6	FMR1	hsa_circ_0086368_Cytoplasm	6363	6369	+	10.5942	6.1e-05	0.423	GGACAAG
M012_0.6	CPEB2	hsa_circ_0004390_Cytoplasm	51	57	+	11.0824	6.1e-05	0.397	CTTTTTT
M012_0.6	CPEB2	hsa_circ_0004390_Cytoplasm	51	57	+	11.0824	6.1e-05	0.397	CTTTTTT
M012_0.6	CPEB2	hsa_circ_0000240_Cytoplasm	74	80	+	11.0824	6.1e-05	0.397	CTTTTTT
M012_0.6	CPEB2	hsa_circ_0001451_Cytoplasm	79	85	+	11.0824	6.1e-05	0.397	CTTTTTT
M012_0.6	CPEB2	hsa_circ_0000240_Cytoplasm	134	140	+	11.0824	6.1e-05	0.397	CTTTTTT
M012_0.6	CPEB2	hsa_circ_0001451_Cytoplasm	139	145	+	11.0824	6.1e-05	0.397	CTTTTTT
M012_0.6	CPEB2	hsa_circ_0089763_Cytoplasm	142	148	+	11.0824	6.1e-05	0.397	CTTTTTT
M012_0.6	CPEB2	hsa_circ_0089763_Mitochondrion	142	148	+	11.0824	6.1e-05	0.397	CTTTTTT
M012_0.6	CPEB2	hsa_circ_0007334_Cytoplasm	156	162	+	11.0824	6.1e-05	0.397	CTTTTTT
M012_0.6	CPEB2	hsa_circ_0084904_Cytoplasm	162	168	+	11.0824	6.1e-05	0.397	CTTTTTT
M012_0.6	CPEB2	hsa_circ_0001947_Cytoplasm	185	191	+	11.0824	6.1e-05	0.397	CTTTTTT
M012_0.6	CPEB2	hsa_circ_0001947_Cytoplasm	185	191	+	11.0824	6.1e-05	0.397	CTTTTTT
M012_0.6	CPEB2	hsa_circ_0099630_Cytoplasm	190	196	+	11.0824	6.1e-05	0.397	CTTTTTT
M012_0.6	CPEB2	hsa_circ_0000098_Cytoplasm	200	206	+	11.0824	6.1e-05	0.397	CTTTTTT
M012_0.6	CPEB2	hsa_circ_0000869_Cytoplasm	205	211	+	11.0824	6.1e-05	0.397	CTTTTTT
M012_0.6	CPEB2	hsa_circ_0000869_Nucleus	205	211	+	11.0824	6.1e-05	0.397	CTTTTTT
M012_0.6	CPEB2	hsa_circ_0000264_Cytoplasm	228	234	+	11.0824	6.1e-05	0.397	CTTTTTT
M012_0.6	CPEB2	hsa_circ_0000264_Nucleus	228	234	+	11.0824	6.1e-05	0.397	CTTTTTT
M012_0.6	CPEB2	hsa_circ_0020303_Cytoplasm	228	234	+	11.0824	6.1e-05	0.397	CTTTTTT
M012_0.6	CPEB2	hsa_circ_0025984_Cytoplasm	299	305	+	11.0824	6.1e-05	0.397	CTTTTTT
M012_0.6	CPEB2	hsa_circ_0006508_Cytoplasm	320	326	+	11.0824	6.1e-05	0.397	CTTTTTT
M012_0.6	CPEB2	hsa_circ_0045598_Cytoplasm	327	333	+	11.0824	6.1e-05	0.397	CTTTTTT
M012_0.6	CPEB2	hsa_circ_0061140_Cytoplasm	341	347	+	11.0824	6.1e-05	0.397	CTTTTTT
M012_0.6	CPEB2	hsa_circ_0025984_Cytoplasm	359	365	+	11.0824	6.1e-05	0.397	CTTTTTT
M012_0.6	CPEB2	hsa_circ_0014204_Cytoplasm	367	373	+	11.0824	6.1e-05	0.397	CTTTTTT
M012_0.6	CPEB2	hsa_circ_0001741_Cytoplasm	367	373	+	11.0824	6.1e-05	0.397	CTTTTTT
M012_0.6	CPEB2	hsa_circ_0014204_Nucleus	367	373	+	11.0824	6.1e-05	0.397	CTTTTTT
M012_0.6	CPEB2	hsa_circ_0009910_Cytoplasm	368	374	+	11.0824	6.1e-05	0.397	CTTTTTT
M012_0.6	CPEB2	hsa_circ_0001466_Cytoplasm	372	378	+	11.0824	6.1e-05	0.397	CTTTTTT
M012_0.6	CPEB2	hsa_circ_0062677_Cytoplasm	380	386	+	11.0824	6.1e-05	0.397	CTTTTTT
M012_0.6	CPEB2	hsa_circ_0062677_Nucleus	380	386	+	11.0824	6.1e-05	0.397	CTTTTTT
M012_0.6	CPEB2	hsa_circ_0049055_Cytoplasm	382	388	+	11.0824	6.1e-05	0.397	CTTTTTT
M012_0.6	CPEB2	hsa_circ_0009910_Cytoplasm	383	389	+	11.0824	6.1e-05	0.397	CTTTTTT
M012_0.6	CPEB2	hsa_circ_0014204_Cytoplasm	385	391	+	11.0824	6.1e-05	0.397	CTTTTTT
M012_0.6	CPEB2	hsa_circ_0014204_Nucleus	385	391	+	11.0824	6.1e-05	0.397	CTTTTTT
M012_0.6	CPEB2	hsa_circ_0005526_Nucleus	387	393	+	11.0824	6.1e-05	0.397	CTTTTTT
M012_0.6	CPEB2	hsa_circ_0005526_Cytoplasm	387	393	+	11.0824	6.1e-05	0.397	CTTTTTT
M012_0.6	CPEB2	hsa_circ_0001741_Cytoplasm	427	433	+	11.0824	6.1e-05	0.397	CTTTTTT
M012_0.6	CPEB2	hsa_circ_0001466_Cytoplasm	428	434	+	11.0824	6.1e-05	0.397	CTTTTTT
M012_0.6	CPEB2	hsa_circ_0002484_Cytoplasm	434	440	+	11.0824	6.1e-05	0.397	CTTTTTT
M012_0.6	CPEB2	hsa_circ_0002484_Cytoplasm	434	440	+	11.0824	6.1e-05	0.397	CTTTTTT
M012_0.6	CPEB2	hsa_circ_0002484_Nucleus	434	440	+	11.0824	6.1e-05	0.397	CTTTTTT
M012_0.6	CPEB2	hsa_circ_0005795_Cytoplasm	476	482	+	11.0824	6.1e-05	0.397	CTTTTTT
M012_0.6	CPEB2	hsa_circ_0005264_Cytoplasm	491	497	+	11.0824	6.1e-05	0.397	CTTTTTT
M012_0.6	CPEB2	hsa_circ_0001998_Cytoplasm	506	512	+	11.0824	6.1e-05	0.397	CTTTTTT
M012_0.6	CPEB2	hsa_circ_0002623_Cytoplasm	528	534	+	11.0824	6.1e-05	0.397	CTTTTTT
M012_0.6	CPEB2	hsa_circ_0004623_Cytoplasm	554	560	+	11.0824	6.1e-05	0.397	CTTTTTT
M012_0.6	CPEB2	hsa_circ_0004623_Cytoplasm	554	560	+	11.0824	6.1e-05	0.397	CTTTTTT
M012_0.6	CPEB2	hsa_circ_0000279_Cytoplasm	585	591	+	11.0824	6.1e-05	0.397	CTTTTTT
M012_0.6	CPEB2	hsa_circ_0000279_Nucleus	585	591	+	11.0824	6.1e-05	0.397	CTTTTTT
M012_0.6	CPEB2	hsa_circ_0077890_Cytoplasm	631	637	+	11.0824	6.1e-05	0.397	CTTTTTT
M012_0.6	CPEB2	hsa_circ_0002623_Cytoplasm	637	643	+	11.0824	6.1e-05	0.397	CTTTTTT
M012_0.6	CPEB2	hsa_circ_0000279_Cytoplasm	645	651	+	11.0824	6.1e-05	0.397	CTTTTTT
M012_0.6	CPEB2	hsa_circ_0000279_Nucleus	645	651	+	11.0824	6.1e-05	0.397	CTTTTTT
M012_0.6	CPEB2	hsa_circ_0001451_Cytoplasm	669	675	+	11.0824	6.1e-05	0.397	CTTTTTT
M012_0.6	CPEB2	hsa_circ_0025984_Cytoplasm	709	715	+	11.0824	6.1e-05	0.397	CTTTTTT
M012_0.6	CPEB2	hsa_circ_0005620_Nucleus	838	844	+	11.0824	6.1e-05	0.397	CTTTTTT
M012_0.6	CPEB2	hsa_circ_0000096_Cytoplasm	857	863	+	11.0824	6.1e-05	0.397	CTTTTTT
M012_0.6	CPEB2	hsa_circ_0005620_Nucleus	935	941	+	11.0824	6.1e-05	0.397	CTTTTTT
M012_0.6	CPEB2	hsa_circ_0071332_Cytoplasm	935	941	+	11.0824	6.1e-05	0.397	CTTTTTT
M012_0.6	CPEB2	hsa_circ_0071332_Nucleus	935	941	+	11.0824	6.1e-05	0.397	CTTTTTT
M012_0.6	CPEB2	hsa_circ_0006479_Cytoplasm	1035	1041	+	11.0824	6.1e-05	0.397	CTTTTTT
M012_0.6	CPEB2	hsa_circ_0062558_Cytoplasm	1039	1045	+	11.0824	6.1e-05	0.397	CTTTTTT
M012_0.6	CPEB2	hsa_circ_0001666_Cytoplasm	1102	1108	+	11.0824	6.1e-05	0.397	CTTTTTT
M012_0.6	CPEB2	hsa_circ_0001666_Cytoplasm	1102	1108	+	11.0824	6.1e-05	0.397	CTTTTTT
M012_0.6	CPEB2	hsa_circ_0000350_Nucleus	1140	1146	+	11.0824	6.1e-05	0.397	CTTTTTT
M012_0.6	CPEB2	hsa_circ_0001666_Cytoplasm	1162	1168	+	11.0824	6.1e-05	0.397	CTTTTTT
M012_0.6	CPEB2	hsa_circ_0001666_Cytoplasm	1162	1168	+	11.0824	6.1e-05	0.397	CTTTTTT
M012_0.6	CPEB2	hsa_circ_0001979_Cytoplasm	1173	1179	+	11.0824	6.1e-05	0.397	CTTTTTT
M012_0.6	CPEB2	hsa_circ_0075043_Cytoplasm	1204	1210	+	11.0824	6.1e-05	0.397	CTTTTTT
M012_0.6	CPEB2	hsa_circ_0001979_Cytoplasm	1233	1239	+	11.0824	6.1e-05	0.397	CTTTTTT
M012_0.6	CPEB2	hsa_circ_0025984_Cytoplasm	1284	1290	+	11.0824	6.1e-05	0.397	CTTTTTT
M012_0.6	CPEB2	hsa_circ_0038467_Cytoplasm	1358	1364	+	11.0824	6.1e-05	0.397	CTTTTTT
M012_0.6	CPEB2	hsa_circ_0038467_Cytoplasm	1358	1364	+	11.0824	6.1e-05	0.397	CTTTTTT
M012_0.6	CPEB2	hsa_circ_0038467_Nucleus	1358	1364	+	11.0824	6.1e-05	0.397	CTTTTTT
M012_0.6	CPEB2	mmu_circ_0000230_Cytoplasm	1368	1374	+	11.0824	6.1e-05	0.397	CTTTTTT
M012_0.6	CPEB2	hsa_circ_0000282_Cytoplasm	1394	1400	+	11.0824	6.1e-05	0.397	CTTTTTT
M012_0.6	CPEB2	hsa_circ_0000282_Cytoplasm	1454	1460	+	11.0824	6.1e-05	0.397	CTTTTTT
M012_0.6	CPEB2	hsa_circ_0000282_Cytoplasm	1620	1626	+	11.0824	6.1e-05	0.397	CTTTTTT
M012_0.6	CPEB2	hsa_circ_0002699_Cytosol	1778	1784	+	11.0824	6.1e-05	0.397	CTTTTTT
M012_0.6	CPEB2	hsa_circ_0001959_Nucleus	1863	1869	+	11.0824	6.1e-05	0.397	CTTTTTT
M012_0.6	CPEB2	hsa_circ_0001959_Cytoplasm	1863	1869	+	11.0824	6.1e-05	0.397	CTTTTTT
M012_0.6	CPEB2	hsa_circ_0034161_Nucleus	1952	1958	+	11.0824	6.1e-05	0.397	CTTTTTT
M012_0.6	CPEB2	hsa_circ_0034161_Cytoplasm	1952	1958	+	11.0824	6.1e-05	0.397	CTTTTTT
M012_0.6	CPEB2	hsa_circ_0000212_Cytoplasm	2051	2057	+	11.0824	6.1e-05	0.397	CTTTTTT
M012_0.6	CPEB2	hsa_circ_0000212_Cytoplasm	2111	2117	+	11.0824	6.1e-05	0.397	CTTTTTT
M012_0.6	CPEB2	hsa_circ_0022454_Cytoplasm	2212	2218	+	11.0824	6.1e-05	0.397	CTTTTTT
M012_0.6	CPEB2	hsa_circ_0089761_Mitochondrion	2258	2264	+	11.0824	6.1e-05	0.397	CTTTTTT
M012_0.6	CPEB2	hsa_circ_0089761_Cytoplasm	2258	2264	+	11.0824	6.1e-05	0.397	CTTTTTT
M012_0.6	CPEB2	hsa_circ_0082095_Cytoplasm	2266	2272	+	11.0824	6.1e-05	0.397	CTTTTTT
M012_0.6	CPEB2	hsa_circ_0000282_Cytoplasm	2321	2327	+	11.0824	6.1e-05	0.397	CTTTTTT
M012_0.6	CPEB2	hsa_circ_0082095_Cytoplasm	2326	2332	+	11.0824	6.1e-05	0.397	CTTTTTT
M012_0.6	CPEB2	hsa_circ_0000282_Cytoplasm	2350	2356	+	11.0824	6.1e-05	0.397	CTTTTTT
M012_0.6	CPEB2	hsa_circ_0069975_Cytoplasm	2450	2456	+	11.0824	6.1e-05	0.397	CTTTTTT
M012_0.6	CPEB2	hsa_circ_0002699_Cytosol	2484	2490	+	11.0824	6.1e-05	0.397	CTTTTTT
M012_0.6	CPEB2	hsa_circ_0082369_Cytoplasm	2492	2498	+	11.0824	6.1e-05	0.397	CTTTTTT
M012_0.6	CPEB2	hsa_circ_0062019_Cytoplasm	2495	2501	+	11.0824	6.1e-05	0.397	CTTTTTT
M012_0.6	CPEB2	hsa_circ_0062019_Cytoplasm	2510	2516	+	11.0824	6.1e-05	0.397	CTTTTTT
M012_0.6	CPEB2	hsa_circ_0002699_Cytosol	2544	2550	+	11.0824	6.1e-05	0.397	CTTTTTT
M012_0.6	CPEB2	hsa_circ_0025984_Cytoplasm	2559	2565	+	11.0824	6.1e-05	0.397	CTTTTTT
M012_0.6	CPEB2	hsa_circ_0043800_Cytoplasm	2601	2607	+	11.0824	6.1e-05	0.397	CTTTTTT
M012_0.6	CPEB2	hsa_circ_0000212_Cytoplasm	2607	2613	+	11.0824	6.1e-05	0.397	CTTTTTT
M012_0.6	CPEB2	hsa_circ_0081572_Cytoplasm	2609	2615	+	11.0824	6.1e-05	0.397	CTTTTTT
M012_0.6	CPEB2	hsa_circ_0025984_Cytoplasm	2619	2625	+	11.0824	6.1e-05	0.397	CTTTTTT
M012_0.6	CPEB2	hsa_circ_0025984_Cytoplasm	2697	2703	+	11.0824	6.1e-05	0.397	CTTTTTT
M012_0.6	CPEB2	hsa_circ_0045521_Cytoplasm	2747	2753	+	11.0824	6.1e-05	0.397	CTTTTTT
M012_0.6	CPEB2	hsa_circ_0069975_Cytoplasm	2811	2817	+	11.0824	6.1e-05	0.397	CTTTTTT
M012_0.6	CPEB2	hsa_circ_0045521_Cytoplasm	2977	2983	+	11.0824	6.1e-05	0.397	CTTTTTT
M012_0.6	CPEB2	hsa_circ_0045521_Cytoplasm	3004	3010	+	11.0824	6.1e-05	0.397	CTTTTTT
M012_0.6	CPEB2	hsa_circ_0045521_Cytoplasm	3064	3070	+	11.0824	6.1e-05	0.397	CTTTTTT
M012_0.6	CPEB2	hsa_circ_0000282_Cytoplasm	3153	3159	+	11.0824	6.1e-05	0.397	CTTTTTT
M012_0.6	CPEB2	mmu_circ_0000230_Cytoplasm	3191	3197	+	11.0824	6.1e-05	0.397	CTTTTTT
M012_0.6	CPEB2	hsa_circ_0000527_Cytoplasm	3247	3253	+	11.0824	6.1e-05	0.397	CTTTTTT
M012_0.6	CPEB2	hsa_circ_0045521_Cytoplasm	3396	3402	+	11.0824	6.1e-05	0.397	CTTTTTT
M012_0.6	CPEB2	hsa_circ_0069975_Cytoplasm	3547	3553	+	11.0824	6.1e-05	0.397	CTTTTTT
M012_0.6	CPEB2	hsa_circ_0045521_Cytoplasm	3739	3745	+	11.0824	6.1e-05	0.397	CTTTTTT
M012_0.6	CPEB2	hsa_circ_0043800_Cytoplasm	4164	4170	+	11.0824	6.1e-05	0.397	CTTTTTT
M012_0.6	CPEB2	hsa_circ_0086368_Cytoplasm	4178	4184	+	11.0824	6.1e-05	0.397	CTTTTTT
M012_0.6	CPEB2	hsa_circ_0043800_Cytoplasm	4224	4230	+	11.0824	6.1e-05	0.397	CTTTTTT
M012_0.6	CPEB2	hsa_circ_0086368_Cytoplasm	4284	4290	+	11.0824	6.1e-05	0.397	CTTTTTT
M012_0.6	CPEB2	mmu_circ_0001498_Cytoplasm	4581	4587	+	11.0824	6.1e-05	0.397	CTTTTTT
M012_0.6	CPEB2	hsa_circ_0089763_Mitochondrion	4979	4985	+	11.0824	6.1e-05	0.397	CTTTTTT
M012_0.6	CPEB2	hsa_circ_0089763_Cytoplasm	4979	4985	+	11.0824	6.1e-05	0.397	CTTTTTT
M012_0.6	CPEB2	hsa_circ_0000527_Cytoplasm	5479	5485	+	11.0824	6.1e-05	0.397	CTTTTTT
M012_0.6	CPEB2	hsa_circ_0000282_Cytoplasm	5514	5520	+	11.0824	6.1e-05	0.397	CTTTTTT
M012_0.6	CPEB2	hsa_circ_0000527_Cytoplasm	5539	5545	+	11.0824	6.1e-05	0.397	CTTTTTT
M012_0.6	CPEB2	hsa_circ_0086368_Cytoplasm	5962	5968	+	11.0824	6.1e-05	0.397	CTTTTTT
M012_0.6	CPEB2	hsa_circ_0086368_Cytoplasm	5985	5991	+	11.0824	6.1e-05	0.397	CTTTTTT
M012_0.6	CPEB2	hsa_circ_0086368_Cytoplasm	6046	6052	+	11.0824	6.1e-05	0.397	CTTTTTT
M012_0.6	CPEB2	hsa_circ_0086368_Cytoplasm	6824	6830	+	11.0824	6.1e-05	0.397	CTTTTTT
M012_0.6	CPEB2	hsa_circ_0086368_Cytoplasm	6834	6840	+	11.0824	6.1e-05	0.397	CTTTTTT
M012_0.6	CPEB2	hsa_circ_0054537_Cytoplasm	7054	7060	+	11.0824	6.1e-05	0.397	CTTTTTT
M012_0.6	CPEB2	hsa_circ_0089761_Mitochondrion	7095	7101	+	11.0824	6.1e-05	0.397	CTTTTTT
M012_0.6	CPEB2	hsa_circ_0089761_Cytoplasm	7095	7101	+	11.0824	6.1e-05	0.397	CTTTTTT
M323_0.6	NOVA2	hsa_circ_0000212_Cytoplasm	3382	3394	+	10.503	6.14e-05	0.76	GAACAGTCATTGT
M323_0.6	NOVA2	hsa_circ_0005620_Nucleus	1635	1647	+	10.4911	6.18e-05	0.76	GGAGAGTCTTGGC
M323_0.6	NOVA2	hsa_circ_0002310_Cytoplasm	148	160	+	10.4556	6.23e-05	0.76	TCAGAGACATTGC
M323_0.6	NOVA2	hsa_circ_0030018_Cytoplasm	1059	1071	+	10.4497	6.39e-05	0.76	GCAGAGAAATCCC
M323_0.6	NOVA2	hsa_circ_0030018_Nucleus	1059	1071	+	10.4497	6.39e-05	0.76	GCAGAGAAATCCC
M323_0.6	NOVA2	hsa_circ_0006896_Around	59	71	+	10.3964	6.52e-05	0.76	AGAGAGACATCTC
M323_0.6	NOVA2	mmu_circ_0001745_Nucleus	606	618	+	10.3964	6.52e-05	0.76	AGAGAGCCATTAC
M323_0.6	NOVA2	hsa_circ_0001540_Cytosol	231	243	+	10.3846	6.54e-05	0.76	AAGGAGACATAAC
M323_0.6	NOVA2	hsa_circ_0058106_Nucleus	479	491	+	10.2544	6.86e-05	0.76	AGAGAGTCAGCCT
M323_0.6	NOVA2	hsa_circ_0058106_Cytoplasm	479	491	+	10.2544	6.86e-05	0.76	AGAGAGTCAGCCT
M323_0.6	NOVA2	hsa_circ_0000078_Nucleus	772	784	+	10.2544	6.86e-05	0.76	AGAGAGTCCTCCT
M323_0.6	NOVA2	hsa_circ_0000078_Cytoplasm	772	784	+	10.2544	6.86e-05	0.76	AGAGAGTCCTCCT
M323_0.6	NOVA2	hsa_circ_0002310_Cytoplasm	788	800	+	10.2485	6.87e-05	0.76	AAGGAGACATTGT
M323_0.6	NOVA2	hsa_circ_0032449_Cytoplasm	1914	1926	+	10.2308	6.98e-05	0.761	TTAGAGTCATTCC
M323_0.6	NOVA2	hsa_circ_0001235_Cytoplasm	139	151	+	10.2012	7.14e-05	0.761	GCAGAGACAGAGC
M323_0.6	NOVA2	hsa_circ_0062019_Cytoplasm	1648	1660	+	10.2012	7.14e-05	0.761	GCAGAGACAGAGC
M323_0.6	NOVA2	hsa_circ_0089763_Cytoplasm	2678	2690	+	10.142	7.55e-05	0.776	GGAGAGTGATAAT
M323_0.6	NOVA2	hsa_circ_0089763_Mitochondrion	2678	2690	+	10.142	7.55e-05	0.776	GGAGAGTGATAAT
M071_0.6	SRSF7	hsa_circ_0036176_Cytoplasm	107	114	+	10.6765	7.63e-05	1	GACGACGC
M071_0.6	SRSF7	hsa_circ_0083756_Cytoplasm	250	257	+	10.6765	7.63e-05	1	GACGACGT
M071_0.6	SRSF7	hsa_circ_0006006_Cytoplasm	535	542	+	10.6765	7.63e-05	1	GACGACGT
M071_0.6	SRSF7	hsa_circ_0002805_Cytoplasm	1339	1346	+	10.6765	7.63e-05	1	GACGACGC
M071_0.6	SRSF7	hsa_circ_0002805_Nucleus	1339	1346	+	10.6765	7.63e-05	1	GACGACGC
M071_0.6	SRSF7	hsa_circ_0089552_Cytoplasm	2776	2783	+	10.6765	7.63e-05	1	GACGACGT
M071_0.6	SRSF7	hsa_circ_0089552_Cytoplasm	2836	2843	+	10.6765	7.63e-05	1	GACGACGT
M323_0.6	NOVA2	hsa_circ_0002314_Cytoplasm	460	472	+	10.0414	7.76e-05	0.776	AAGGAGTCTTCGC
M323_0.6	NOVA2	hsa_circ_0109046_Cytoplasm	264	276	+	10.0059	7.87e-05	0.776	AGACAGTCATTGT
M323_0.6	NOVA2	hsa_circ_0006309_Nucleus	598	610	+	9.98817	8.07e-05	0.776	GCGTAGACATCCC
M323_0.6	NOVA2	hsa_circ_0006309_Cytoplasm	598	610	+	9.98817	8.07e-05	0.776	GCGTAGACATCCC
M323_0.6	NOVA2	hsa_circ_0001222_Cytoplasm	351	363	+	9.97633	8.4e-05	0.776	GGTGATTCATTCC
M323_0.6	NOVA2	hsa_circ_0089763_Cytoplasm	3324	3336	+	9.93491	8.53e-05	0.776	AGGGAGTCATAAG
M323_0.6	NOVA2	hsa_circ_0089763_Mitochondrion	3324	3336	+	9.93491	8.53e-05	0.776	AGGGAGTCATAAG
M323_0.6	NOVA2	hsa_circ_0089761_Cytoplasm	5440	5452	+	9.93491	8.53e-05	0.776	AGGGAGTCATAAG
M323_0.6	NOVA2	hsa_circ_0089761_Mitochondrion	5440	5452	+	9.93491	8.53e-05	0.776	AGGGAGTCATAAG
M323_0.6	NOVA2	hsa_circ_0007534_Cytoplasm	198	210	+	9.92899	8.69e-05	0.776	GAAGAGGCTTCCC
M323_0.6	NOVA2	hsa_circ_0000647_Cytoplasm	254	266	+	9.92899	8.69e-05	0.776	GAAGAGAGATTCC
M323_0.6	NOVA2	hsa_circ_0010467_Nucleus	1716	1728	+	9.92899	8.69e-05	0.776	GAAGAGGCGTACC
M323_0.6	NOVA2	hsa_circ_0010467_Cytoplasm	1716	1728	+	9.92899	8.69e-05	0.776	GAAGAGGCGTACC
M323_0.6	NOVA2	mmu_circ_0000130_Cytoplasm	158	170	+	9.84615	8.72e-05	0.776	GCAGAGCCATGCC
M323_0.6	NOVA2	hsa_circ_0082095_Cytoplasm	1015	1027	+	9.7929	8.83e-05	0.777	AGGGATTCATTCT
M071_0.6	SRSF7	hsa_circ_0087783_Cytoplasm	394	401	+	10.5765	9.16e-05	1	AACGACGA
M323_0.6	NOVA2	hsa_circ_0043800_Cytoplasm	974	986	+	9.72189	9.44e-05	0.822	GAGGAGGCATTCG
M323_0.6	NOVA2	hsa_circ_0001006_Cytoplasm	19	31	+	9.57396	9.9e-05	0.853	GGAGAGACATTAA
M323_0.6	NOVA2	hsa_circ_0080913_Nucleus	912	924	+	9.53846	9.99e-05	0.853	GGAGAGTCATGTT

# FIMO (Find Individual Motif Occurrences): Version 5.4.1 compiled on Feb 24 2022 at 15:21:45
# The format of this file is described at https://meme-suite.org/meme/doc/fimo-output-format.html.
# fimo --oc fimo_Cyto_motif_on_Cyto_seq ./meme_files/Cyto_specific_motifs.meme /lulabdata3/huangkeyun/zhangys/RNA_locator/motif_analysis/circRNA_ligated/Cyto_sequences.fasta
