	mean_abs_shap	pearsonr_r	pearsonr_p	fdr
AAA	0.0004253008820382851	0.05473344082869406	0.06984028760905783	0.9932636731431715
AAC	0.0005014577319216255	-0.13785634329899576	4.545903880422492e-06	0.0009632695708878484
AAG	0.0002429869707905056	0.40554370397141515	1.019388259680957e-44	6.88087075284646e-42
AAT	0.0004517764404267306	-0.18747252082810037	3.8345712093239564e-10	1.0851835935655644e-07
ACA	0.00027962562946533574	0.16882244125092363	1.821141795557047e-08	4.7713801647358194e-06
ACC	0.0014019744764322542	-0.7277359683744407	1.0761706298745406e-181	1.38180308875891e-178
ACG	0.0002901314864672988	0.08535479926405931	0.004650895527592923	0.44680325514500147
ACT	0.0002642971551879698	0.1244522671723934	3.545689080464619e-05	0.006467719729377339
AGA	0.0009617437010666937	0.7409495176928296	9.938078385516217e-192	1.2879749587629017e-188
AGC	0.0003249585292543837	-0.4424769537447784	7.553201480221725e-54	5.664901110166294e-51
AGG	0.0011328810414842256	0.745709009434475	1.7021594930201e-195	2.2196159788982102e-192
AGT	0.00043394925648250514	-0.6504772802501383	4.392632653003173e-133	5.0251717550356305e-130
ATA	0.0006297297938198883	0.3578450364669054	1.6373324086087596e-34	9.529274618102981e-32
ATC	0.0003436844904659304	-0.6016337921030112	4.543188283820288e-109	4.802150015998045e-106
ATG	0.0005485286735079518	-0.6376043040551234	2.4867159103522954e-126	2.8025288309670367e-123
ATT	0.0011712552360652463	0.5422535039912242	6.007088562671139e-85	5.646663248910871e-82
CAA	0.0010204590352736705	-0.3912277222332047	1.7817133336090183e-41	1.1509868135114258e-38
CAC	0.0013482292998855169	-0.5939752966493249	1.1326636585406117e-105	1.1825008595163987e-102
CAG	0.0005331754706479167	0.4028720797210927	4.222573237338894e-44	2.82490149577972e-41
CAT	0.0002960547170876782	-0.12300702819696445	4.372551308153938e-05	0.007796486463041968
CCA	0.0007477347145866592	-0.326275272262592	1.1932965681815443e-28	6.217075120225846e-26
CCC	0.0009435994975685889	-0.28794901914483134	2.08400886724153e-22	9.711481321345531e-20
CCG	0.0017481759904804154	-0.5060386506993331	1.8816963727380085e-72	1.6295490587911153e-69
CCT	0.0009610290959067038	-0.46948971146754903	2.8080149253124194e-61	2.2548359850258726e-58
CGA	0.001612459853894038	-0.6084426652355874	3.623810029423294e-112	3.888348161571194e-109
CGC	0.0009958749891991192	-0.2829077230099512	1.1805171502900645e-21	5.359547862316893e-19
CGG	0.0005664982865064609	-0.27870307453813836	4.8812939264925374e-21	2.196582266921642e-18
CGT	0.0012899660176022168	-0.5333647373415644	9.712710892375764e-82	8.984257575447581e-79
CTA	0.00039994812235380896	0.008473540343696798	0.7791206556561839	0.9999999389471209
CTC	0.0009834254907994907	-0.48445527804298827	1.086774712667408e-65	8.998494620886137e-63
CTG	0.0005536562067331908	-0.6652310427075684	3.0679610765219837e-141	3.6201940702959406e-138
CTT	0.00042377400633193863	-0.255756724083837	7.389698581399888e-18	2.9800822575517454e-15
GAA	0.0003369699255157373	-0.034373341079743686	0.25510510437366934	0.9999897268191533
GAC	0.0006770327337990569	-0.37656053753631774	2.575384769709027e-38	1.5941631724498878e-35
GAG	0.0012174613065648297	0.7016744253079514	1.534921062367964e-163	1.915581485835219e-160
GAT	0.00028231896001423314	-0.34685749808192523	2.145638493946639e-32	1.2101401105859044e-29
GCA	0.0006960389623066938	-0.6310416279732114	5.1966718828213086e-123	5.752715774283188e-120
GCC	0.0007648224466129154	-0.03627885329422516	0.22968711207535844	0.9999800265019345
GCG	0.0008356100726281164	-0.2470456641903485	9.908729038691899e-17	3.834678137973691e-14
GCT	0.0004962665217751114	-0.2371821690927561	1.6623156579727596e-15	6.067452151598737e-13
GGA	0.00026322692426742635	-0.093270186320905	0.0019758762184419144	0.24186690158726298
GGC	0.000945634645551955	-0.014897077974996184	0.621944818001885	0.9999998996610073
GGG	0.00083997442159363	0.527781726617653	9.00139459979266e-80	8.22727466421049e-77
GGT	0.0010974724230947558	0.71003681846292	3.811927902044288e-169	4.8106530123798914e-166
GTA	0.0012239273390601587	0.2959500595259222	1.2352627513356133e-23	5.953966461437657e-21
GTC	0.0017538318492155197	-0.4708625241282905	1.12905492314682e-61	9.100182680563369e-59
GTG	0.0005188571129008697	0.38433309807707516	5.705939774006156e-40	3.594742057623878e-37
GTT	0.00032652930184871984	0.23439974571868688	3.600375004776522e-15	1.299735376723482e-12
TAA	0.001194024910798992	0.2999851272187553	2.870390691162542e-24	1.4007506572873204e-21
TAC	0.00034522264288582363	-0.6705484040142932	2.701439179396389e-144	3.203906866764117e-141
TAG	0.002085333024557489	0.7003831471459907	1.0817591143396994e-162	1.3457083382385862e-159
TAT	0.0005695160609070455	0.4742135795074761	1.2001743730914532e-62	9.757417653233515e-60
TCA	0.0009357529536160714	-0.6216297255610356	2.1869024094537324e-118	2.385910528714022e-115
TCC	0.0012412172140219594	-0.5487424581310132	2.37066070388889e-87	2.2568689901022233e-84
TCG	0.0007094893829818867	-0.5821446584041389	1.3343614342256613e-100	1.3570455786074975e-97
TCT	0.00048634573767491573	-0.18492431923615188	6.657867030973152e-10	1.8708604613202877e-07
TGA	0.00041080215644326436	-0.2748688978532213	1.743679411619506e-20	7.794246969939192e-18
TGC	0.0005111831069666909	0.039725907450114326	0.1883819420416814	0.9999166651697029
TGG	0.00024247559099533074	0.3018511365734283	1.4501514635103386e-24	7.091240656565556e-22
TGT	0.0003789317193723833	0.25238193579916646	2.044242100584762e-17	8.013429034292236e-15
TTA	0.0006653311411532501	0.42801042629134683	3.8923896184029868e-50	2.8103053044869564e-47
TTC	0.0005834325236705474	-0.38459230755532053	5.016203945359386e-40	3.1702408934671317e-37
TTG	0.0004939773617911895	0.5939337739751578	1.181051664536352e-105	1.2294747827823425e-102
TTT	0.0009751869397058891	0.7038087537477823	5.94673039027744e-165	7.439359718237078e-162
AAAA	0.00033933253514143455	0.5595696622524142	1.7561306750452829e-91	1.713983538844196e-88
AAAC	0.0004225831863836608	0.36427975120747913	8.606505018548013e-36	5.095050970980424e-33
AAAG	0.00023623230123459815	-0.08988035194284974	0.002873787020601975	0.3199859728242855
AAAT	0.00029614060970498444	-0.2032154093006163	1.0671855329138113e-11	3.3082751465781252e-09
AACA	0.00026901587601340103	0.3722839123155777	2.0053937441638043e-37	1.2152686089632654e-34
AACC	0.0005015453770988608	-0.5245948821900474	1.1500325304622667e-78	1.0430795051292758e-75
AACG	0.00024261639738514077	-0.46791781920383396	7.929704436995847e-61	6.351693254033673e-58
AACT	0.000670265554744109	0.4459957488900272	8.86601659319924e-55	6.738172610831422e-52
AAGA	0.0005497528433704501	0.26495044359730685	4.280290389548617e-19	1.8276839963372592e-16
AAGC	0.00041173331551811723	-0.23149789774786733	7.976467073994376e-15	2.7997399429681177e-12
AAGG	0.0003479848649110385	0.023688889220879056	0.43293863528177123	0.9999996070099747
AAGT	0.0004027509734158419	-0.22349518686128417	6.768330272789525e-14	2.3215372835399378e-11
AATA	0.0002518193903251002	0.19399434866294485	9.01733086486569e-11	2.6510952392485113e-08
AATC	0.0002195845880167846	-0.09463889779635479	0.0016927163947302376	0.21381991217005886
AATG	0.0003747686215869315	-0.05325982806874564	0.07772120087578117	0.9944508395474573
AATT	0.0005957219953859834	-0.5919937086098307	8.282969175957477e-105	8.589439035467903e-102
ACAA	0.0008869937200803146	-0.30329664033947684	8.515589490556645e-25	4.1811544398633127e-22
ACAC	0.0003297250093961925	0.09367350810554415	0.0018882255237167819	0.23393746646226737
ACAG	0.00044590612034346423	0.07996761920407094	0.008024387580964375	0.5963266242581141
ACAT	0.0006965537208585964	0.13256166657040513	1.047959721203587e-05	0.002083277730946817
ACCA	0.00023326296729446954	-0.17100039722228472	1.1849602007359587e-08	3.1401396203062833e-06
ACCC	0.000220370755913409	-0.23932225155892847	9.11228849318277e-16	3.3533221654906986e-13
ACCG	0.0007109472218073069	-0.7265174361945277	8.461971351692189e-181	1.0848247272869387e-177
ACCT	0.001368434933146451	-0.678400531039685	6.3325288621789575e-149	7.586369576890391e-146
ACGA	0.0009615991275612508	-0.5539497573439617	2.5547538808361672e-89	2.4525637256027204e-86
ACGC	0.00028815540419147164	0.4003684302445301	1.5809389626523492e-43	1.0465815932758551e-40
ACGG	0.00039327870263183726	-0.5802803524070801	8.045024659804952e-100	8.173745054361831e-97
ACGT	0.0007317845759145927	-0.4003945605134532	1.5593965656917844e-43	1.033879923053653e-40
ACTA	0.0008997731188448928	0.7298330507792563	3.013825804178839e-183	3.875779984173987e-180
ACTC	0.00025974210671665486	-0.44759735111455434	3.316035559828586e-55	2.540083238828697e-52
ACTG	0.0004165879364940823	0.4079108901884053	2.8623268242253633e-45	1.9463822404732472e-42
ACTT	0.00041980417675967295	0.3538380730908212	9.90928823842002e-34	5.727568601806771e-31
AGAA	0.0006851263139091038	0.2176254021820865	3.085961052353452e-13	1.033796952485129e-10
AGAC	0.0008993057390417188	0.5914318883472947	1.4523845695423997e-104	1.504670414045926e-101
AGAG	0.0005019312064290137	0.37482404410259584	5.948186615979886e-38	3.6462383955956697e-35
AGAT	0.0005652760794734082	0.21672523460214632	3.879586282831536e-13	1.2919022320997016e-10
AGCA	0.0003489437440915521	-0.33597538005085553	2.2236087600453923e-30	1.1896306866242848e-27
AGCC	0.000813397663952795	-0.5799452875026188	1.1097519977881965e-99	1.1252885257572312e-96
AGCG	0.00016965556487160967	0.17129467670494275	1.1176378729305707e-08	2.972912339495893e-06
AGCT	0.0003508950711441345	-0.43678122390486795	2.2969259875042757e-52	1.6951313787781555e-49
AGGA	0.00026106758152892216	0.5363142704038741	8.57475670279873e-83	7.965948976900021e-80
AGGC	0.00033423717879011453	0.25496266438849574	9.401360121425736e-18	3.769945408691713e-15
AGGG	0.00039601727789724284	0.29587364203291194	1.2695962073198557e-23	6.106757757208506e-21
AGGT	0.0004542917689400974	0.1415067597757018	2.5096404139362247e-06	0.0005444443895270132
AGTA	0.0004887223775756904	0.4225710316212776	8.709249214213608e-49	6.174857692877448e-46
AGTC	0.0006438069889375456	-0.6904987010771649	2.3851178108806793e-156	2.9122288470853094e-153
AGTG	0.000601501389112121	-0.3241071573633835	2.8502144431147193e-28	1.4764110815334247e-25
AGTT	0.000534738672929169	-0.13961682629063094	3.419801727644925e-06	0.0007315710923739386
ATAA	0.0003944153782128248	-0.04164250079170798	0.16792688796189467	0.9998775629309254
ATAC	0.0006710453560829602	-0.3376450816709328	1.1040911719774275e-30	6.017296887276979e-28
ATAG	0.00036881788870060374	0.42790760506151865	4.130101733225388e-50	2.977803349655505e-47
ATAT	0.00023989787213358034	0.47440652185308774	1.0540597231296443e-62	8.580046146275304e-60
ATCA	0.00027894182487077834	0.27243660484161264	3.8699256196585745e-20	1.7066371982694313e-17
ATCC	0.0004945565510687573	-0.40351824782258683	2.997821393743358e-44	2.0085403338080499e-41
ATCG	0.0007788160575069349	-0.652776780581804	2.5212932679420416e-134	2.904529844669232e-131
ATCT	0.00023078947994538992	-0.3805946314874787	3.611737880023328e-39	2.24650096137451e-36
ATGA	0.0006769432681456805	-0.4111653586248561	4.909599554841589e-46	3.3630756950664885e-43
ATGC	0.000567353002347118	-0.35416506707595447	8.56356112891506e-34	4.95830189364182e-31
ATGG	0.0003278135513324161	-0.4306405028611908	8.485225629749181e-51	6.168759032827655e-48
ATGT	0.0005386339373575542	0.5507738245709539	4.0875715957625117e-88	3.8995433023574364e-85
ATTA	0.0005684923506184104	-0.7945088731869985	1.1334565866300128e-239	1.513164543151067e-236
ATTC	0.0004992081623918138	-0.732138096050128	5.6940310393232854e-185	7.328217947609069e-182
ATTG	0.00019624915066714728	0.08414506191859245	0.005270623787503516	0.48070634831336695
ATTT	0.0014261453966129289	0.6351353428102852	4.509641869219268e-125	5.064327819133238e-122
CAAA	0.0004178713508998669	0.15540656339747347	2.2770194660282212e-07	5.3508531911261276e-05
CAAC	0.000525349413306664	0.2263216132297647	3.20999928642232e-14	1.1138697523823596e-11
CAAG	0.0009677764278582075	-0.6338321751111032	2.0596466107099312e-124	2.298565617552283e-121
CAAT	0.00028263854828235424	-0.2544489862406534	1.098096529086232e-17	4.392386116344918e-15
CACA	0.0005201370108396958	-0.7544685315836285	1.187133601363799e-202	1.5575192849893041e-199
CACC	0.0007973631969347988	-0.5178882586314185	2.2437918166764985e-76	1.9992185086587603e-73
CACG	0.0006823993775497983	-0.13212622670883148	1.1209134033700375e-05	0.0022169598839226405
CACT	0.00031930547953958483	0.053676716437942563	0.07542159440927293	0.9944508395474573
CAGA	0.000471154244652022	-0.6101201773104934	6.084942980632962e-113	6.547398647161068e-110
CAGC	0.0006477168713449427	-0.29336550689465424	3.1077784072218845e-23	1.4699791866159515e-20
CAGG	0.0007693698725716604	0.6347568408687789	7.015575358554977e-125	7.850428826223019e-122
CAGT	0.0002404833214138969	0.1285889926757139	1.9213783736752126e-05	0.003663142214508171
CATA	0.0003608927541188999	-0.5319676771551353	3.0408864359587824e-81	2.8067381803899563e-78
CATC	0.0006175547286958846	-0.41947954337307386	4.9678115008281724e-48	3.477468050579721e-45
CATG	0.00022514688198844803	-0.16437765300095356	4.3033117637447045e-08	1.0844287078263452e-05
CATT	0.00030336504867634024	0.09775346239478	0.001181754881864506	0.15756248627591607
CCAA	0.0002139190451722474	0.0038291147442749396	0.8991479218402015	0.9999999476037473
CCAC	0.0006646087009766773	-0.26295697912871063	8.014654304469239e-19	3.390198770790488e-16
CCAG	0.0005478785870749738	-0.17965334365319446	2.0340060080628484e-09	5.593514963490391e-07
CCAT	0.0005239462433233626	-0.6890297176585962	1.9881413546367804e-155	2.4235443113022354e-152
CCCA	0.0005650016668558137	0.678260347121913	7.682556080231122e-149	9.196019628036654e-146
CCCC	0.0005813097998667212	0.0003753655643175792	0.9900873551581372	0.9999999476037473
CCCG	0.00035236138950177316	-0.25576263586661224	7.376441231563737e-18	2.9800822575517454e-15
CCCT	0.0013479180252558194	-0.5097628449397034	1.1429950906918007e-73	9.989777092646338e-71
CCGA	0.0009518384497588063	-0.40368397899110764	2.7453357548624633e-44	1.842120291512713e-41
CCGC	0.0011021853754268076	-0.6062825911777409	3.549633457143118e-111	3.7981077991431364e-108
CCGG	0.000645408932367825	-0.1792338448761549	2.2199303306898742e-09	6.082607262935434e-07
CCGT	0.0007884514314575067	-0.6505730950556071	3.901456826485021e-133	4.467168066325349e-130
CCTA	0.0003192188755756409	-0.012496275897230513	0.679150857411293	0.9999998996610073
CCTC	0.0009015014476365063	-0.49304546545609496	2.528519979504472e-68	2.1290138227427657e-65
CCTG	0.00037050630300591717	-0.30443694889685524	5.583510281288513e-25	2.7470870583939484e-22
CCTT	0.0004914367596008036	-0.6985547901120593	1.6870053387999037e-161	2.0885126094342806e-158
CGAA	0.00042004371363698836	-0.13847242216966246	4.1165301735886595e-06	0.0008764384349860585
CGAC	0.0014087439575318668	-0.5760143340575639	4.700265203849238e-98	4.719066264664635e-95
CGAG	0.0011714164838015507	-0.42608729174588184	1.1756045293595725e-49	8.405572384920943e-47
CGAT	0.00041920265527966427	-0.6481755364416102	7.486239096913124e-132	8.549285048674788e-129
CGCA	5.349819251325403e-05	-0.36119204207342837	3.5675174370577214e-35	2.0905652181158247e-32
CGCC	0.00022655573921701274	-0.19882935560450388	2.983180261419081e-11	8.919708941995491e-09
CGCG	0.0003855378335084215	-0.5800722447829689	9.82455144946326e-100	9.97191972120521e-97
CGCT	0.00029940644231989485	-0.15210533313258967	4.1070868290899895e-07	9.281587373870515e-05
CGGA	0.0023723377967682186	-0.6886563820599175	3.4011256181742545e-155	4.139169877318068e-152
CGGC	0.0010833262085776143	-0.558747012340328	3.6621658473035595e-91	3.566949535273667e-88
CGGG	0.00028140458861683417	0.06180083696077494	0.04061270119981726	0.9605970045142925
CGGT	0.0002480335798142236	-0.34501118783266105	4.7772898232236624e-32	2.6800595908284745e-29
CGTA	0.000235658582047275	0.2954862060674211	1.4587298116534722e-23	6.987315797820132e-21
CGTC	0.000727582777995175	-0.38842700012291625	7.357498264318774e-41	4.723513885692652e-38
CGTG	0.0005759028367100326	-0.6239212348817802	1.692681300950762e-119	1.8517933432401335e-116
CGTT	0.000414357176415461	-0.6305828913963627	8.806715446356824e-123	9.73142056822429e-120
CTAA	0.000704498363990808	0.6325419086785375	9.200164462518852e-124	1.0221382717858445e-120
CTAC	0.00021592921003852887	-0.36762999662747714	1.8075195474315425e-36	1.082704208911494e-33
CTAG	0.0006800331593685489	0.5244097404565875	1.3323723834425869e-78	1.2071293793989837e-75
CTAT	0.0002385034168671684	-0.08967126065905068	0.0029398073616362544	0.32365247510634887
CTCA	0.0009703491243790809	-0.6345459484787663	8.971827649265287e-125	1.0030503311878591e-121
CTCC	0.0007964720114293466	-0.568346461454331	6.065484600276392e-95	6.0048297542736274e-92
CTCG	0.00025386047949178564	-0.5580028737532994	7.107035878366725e-91	6.886717766137357e-88
CTCT	0.00030314403030253396	0.37261250991903455	1.714688051516538e-37	1.0442450233735716e-34
CTGA	0.0003093044737462219	-0.08585079019919528	0.004416445322183665	0.4325241060748633
CTGC	0.0006088719108654989	-0.28723367194153954	2.6712234446736143e-22	1.2341052314392097e-19
CTGG	0.00021386753320557726	0.1492455894246928	6.777688446458438e-07	0.00015248641448921762
CTGT	0.00022650968450155324	0.06548903064919989	0.030013825066771714	0.9249982715534188
CTTA	0.0002050639149762714	0.018208628083255247	0.5466914267213138	0.999999719408531
CTTC	0.00018450376344175844	0.0316247016585392	0.29510557195317433	0.9999897268191533
CTTG	0.00014823268832072652	-0.42016058317049354	3.390458039509335e-48	2.3834920017750624e-45
CTTT	0.0003367093302338763	0.4117425955405392	3.583885864289167e-46	2.472881246359525e-43
GAAA	0.0002559852267646936	-0.5459715973664989	2.557190631699672e-86	2.4139879563244903e-83
GAAC	0.0009734233225654794	-0.555609245462357	5.929194973905257e-90	5.721673149818574e-87
GAAG	0.0002589781813219124	0.17021217268864725	1.3852499725256446e-08	3.6432008165039974e-06
GAAT	0.00021857727633232385	-0.45872933195444443	3.0774707683049984e-58	2.4250469654243387e-55
GACA	0.0006789133187341997	-0.40749517669942115	3.580257831071562e-45	2.427414809466519e-42
GACC	0.0013473012445980822	-0.5827720245941732	7.270596223764267e-101	7.408737552015788e-98
GACG	0.00011222562139354208	-0.18412277548096984	7.90703159701175e-10	2.213968602955701e-07
GACT	0.00043525841264144434	0.5787031375530273	3.645052318201398e-99	3.677857789065211e-96
GAGA	0.0009834427391291292	0.785598653948628	9.477938386908569e-231	1.2624613931362213e-227
GAGC	0.00034016715092223933	0.3351711815398563	3.1105484364485937e-30	1.6579223166271004e-27
GAGG	0.0005952211021993974	0.2565892988713236	5.7359055120342226e-18	2.334513543397926e-15
GAGT	0.0005113964537296756	-0.5319303440965961	3.13482780874294e-81	2.890311239660991e-78
GATA	0.0003522899706866767	0.32858911476779984	4.675231593298178e-29	2.4638470496681397e-26
GATC	0.00048461701775808825	-0.4692509057391209	3.288867288233754e-61	2.6376715651634706e-58
GATG	0.0006106264651640121	-0.3951117525497972	2.4367677621576237e-42	1.5887725809267706e-39
GATT	0.0009944748287037176	0.6328648223893386	6.330089908171167e-124	7.0453900677945095e-121
GCAA	0.00026911478481530447	0.2576314607665034	4.171750218084459e-18	1.7145893396327113e-15
GCAC	0.0004971354262995893	-0.06347777722715175	0.035454379557405775	0.9462789306947866
GCAG	0.0006441170184006866	-0.26078719959627233	1.5767546450651798e-18	6.575066869921798e-16
GCAT	0.00048275462730962537	-0.610456336933026	4.2502231976753793e-113	4.581740607094059e-110
GCCA	0.0005432713011492513	-0.3272294432248493	8.116347851072358e-29	4.2529662739619153e-26
GCCC	0.0004443435705993921	0.40204182196812993	6.550149649570713e-44	4.355849516964524e-41
GCCG	0.00021845184283215147	0.43260082266685634	2.7024839409624075e-51	1.9674083090206325e-48
GCCT	0.00038358763586212853	-0.2181354319156589	2.7094383725127395e-13	9.130807314952312e-11
GCGA	9.741644103947689e-05	0.3075062536797813	1.7760329601022702e-25	8.791363152506238e-23
GCGC	0.00015173470985165114	0.32655189879502006	1.067288968008259e-28	5.571248413003112e-26
GCGG	0.0012557347545884745	-0.31831096047243	2.8231333615450335e-27	1.4369748810264221e-24
GCGT	0.00011776788653768899	-0.2961176893989395	1.1631321333591805e-23	5.617928204124842e-21
GCTA	0.0003372381725559074	0.19905072131738413	2.8339411682256942e-11	8.501823468657049e-09
GCTC	0.000275848154979964	-0.35482120371654335	6.386117180067553e-34	3.7039479644391808e-31
GCTG	0.0003875693798377582	-0.03339620687164371	0.26887049450313655	0.9999897268191533
GCTT	0.00043515435886439826	0.5164838586286629	6.669969083408738e-76	5.91626257698355e-73
GGAA	0.00033041194795179314	0.24014794736775424	7.214558553261201e-16	2.669386664706289e-13
GGAC	0.0011377386689022835	-0.4206484100399777	2.577419547987032e-48	1.8170807813308574e-45
GGAG	0.0005206929079144333	0.2877393511960851	2.241460182424263e-22	1.0400375246448581e-19
GGAT	0.00017487156536714568	-0.16651507445222177	2.8540162289051318e-08	7.334794913214946e-06
GGCA	0.0007636236120985998	-0.4463968615992383	6.933863706060562e-55	5.2905380077242085e-52
GGCC	0.00041649805749528914	0.6983737929660977	2.2116814137464887e-161	2.73363822739066e-158
GGCG	0.0004507232215192227	-0.054937856886376264	0.06880070463522961	0.9932636731431715
GGCT	0.000668124209851608	0.7078033888369363	1.2519272064363811e-167	1.5749244256969675e-164
GGGA	0.00045649458229795584	0.14407013041906624	1.6388819029387792e-06	0.0003621276133076576
GGGC	0.0008431056169928788	0.016213178285243556	0.5914993394407274	0.9999998996610073
GGGG	0.0003015614375734792	0.3964222424316942	1.2378651305367225e-42	8.108016605015533e-40
GGGT	0.0013671533980564854	0.7876650659472647	8.829172684723714e-233	1.1769287188736712e-229
GGTA	0.000271690482065977	0.496059673183052	2.890404565503178e-69	2.453953476112198e-66
GGTC	0.0005238356423212755	0.4637499294542002	1.2116822632795937e-59	9.620757170439974e-57
GGTG	0.0006284985826559352	0.6349284189091915	5.742448141990434e-125	6.431541919029286e-122
GGTT	0.00022641824299088922	-0.043563871850609816	0.14913974799391783	0.9997997900852702
GTAA	0.00015356419321474338	0.20139712461291331	1.6388894450286458e-11	4.998612794885265e-09
GTAC	0.000543776508892201	-0.5109752943632869	4.557611018835224e-74	4.006140085556162e-71
GTAG	0.0007298486493788773	0.6236721733775301	2.2377156762290943e-119	2.4458232341184e-116
GTAT	0.00035005119685101215	0.07263421616134348	0.016073068982377765	0.8084816134903245
GTCA	0.00029207563127245183	-0.19573738472457508	6.071650665903837e-11	1.797208581012302e-08
GTCC	0.0018820093795919378	-0.6624641648163653	1.1267399900400455e-139	1.3227927483070135e-136
GTCG	0.0004979093126723468	0.2330406317141514	5.232748107278203e-15	1.86285832618931e-12
GTCT	0.00032643416480089023	0.447252885275983	4.098950596731845e-55	3.1356972064998618e-52
GTGA	0.00024911846058164053	-0.06250741630220623	0.038366549047795954	0.954526811677168
GTGC	0.0003368613377389049	0.1162056874485313	0.00011371376478039879	0.018923654959601924
GTGG	0.0004056569132899351	0.14684304552829713	1.0250168334317178e-06	0.000229577531407133
GTGT	0.00031621258199274633	0.06824258726263334	0.023737409577876623	0.8792561530777558
GTTA	9.475114327604099e-05	0.10445462101530538	0.0005267684454143125	0.0779388315867928
GTTC	0.0006211991322162835	-0.7818936944051457	3.647067294627608e-227	4.839658299970836e-224
GTTG	0.000405496925556971	0.3168612216873526	4.9706750213613075e-27	2.520132235830183e-24
GTTT	0.00033870197858438026	0.2944108834099837	2.142286284652322e-23	1.0218705577791577e-20
TAAA	0.0005553315176401112	0.3761110756695036	3.200008425554377e-38	1.9712051901414963e-35
TAAC	0.000558104530057343	-0.04516125003618427	0.1347773582097952	0.9996516360773611
TAAG	9.98829562296481e-05	0.21295599501613227	1.0005294643451494e-12	3.231710169314252e-10
TAAT	0.00032073889415343043	0.40857347026823987	2.002264333699161e-45	1.3655442755828278e-42
TACA	0.00031388220643931836	-0.21211874077688728	1.2319284868957459e-12	3.9668097270199664e-10
TACC	0.0007842608706930896	-0.6340579475221659	1.583930544781559e-124	1.7692504185210012e-121
TACG	0.00158365463283291	-0.6550321935339343	1.4918858406129048e-135	1.727603803429744e-132
TACT	0.0002675910336806086	-0.22213995477161816	9.644417889294859e-14	3.2887465001956256e-11
TAGA	0.0019142079384460093	0.7389776920980047	3.415331290877305e-190	4.4194386903952327e-187
TAGC	0.0007992473633466054	0.7072519522060935	2.949701707593018e-167	3.7018756430292376e-164
TAGG	0.0006010020017876298	0.3667227444127088	2.7631956822733107e-36	1.65239101799944e-33
TAGT	0.0001222472376650875	-0.33529583626738324	2.9530370225154772e-30	1.5769217700232649e-27
TATA	0.001008002333075084	0.6581866546300165	2.7451274985207094e-137	3.1898381532810643e-134
TATC	0.0004053673288575433	-0.3371566004166438	1.355661081735051e-30	7.334126452186626e-28
TATG	0.0004162938080064131	0.2421138446519011	4.122938861837187e-16	1.5419791343269895e-13
TATT	0.0002684931108137518	-0.4225663645420032	8.732292000676833e-49	6.182462736479197e-46
TCAA	0.0008387665838198255	-0.6327542492505579	7.195090446278995e-124	8.000940576262243e-121
TCAC	0.001047943182972082	-0.5906461601280484	3.179624135507556e-104	3.290910980250321e-101
TCAG	0.0004832994241069342	-0.16761830195535807	2.3041043143061325e-08	5.990653342176205e-06
TCAT	0.00038214590132912697	-0.17423973570824644	6.1895034856252496e-09	1.6649750567133725e-06
TCCA	0.0010664984449982372	-0.6177327592995308	1.616488846369081e-116	1.753890398310453e-113
TCCC	0.0005762422971210388	-0.21487799609959415	6.185627803789761e-13	2.0288859194378504e-10
TCCG	0.0006709781919149723	-0.5939737218888621	1.1344622242706585e-105	1.1832440999142967e-102
TCCT	0.0008149652494140037	-0.38964880599313495	3.96992042932894e-41	2.556628756487837e-38
TCGA	0.00025511272535241994	-0.09908972096280268	0.0010097366240290988	0.13713413241139663
TCGC	0.0006575730096727406	-0.5367147338352966	6.155958865539078e-83	5.7250417449513424e-80
TCGG	0.0005626753998208125	0.2212915979497618	1.2023751063697217e-13	4.088075361573737e-11
TCGT	0.00022663265857614386	-0.22317675251337887	7.357125165786753e-14	2.516136806667507e-11
TCTA	0.000268543508196949	0.28773050102678444	2.248358796125997e-22	1.0409901226063365e-19
TCTC	0.0002958094179381312	-0.3982040638753952	4.904696551347081e-43	3.2272903307863792e-40
TCTG	0.0004043123588482593	-0.6811533645632494	1.392841373846728e-150	1.679766696859154e-147
TCTT	0.0006807888895528325	0.48333466754617	2.36679505264811e-65	1.9502391233820427e-62
TGAA	0.0009032971898019225	-0.7410214302469699	8.730007575372087e-192	1.1322819825257598e-188
TGAC	0.000730608155133458	-0.5437215012787331	1.735602853302927e-85	1.6332022849580543e-82
TGAG	0.0005033836108465256	0.5157777562165318	1.1512616019846625e-75	1.0188665177564264e-72
TGAT	0.0007592819797131534	0.5268608961796742	1.8845746875793906e-79	1.7187321150724042e-76
TGCA	9.825372420466166e-05	0.07056045386540098	0.019369157001862418	0.8463856383173406
TGCC	0.0005732842110830089	0.07522157031358831	0.012658250812371038	0.7468086144946459
TGCG	0.00017807978169293392	-0.2681599540632497	1.5417395920346837e-19	6.644897641669486e-17
TGCT	0.00029352137106527886	-0.02024989063862866	0.5026624269762265	0.999999719408531
TGGA	0.0002357777617248249	0.503235218696997	1.5149835889616741e-71	1.2998559193291164e-68
TGGC	0.0005187512402379901	-0.16593932249055302	3.1895073125214904e-08	8.165105515613373e-06
TGGG	0.0006498635885895359	-0.17827672328751712	2.7081479017056123e-09	7.366159589596907e-07
TGGT	0.00044115692689285365	-0.08033591399755663	0.007738047104695355	0.5907120067855332
TGTA	0.0005765878743768345	0.4037737630047186	2.6174970774716843e-44	1.758958036060972e-41
TGTC	0.0005135006551170198	-0.3442920475448147	6.515557833789928e-32	3.64871238692236e-29
TGTG	0.00027225213510753243	-0.10380822227212984	0.0005706552393962382	0.08363009841867414
TGTT	0.00031746110273900833	-0.4112917302974265	4.582934814893699e-46	3.1484762178319713e-43
TTAA	0.00039152252822363096	0.277476246408489	7.352086933618498e-21	3.3010870331947056e-18
TTAC	0.00032399803424219484	0.6630550275406932	5.2363944078192595e-140	6.157999823595449e-137
TTAG	0.0006940893850698566	0.5518770255732451	1.565555334078973e-88	1.4998020100476563e-85
TTAT	0.0011364714667023575	0.6293846761546118	3.4783598899653066e-122	3.833152598741768e-119
TTCA	0.000571644054294446	-0.6092775354467755	1.4930909548584272e-112	1.6050727764728092e-109
TTCC	0.0005004210875757205	0.6719139172203781	4.331975934563935e-145	5.146387410261955e-142
TTCG	0.0008075399298602333	-0.2704902880807763	7.281829073296971e-20	3.182159305030776e-17
TTCT	0.0002924382993913557	-0.2159296063609205	4.745399492174741e-13	1.5707272317868526e-10
TTGA	0.00033012506345580725	-0.5680922897512791	7.666242483572346e-95	7.58191381625305e-92
TTGC	0.00012683376987122327	0.1827399344812135	1.061868783015536e-09	2.9519947826367607e-07
TTGG	0.0003946667988726707	0.6245057071713083	8.783220071049493e-120	9.617625977799194e-117
TTGT	0.0001615993061821134	-0.3828906583010186	1.1661872704631357e-39	7.300332313099229e-37
TTTA	0.0011122224449659072	0.7002906184292138	1.2437217544294762e-162	1.5459461407558388e-159
TTTC	0.0007833811373474042	-0.5562831768925536	3.2685663406667048e-90	3.1574350850840367e-87
TTTG	0.0005692825204249508	0.28646296486724443	3.4875186365398995e-22	1.6042585728083538e-19
TTTT	0.0004981927199332052	0.7483558297083353	1.258545341716691e-197	1.6436602162819984e-194
AAAAA	0.00020835941978685515	0.6525972696175913	3.1542814831850636e-134	3.6305779871460084e-131
AAAAC	0.0002554339674761352	0.45804742670894155	4.755494424883896e-58	3.7378186179587425e-55
AAAAG	0.0004833858219191939	-0.13372453526711056	8.746659191031452e-06	0.001756541657850523
AAAAT	0.0003253379872889918	0.11827056938010824	8.55290983551008e-05	0.014856765189802506
AAACA	0.0005318747242562773	0.633821100070281	2.086340549346378e-124	2.3262697125212116e-121
AAACC	0.0001738301928157722	0.10724622137248616	0.00037093440133893616	0.05658358144038886
AAACG	0.0002066319702022141	-0.6310524094718947	5.132588821055958e-123	5.686908413730002e-120
AAACT	0.0003737707247016411	0.23215972619659056	6.6593326112980166e-15	2.3507444117854447e-12
AAAGA	0.00015839944117965041	-0.20517113608248091	6.697171595810654e-12	2.0962147072986964e-09
AAAGC	0.00012889482255096793	0.49556147258953076	4.142774479477225e-69	3.5130727585966867e-66
AAAGG	0.0005157510112494869	0.25324942966734815	1.576023180746744e-17	6.209531332142152e-15
AAAGT	0.00017609014156713402	-0.3469953884226499	2.020694932844311e-32	1.14371333198988e-29
AAATA	0.0003548513041779041	0.6019653965405136	3.2225612309184465e-109	3.412692343542635e-106
AAATC	0.00015850061677762401	-0.08454371383521782	0.005058625540279812	0.4707358747955656
AAATG	0.00023648998570752357	-0.5798810238342106	1.1803229595159706e-99	1.1956671579896782e-96
AAATT	0.00021086904021555417	0.004359990892707064	0.8852563556110545	0.9999999476037473
AACAA	0.0002678781293263398	0.4867142999756806	2.2433622163721664e-66	1.8687207262380147e-63
AACAC	0.00016080674669747478	-0.5549917629240065	1.0220008329930352e-89	9.821428005063068e-87
AACAG	0.0002242484682848582	0.5388056771632028	1.0830771158861845e-83	1.0105109491218101e-80
AACAT	0.0003278723303522358	0.628506449099004	9.4833040547397e-122	1.044111776426841e-118
AACCA	0.0001435183134999399	-0.08458519423222481	0.005037014973452338	0.4707358747955656
AACCC	0.000160305333239452	-0.2828825291266143	1.1906873008849976e-21	5.39381347300904e-19
AACCG	0.0001787987361772499	-0.49093183511278154	1.1422471713712072e-67	9.560608824377004e-65
AACCT	0.0002569689842409808	-0.5207218887645726	2.45224598249667e-77	2.2021168922820097e-74
AACGA	9.876263703500903e-05	-0.4388824322718563	6.566495634529889e-53	4.878906256455707e-50
AACGC	0.00011782118089195502	0.6843897578376738	1.4842987694013068e-152	1.7960015109755811e-149
AACGG	7.962754452746567e-05	-0.23284413278733138	5.522327013750175e-15	1.9604260898793957e-12
AACGT	0.00024878288151794703	-0.6821821434882165	3.309036902274369e-151	3.9973165779474376e-148
AACTA	0.00026357346596498374	0.8039088690399128	1.4095075761605466e-249	1.887330644478972e-246
AACTC	0.0003196464334851625	-0.49896109500738717	3.510396065834269e-70	2.990857448090797e-67
AACTG	0.0004022623451091249	0.4482787397738865	2.178794569845579e-55	1.6733142296414047e-52
AACTT	0.00016725774557484094	-0.3378123743197005	1.0290530052651062e-30	5.6289199388001305e-28
AAGAA	0.0005952796331157405	-0.4142889775595357	8.87473325509278e-47	6.150190145779297e-44
AAGAC	0.00028627672463625554	-0.6591874067579482	7.650390233462724e-138	8.905054231750611e-135
AAGAG	0.0004172377225533616	0.2531618813508908	1.6180172054525768e-17	6.358807617428606e-15
AAGAT	0.0001384399077021039	0.07020649646240745	0.01998711023750069	0.8501046853704997
AAGCA	0.00048232164816435977	0.6354015521476731	3.303683188752018e-125	3.713339904157268e-122
AAGCC	0.0006781624137881643	-0.7188954248096963	2.6376648449637735e-175	3.3577473476388834e-172
AAGCG	0.00019046047417639445	-0.0557533411916277	0.06477908863575685	0.9924710006888683
AAGCT	0.0008356864648644197	-0.4709530426546201	1.0630694584204451e-61	8.578970529452992e-59
AAGGA	0.00031865276085084614	-0.46415553708661295	9.308301891747585e-60	7.409408305831077e-57
AAGGC	0.00033327778889941366	-0.700965014803083	4.493205947152442e-163	5.603027816099095e-160
AAGGG	0.00011867772476727989	0.5555022153877615	6.516536023100822e-90	6.2754241902460915e-87
AAGGT	0.0011822064878638373	-0.6461483083168464	8.91462073210747e-131	1.0135923772406194e-127
AAGTA	0.0004992560979615177	0.7188410290450613	2.8825027953495875e-175	3.666543555684675e-172
AAGTC	0.0002481724594517654	-0.5120794752624187	1.9664518716008552e-74	1.7344105507519543e-71
AAGTG	0.00014872441373386174	-0.3677069181573342	1.7435221112924807e-36	1.0478567888867809e-33
AAGTT	0.0002034701267134365	-0.6214128894994635	2.782945895728484e-118	3.0334110263440476e-115
AATAA	0.00041392652397730215	0.32366772726079546	3.3973611594697815e-28	1.756435719445877e-25
AATAC	0.00018451669249324498	0.6163730744165611	7.151979638342193e-116	7.738441968686253e-113
AATAG	0.00015618524631419854	0.004992661233794316	0.8687473463568364	0.9999999476037473
AATAT	0.00027153395991192275	-0.48017479156139753	2.0920525597805464e-64	1.7175751515798286e-61
AATCA	0.00043378037999412496	0.48016213310264255	2.11029912137671e-64	1.730445279528902e-61
AATCC	0.00011395341963225044	-0.2537839032869392	1.341980720819702e-17	5.327663461654203e-15
AATCG	0.00020107582020179767	-0.798398224750273	1.0467682311707441e-243	1.399529125075285e-240
AATCT	0.00013985657121631584	-0.14270975918682352	2.056650598063251e-06	0.0004482497974553775
AATGA	0.0002483674844517797	0.25623072830688554	6.397877681122326e-18	2.5975383385356607e-15
AATGC	0.000375107657503674	-0.7532599549934004	1.2016890520085374e-201	1.574212658131184e-198
AATGG	0.0003506088612520721	-0.3660619280485588	3.760965681070775e-36	2.241535545918182e-33
AATGT	0.0003403323493092975	-0.5643789284784088	2.293935339319141e-93	2.261820244568673e-90
AATTA	0.00022901146444875034	0.23050546160588084	1.0444570900056457e-14	3.64515524411308e-12
AATTC	0.000985139670086191	-0.7424917385699854	6.109995776166573e-193	7.942994509016545e-190
AATTG	0.00035733785539545884	-0.5753968782278224	8.426869532093348e-98	8.452150140689628e-95
AATTT	0.0004708957609503873	-0.4909534485954086	1.1248289943321297e-67	9.426066972503247e-65
ACAAA	0.00026275540336009976	0.0439136057470095	0.1458994682840344	0.9997997900852702
ACAAC	0.00047207521244474785	-0.5317781959605011	3.5485195241824596e-81	3.2681864817720453e-78
ACAAG	0.00032979232846444973	0.4254140563414726	1.7281398759935118e-49	1.2304355917073803e-46
ACAAT	0.00015377670045433912	-0.5223452901851189	6.833662551799297e-78	6.150296296619367e-75
ACACA	0.00019549362917898943	0.44899013637065976	1.4039057606719327e-55	1.0810074357173882e-52
ACACC	0.00010425023859630706	-0.20090500759612132	1.8393887653676172e-11	5.5733479435840345e-09
ACACG	6.24256616526143e-05	0.10330045418607386	0.0006074889299085607	0.08822896264836172
ACACT	0.00039027123691416963	0.7039545969232263	4.7571174840769155e-165	5.955911090064298e-162
ACAGA	0.00021575846526649919	0.5687898297997284	4.029224534542992e-95	3.996990738266648e-92
ACAGC	0.000479567576428305	-0.6004872570048732	1.4850427158786097e-108	1.5682051079678119e-105
ACAGG	0.00020906250754640585	-0.03273314845737343	0.278496382043761	0.9999897268191533
ACAGT	0.0005286985283749673	-0.5045881342452823	5.550095888618023e-72	4.778632560100118e-69
ACATA	0.0004841158288134911	0.5487078199961382	2.442537580445541e-87	2.3228532390037093e-84
ACATC	0.00011140393845459022	0.3270493249815521	8.729796015890904e-29	4.565683316310943e-26
ACATG	0.00011017756796374574	-0.2021772509828064	1.3640448948749825e-11	4.187617818526685e-09
ACATT	0.0001996356839791447	-0.235346606471711	2.77085885844266e-15	1.0030509067557413e-12
ACCAA	0.0007187115867217177	-0.7529049478357386	2.3657991615861648e-201	3.0968311025162896e-198
ACCAC	0.0004720161107239359	-0.3489556103365007	8.583894300277816e-33	4.892819751158356e-30
ACCAG	0.00048330199768117926	-0.661182804083007	5.900917589498354e-139	6.904073579713075e-136
ACCAT	0.0010640381137177197	-0.6566624197137173	1.9037598362734846e-136	2.2064576502409685e-133
ACCCA	0.00016064544588080307	0.21070394151147775	1.7474885543010957e-12	5.609438257738128e-10
ACCCC	0.00025392462670197107	-0.667923371286681	8.867753581996543e-143	1.0481684733919913e-139
ACCCG	0.00013114014689492534	-0.12189663106280069	5.128631967377518e-05	0.00903683153350751
ACCCT	0.0004999569045625709	-0.6607313183331608	1.0554711463056519e-138	1.2327902988850014e-135
ACCGA	0.00016595675635601597	0.05078552894038843	0.09256842331467184	0.9973291644352645
ACCGC	0.0003270584737513582	-0.5689882547662094	3.354525968969549e-95	3.331044287186762e-92
ACCGG	0.00031816589237096995	-0.7842915430139681	1.7770071737205803e-229	2.3651965482220925e-226
ACCGT	7.591898957022497e-05	-0.55730003612557	1.3273596403635849e-90	1.2835567722315866e-87
ACCTA	0.00023002260450729248	-0.24554658594348033	1.5334827991296027e-16	5.888573948657502e-14
ACCTC	0.0006138054952546967	-0.4558874455841816	1.8752165785039034e-57	1.472045014125564e-54
ACCTG	0.0006441791164707647	-0.722529875476802	6.677258816139922e-178	8.52685950821068e-175
ACCTT	0.00026925714387340924	0.4255888020570615	1.563817858557589e-49	1.115002133151561e-46
ACGAA	0.00013466267400956655	0.36573127619423185	4.3870755069957114e-36	2.6103099266624484e-33
ACGAC	0.00041158947991224777	-0.6610763290276992	6.768823766572001e-139	7.912754983122669e-136
ACGAG	0.0004484012583906456	-0.7506108335759836	1.8324747315233059e-199	2.396876948832484e-196
ACGAT	0.0001962746781823321	-0.5075880513983099	5.892067576169249e-73	5.131990858843416e-70
ACGCA	0.00015236777932269558	0.2146137343419484	6.610230170662848e-13	2.161545265573852e-10
ACGCC	1.134917634918569e-05	0.3078461348433114	1.5631473290481174e-25	7.753210752078662e-23
ACGCG	4.2734908373653025e-05	0.24328448736610864	2.9476355646914574e-16	1.114206243453309e-13
ACGCT	0.00017785220952421232	0.5761812546116023	4.0131695960700894e-98	4.0332354440504396e-95
ACGGA	0.00033295477893578295	-0.33654820124895146	1.7496775385428396e-30	9.448258708131334e-28
ACGGC	0.0003011662256144873	-0.7424208136026199	6.949218574386808e-193	9.027034928128464e-190
ACGGG	0.0002922454786119745	-0.6522239046359434	5.023596774290098e-134	5.772112693659322e-131
ACGGT	0.0001283792204633052	-0.29013347951211627	9.721878169107248e-23	4.5595608613112994e-20
ACGTA	6.176492641651819e-05	-0.40812153522550065	2.5551549297920952e-45	1.740060507188417e-42
ACGTC	8.524252293383327e-05	-0.08231799779406282	0.006348393489479591	0.5326686825805607
ACGTG	0.0004565140737763024	-0.6350466733234188	5.00180122494071e-125	5.607019173158536e-122
ACGTT	8.927146993406519e-05	-0.23628297865593975	2.13624392086779e-15	7.77592787195574e-13
ACTAA	0.0003060572697944198	-0.5281602872299795	6.638910748615165e-80	6.0746033349828756e-77
ACTAC	0.00014084606440626783	-0.16777897402231523	2.2331257770299514e-08	5.8284413576962475e-06
ACTAG	8.40916675275611e-05	0.5193969361340403	6.922077170877183e-77	6.195259067935079e-74
ACTAT	0.0001636816870774577	0.2614510910880943	1.2827303617991122e-18	5.374640215938279e-16
ACTCA	0.00017228874596432274	-0.09016279530133842	0.0027867515905823427	0.3139032626147849
ACTCC	0.0007157921951977497	-0.699691181574812	3.066904303776693e-162	3.809095145290653e-159
ACTCG	0.00012814484698044974	-0.5103173681840356	7.509619645056442e-74	6.593446048359556e-71
ACTCT	0.0003775539833904083	0.3587414500097399	1.0906173912033307e-34	6.369205564627452e-32
ACTGA	9.57911534976977e-05	0.3470881949014618	1.9406922471905438e-32	1.1003725041570383e-29
ACTGC	0.0003518051252094947	0.5646482096677093	1.7954609359242068e-93	1.7721199437571921e-90
ACTGG	0.00022597722116348426	-0.23028833962715034	1.1077264410649394e-14	3.85488801489858e-12
ACTGT	0.0005421139227385584	-0.6598710216167748	3.187256839961151e-138	3.716341475394702e-135
ACTTA	0.0002135718397803559	0.014574749476974737	0.6295036123610283	0.9999998996610073
ACTTC	0.0001223159213436965	-0.14351538029384936	1.7983353739997198e-06	0.000395555885156069
ACTTG	0.00015415617883499889	0.08277687321889204	0.006060533283877228	0.5236653799451576
ACTTT	0.0003289286695949046	0.1524549378113258	3.8606570294852077e-07	8.763309148241812e-05
AGAAA	0.0005890982507975339	0.5188071213918286	1.0970278179063693e-76	9.796458413903878e-74
AGAAC	0.00035020431379062945	0.5517368961264054	1.768873166387644e-88	1.6928116202329753e-85
AGAAG	0.0002825250928043811	-0.4297007944289411	1.4645462567779446e-50	1.0617960361640098e-47
AGAAT	0.00022669735739137023	0.15361449398162008	3.141213933628456e-07	7.193122320356433e-05
AGACA	0.00027462371664447937	0.4196727350919395	4.458007824896198e-48	3.125063485252235e-45
AGACC	0.00018123323096207414	-0.48985475010939	2.453162628788338e-67	2.0508439576670505e-64
AGACG	6.363317914750123e-05	0.20764184297759233	3.692786144754529e-12	1.1669204210637344e-09
AGACT	0.00016564768830465952	0.3911024024019597	1.898994727349634e-41	1.224851599140514e-38
AGAGA	0.00022667893458534673	-0.007330347062514715	0.8082954637327275	0.9999999389471209
AGAGC	0.00030280071827445206	-0.06724661611445934	0.025862248135784253	0.897677163468051
AGAGG	0.0005289012028987858	0.6594437484201205	5.510721622032721e-138	6.41999068966812e-135
AGAGT	0.00017978852484374866	0.05363795174054054	0.07563305899148841	0.9944508395474573
AGATA	0.00025468567933254854	0.36299846047113804	1.5556322464622007e-35	9.162673931662362e-33
AGATC	7.363238647466209e-05	0.3992442359382365	2.8494612579002243e-43	1.877794968956248e-40
AGATG	0.0004110473845368098	-0.41464180561117586	7.3071239018306775e-47	5.078451111772321e-44
AGATT	0.00023986254227387316	0.6625495060888932	1.0087973592989598e-139	1.1853368971762778e-136
AGCAA	0.0005957988336171014	0.6768568033056666	5.2873388398242735e-148	6.3183699135900065e-145
AGCAC	0.00012276266580259242	0.25931965220240444	2.48304648051246e-18	1.023015149971133e-15
AGCAG	0.00021932140607893388	-0.2571704308650423	4.803625533243791e-18	1.9646828430967087e-15
AGCAT	0.000413449447591178	-0.5056933396748984	2.435477937619262e-72	2.1066884160406614e-69
AGCCA	0.000745665968620836	-0.726694983760034	6.270193318859696e-181	8.044658028096991e-178
AGCCC	0.00023034235197901112	0.4499829364831886	7.5892245308559705e-56	5.874059786882521e-53
AGCCG	0.000272196158719711	-0.23281308082505822	5.5695070394413774e-15	1.9716054919603095e-12
AGCCT	0.0004057802641343765	-0.27123333677796424	5.723918767201114e-20	2.51852425756849e-17
AGCGA	0.0002972446071601159	0.758590151522783	3.9956647941900744e-206	5.254299204359948e-203
AGCGC	9.363688609674056e-05	0.6438402291802844	1.4623425055102827e-129	1.659758743754171e-126
AGCGG	0.00034107496740487845	-0.5851353086253813	7.294996715395172e-102	7.440896649703076e-99
AGCGT	0.00010210035768085956	-0.23431154253511302	3.68907109015794e-15	1.328065592455979e-12
AGCTA	0.00028639150076177264	-0.593187925590158	2.50125917208174e-105	2.6013095389650096e-102
AGCTC	0.0012281469591035282	-0.6915043163682363	5.544687807648459e-157	6.792242564369362e-154
AGCTG	0.0002443188347575076	0.19130806991751803	1.6469943903928322e-10	4.710403845971875e-08
AGCTT	0.00038569145433501353	0.4842662506188883	1.2394980538826243e-65	1.0250648905609303e-62
AGGAA	0.0001746433609637161	0.1022891572997116	0.0006875190944572018	0.09686276936619337
AGGAC	0.0003230985784047736	0.7102336014157008	2.7979617092866625e-169	3.5338256388290545e-166
AGGAG	0.0005575001564394114	0.4558143981433045	1.9639376714326174e-57	1.539727134403172e-54
AGGAT	0.0007211021942851719	-0.5580816153558834	6.626028316099332e-91	6.433873494932452e-88
AGGCA	0.000264261944061641	-0.4400694612399787	3.224223637757827e-53	2.398822386491823e-50
AGGCC	0.00015193212397893383	-0.4055583241817229	1.0114544969193327e-44	6.83743239917469e-42
AGGCG	0.00022505004545572728	-0.7375656701741342	4.216097517491256e-189	5.447197992598702e-186
AGGCT	0.0004984765067458935	0.5155454542789979	1.3773356324446382e-75	1.2175646990810603e-72
AGGGA	0.0003360005588757013	0.48361497391437064	1.948617963397626e-65	1.6076098198030414e-62
AGGGC	0.00020624502993124878	0.2930162573432784	3.517872838828387e-23	1.6569181070881703e-20
AGGGG	0.0003068238009294276	0.6896660948301853	7.946309447077074e-156	9.69449752543403e-153
AGGGT	0.0003525300197825738	0.6956505933966112	1.2692879933559443e-159	1.5586856558410996e-156
AGGTA	0.0001606886701318197	0.5352389493100279	2.0832176954985017e-82	1.9311428037271112e-79
AGGTC	0.00014148723745799569	-0.32330056252077816	3.9333943400694053e-28	2.0256980851357437e-25
AGGTG	0.0001450258382373741	0.03647859979351294	0.2271307103015866	0.9999800265019345
AGGTT	0.00045309616927692825	0.6807922687122683	2.303474154503362e-150	2.775686356176551e-147
AGTAA	6.888852032621771e-05	0.5055255761553284	2.7603742292861614e-72	2.3794425856446713e-69
AGTAC	0.00021696605414914938	-0.49468568963870124	7.789002141144006e-69	6.581706809266685e-66
AGTAG	0.0007449290427063163	0.6469146728876504	3.502372561917145e-131	3.989202348023628e-128
AGTAT	0.0003610286285431575	0.45175765981083676	2.514502131955688e-56	1.9587971607934808e-53
AGTCA	0.00010249065171739816	0.2938682918451136	2.5991052612081697e-23	1.2319758938126725e-20
AGTCC	0.0015316181235694507	-0.7600290193888752	2.3586571401857093e-207	3.1039927964843933e-204
AGTCG	0.0004068163693852929	-0.21451296803638456	6.779551739999024e-13	2.2101338669961964e-10
AGTCT	0.00038686596778121526	-0.6959176491463424	8.549711157798616e-160	1.0516144724092298e-156
AGTGA	0.000315385285522322	-0.3513866042353389	2.943699251717377e-33	1.6926270697374918e-30
AGTGC	0.0002485386384081136	-0.33611595038889586	2.096681645026431e-30	1.1259180433791934e-27
AGTGG	0.00018134120743302164	0.5928457200364095	3.526925727217661e-105	3.66447583057915e-102
AGTGT	0.0001583704861364535	0.06953661998563199	0.02120376668093388	0.8577676665482858
AGTTA	0.00016758048362681483	-0.24074285898642953	6.093993021136784e-16	2.2669654038626273e-13
AGTTC	0.0003715619209617533	-0.5074577044966748	6.49817942970776e-73	5.653416103845752e-70
AGTTG	0.00035618035059110627	-0.45553483228039193	2.343787286710817e-57	1.8351854454945697e-54
AGTTT	0.00020549003929067338	-0.421131846908517	1.9633142660647178e-48	1.3860998718416907e-45
ATAAA	0.0005436691059349294	0.39926675751635693	2.8160923387949962e-43	1.8586209436046973e-40
ATAAC	8.05543157012038e-05	-0.26554522423217847	3.5460620004201825e-19	1.5177145361798382e-16
ATAAG	0.00020020611121740313	0.04135427451251379	0.17089188525504428	0.9998775629309254
ATAAT	0.000258556006679695	-0.07101167229095497	0.018605620561209506	0.8433915184263747
ATACA	0.0002170144254214695	-0.116750389783645	0.00010553043555891776	0.017677472089196858
ATACC	0.00014540289145041212	-0.3419269880322776	1.7975901602642695e-31	9.940673586261411e-29
ATACG	0.00011540826682749847	-0.6001122918749092	2.1852955345988545e-108	2.3033014934671928e-105
ATACT	0.00031285455049593106	-0.5894477684723797	1.0461506280757699e-103	1.077535146918043e-100
ATAGA	0.00018494792172830165	0.4171403957596499	1.832741743762322e-47	1.2755882536585762e-44
ATAGC	0.0003722940897570332	0.47912865339019756	4.2827520352561755e-64	3.5075739168748074e-61
ATAGG	8.171483021197467e-05	0.042189993570444353	0.16240130056417762	0.9998581596753995
ATAGT	0.0002108637693543074	-0.1076693036365965	0.0003514755474374898	0.05402855753236635
ATATA	0.0003135845669574245	0.5509251297275197	3.584209180946444e-88	3.422919767803854e-85
ATATC	0.00026634020758388005	0.656998579998362	1.24321362185072e-136	1.4421278013468351e-133
ATATG	0.0004095755421726163	0.6333609663241337	3.5606883831114733e-124	3.966606858786181e-121
ATATT	0.0002762237472858489	0.043487735951928376	0.14985236205620653	0.9997997900852702
ATCAA	0.00030967759147833914	0.6506372421219854	3.603619317289864e-133	4.1333513569314745e-130
ATCAC	0.0001436474494947824	-0.44010405738359853	3.1579378022639238e-53	2.352663662686623e-50
ATCAG	0.00016855142546717505	0.5746794321492464	1.6580266880696406e-97	1.6596847147577103e-94
ATCAT	0.0005065301762028372	0.5552113215884307	8.422313657368585e-90	8.102265738388579e-87
ATCCA	0.0005412392648422236	0.13785306396929337	4.548300114805168e-06	0.0009632695708878484
ATCCC	0.0007588357305995282	-0.6395462708749019	2.4980900363527145e-127	2.82533983111492e-124
ATCCG	0.0002726714849995458	-0.8119642217290454	1.66715099535086e-258	2.2373166357608544e-255
ATCCT	0.0002504422342472839	0.10038304018602534	0.0008655677784484226	0.11952483938208099
ATCGA	0.00014762335609618012	0.06966661087320551	0.02096275590950842	0.8575942162680579
ATCGC	0.00024752669474856047	-0.6911790114990265	8.894774917748978e-157	1.0878309724407e-153
ATCGG	0.0002099455800652581	-0.5224123681960255	6.481271220657231e-78	5.846106641032822e-75
ATCGT	6.807929837487113e-05	-0.07222937839214436	0.01667485251488454	0.8139136180968574
ATCTA	0.000260789001466664	-0.12764239503553967	2.214238692511565e-05	0.004176212730043753
ATCTC	0.00017973063596148198	0.4515024568969906	2.9485835198536092e-56	2.2910493949262544e-53
ATCTG	0.0001625491329747429	0.056857949617482736	0.05964245602452714	0.9894395369048289
ATCTT	0.000419856869938032	-0.6209307229849994	4.753033639639465e-118	5.176053633567377e-115
ATGAA	0.0006090799371729955	-0.5055329473549649	2.7452322045528736e-72	2.36913539252913e-69
ATGAC	0.00019546799911139266	-0.4941067028525269	1.1811755833927386e-68	9.969121923834714e-66
ATGAG	0.00012537433319235514	-0.31469259426829466	1.1518762159194435e-26	5.805456128233995e-24
ATGAT	0.0004262877457491912	-0.5045706175374802	5.622888416744028e-72	4.835684038399864e-69
ATGCA	0.0009476870000456027	-0.537796629955135	2.5089606736379314e-83	2.338351347830552e-80
ATGCC	0.0002754501676173088	-0.5626576957532751	1.092471762266686e-92	1.074992214070419e-89
ATGCG	5.199727516319745e-05	-0.5882566589945322	3.400384397530127e-103	3.4989955450585006e-100
ATGCT	0.0002841858467955663	-0.411385432479116	4.3547511449263196e-46	2.996068787709308e-43
ATGGA	0.00048420594517645265	0.4887689759492409	5.2865588145742896e-67	4.414276610169532e-64
ATGGC	0.0004959073153184666	-0.6384756435221393	8.886214519293646e-127	1.0023649977763233e-123
ATGGG	0.0001526083991664393	-0.43780465336157887	1.2495424264121542e-52	9.259109379714063e-50
ATGGT	0.00014097421611264659	-0.11954359956730791	7.158893549437164e-05	0.012521054716831417
ATGTA	0.0003677708259223376	-0.519282042081126	7.57221609198388e-77	6.769561186233589e-74
ATGTC	0.00047693605276258143	-0.6756800477305084	2.6425111398705404e-147	3.149873278725684e-144
ATGTG	0.0001838197575704829	0.2521836439513574	2.1691749312189555e-17	8.48147398106608e-15
ATGTT	0.0003049356299338254	0.3079616983702873	1.4966811061025625e-25	7.438505097329735e-23
ATTAA	0.0004472957435881324	0.7155546808690542	5.915018383474543e-173	7.51207334701267e-170
ATTAC	0.0005000905205653918	-0.6035046352051368	6.509304032227907e-110	6.912880882226037e-107
ATTAG	0.00018110078482787116	-0.07286421982383733	0.015739736196581647	0.8052155224931241
ATTAT	0.00029265063499210527	-0.7190035761084154	2.2107819547093595e-175	2.816536210299724e-172
ATTCA	0.0003398912759289891	0.35716654877505133	2.2249775246227998e-34	1.2927119418058466e-31
ATTCC	0.00021821861698281936	-0.5266917049151211	2.1580824258479988e-79	1.966013089947527e-76
ATTCG	0.00010847534663250371	-0.7171992468590032	4.159190799255725e-174	5.286331505854027e-171
ATTCT	0.00011294157800626273	-0.21501593272870018	5.974739714758967e-13	1.9656893659630908e-10
ATTGA	0.00010083194292410023	-0.25679593864188316	5.3855840014883765e-18	2.1973182726072554e-15
ATTGC	0.00011046273816167163	-0.2333161624475965	4.85169116826823e-15	1.7320537470702622e-12
ATTGG	7.307919009279896e-05	-0.4477408504144623	3.0355673137977444e-55	2.32828012968287e-52
ATTGT	0.00028959919592638615	-0.2708674774235423	6.444816860560856e-20	2.822829784925655e-17
ATTTA	0.0005918980395926548	0.6819462951141596	4.602856922468271e-151	5.555648305419203e-148
ATTTC	0.00025065317572823604	-0.5581899227568167	6.01695778798196e-91	5.848482969918466e-88
ATTTG	0.0001662119097589648	0.27414165850433897	2.2149109620602546e-20	9.83420467154753e-18
ATTTT	0.0011032675475764835	0.8567818486453507	1.6474965e-317	2.21423527e-314
CAAAA	0.0002523158686932655	-0.06299966309591633	0.03686482889330455	0.9504573317073584
CAAAC	0.00044683446763797095	-0.352671055485572	1.665953897893059e-33	9.595894451864019e-31
CAAAG	0.0002803626083891202	0.05541905507437615	0.06640358029376087	0.9928966897588181
CAAAT	0.00022093112575638494	-0.31046446621222284	5.812639269793088e-26	2.9063196348965443e-23
CAACA	0.0001904719303189192	-0.1350045990739542	7.156035522712661e-06	0.0014516257793897288
CAACC	0.00025970393623652387	-0.2746406193133908	1.879797712647368e-20	8.383897798407261e-18
CAACG	0.0004099017127195077	-0.5103156736064216	7.519274401172864e-74	6.594403649828602e-71
CAACT	0.0001792567565986169	0.11235721487696651	0.00019098189297490274	0.030468216495746374
CAAGA	0.0001583695536972399	0.11775528787218888	9.186947728614793e-05	0.015858925067960678
CAAGC	0.00023754278594462179	-0.24436627748630205	2.158321877948625e-16	8.223206354983924e-14
CAAGG	0.0006986529962659065	-0.5001706875615942	1.4488836634376912e-70	1.2373466485757882e-67
CAAGT	0.0003064662506802225	-0.5452532478725157	4.7202834000939974e-86	4.4465069628885454e-83
CAATA	0.00038567481879029297	0.6275151460813123	2.930547109944769e-121	3.223601820939246e-118
CAATC	7.593924729351836e-05	-0.5288898735195093	3.6882010772389255e-80	3.3783921867508558e-77
CAATG	0.0005150752522425047	0.17058765491582326	1.286051326958944e-08	3.395169761401562e-06
CAATT	0.00020932107401212723	0.6911969756174866	8.665771837025536e-157	1.0606904728519256e-153
CACAA	0.000363470120299218	0.3703668381442718	4.982417849608217e-37	3.004397963313755e-34
CACAC	0.0001897046965088302	-0.34146194006746167	2.1923378156187565e-31	1.2079781364059348e-28
CACAG	0.0006055028161075283	-0.6040572258052046	3.657809793398953e-110	3.895567429969885e-107
CACAT	0.0006856894197503073	-0.7004335836103798	1.0025181958185969e-162	1.2481351537941533e-159
CACCA	0.0022754592141904077	-0.6754899538861849	3.424464801945953e-147	4.07853757911763e-144
CACCC	0.0002081989923134976	-0.4435025183736247	4.055921669101295e-54	3.058164938502376e-51
CACCG	0.0004658878796074384	-0.6745756726849717	1.1881178096600576e-146	1.4126720756858086e-143
CACCT	0.00037422243820856726	0.4411374371903809	1.696090865476104e-53	1.2652837856451735e-50
CACGA	0.0003531845690229245	-0.4352187583186602	5.795035575261516e-52	4.265146183392476e-49
CACGC	5.214351262097794e-05	-0.3169045522070857	4.887557277187649e-27	2.482879096811326e-24
CACGG	7.433787297265795e-05	-0.16362200041092664	4.969405342960248e-08	1.237374305603352e-05
CACGT	0.00011699942507317899	-0.012589958507943417	0.6768808511479254	0.9999998996610073
CACTA	0.0001678322657063202	0.41369901594202796	1.2276357129221795e-46	8.48296277629226e-44
CACTC	0.0005652281200917975	-0.573084687728538	7.418802657541683e-97	7.418802657541683e-94
CACTG	0.00033199762541432796	0.020553156378145993	0.4962846299414787	0.999999719408531
CACTT	0.0002810152047537058	0.40424117470410276	2.0416066946845344e-44	1.376042912217376e-41
CAGAA	0.00021428980284860457	0.08215367755526085	0.006454425063696918	0.5342427493073088
CAGAC	0.00028803349734269924	0.1305612277125376	1.4251573934480316e-05	0.0027610064361981686
CAGAG	0.0005902241348128777	-0.10986832117236658	0.0002647979169211788	0.041488076795770025
CAGAT	0.00037135440583010797	-0.07808762590507863	0.009638819252547082	0.6554145120299155
CAGCA	0.0011688005447243247	-0.3632965360179495	1.3558292306416572e-35	7.999392460785777e-33
CAGCC	0.00027627649987824665	0.1363048701258723	5.825248927240632e-06	0.0012167397430677246
CAGCG	0.00014933706199773015	0.702220470221301	6.700266283361644e-164	8.368632587918694e-161
CAGCT	0.0007182875854097819	-0.6620874776332049	1.834799967601205e-139	2.152220361996213e-136
CAGGA	9.939478878863118e-05	0.33894566134725673	6.38074528967477e-31	3.503029164031449e-28
CAGGC	0.0001503754192698211	-0.2089401954021933	2.6927072950309243e-12	8.616663340398215e-10
CAGGG	0.0010760582231651114	0.7296007204847532	4.486049465055017e-183	5.764573562595697e-180
CAGGT	0.00023737441292859713	0.6044654869359133	2.3876501428761907e-110	2.5476227024488954e-107
CAGTA	0.00020027617196182848	0.42718049245728706	6.277140913319038e-50	4.519541457589708e-47
CAGTC	0.0007591411916805899	-0.45839305093218075	3.814639719844911e-58	3.0021214595179447e-55
CAGTG	9.708688959319175e-05	0.1268892556340838	2.4770646853715128e-05	0.004621456387280482
CAGTT	0.0002884707302232892	0.1527298361574056	3.676955898113342e-07	8.383109586708522e-05
CATAA	3.7140117619056584e-05	-0.12422976462625326	3.6625265501908384e-05	0.00664375242927996
CATAC	0.00020454447476372716	-0.1649378289222677	3.866198659200617e-08	9.85875817366633e-06
CATAG	0.00020972317630228515	-0.6534299616614436	1.1145600556982284e-134	1.2850877442200573e-131
CATAT	0.0002779782185296265	0.2015187061040995	1.592745673349197e-11	4.8738017486103845e-09
CATCA	0.0003398299692316092	0.34949056501692616	6.788197780067076e-33	3.889637327978435e-30
CATCC	0.0002291183901552979	-0.3867205781107566	1.7340710198396824e-40	1.108071381677557e-37
CATCG	0.00021954994054844447	-0.3811345719635588	2.7708702682680442e-39	1.7262521771309915e-36
CATCT	0.00033345267075790894	-0.6804441765905016	3.7385096665045935e-150	4.5011656384715305e-147
CATGA	0.0002266072886264794	-0.5474025774584818	7.508345995796955e-87	7.117912004015513e-84
CATGC	0.0002515016323585927	0.15869561019129086	1.2495619679881032e-07	3.01139918746501e-05
CATGG	0.0004265719763917953	-0.600266132804458	1.8651071572286814e-108	1.9676880508762588e-105
CATGT	0.00018817538382514255	-0.2896005135579955	1.1716891138322513e-22	5.483505052734936e-20
CATTA	0.0003866719363973667	-0.20018341175712934	2.177405700676186e-11	6.553991137629274e-09
CATTC	0.00021496819911167044	0.3849292457488554	4.2419901361975215e-40	2.685179756213031e-37
CATTG	0.000509774145156889	0.6542584862015435	3.945889124047927e-135	4.5575019382753556e-132
CATTT	0.00027356444856775506	-0.3213798818410976	8.436666494814098e-28	4.319573245344818e-25
CCAAA	0.0005702852210728284	0.6975360458574188	7.725278182450847e-161	9.532993277144344e-158
CCAAC	0.0004309926875475457	-0.35004017312087926	5.331224855060993e-33	3.06012306680501e-30
CCAAG	0.0015033902300691541	-0.7960828017492529	2.7058527326437962e-241	3.615019250812112e-238
CCAAT	0.0001247334626613399	0.012307929525964673	0.6837234305855434	0.9999998996610073
CCACA	0.0011035817180061987	-0.6977689715054822	5.458528569056507e-161	6.741282782784786e-158
CCACC	0.00034050108200806104	-0.2435743408787959	2.7118826578373034e-16	1.0305154099781224e-13
CCACG	7.634684204620172e-05	-0.10671933612705395	0.0003965738819522442	0.060002248699584634
CCACT	0.00019802592838865073	0.551051702742728	3.210907340939219e-88	3.069627417937893e-85
CCAGA	0.00031608663332983593	-0.2602780841382125	1.846393675951978e-18	7.662533755200706e-16
CCAGC	0.0007242317058750007	-0.49855455282341277	4.7225911933193195e-70	4.014202514321421e-67
CCAGG	0.0002444452080735819	0.343094889528388	1.0902410113879815e-31	6.050837613203297e-29
CCAGT	0.00043466752340350117	-0.20814370356310882	3.2692004644966776e-12	1.0420863481950178e-09
CCATA	0.00031173415589046946	-0.6167691678768465	4.6409580351376577e-116	5.030798510089221e-113
CCATC	0.000463210287430433	-0.6760453825914009	1.6048074792221998e-147	1.9145353227120843e-144
CCATG	0.0003072221277441295	0.3416941050149872	1.9855643442841665e-31	1.09603151804486e-28
CCATT	0.00016512069164872188	-0.33727649149656197	1.289098918324896e-30	6.999807126504186e-28
CCCAA	0.00037085944226477815	0.7483976842807561	1.1640043419912023e-197	1.5213536749825014e-194
CCCAC	0.0001399498407085641	-0.04109763792174457	0.17356471899615636	0.9998775629309254
CCCAG	0.00023219182099289403	-0.26040793091625286	1.7735878583206593e-18	7.37812549061394e-16
CCCAT	0.00013564164314360493	0.4921251672404626	4.881784707010876e-68	4.105580938596147e-65
CCCCA	0.000514917368610838	0.6968641136281641	2.100054923220719e-160	2.5872676654079257e-157
CCCCC	0.0009225233991673826	-0.6314769238114086	3.1476420482499403e-123	3.490735031509184e-120
CCCCG	0.00013314926659181587	0.09525192811603019	0.0015784083298852611	0.20219471255397026
CCCCT	0.00015545054406820952	0.07058642066991208	0.019324486650094348	0.8463856383173406
CCCGA	0.00011484988334799154	0.45018506798228675	6.694219455700301e-56	5.188020078167733e-53
CCCGC	0.00035643101498737824	-0.7769040360501757	1.9082074907192887e-222	2.524558510221619e-219
CCCGG	0.00020496246687412052	-0.02292073545609993	0.4480093173388415	0.9999996465779206
CCCGT	0.00014339285260189607	-0.28554941943736817	4.778805332875423e-22	2.193471647789819e-19
CCCTA	0.00030880464131111915	-0.6043483016320456	2.698805321530925e-110	2.876926472751966e-107
CCCTC	0.0005460332753968634	0.23161921008641698	7.71723571410681e-15	2.716466971361918e-12
CCCTG	0.0004130460341354881	0.27550947007596704	1.4115548182419292e-20	6.323765585723843e-18
CCCTT	0.000989296461668958	-0.6851834155582629	4.829498936956853e-153	5.853352711591706e-150
CCGAA	2.4059750907541345e-05	-0.1353410907486271	6.786197105050075e-06	0.0013834310825323027
CCGAC	4.652619734805805e-05	0.2475955593157364	8.435819034778363e-17	3.281533604528729e-14
CCGAG	0.00016058176075798506	-0.20121843777363585	1.7090876911399487e-11	5.195626567612576e-09
CCGAT	4.638544208063727e-05	0.12343915290704754	4.1079030065276675e-05	0.007367106141081539
CCGCA	0.0006104793076688545	-0.5859256648364543	3.367013717612523e-102	3.4478220468352236e-99
CCGCC	0.00037441475504348444	-0.5469848471254309	1.0744223844142562e-86	1.0174779980403007e-83
CCGCG	3.968069583563392e-05	0.41971174898818975	4.361549777051621e-48	3.061807943490238e-45
CCGCT	5.63593930195114e-05	-0.3749579097101579	5.577477948941476e-38	3.424571460650066e-35
CCGGA	0.0005306867758193608	-0.272653359534417	3.6057020007312416e-20	1.5937202843232087e-17
CCGGC	0.0001613577784203628	0.5133901928488548	7.221067712757e-75	6.376202790364431e-72
CCGGG	3.3847343700123656e-05	-0.19355564858426988	9.955432533576086e-11	2.9169416899402455e-08
CCGGT	8.38685718095569e-05	-0.2985193158090359	4.8905086801046794e-24	2.3767872185308744e-21
CCGTA	4.565256953878231e-05	0.2852409356664891	5.31374177834631e-22	2.4283799927042635e-19
CCGTC	0.00017888570746291856	-0.445555786545706	1.1605322084799667e-54	8.808439462362948e-52
CCGTG	0.0001419160863550451	-0.684950936740078	6.712705345592944e-153	8.129086173513054e-150
CCGTT	0.00020371557938971232	-0.41460971262122903	7.437524550582171e-47	5.161642038104027e-44
CCTAA	0.00010970121868209656	-0.032207015778442774	0.2862991779059745	0.9999897268191533
CCTAC	0.0011556521909514424	-0.7704108786090575	1.7412001120188698e-216	2.2966429477528895e-213
CCTAG	8.943113186579071e-05	0.5869900481868663	1.184628721948884e-102	1.2177983261634526e-99
CCTAT	0.0001521955616528443	-0.23558973025114327	2.590185807976476e-15	9.4023744829502e-13
CCTCA	0.0009987902225960866	-0.6308492011250184	6.484379670644887e-123	7.171723915733246e-120
CCTCC	0.0007182153920325222	-0.24322987180824274	2.9942634677442426e-16	1.128837327339516e-13
CCTCG	0.00016146420689430385	0.5405093310958377	2.605335458995519e-84	2.4411993250788013e-81
CCTCT	0.00023446624765339856	-0.2984975170941741	4.929301832750839e-24	2.390711388884157e-21
CCTGA	0.00035125678590158186	-0.26975593998779634	9.230893731154215e-20	4.024669666783238e-17
CCTGC	0.0003123064308799205	0.34774420054042204	1.4580660504778142e-32	8.281815166713985e-30
CCTGG	0.00023522872898182809	-0.47272079758907554	3.2676008287985192e-62	2.643489070498002e-59
CCTGT	0.0003651240654989572	-0.5584621271541236	4.7213132357445357e-91	4.593837778379433e-88
CCTTA	0.0005136578026871413	-0.7208440372389183	1.0818915715848733e-176	1.3804936453422983e-173
CCTTC	0.00028431891674092296	-0.3283883231755385	5.072905093209766e-29	2.6683480790283367e-26
CCTTG	0.00013134517631189686	-0.33652650764275865	1.765649354225814e-30	9.516850019277137e-28
CCTTT	0.0003048957457236355	0.5115562726151874	2.9297250210862117e-74	2.5810877435769523e-71
CGAAA	0.00016814048161839957	-0.15454095464134385	2.6610856470243645e-07	6.173528952394443e-05
CGAAC	0.00025612809490011554	-0.2615070462406874	1.260577253217882e-18	5.294424463515104e-16
CGAAG	0.0003110133692124093	0.2398994816286892	7.74048530421548e-16	2.8562390772551056e-13
CGAAT	0.00016637204626011767	-0.5095739474023374	1.3185933456763484e-73	1.1511319907754522e-70
CGACA	0.00021562500959178838	-0.06441695964789637	0.03281729912972432	0.9373087156676404
CGACC	2.668691897184857e-05	-0.048848589185814445	0.1057115189325343	0.9984664323581934
CGACG	7.834983359819018e-05	-0.27463355395907557	1.884173923729482e-20	8.384573960596196e-18
CGACT	0.0003425706491346242	-0.7747858429589888	1.7656771419261211e-220	2.334225181626332e-217
CGAGA	8.07768652239954e-05	0.443380244816371	4.3685166265426894e-54	3.289493019786645e-51
CGAGC	0.00015031816084098526	-0.49110199743319943	1.0120598131635056e-67	8.491181832441811e-65
CGAGG	0.0004324962006082158	0.31610039423656594	6.680516284818827e-27	3.373660723833508e-24
CGAGT	0.00018683218241347192	-0.5455090660087	3.795258264766803e-86	3.578928543675095e-83
CGATA	7.281623102647556e-06	0.29285910244667646	3.719444755368149e-23	1.7481390350230298e-20
CGATC	0.0001537822076311308	-0.5993092901438799	4.9894387003053364e-108	5.248889512721214e-105
CGATG	0.00039026934644598355	-0.6683807340125091	4.839041577287093e-143	5.7294252275079175e-140
CGATT	6.799048006613277e-05	0.5274336495310825	1.1904979902581946e-79	1.0869246651057317e-76
CGCAA	0.00014067090786256534	-0.10890641200225304	0.0002999076671474562	0.046573051664647355
CGCAC	6.39373339498173e-05	-0.19034650988346966	2.039025617307842e-10	5.8112228410682506e-08
CGCAG	4.872499449242932e-05	0.43337637895189857	1.71503056062677e-51	1.2519723092575422e-48
CGCAT	0.00031978222298453357	-0.6881376511570717	7.1617822469708704e-155	8.708727212316578e-152
CGCCA	4.234965754872774e-05	-0.06413504132604207	0.03359067312946979	0.9392968481558188
CGCCC	0.00013533858515611956	0.33608986590269196	2.1196791211596243e-30	1.1361480089415587e-27
CGCCG	3.9170301619902495e-05	0.04732367016931861	0.11706490734019932	0.9990624129717425
CGCCT	0.00036690354101806105	-0.4344132622728972	9.320336849704581e-52	6.831806910833458e-49
CGCGA	0.0			
CGCGC	0.00014260767284016176	-0.6246375073352703	7.573896293206297e-120	8.300990337354102e-117
CGCGG	9.286706820519195e-05	-0.5158576791396113	1.082357066714324e-75	9.589683611088911e-73
CGCGT	5.325202019734898e-05	-0.34927873372567997	7.449725276851283e-33	4.261242858358934e-30
CGCTA	7.239452892453474e-05	0.5598581902635084	1.356433238059447e-91	1.3265917068221393e-88
CGCTC	5.372470816561008e-05	0.08007213250370145	0.007942183282873501	0.5963266242581141
CGCTG	9.724753889582284e-05	0.507612243084463	5.785933918826395e-73	5.045334377216616e-70
CGCTT	9.567277874022152e-05	0.44511257524431336	1.5215139379990506e-54	1.1517860510652813e-51
CGGAA	0.0014818802249231373	-0.7057097667012007	3.206947611832693e-166	4.021512305238197e-163
CGGAC	0.0007485934128482836	-0.6684172611359877	4.610312290734442e-143	5.463220064520313e-140
CGGAG	0.00028656266742148177	-0.28551125209391554	4.841989846775834e-22	2.217631349823332e-19
CGGAT	6.994490514979712e-05	0.3850214567668394	4.05163089677689e-40	2.568733988556548e-37
CGGCA	0.00010627670770562092	-0.444756480015964	1.8908192416567546e-54	1.4294593466925064e-51
CGGCC	0.00040870447608236897	-0.5479891920558261	4.535470238610165e-87	4.308696726679657e-84
CGGCG	0.00017818586498512772	-0.44835937115345265	2.0730243982094654e-55	1.594155762223079e-52
CGGCT	0.0006885956912297028	-0.6523683443017845	4.1962270790623776e-134	4.825661140921734e-131
CGGGA	0.00011348499535642616	0.09161137698886695	0.0023769906685115133	0.28164758896721953
CGGGC	6.85889405254402e-05	0.18866769037121295	2.952369543915321e-10	8.384729154438817e-08
CGGGG	0.00015293711667448227	-0.302427213142658	1.1733573508933966e-24	5.749451019377643e-22
CGGGT	0.00014669891732157166	0.4432100530685024	4.843874687863472e-54	3.6425937652733307e-51
CGGTA	7.775102987972858e-05	0.5312767755558588	5.336630074914975e-81	4.909699668921777e-78
CGGTC	0.00010661440314746807	-0.16383767114650946	4.7697444246534554e-08	1.1924290251100252e-05
CGGTG	8.654338827207771e-05	-0.026792208804257946	0.3751129011999914	0.9999988025836177
CGGTT	6.528849916424553e-05	0.21381361818976155	8.077658765296945e-13	2.617161439614791e-10
CGTAA	5.5396223753433306e-05	0.15482800806749514	2.527272235564321e-07	5.888371681551551e-05
CGTAC	0.00018744340976792136	-0.7567758538015632	1.37689365747648e-204	1.8092382659240947e-201
CGTAG	1.3641846988192068e-05	0.29564852861218854	1.3763173953820033e-23	6.606323497833616e-21
CGTAT	7.548799969037512e-05	0.11495263220983919	0.00013486426656521454	0.022272083246692987
CGTCA	0.00015538070499776174	-0.21551308842750044	5.271532150022883e-13	1.7396056093566982e-10
CGTCC	5.465571858898035e-05	-0.5624799505795897	1.282863218132164e-92	1.2597716802057851e-89
CGTCG	6.985558731632883e-05	-0.19569462635819537	6.131116075727074e-11	1.80867922603833e-08
CGTCT	0.00022528261931565647	-0.631723384287573	2.3689090736708712e-123	2.629489071774667e-120
CGTGA	5.922944763321748e-05	0.503820582706427	9.816539895702593e-72	8.432407770408527e-69
CGTGC	0.0002634742515895259	0.16746732508735832	2.3727896025405058e-08	6.14550625978914e-06
CGTGG	0.0006713429787971642	-0.6612550483539431	5.3761427289795884e-139	6.295463135635098e-136
CGTGT	0.00015759101949148268	-0.4187980017428639	7.274655826202758e-48	5.084984422515728e-45
CGTTA	3.2174882822320564e-05	0.42454956446839465	2.8305687631390197e-49	2.009703821828704e-46
CGTTC	6.586188749430798e-05	-0.2633805175616539	7.017798095630114e-19	2.9825641906427976e-16
CGTTG	0.00022032165170200063	-0.5995988463497575	3.705796905215115e-108	3.902204141191516e-105
CGTTT	0.00018059259349183644	-0.6102924067942476	5.063300740726576e-113	5.453174897762523e-110
CTAAA	0.0011141042629649975	0.78281520312345	4.7513591339829055e-228	6.314556289063282e-225
CTAAC	8.31644281341989e-05	-0.07313926502313732	0.015349111783794974	0.8029215740810979
CTAAG	0.00017788916236903242	-0.6350669279562755	4.884858827742859e-125	5.480811604727488e-122
CTAAT	5.6157803309506064e-05	-0.4351320098847217	6.099702072586306e-52	4.483281023350935e-49
CTACA	0.0004187060436544547	-0.4950767469513912	5.87689364841813e-69	4.971852026561738e-66
CTACC	0.0011434506073352412	-0.7248939952874162	1.2976090533037786e-179	1.6583443701222292e-176
CTACG	0.00022811818550814254	-0.3883259643235293	7.741715510064208e-41	4.962439641951158e-38
CTACT	0.00016116978307622996	-0.2596550329293866	2.2388424794227925e-18	9.24641944001613e-16
CTAGA	0.00017389018251257073	0.4076280607134889	3.333193850158242e-45	2.2632386242574463e-42
CTAGC	6.951612726235891e-05	-0.37443473707777136	7.171079489804131e-38	4.381529568270324e-35
CTAGG	0.00018688126360694437	-0.4775626063129626	1.2459387180384726e-63	1.0179319326374321e-60
CTAGT	0.0002009608952975134	0.07935166486079014	0.008524500248755295	0.6133655550814724
CTATA	0.00011594344059127082	-0.3761799068622119	3.0954096812214723e-38	1.9098677733136485e-35
CTATC	0.00021788390089824553	-0.5324702680055245	2.0181547766132407e-81	1.8647750135906344e-78
CTATG	0.0002930022291556258	0.46230872042609555	3.0835500064061995e-59	2.4360045050608977e-56
CTATT	0.00017457035539347136	-0.021414486088613485	0.47840811534385946	0.9999996964012561
CTCAA	0.0014662606350348746	-0.6788335244542396	3.4837465071207385e-149	4.180495808544886e-146
CTCAC	0.0005739083550201628	-0.5408651393338346	1.9327678632079942e-84	1.8129362556890984e-81
CTCAG	0.00099042008323026	-0.4262288482035942	1.0840075095029898e-49	7.761493768041407e-47
CTCAT	0.000180318125275619	0.12261861899463607	4.624136763115891e-05	0.008197370558781765
CTCCA	0.00017644914234584138	0.5352725562461027	2.0263166232702585e-82	1.8804218263948e-79
CTCCC	0.00011330241897187951	0.1286949833024167	1.8909823588563336e-05	0.0036241373612716983
CTCCG	0.0002541586652489536	-0.24352971124606354	2.74693412852337e-16	1.0410880347103033e-13
CTCCT	0.0005786929932286678	-0.3362373474983149	1.9928636714822655e-30	1.072160655257459e-27
CTCGA	0.0002096274984835792	0.5056877662861337	2.445633684972878e-72	2.1130275038165666e-69
CTCGC	9.531967276382889e-05	-0.1307304570424661	1.3888084883538776e-05	0.002704531505330839
CTCGG	7.947353336822e-05	-0.19197109003893242	1.42059853415566e-10	4.077117710201895e-08
CTCGT	0.000475960581665874	-0.48793053455051016	9.546467178791554e-67	7.961753627112157e-64
CTCTA	0.0008088999618940123	-0.7042567535393955	2.9945167455699277e-165	3.7521294821991193e-162
CTCTC	0.00014558432394282234	0.5100991784613716	8.860085150286713e-74	7.76143459165116e-71
CTCTG	0.0002871875130756031	-0.4172810986491275	1.6948290025025643e-47	1.1829906437467899e-44
CTCTT	0.0004387377023690889	0.6025012630198163	1.8483815319644972e-109	1.959284423882367e-106
CTGAA	0.00025469198801092403	-0.18051565357642463	1.6981786310256836e-09	4.68697192722491e-07
CTGAC	0.00014722369567175654	-0.33018837568309894	2.4348573722646264e-29	1.2880395499279874e-26
CTGAG	0.00039953280426463413	0.40211359023719767	6.306531014627881e-44	4.2001496557421683e-41
CTGAT	0.00040234297235163744	-0.4866636195177435	2.3244964180941794e-66	1.9316565234362632e-63
CTGCA	0.00013358218578389037	-0.14492907527256696	1.4184571523139878e-06	0.0003148481360677999
CTGCC	0.0009804080150551753	-0.43489105615288814	7.032077139483211e-52	5.161544620380677e-49
CTGCG	8.373501432198646e-05	0.12980199427125202	1.5996792893667333e-05	0.0030826445869030603
CTGCT	0.0003131012610617305	-0.5857915824292348	3.839497967037213e-102	3.927806420279069e-99
CTGGA	0.0002056419139211956	-0.2620407302550736	1.0673742898867008e-18	4.493645760423009e-16
CTGGC	0.00020135776252709468	0.016008575722600057	0.5961873418487319	0.9999998996610073
CTGGG	0.000308535871669793	0.16033583699112447	9.220982443941507e-08	2.259115284529488e-05
CTGGT	0.0010035334979206691	-0.6785585078687915	5.092602514854857e-149	6.106030415310974e-146
CTGTA	9.376477067490802e-05	0.4369667673826972	2.0572179330470925e-52	1.5202840525218014e-49
CTGTC	0.0003485177632069776	-0.56940932238965	2.2727778457487197e-95	2.261413956519976e-92
CTGTG	0.0002695717049914078	0.031960735939681295	0.29000182174069167	0.9999897268191533
CTGTT	0.0003289526754969085	0.7346128304067489	7.668984918331519e-187	9.885321559729327e-184
CTTAA	0.00017112917889098566	-0.4039139925499028	2.429565735955538e-44	1.635097740298077e-41
CTTAC	5.4124739761583566e-05	-0.040966169000103	0.17494597463780404	0.9998775629309254
CTTAG	9.461778577904846e-05	0.2970926120276529	8.190553353770323e-24	3.964227823224836e-21
CTTAT	0.00021762793534387686	0.4730456884485075	2.628703671912205e-62	2.1318786779207984e-59
CTTCA	0.0007831807602227104	-0.4550338143324598	3.2163115457329795e-57	2.51515562876319e-54
CTTCC	0.00029464287448434243	0.4411554780607436	1.6777526462447228e-53	1.253281226744808e-50
CTTCG	0.00016641634783335008	0.38277068101829653	1.2374273057849178e-39	7.721546388097887e-37
CTTCT	0.00018251895923701472	0.19234940700368902	1.3053424833651303e-10	3.785493130356153e-08
CTTGA	0.00012107492516360228	-0.40246095216173977	5.248834846328401e-44	3.506221677347372e-41
CTTGC	0.00014773638787785693	-0.4302252081212099	1.0802218518504817e-50	7.842410644434497e-48
CTTGG	0.0005344112139123779	-0.6060968769940268	4.315506268112335e-111	4.613276200612086e-108
CTTGT	0.00014649136548217838	-0.09136773419180612	0.0024418079577402437	0.2846166903210585
CTTTA	0.00024512464859693424	-0.43582564252986905	4.0476087622197005e-52	2.9830876577559194e-49
CTTTC	0.00016159716089775763	0.06464012711615245	0.03221593788045163	0.9361161446684341
CTTTG	0.0001971367800109156	0.3833820674193138	9.144968539239596e-40	5.733895274103227e-37
CTTTT	0.0006233551175655166	0.7476645268354463	4.560926843391226e-197	5.95200953062555e-194
GAAAA	0.00036907702238845436	0.5905662220790624	3.4430558219164093e-104	3.556676664039651e-101
GAAAC	0.0003578616470859519	0.7072855657948587	2.799723177223968e-167	3.519252033770528e-164
GAAAG	0.0004101498665743714	-0.4266769757605734	8.382946699716882e-50	6.027338677096438e-47
GAAAT	0.00020383704860850566	-0.2053720747208633	6.3824341225691806e-12	2.004084312484941e-09
GAACA	0.00019289522465084974	0.15584970153941066	2.1016890234524403e-07	4.9808794590881904e-05
GAACC	0.0002666136736729694	-0.6472423237191925	2.3471183394346913e-131	2.675714906955548e-128
GAACG	0.0003585651781994655	-0.7109788865316538	8.652978360035396e-170	1.093736464708474e-166
GAACT	0.00018749395408168988	-0.6520008231402414	6.631918708182174e-134	7.613442676993136e-131
GAAGA	0.00042650463087113156	0.24246074765365613	3.733372596928029e-16	1.400014723847913e-13
GAAGC	0.0005114554704429048	-0.6178088467578945	1.487090220464815e-116	1.614979979424789e-113
GAAGG	0.0005115513000610908	0.7443234041301712	2.1682585231182848e-194	2.820904338576889e-191
GAAGT	0.000319648213175942	-0.6301764343160877	1.4043408591635132e-122	1.5489879676573551e-119
GAATA	0.00010945999683496921	0.3457032612328196	3.541201118862384e-32	1.9901550288006598e-29
GAATC	0.00021176452544700795	-0.36195526202344375	2.5139293858071026e-35	1.475676549468769e-32
GAATG	0.0005121248156052398	0.05932672480037394	0.04937404754252959	0.9797351066399964
GAATT	0.0005084912728434587	-0.8115200653502339	5.31330028325035e-258	7.12513567983872e-255
GACAA	0.00025684313912705204	-0.2849534544041926	5.865329172986713e-22	2.674590102881941e-19
GACAC	0.0003549986665664456	0.6548451589059485	1.8878274255864295e-135	2.184216331403499e-132
GACAG	0.00025995408555277305	-0.3188572192418866	2.2793274677294737e-27	1.1624570085420315e-24
GACAT	0.0003505025763689867	-0.33050077795115335	2.1425462379677522e-29	1.1355495061229086e-26
GACCA	0.0004238912440666097	-0.5905715573177318	3.424815679457477e-104	3.541259412559031e-101
GACCC	0.0005081982289035774	-0.4467705352665693	5.513104122549424e-55	4.2120115496277604e-52
GACCG	9.340810283529685e-05	-0.5208221580159641	2.2666114104018004e-77	2.0376836579512184e-74
GACCT	0.0009444518009316913	-0.5776390106907534	1.0055399281741149e-98	1.0125787076713337e-95
GACGA	0.00010045283418394679	0.019239714883716532	0.5242150150609605	0.999999719408531
GACGC	0.0002205138825650806	-0.7812602693688898	1.471829553163503e-226	1.951645987494805e-223
GACGG	0.00011608488694492353	0.8086979754761102	7.813746992148139e-255	1.0470420969478505e-251
GACGT	8.788073979380727e-05	-0.40007714050048154	1.8420538202034077e-43	1.2175975751544525e-40
GACTA	0.00029847223419264074	0.5593304451547401	2.1750199638730648e-91	2.1206444647762382e-88
GACTC	0.0005590365006073682	-0.685208065113271	4.663720326086947e-153	5.657092755543466e-150
GACTG	0.00012246934593925432	0.35339568926560744	1.2069253589714382e-33	6.963959321265199e-31
GACTT	0.00025110372682221843	-0.10242603557587865	0.0006761420430507713	0.09686276936619337
GAGAA	0.0003678762901933148	0.37471768746580514	6.260067178894399e-38	3.831161113483372e-35
GAGAC	0.00035566411009923794	0.715259676404699	9.503995930566041e-173	1.2060570835888306e-169
GAGAG	0.0014205437423724166	0.8177203191675656	3.754320110325599e-265	5.04205190816728e-262
GAGAT	0.0001492794776809379	0.32235283918039054	5.735774236957023e-28	2.942452183558953e-25
GAGCA	0.00024959062608112336	-0.26939693334534615	1.0362971174358289e-19	4.4975294896714974e-17
GAGCC	0.00023857048118517538	0.4094325434029034	1.2582790856672088e-45	8.594046155107036e-43
GAGCG	6.54904062596274e-05	0.43360503945846035	1.4995004208367064e-51	1.0976343080524691e-48
GAGCT	0.00032557890949508854	-0.5072591340950666	7.542881893852763e-73	6.554764365758051e-70
GAGGA	0.0002711019696065435	-0.47039080217280604	1.544835422219675e-61	1.2435925148868384e-58
GAGGC	0.00033357072333778555	0.5168034508177933	5.207724478652621e-76	4.624459337043527e-73
GAGGG	0.0003458190960494253	0.4931718985110498	2.3096507168196606e-68	1.947035554278974e-65
GAGGT	0.000605610849613178	0.44622084979457266	7.723909050856461e-55	5.885618696752623e-52
GAGTA	0.00022102517191996998	0.7250190910271975	1.052165763121899e-179	1.3457200110329088e-176
GAGTC	0.00018332624525792442	0.15387532375424867	2.998190931464567e-07	6.895602418527316e-05
GAGTG	0.0007700800666050156	0.7072790348459128	2.8282555763875605e-167	3.552289003942776e-164
GAGTT	0.0001435510668065621	-0.16459001465921208	4.132246841352469e-08	1.0495852112052468e-05
GATAA	0.00011640098463716995	-0.18631997311515183	4.92620104300009e-10	1.3891885979759396e-07
GATAC	0.00020616108531466338	-0.38347563395058304	8.730873522043127e-40	5.491719445365127e-37
GATAG	0.000629646205048866	0.6829893557476401	1.066910122375461e-151	1.2898943379519324e-148
GATAT	0.00016070083590119343	-0.4815452368121911	8.153208461649677e-65	6.7100905639376835e-62
GATCA	0.0003748288960029367	-0.4629803260476976	1.996426336435283e-59	1.5811696584567441e-56
GATCC	0.00042331875264868806	-0.6505749626063816	3.892448341412416e-133	4.460745799258629e-130
GATCG	0.00013045935738647098	-0.4290752531168836	2.1041683265555532e-50	1.5234178684262205e-47
GATCT	0.00044028948928015254	0.6765537907567511	8.007253815154315e-148	9.560661055294252e-145
GATGA	0.0007554913561395144	-0.4727431705216507	3.2190341558270877e-62	2.607417666219941e-59
GATGC	0.00021086683279960666	-0.19205795630685166	1.3932864897923993e-10	4.012665010374245e-08
GATGG	0.0003790994920854735	0.5251852082894042	7.18870631805498e-79	6.527345336793922e-76
GATGT	0.00028708427634347594	0.5239705375123654	1.888388199098039e-78	1.7089913201837252e-75
GATTA	0.0002152777003434437	0.6372633764396197	3.716162831160824e-126	4.184399347887088e-123
GATTC	0.0002307340531954442	-0.08042401954488915	0.0076709172107759915	0.5906795130609452
GATTG	0.00025632928763571095	-0.3646169100664934	7.361803271850023e-36	4.365549340207063e-33
GATTT	0.0003747772507121863	0.6039656779647704	4.02461690298463e-110	4.282192384775646e-107
GCAAA	0.0002257357963630524	-0.16149473408855974	7.42532564313006e-08	1.8266134932391928e-05
GCAAC	0.000316789014138997	-0.5265195209025889	2.477020369157324e-79	2.254088535933165e-76
GCAAG	0.00027651798008449305	0.05403362131590017	0.07349721054412123	0.9944335575699099
GCAAT	0.00021386066229731892	-0.49209982481757153	4.970888309091963e-68	4.1755461796372495e-65
GCACA	0.00021868918664245317	0.26005880289930977	1.9760941968623267e-18	8.181029975010029e-16
GCACC	0.00033949173611631935	-0.39476436534179926	2.91449713021765e-42	1.8973376317716902e-39
GCACG	2.076063270793446e-05	0.5174547771478701	3.142378386560204e-76	2.7967167640385815e-73
GCACT	0.00019321940482045765	-0.38506379877422775	3.967086488445035e-40	2.519099920162597e-37
GCAGA	0.0002117873502878495	-0.4112365304980175	4.722878546043069e-46	3.239894682585545e-43
GCAGC	0.0003615753704351953	-0.5860561756458413	2.9628445507285026e-102	3.036915664496715e-99
GCAGG	8.585112809416612e-05	0.2556539542219284	7.623951727880358e-18	3.064828594607899e-15
GCAGT	0.000694385598771527	-0.12536072761221556	3.1043252452711257e-05	0.005695764388226421
GCATA	0.0001379603682780754	-0.05358271531576769	0.07593521275618884	0.9944508395474573
GCATC	8.733630709315935e-05	-0.4107074251677358	6.299353936313494e-46	4.3087580924384295e-43
GCATG	0.00024266523212290562	-0.6664292407635691	6.366582534215504e-142	7.51893397290851e-139
GCATT	0.0003793243953954292	-0.49959726151773887	2.2050575174385292e-70	1.8809140623750654e-67
GCCAA	0.0003580457030753751	-0.4063230086000621	6.717859850479113e-45	4.547991118774359e-42
GCCAC	0.0006021921257169134	-0.5677948730183765	1.008076215169614e-94	9.959793005875786e-92
GCCAG	0.00023599057910940233	-0.02897182210328808	0.33749802007560636	0.9999956786900687
GCCAT	0.0002825999169384094	-0.2255484993030329	3.940549026466458e-14	1.3634299631481267e-11
GCCCA	0.00021012086056218865	0.1131918024539144	0.00017090364092051303	0.02764138048072723
GCCCC	0.0005572923079797206	0.6372322381224483	3.854949317952925e-126	4.336817982697041e-123
GCCCG	0.00024362529141553428	0.6888354816534591	2.6290936465704697e-155	3.202236061522832e-152
GCCCT	0.00044483697119775557	-0.0018865399144708836	0.9502113306770877	0.9999999476037473
GCCGA	7.638966678757569e-05	0.09057414464115303	0.0026642893177761836	0.3042931500997327
GCCGC	0.00029643290921491387	-0.6072230564057842	1.3171819606939136e-111	1.4107018799031814e-108
GCCGG	0.00016879593599544032	0.6304044151099385	1.0810333018806582e-122	1.1934607652762466e-119
GCCGT	0.0001336376783128414	-0.7094136006426712	1.0133117681932405e-168	1.2777861396916763e-165
GCCTA	0.001034006872199896	-0.71306138507521	3.194193011823966e-171	4.0470425459809652e-168
GCCTC	0.0005961773772222528	-0.11419384699005691	0.00014941644271102488	0.024354089550095766
GCCTG	0.0005278062774964403	0.7261813072560884	1.4916398993517839e-180	1.9107907110696352e-177
GCCTT	0.00013828934632390848	-0.454673878848867	4.036033921102352e-57	3.152142492380937e-54
GCGAA	0.00012865028501615777	-0.15916682246627226	1.1454585774984694e-07	2.7834257647246784e-05
GCGAC	8.726404940218353e-05	-0.6959168184738066	8.560231750520809e-160	1.0520524821390074e-156
GCGAG	0.0001570108903212882	-0.3941353742804662	4.0281284785882184e-42	2.618283511082342e-39
GCGAT	0.0001380320131550849	0.08087255041246334	0.007337185398600438	0.5775209788673564
GCGCA	2.5174444285358283e-05	-0.26803640242572024	1.6039615400376278e-19	6.8970346221618e-17
GCGCC	0.00022130670798572235	0.46754910576261205	1.010818383907674e-60	8.086547071261393e-58
GCGCG	2.928729016583889e-05	-0.16152917295294117	7.377513114207727e-08	1.822229203629474e-05
GCGCT	0.0004873550856300868	-0.7835195027774908	9.94021860014906e-229	1.322049073819825e-225
GCGGA	0.0001499262280637001	-0.10460189535845432	0.0005172188217768379	0.07705871245547194
GCGGC	0.0003183929829309975	-0.4377169479653383	1.3165719220291864e-52	9.742632223015978e-50
GCGGG	9.641213854207177e-05	0.08236358531274568	0.006319255767967204	0.5326686825805607
GCGGT	6.46994111986264e-05	0.36936830786057834	7.984560827868355e-37	4.80670561837675e-34
GCGTA	9.365371512212865e-06	-0.4625308236509419	2.6709224244243447e-59	2.1126996377196566e-56
GCGTC	0.0002571783490507735	-0.36263841491643917	1.836270461210367e-35	1.0797270311916957e-32
GCGTG	0.0003152420341477507	-0.42659150065078183	8.804463223839943e-50	6.321604594717079e-47
GCGTT	0.0001871279751578039	-0.6644691105747138	8.307721370910575e-141	9.786495774932658e-138
GCTAA	0.0002270692389881822	0.22360493059161507	6.576332338762848e-14	2.262258324508905e-11
GCTAC	0.0007014770664523165	-0.6681822551595493	6.2946715305768775e-143	7.4465964206724465e-140
GCTAG	0.00015109370581584074	-0.07788930107105016	0.009824956782645828	0.6591169684693636
GCTAT	0.00012278722636115258	-0.15729721593095392	1.6151717029067393e-07	3.844035078440979e-05
GCTCA	0.0009664304520164771	-0.6130467147517357	2.637500132325555e-114	2.851137643043925e-111
GCTCC	0.00026096990310306136	-0.26461275497559894	4.761919762903421e-19	2.0285778189968571e-16
GCTCG	0.0001643886536925927	-0.19861403922452306	3.135698609553875e-11	9.344381812958315e-09
GCTCT	8.431086733558357e-05	-0.20084634539765084	1.864833011566088e-11	5.631795679123536e-09
GCTGA	0.0013332671273089734	-0.5941872969363861	9.147460977939073e-106	9.559096721946332e-103
GCTGC	0.0006095877027341357	-0.5963876482729183	9.86351927445024e-107	1.0356695238172753e-103
GCTGG	0.0004209085767989523	0.6871534541511188	2.9291485198138246e-154	3.558915451573797e-151
GCTGT	0.0002657479911828818	0.5625218756962352	1.2351717335376484e-92	1.2141738140675083e-89
GCTTA	0.00022757869458088931	0.6085419980590717	3.261435809739589e-112	3.5027820596603187e-109
GCTTC	9.189569408508596e-05	-0.12546787654443647	3.055848428460343e-05	0.005637455545539319
GCTTG	0.0002244558183884436	-0.6939521730329604	1.5507615265761755e-158	1.9027843931089673e-155
GCTTT	0.00023664823477728404	0.426292057208807	1.045432827017678e-49	7.495753369716751e-47
GGAAA	0.00020454637283923318	-0.1241326101906291	3.714679733968969e-05	0.006701141738395539
GGAAC	0.00038366211647779963	-0.4137773317690697	1.1759253358485905e-46	8.137403324072247e-44
GGAAG	0.0008083420593055671	0.12845585718792907	1.960217762722415e-05	0.0037175230907417122
GGAAT	0.00047426170595880256	-0.5401821336487836	3.4275407264693034e-84	3.2081781199752677e-81
GGACA	0.000725419831666867	-0.23396773171326482	4.0557789209164426e-15	1.4560246326079458e-12
GGACC	0.0002726948645867275	-0.5895674979400924	9.290029528221882e-104	9.57802044359676e-101
GGACG	0.00023898778725828522	0.255866310341157	7.147722316339794e-18	2.894827538117612e-15
GGACT	0.00029213210877698207	-0.6392779824401178	3.4349187103259816e-127	3.8780232239580335e-124
GGAGA	0.0006504437375784865	0.6969626597462932	1.8138820792681314e-160	2.236516603737606e-157
GGAGC	0.0003494781840962065	0.3108981088102282	4.929467524154113e-26	2.4696632296012105e-23
GGAGG	0.00045316471364595823	0.6477005012879923	1.339984518861324e-131	1.5289223360207705e-128
GGAGT	0.00013853721750968598	-0.26274966442061737	8.552282640433833e-19	3.6090632742630767e-16
GGATA	0.00043506249679933046	-0.5374120953119216	3.453044337671225e-83	3.2147842783719106e-80
GGATC	0.0003689847955490707	-0.520065182764664	4.103802689131402e-77	3.677007209461736e-74
GGATG	0.00032559607412073347	0.12743534201228288	2.2837243483572576e-05	0.004284247117066442
GGATT	0.00024111275202374737	0.6712923380085751	9.978285147285689e-145	1.1844224469828113e-141
GGCAA	0.00046780327081638427	-0.19746167190002503	4.09086888474254e-11	1.2149880514124062e-08
GGCAC	0.00032416316475042715	-0.5231182812717969	3.709977629602422e-78	3.350109799530987e-75
GGCAG	0.0010026177236563613	-0.3656388706135558	4.579842367852243e-36	2.7204263665042323e-33
GGCAT	0.0001433153779259843	-0.3054238242927392	3.8690670129043246e-25	1.907450037361832e-22
GGCCA	0.00040053366667596835	-0.038708348185565164	0.1999610974831044	0.999945438206419
GGCCC	0.00021948934900701463	0.13547527474839713	6.643868552215727e-06	0.0013610704799242724
GGCCG	0.00020094439829317673	-0.3834686308982826	8.761211351542344e-40	5.502040728768592e-37
GGCCT	0.00019752734097963357	-0.034145120089313474	0.2582755223462845	0.9999897268191533
GGCGA	0.0006431606205004998	-0.5477467998964811	5.586433298589696e-87	5.301525200361621e-84
GGCGC	0.0002081154929273095	-0.0710433190853668	0.01855306970621707	0.8433915184263747
GGCGG	0.00021527502009736872	-0.3373867174188086	1.2307660515225004e-30	6.695367320282402e-28
GGCGT	0.00023681886516033622	-0.0296689159729513	0.32599734402578573	0.9999951189883358
GGCTA	0.0002037821604599077	-0.24481195242722062	1.8974042460876313e-16	7.267058262515365e-14
GGCTC	0.0002173507675150783	0.4634232701846214	1.4979761756884203e-59	1.1878951073209172e-56
GGCTG	0.0006824849815993343	0.6986282001448633	1.5114429897847223e-161	1.872677864343271e-158
GGCTT	0.0003692245266163304	0.5530025536300567	5.859053336915396e-89	5.6188321501018644e-86
GGGAA	0.00013260371941603506	-0.38279385776892766	1.2233366196226957e-39	7.645853872641849e-37
GGGAC	0.0005270093656549966	-0.242496428786954	3.6954201640335453e-16	1.3894779816765168e-13
GGGAG	0.00029889816189739964	0.1583435934157751	1.3332378569768542e-07	3.1997198779187594e-05
GGGAT	0.000252446039303189	-0.37088523411696117	3.897859410543793e-37	2.3582049433789947e-34
GGGCA	0.00036751615982569534	-0.36764533692485096	1.7945732535420594e-36	1.0767439521252357e-33
GGGCC	0.00013355309765893355	0.7006244735588544	7.5160078924561e-163	9.364945834000301e-160
GGGCG	6.006303894513853e-05	-0.09143517647478915	0.0024237062076763387	0.28457423862760384
GGGCT	0.00039295001148383513	-0.4421072969667262	9.445803233664697e-54	7.074906622014858e-51
GGGGA	0.0003538315447861784	0.3755930206885296	4.1083628440201106e-38	2.526643149072368e-35
GGGGC	0.0003289653349189772	0.5305507965393059	9.623366292881684e-81	8.834250256865385e-78
GGGGG	0.00022174257133458466	0.37245083751689795	1.852075061773984e-37	1.1260616375585824e-34
GGGGT	0.00045219918357053353	0.7888869846869283	5.424223968569075e-234	7.235914774071146e-231
GGGTA	0.00022063149630248153	-0.5100040247230762	9.52231745942227e-74	8.332027776994487e-71
GGGTC	6.737980499273479e-05	0.1617834531405079	7.033589411307514e-08	1.744315021997385e-05
GGGTG	0.00026802761257084756	0.6545470115942787	2.7464309810509135e-135	3.174874214094856e-132
GGGTT	0.00012642894472259244	0.29983520005327996	3.031599677528645e-24	1.4763890429564501e-21
GGTAA	6.999852052092443e-05	0.23899437763690815	9.995244296942402e-16	3.6582594126802523e-13
GGTAC	0.00013048899899265493	0.1404430018290245	2.9885979819110863e-06	0.0006423431355334049
GGTAG	0.00011524410804435243	0.48532460536252375	5.929927387530622e-66	4.921839731650416e-63
GGTAT	9.041814941611185e-05	-0.2142056356340296	7.322663744324211e-13	2.379865716623052e-10
GGTCA	0.0001797568907165817	-0.07251159377394967	0.01625329957186041	0.8089213520859204
GGTCC	0.00023563903969610756	-0.5943023880370605	8.145016683526538e-106	8.519687450968759e-103
GGTCG	0.0003166515555408598	-0.5617579921631357	2.4611341075576907e-92	2.409450291298979e-89
GGTCT	0.00021904591795910948	0.6619862283789921	2.0914921880961217e-139	2.4512288444486546e-136
GGTGA	8.323547816908717e-05	0.24167765084285864	4.66994350978072e-16	1.741888929148057e-13
GGTGC	0.0003022638237533456	0.4850979521026237	6.945699506769275e-66	5.757984891111729e-63
GGTGG	0.00020844021117269625	-0.34688290148723133	2.1220582294293252e-32	1.1989628996275687e-29
GGTGT	0.000321667652051906	-0.05074608841548141	0.09282232714134701	0.9973291644352645
GGTTA	0.00023310432729407957	0.07499139732333877	0.012933638953413693	0.7483984794937137
GGTTC	0.00027413123005148746	-0.28440789031846103	7.07217000137133e-22	3.217837350623955e-19
GGTTG	0.00021704183978635969	0.203556190373759	9.842991953932792e-12	3.061170493002781e-09
GGTTT	0.0002741122635954334	0.3916757955425551	1.4182426376101158e-41	9.17602986533745e-39
GTAAA	0.00015822091786196212	0.0059163218890656575	0.844749374498893	0.9999999476037473
GTAAC	0.00010503863300405517	0.3274526492755719	7.415115162204566e-29	3.8929354601573974e-26
GTAAG	2.9980487250102473e-05	0.4521147277520621	2.0118051070520238e-56	1.5692079835005786e-53
GTAAT	0.00012686413748138652	0.17289107815060364	8.123273322357419e-09	2.177034889490228e-06
GTACA	0.00014194934862486868	0.5580517713193578	6.804395836996706e-91	6.600263961886805e-88
GTACC	0.00019225195444594304	-0.5621108064611505	1.7903789162447548e-92	1.7563617168361043e-89
GTACG	5.422098233959407e-05	-0.13764269279898467	4.704570914405924e-06	0.0009874743420063507
GTACT	0.0002669798852488462	-0.6607185787250834	1.0729156060586113e-138	1.2520925122703993e-135
GTAGA	0.000129840586934607	0.47753492011314297	1.269621055839523e-63	1.0360107815650507e-60
GTAGC	0.0002022169246335439	0.3248459353057352	2.1201990677663337e-28	1.1003833161707271e-25
GTAGG	0.00014422194520074164	-0.6803171990668598	4.4601012901182546e-150	5.36550185201226e-147
GTAGT	0.0003190583857888001	-0.42525797204156873	1.889365799467256e-49	1.3433390834212191e-46
GTATA	0.0003339443748552122	0.5629027018953594	8.753238939985738e-93	8.621940355885952e-90
GTATC	0.00024403022089823865	0.15571087129269198	2.1551667366966013e-07	5.086064702027323e-05
GTATG	0.0005353316522516892	-0.5788559494241755	3.1498166665964835e-99	3.1813148332624485e-96
GTATT	0.00022144483692402802	-0.47037919818286267	1.5567867980400464e-61	1.2516565856241973e-58
GTCAA	0.0008107189439266778	-0.5555440826696393	6.280182135700291e-90	6.05409557881508e-87
GTCAC	0.0002466009481213235	-0.25383044826716983	1.323300683947931e-17	5.2667367221127516e-15
GTCAG	0.00026442397740495776	0.5618029267149673	2.363439848950556e-92	2.3161710519715446e-89
GTCAT	9.640749694620954e-05	0.23372289740305693	4.338535688961057e-15	1.5531957766468557e-12
GTCCA	0.0004180048436817877	-0.5579756826866721	7.281091867341294e-91	7.048096927586372e-88
GTCCC	0.00016982462741690208	0.44537941701672135	1.292655233168755e-54	9.798326667419162e-52
GTCCG	0.0003987669557432243	-0.49546480453556757	4.442171183902811e-69	3.762518992765681e-66
GTCCT	0.00015845349887265344	-0.6964299583332682	4.0014149462814436e-160	4.925741798872457e-157
GTCGA	0.0001528093806406392	-0.4744464020310586	1.0261419624039486e-62	8.363056993592181e-60
GTCGC	4.2474546336996836e-05	-0.2940518543733802	2.434694598099324e-23	1.156479934097179e-20
GTCGG	6.754377636110759e-05	0.07075114526379889	0.019043201721115854	0.8451046121943
GTCGT	3.477109616364057e-05	0.2534185409722715	1.4979243917180623e-17	5.916801347286329e-15
GTCTA	0.0003634074394690999	-0.586214465183429	2.5369875410847435e-102	2.602949217152947e-99
GTCTC	0.00013010071723516795	-0.1330083136569834	9.778445056135803e-06	0.0019537874407031873
GTCTG	0.00017373989335382582	-0.22001411509195054	1.6730381391963038e-13	5.671599291715109e-11
GTCTT	0.00017096276267653196	0.3458483233141996	3.3254768770088506e-32	1.872243481755983e-29
GTGAA	0.0007200251431794523	-0.4461925548871067	7.859010995601962e-55	5.980707367653093e-52
GTGAC	0.0005242630648180073	-0.2950257003074606	1.7200376067729322e-23	8.221779760374615e-21
GTGAG	0.0004403387977946513	0.135540414806583	6.575807279538971e-06	0.0013537036689069005
GTGAT	0.00016031508279926347	0.5958678511551174	1.671894636070381e-106	1.7538174732378295e-103
GTGCA	0.0002535741234472096	-0.3584748464256034	1.2308752459533482e-34	7.17600268390802e-32
GTGCC	0.0011118714222421904	-0.5232816694567426	3.259946732156572e-78	2.946991845869541e-75
GTGCG	5.8951017605849875e-05	0.08943441726781239	0.003016257917859952	0.32680947740329125
GTGCT	0.0001734917747491237	0.13151432838343985	1.2316553114830163e-05	0.002423434635284613
GTGGA	0.0002055406654492099	-0.3861900127975853	2.261450452364769e-40	1.4405439381563578e-37
GTGGC	0.0002496157960842362	-0.4022836494600604	5.764608578897036e-44	3.844993922124323e-41
GTGGG	0.0001233864410856013	-0.08704742215711178	0.003894217127558396	0.3954885658642987
GTGGT	0.00023271506444106477	0.3110085207633031	4.726691635959119e-26	2.372799201251478e-23
GTGTA	0.00029970811789213826	-0.5705990858785185	7.5422390560166e-96	7.51961233884855e-93
GTGTC	0.00019943903338936943	0.27096596641761234	6.242376867314135e-20	2.7404034447509053e-17
GTGTG	0.0002301738712159498	0.46597724736813695	2.835485761481886e-60	2.259882151901063e-57
GTGTT	0.0001878373455328674	-0.34926052929627777	7.50947368890424e-33	4.287909476364321e-30
GTTAA	6.504935866411456e-05	-0.14572301338986426	1.2402540582968042e-06	0.00027653858266837487
GTTAC	1.7812765348613957e-05	-0.20730147436863416	4.010178978522022e-12	1.2632063774391245e-09
GTTAG	5.64206668341567e-05	-0.2631352691598872	7.579058431432986e-19	3.2135207749275856e-16
GTTAT	0.00011396154597698585	0.5069118003330534	9.787816466469588e-73	8.495824692895603e-70
GTTCA	0.0005015571588014345	-0.7120037438879985	1.71253783293439e-170	2.166360358662003e-167
GTTCC	6.86388241317004e-05	-0.16386532355267508	4.7447133773290094e-08	1.190915994501693e-05
GTTCG	0.00019051632020738608	-0.38665963406777887	1.7878210999546867e-40	1.14062986177109e-37
GTTCT	0.00017051989564282664	-0.5939506714283627	1.1611166793832034e-105	1.2098835799172978e-102
GTTGA	0.00033827739335956205	-0.6937670886196012	2.0348853270268964e-158	2.494769410934975e-155
GTTGC	0.00024056082339372152	0.3762785792172211	2.951357291662227e-38	1.8239388062472562e-35
GTTGG	0.00023633326805449999	-0.2611916573053474	1.390563015719961e-18	5.812553405709436e-16
GTTGT	4.5304545179970665e-05	-0.3294083288513601	3.3487269462031965e-29	1.7681278275952878e-26
GTTTA	0.0004297801990181855	0.518087324549473	1.9219320191570403e-76	1.71436336108808e-73
GTTTC	0.00013495921808942248	0.3667052389918406	2.7858802653786264e-36	1.66317051843104e-33
GTTTG	0.0002102630632586161	-0.3254552680751213	1.660055318872312e-28	8.632287658136022e-26
GTTTT	0.00013040847330204113	0.16666048544647127	2.7748513647114847e-08	7.1590909938688166e-06
TAAAA	0.000489007222687396	0.6257589417097204	2.141273830375052e-120	2.348977391921432e-117
TAAAC	0.00016403516237346064	0.5857077055280898	4.168083864268534e-102	4.2556136254181735e-99
TAAAG	0.00028446052121760266	-0.15898356466669306	1.184908611711787e-07	2.8674378984411443e-05
TAAAT	0.0006556213790768595	0.6773852203421102	2.560884354133136e-148	3.0628176875432308e-145
TAACA	0.00032524245836625	0.38955845883507734	4.1556041458259455e-41	2.672053465766083e-38
TAACC	0.000422559601438297	-0.6105023405291307	4.046408579707362e-113	4.366074857504244e-110
TAACG	4.609882458122273e-05	-0.5173554317495317	3.394316027650016e-76	3.0175469485808645e-73
TAACT	0.0004451558447660264	0.7342309392759752	1.4954989931673555e-186	1.926202703199554e-183
TAAGA	0.00017611063372545874	0.5947346082726381	5.265048844281945e-106	5.512506139963197e-103
TAAGC	0.0002001087583682225	0.2080655092300424	3.3319205939235007e-12	1.0562188277177101e-09
TAAGG	0.0001981077217535188	0.5463802977640979	1.8030969822694323e-86	1.7039266482446135e-83
TAAGT	0.0007171305077996374	0.7365222340471821	2.6726655332507964e-188	3.4477385378935274e-185
TAATA	0.00020297929936849554	-0.217652957798967	3.06436774973267e-13	1.0296275638573283e-10
TAATC	0.00041655729113465264	0.3882861620565162	7.898488368732514e-41	5.055032555988808e-38
TAATG	0.0003285904160108172	-0.6110231859861153	2.3184289084096455e-113	2.5039032210824172e-110
TAATT	0.00013655164111425175	0.22406885017998496	5.822093768246556e-14	2.0086223500249472e-11
TACAA	0.00032819552421411557	-0.5796723949356672	1.4417278416853106e-99	1.4590285757855344e-96
TACAC	4.666828941037859e-05	-0.026148726786794845	0.3866944910624617	0.9999988025836177
TACAG	0.00040823406743387077	-0.6164644690130753	6.47310708397613e-116	7.010374971946149e-113
TACAT	0.00021911935637992106	0.7741319036003339	7.073162769024283e-220	9.343648017881077e-217
TACCA	0.0002606512881989505	-0.24466369098715904	1.9805560861675258e-16	7.565724249159663e-14
TACCC	0.0002808090443081146	-0.31625424143953446	6.293283482915159e-27	3.1844014423550704e-24
TACCG	8.479916796429548e-05	0.08009298477295324	0.007925872470613651	0.5963266242581141
TACCT	0.0007809860178765359	-0.6579766790395667	3.5868712580039637e-137	4.1643575305426017e-134
TACGA	0.0008166365330012369	-0.6858843237664058	1.7863506831212634e-153	2.1686297293092137e-150
TACGC	8.363897572275848e-05	0.6404435693570822	8.590668188693227e-128	9.724636389600733e-125
TACGG	6.164299305778331e-05	-0.5782496021973668	5.6198967796091195e-99	5.664855953845992e-96
TACGT	0.00015790515998533844	-0.5857494530778928	4.0011783709476524e-102	4.089204295108501e-99
TACTA	4.4048551894511505e-05	-0.19230253644898151	1.31911051600311e-10	3.812229318834962e-08
TACTC	0.0004632680066798921	-0.5690079456834198	3.294048370002835e-95	3.274284079782818e-92
TACTG	0.00017121405732668506	-0.07295743937163511	0.015606376684211833	0.8052155224931241
TACTT	0.00032232773773365603	0.4605056307667482	9.85931240523232e-59	7.778997487728301e-56
TAGAA	0.0002827060688163395	0.568749665510336	4.1814334735775484e-95	4.14380057231535e-92
TAGAC	0.00023660312113205295	0.6029617373863413	1.1454601405450895e-109	1.2153332091183398e-106
TAGAG	0.00020306237418714638	0.20814681558175382	3.2667283659444754e-12	1.0420863481950178e-09
TAGAT	0.0010403400553732063	0.753397468515323	9.240662416971412e-202	1.211450842864952e-198
TAGCA	0.0003042643531939823	0.38012929453702154	4.5366916787148935e-39	2.8172855324819487e-36
TAGCC	5.731709566796962e-05	0.48670971815121045	2.2505798558198597e-66	1.872482440042123e-63
TAGCG	3.616314162684794e-05	-0.605573027593012	7.482794470246711e-111	7.991624494223488e-108
TAGCT	0.0011858999767759642	0.5923578506291294	5.752403248090961e-105	5.970994571518418e-102
TAGGA	0.00018165077283453302	-0.31191355959281425	3.347577547121426e-26	1.6838315062020772e-23
TAGGC	0.0006085158684957745	0.15992278670118107	9.957261137219527e-08	2.4295423245834027e-05
TAGGG	0.0006333573248013915	0.5010919164851702	7.367084044574104e-71	6.306223942155433e-68
TAGGT	8.761403054337784e-05	0.10244621668399174	0.0006744794907006426	0.09686276936619337
TAGTA	0.00020778437086796037	-0.20304511584296653	1.1111258808486486e-11	3.4333789659473532e-09
TAGTC	0.00018165756398370351	-0.1540250140678269	2.918967881540631e-07	6.742589467680188e-05
TAGTG	0.00027577283946195945	-0.550417872682975	5.566914102229115e-88	5.305269139424347e-85
TAGTT	0.00027056391270666803	0.5113831249686263	3.3424143858835185e-74	2.9413246595774963e-71
TATAA	9.211468091683278e-05	-0.026242093909223156	0.3850006552061674	0.9999988025836177
TATAC	7.51225859087439e-05	-0.26959074858566656	9.735776167870228e-20	4.235062633023549e-17
TATAG	0.00042284966112495105	0.6994308832471212	4.535309742812634e-162	5.628319390830479e-159
TATAT	0.0006525563070388694	0.6541519649695509	4.510276580337441e-135	5.204859173709407e-132
TATCA	0.00015260669109927366	0.13572668192533616	6.3848432172315075e-06	0.0013207937484245337
TATCC	0.00042076015521811554	-0.11747498375434397	9.550214722809097e-05	0.016292963850586935
TATCG	3.558424475562284e-05	-0.5468086375751929	1.2495634994532515e-86	1.1820870704827759e-83
TATCT	0.0002708663300483184	0.3377753231730585	1.045223671820819e-30	5.706921248141671e-28
TATGA	0.0002885695962152625	-0.6631179210895484	4.825741376947667e-140	5.679897600667404e-137
TATGC	5.308017220330411e-05	-0.3400318092291049	4.028345789197183e-31	2.215590184058451e-28
TATGG	0.00016717913933152656	-0.3959051050509898	1.617720912601219e-42	1.0579894768411972e-39
TATGT	6.375065079670256e-05	-0.15485465206896698	2.5151863784133453e-07	5.885363671325204e-05
TATTA	0.00033050999466276935	-0.7260226997305991	1.9485247442792126e-180	2.4941116726773923e-177
TATTC	0.00015858238531051428	0.5984967021004796	1.1477312730324543e-107	1.2062655679571095e-104
TATTG	0.0008001065531899947	-0.7781426971500656	1.3204596452021635e-223	1.7482885702476644e-220
TATTT	0.000454542467576417	0.0688888697332207	0.022440998030699526	0.8673445309037549
TCAAA	0.00031346218936081303	-0.17845007487514453	2.612586956510014e-09	7.13235985706023e-07
TCAAC	0.00022165920432149253	-0.36002890996385933	6.070682413105441e-35	3.551349211666683e-32
TCAAG	0.0022831711975320776	-0.771981722801949	6.562919516572341e-218	8.66305376187549e-215
TCAAT	9.66532449439307e-05	0.08793968318539683	0.0035419954460469264	0.36952187021678456
TCACA	0.0006591764269133472	-0.7422718108370033	9.105485686089728e-193	1.1818920420544467e-189
TCACC	0.00011697883654143315	0.10244006764032187	0.0006749856564111106	0.09686276936619337
TCACG	0.0001415679622954607	0.5790991318072206	2.4962779836669494e-99	2.523737041487286e-96
TCACT	0.00030920398802770064	-0.21682065835477132	3.786776247462782e-13	1.2647832665728249e-10
TCAGA	0.00064625252131998	-0.47155025718679816	7.141872915231762e-62	5.770633315507263e-59
TCAGC	0.00042441149284962756	-0.11286026404779723	0.00017862987876516822	0.028699390536488484
TCAGG	0.0003427673745473783	-0.5397350633374297	4.983453628481894e-84	4.659529142630572e-81
TCAGT	0.0004978204735431225	0.3733943197770744	1.1804475401142875e-37	7.200729994697154e-35
TCATA	0.0003941912952687978	0.6801760706389326	5.426091037345668e-150	6.516735335852147e-147
TCATC	0.00025188784221224353	-0.2739135523446464	2.387139007861874e-20	1.0575025804828101e-17
TCATG	0.0003691340767545865	0.05509639278535015	0.06800322280170976	0.9932636731431715
TCATT	0.0002072762303967388	0.4494756906082891	1.0394328690095197e-55	8.014027420063397e-53
TCCAA	0.00042278032579677046	-0.713741006670781	1.081401519301473e-171	1.3712171264742677e-168
TCCAC	0.0004946259892757264	-0.2930794236561066	3.439931648006813e-23	1.6236477378592156e-20
TCCAG	0.00022614367737247828	0.33849392016739394	7.721707129285471e-31	4.2314955068484385e-28
TCCAT	0.00023109132009145386	0.2392055742164627	9.417330717061577e-16	3.4561603731610027e-13
TCCCA	0.00013566598244377882	0.44286825083443576	5.95947073986118e-54	4.4755625256357465e-51
TCCCC	9.141689656570047e-05	0.37231159998324176	1.9791183937065324e-37	1.2013248649798651e-34
TCCCG	0.000679376529624891	-0.5338654194182358	6.443749448212512e-82	5.966911989044786e-79
TCCCT	0.0008700709898977459	-0.5007292717498459	9.616869003024641e-71	8.222422997586068e-68
TCCGA	6.460203049192866e-05	0.26635882443084413	2.739160269031334e-19	1.1750997554144424e-16
TCCGC	0.00016063630187445235	-0.5905199501516208	3.6053663716927455e-104	3.720738095586913e-101
TCCGG	0.00038045503661095204	-0.4171999524768432	1.7730547448796797e-47	1.2358191571811368e-44
TCCGT	0.0002746231754736906	-0.6406437924378706	6.76662157751807e-128	7.666582247327974e-125
TCCTA	0.0003828391836541874	0.7375969070120889	3.988791955822906e-189	5.157507998879018e-186
TCCTC	0.00038773836020524426	-0.4206123599550779	2.6302150896897252e-48	1.8516714231415664e-45
TCCTG	0.0005800113076064703	-0.4514761401424374	2.9973819003291337e-56	2.3259683546554076e-53
TCCTT	0.000274780356074751	0.3432909111644695	1.002263669032369e-31	5.572585999819971e-29
TCGAA	0.000257761100520885	-0.41147157262765677	4.154959487197829e-46	2.862767086679304e-43
TCGAC	8.070510227780135e-05	-0.13582515630281802	6.286038608421086e-06	0.001306645734165128
TCGAG	0.00043676216114942626	-0.09733871236648539	0.0012404106690179204	0.16366832870203404
TCGAT	0.00023710026351040015	-0.526070852798123	3.5461072334203026e-79	3.223411475179055e-76
TCGCA	7.826600615183216e-05	-0.6260722804468338	1.5030516174065463e-120	1.650350675912388e-117
TCGCC	0.0002293550736360871	-0.6035480369241436	6.221457316885911e-110	6.613409127849723e-107
TCGCG	0.0003336023127829273	-0.6503023860786927	5.453533788295114e-133	6.2333891200213154e-130
TCGCT	0.00012074428588403755	0.37052952569919606	4.613203125775796e-37	2.7863746879685807e-34
TCGGA	0.00012257104162784096	0.31894181637283686	2.2049492048294163e-27	1.1267290436678317e-24
TCGGC	0.0001272409206165513	0.06612649426124516	0.028446316736676316	0.9164117908033463
TCGGG	7.634842385357201e-05	-0.20485545518308917	7.22255140309756e-12	2.2534360352355896e-09
TCGGT	0.00011365939129486445	-0.6583180865819411	2.3217209613977694e-137	2.700161478105606e-134
TCGTA	5.572044156600507e-05	-0.57758814098161	1.0554212600226823e-98	1.0617537875828185e-95
TCGTC	0.00013195096023830031	-0.7826181444811282	7.352930937778456e-228	9.76469228536979e-225
TCGTG	0.00012383186863381787	-0.4420885177806002	9.553641401137761e-54	7.146123768051046e-51
TCGTT	0.00025266516922953556	-0.6216657844225094	2.100943516866705e-118	2.2942303204184418e-115
TCTAA	0.00020582303707200435	0.4802300111028309	2.0142750834767205e-64	1.655734118617864e-61
TCTAC	0.001956451690589989	-0.7670174569182655	1.8969133944403658e-213	2.4982349404779616e-210
TCTAG	0.00012640295931819835	-0.004708959665012991	0.8761436808400302	0.9999999476037473
TCTAT	0.0002834694397011905	-0.3931752874575111	6.59228802830848e-42	4.271802642343895e-39
TCTCA	0.0003922073328720965	0.39717764514468956	8.366037385950742e-43	5.488120525183687e-40
TCTCC	0.0003986711999974974	-0.4662946679455336	2.303328598406482e-60	1.8380562215283727e-57
TCTCG	0.00040607524551558545	-0.5306786387362002	8.675229731120418e-81	7.972536122899665e-78
TCTCT	0.00018893752599301962	-0.28236204922715596	1.4212667881763543e-21	6.424125882557122e-19
TCTGA	0.0007700217725527473	0.6192169188223633	3.1620303772854074e-117	3.440289050486523e-114
TCTGC	0.0003175756854858226	-0.057904158441798435	0.05509312811297472	0.9865238894572171
TCTGG	0.0009908669792801203	-0.6465730163168284	5.313637590653383e-131	6.04691957816355e-128
TCTGT	0.0002535622311884093	-0.11693712873364491	0.00010285508093673463	0.017334265597741958
TCTTA	9.235171170338791e-05	-0.23054663881327028	1.0328651896765968e-14	3.6150281638615736e-12
TCTTC	0.00032335050157354103	-0.20241542984835956	1.28951099270936e-11	3.97169384968326e-09
TCTTG	0.0001960602266807704	0.11139653742465301	0.00021682850555222982	0.03431074104202211
TCTTT	0.00021806741756556157	-0.05764565969844196	0.05618941412720464	0.9869273597667223
TGAAA	0.00031214727414509327	-0.6395414323841019	2.512486022903705e-127	2.8391092058811867e-124
TGAAC	0.0008520080753626118	-0.6802418745695226	4.952149406601828e-150	5.952483586735397e-147
TGAAG	0.0008150045400153291	-0.21878841410302344	2.292574164602042e-13	7.748900676055564e-11
TGAAT	0.000382948045051547	-0.14287228776419214	2.0018268331404845e-06	0.0004383044317945068
TGACA	0.00019288090614548242	0.19238118221223852	1.2960885248478043e-10	3.7716175364260316e-08
TGACC	0.001992877376431986	-0.5954316233015685	2.6014611007373923e-106	2.7263312335727873e-103
TGACG	8.096889537857676e-05	-0.42606919471642535	1.187856076512301e-49	8.481292386297829e-47
TGACT	0.0005041090643715466	-0.43347187060208603	1.621510988397257e-51	1.1853245325183948e-48
TGAGA	0.0002686028373965488	0.33156753745934264	1.382864259057824e-29	7.343009215597046e-27
TGAGC	0.0002453985635116802	0.3095839214463129	8.115987684232852e-26	4.049877854432193e-23
TGAGG	0.00026624727775052755	0.5290028394535711	3.3669142038252387e-80	3.087460324907744e-77
TGAGT	4.909531856302839e-05	0.06992398132665106	0.020492600473511903	0.8542132458249682
TGATA	0.00020914922645975988	-0.2457925390530793	1.4277377938396418e-16	5.49679050628247e-14
TGATC	0.0001490298225660451	-0.03570352681843698	0.2371642946508556	0.9999801737536179
TGATG	0.0005272021783863754	0.601823225210012	3.733988294671227e-109	3.950559615762158e-106
TGATT	0.0002549670836098234	-0.43823819520825713	9.64884021349419e-53	7.159439438412689e-50
TGCAA	0.0004375471659126209	-0.5419196680196121	7.960023004541585e-85	7.474461601264549e-82
TGCAC	0.0004956684751124798	0.5752411892751519	9.761377903130239e-98	9.7809006589365e-95
TGCAG	0.0005427200314364295	-0.053829063281724834	0.07459519432122634	0.9944508395474573
TGCAT	0.0004799030023488103	0.7559963324961342	6.241044996397211e-204	8.194492080269537e-201
TGCCA	0.0004011546950951778	0.11720381332235354	9.914501200561138e-05	0.016811716548013306
TGCCC	0.0003454795659172293	0.19343390131140378	1.0232237646513533e-10	2.987813348299668e-08
TGCCG	0.00035759604987233625	-0.14080873836344712	2.8148114061593902e-06	0.0006078153248146638
TGCCT	0.0004100898121621204	-0.5863783718902771	2.1602159513742924e-102	2.2185417820613982e-99
TGCGA	2.8156888930809715e-05	-0.4011775218733266	1.0331636632406768e-43	6.860206723918094e-41
TGCGC	0.00020305799457668897	0.034010960673541056	0.26015192830279726	0.9999897268191533
TGCGG	3.779085140953779e-05	0.12666746608510032	2.5599462803941414e-05	0.004750242768103052
TGCGT	5.4243483648984085e-05	-0.04821854465546937	0.11029185949007074	0.9987202911870042
TGCTA	5.0495652082306754e-05	-0.06921094948208804	0.021818190221360254	0.8626709487466373
TGCTC	0.00015778093298820942	-0.1342284412564333	8.083916819593416e-06	0.0016316252477607963
TGCTG	0.001025588907858651	-0.6430662885280378	3.7161625192776284e-129	4.214128296860831e-126
TGCTT	0.00019696904889164487	-0.022076679199768454	0.46490712838991805	0.9999996964012561
TGGAA	0.00042578525187175374	0.1644802644151229	4.2198155475834104e-08	1.067607657093151e-05
TGGAC	0.0002645577565358684	-0.644419946318783	7.259074978037907e-130	8.246309175051063e-127
TGGAG	0.0003527531198148992	-0.4211411234851534	1.9530794453846642e-48	1.3808271678869576e-45
TGGAT	0.00020576451353011144	0.17571968137956132	4.581629344176867e-09	1.2370391606280099e-06
TGGCA	0.0005930482982492627	-0.7447133484110239	1.0612802156027884e-194	1.3828481209304334e-191
TGGCC	0.0004220431892998068	0.2681740718718327	1.5347831518090181e-19	6.630263215814959e-17
TGGCG	5.387049721433307e-05	-0.13083795444993468	1.366179503417488e-05	0.0026741481966003466
TGGCT	0.0002946320243160898	0.449608178240303	9.575035403378937e-56	7.391927331408539e-53
TGGGA	0.00032818314401776534	-0.05023307648496577	0.09617603154601065	0.9974358265655241
TGGGC	9.92152976179301e-05	0.5202491075990594	3.553084331131646e-77	3.1871166450250865e-74
TGGGG	0.0002689029862640822	0.506346247752777	1.495005252667461e-72	1.2961695540626886e-69
TGGGT	0.00028467002799722156	-0.11767673142842934	9.287418315878128e-05	0.015939578496709208
TGGTA	0.0002638495814164881	0.7686981415575335	6.029811390083402e-215	7.947291412129925e-212
TGGTC	0.0003211535825988498	-0.4739416361886389	1.4409433676288674e-62	1.1700460145146403e-59
TGGTG	0.00017731951834394993	0.1148824474741163	0.00013615214843646498	0.02234926595575602
TGGTT	0.0002072505714222746	-0.2402464902396273	7.01585408423835e-16	2.6028818652520896e-13
TGTAA	0.00010242058199899701	0.5031423026481183	1.6228830841726506e-71	1.3908108031359617e-68
TGTAC	0.001135177385947909	-0.7036216654439877	7.916607374598311e-165	9.895759218247888e-162
TGTAG	0.00018702362906227913	0.08396210166718793	0.0053705765184257825	0.4843675836077417
TGTAT	0.00044874938771616714	-0.25748834342376414	4.358584603886538e-18	1.787019687593479e-15
TGTCA	0.00021251790951039886	0.2890707172677285	1.4100056114878947e-22	6.584726205648469e-20
TGTCC	0.00027181536731697687	0.24587520141829664	1.3938362589187295e-16	5.380207959426151e-14
TGTCG	9.949195546552017e-05	-0.3979369795148338	5.6368366157727884e-43	3.703401656562722e-40
TGTCT	0.00023765724794936753	0.1724665768595852	8.845141561503919e-09	2.361650018666327e-06
TGTGA	0.0002649132343654914	0.5729072398734307	8.760350690167116e-97	8.751590339476949e-94
TGTGC	0.0001869517853743447	-0.08258477404517517	0.006179580217823455	0.5276566374746462
TGTGG	0.00033171735224011493	0.3223940026297871	5.642721695861276e-28	2.900358951672696e-25
TGTGT	0.0002662120269452246	0.36411488006254067	9.289074010610641e-36	5.489842740270889e-33
TGTTA	0.0001720012900684219	-0.2943552157303436	2.185236259592084e-23	1.040172459565832e-20
TGTTC	0.00035562649353989314	-0.7086699580525438	3.2427533310479714e-168	4.082626443789396e-165
TGTTG	0.0003101538771237081	0.24900123961211942	5.580696350358238e-17	2.1764715766396892e-14
TGTTT	0.00021272231218248504	0.44409405578193195	2.830810597438216e-54	2.137262001065853e-51
TTAAA	0.00022752738957510941	0.3065754387647768	2.517323221728497e-25	1.2435576715338776e-22
TTAAC	0.0004814486411323761	0.32334901284891043	3.858127639746018e-28	1.9907938621089453e-25
TTAAG	6.190975835539457e-05	-0.2536461373405074	1.3988069336793743e-17	5.539275457370307e-15
TTAAT	0.00023623155916914563	-0.6905338098296271	2.2668972036789863e-156	2.7701483828957213e-153
TTACA	0.00014750338810545416	0.34361543694093866	8.718252767672223e-32	4.8560667915934287e-29
TTACC	0.0002976827209782415	-0.3428529350473317	1.2094540968698685e-31	6.700375696659072e-29
TTACG	0.00010720181872574053	0.0381342177042685	0.2067190988708139	0.9999526455352297
TTACT	0.0001159731220314846	-0.3082815556775921	1.326951461421021e-25	6.608218277876684e-23
TTAGA	0.00037886199172612394	0.46378325225491973	1.185731298649231e-59	9.426563824261385e-57
TTAGC	0.00024951658965589527	0.6651402245061145	3.455289571329304e-141	4.0737864045972496e-138
TTAGG	0.0002369016024770606	0.2878597539482415	2.1496600471516398e-22	9.995919219255125e-20
TTAGT	0.0001737113521462797	0.3933781757661401	5.941364277764617e-42	3.855945416269237e-39
TTATA	0.00026684330909631544	0.6183081069277786	8.596582471592491e-117	9.344485146621038e-114
TTATC	5.021902785555571e-05	-0.21658500532268596	4.020035250023267e-13	1.334651702918928e-10
TTATG	0.0005684367390278121	-0.4988924709855582	3.690742525079053e-70	3.140821888842274e-67
TTATT	0.0003402061523069577	0.38448884118841514	5.280986908392802e-40	3.3323027391958578e-37
TTCAA	0.00026645832528685584	-0.3851358331830499	3.827261747539292e-40	2.4341384714349896e-37
TTCAC	0.0002978613602921612	-0.04365272539151895	0.14831136943635276	0.9997997900852702
TTCAG	0.0006702495841290316	-0.7089595563439283	2.0624065296999343e-168	2.598632227421917e-165
TTCAT	0.0002560319398474472	-0.6745845929629206	1.1738099009912909e-146	1.3968337821796362e-143
TTCCA	0.00015490036431483532	-0.44992501994688827	7.866938252711464e-56	6.0811432693459615e-53
TTCCC	0.0004302224150563062	-0.1837072949518813	8.641567154961662e-10	2.4109969466306825e-07
TTCCG	0.00015751671105145463	0.6273091951340564	3.7027555386134075e-121	4.069328336936135e-118
TTCCT	0.0003845864880998858	0.34428695451063696	6.529874023910234e-32	3.650199579365821e-29
TTCGA	0.00015214429237465216	0.467403067969665	1.1127307115535211e-60	8.890718385312633e-58
TTCGC	0.00023132587874589273	-0.3441357176824269	6.969503311969559e-32	3.8889828480790137e-29
TTCGG	0.00010366022122564184	0.26857661012505574	1.3489585518821307e-19	5.840990529649626e-17
TTCGT	0.00011173275694432794	-0.24709848844871124	9.756892490490359e-17	3.7856742863101875e-14
TTCTA	0.00023195521228950103	0.4516891813199179	2.6243142195207703e-56	2.0417164627871593e-53
TTCTC	0.00033753277987249046	-0.4790095112749741	4.6461229127897646e-64	3.800528542662027e-61
TTCTG	0.0002993926955836138	-0.1574920977174544	1.5586329637765325e-07	3.7250636915111246e-05
TTCTT	0.0005384915420278526	-0.6984379766500258	2.0092232597463532e-161	2.485409172306239e-158
TTGAA	0.000308997717395652	-0.4840007947154949	1.4906692774980915e-65	1.2312928232134235e-62
TTGAC	0.0002415049103109056	-0.5701283304371206	1.1675711277840446e-95	1.1629008432729083e-92
TTGAG	0.0003778908328176197	0.43268044660702043	2.5793540757903443e-51	1.880349121251161e-48
TTGAT	0.00015666033388192017	0.34783579974465395	1.4009230797696945e-32	7.971252323889562e-30
TTGCA	0.0002018203703194215	-0.17793727601389467	2.9052133269379386e-09	7.873125028131859e-07
TTGCC	0.00042460696221512074	0.699309637926919	5.441086095598016e-162	6.74694675854154e-159
TTGCG	0.0001528310923357439	0.7443393749127193	2.1057854963183864e-194	2.7417327162065392e-191
TTGCT	0.0002581276472463763	-0.5706876015134016	6.946744186602056e-96	6.9328506982288515e-93
TTGGA	0.00017204894899109694	-0.2540207814266622	1.2495437184211938e-17	4.985679436500551e-15
TTGGC	0.00017092270942079094	0.18085880972284152	1.5801207376828873e-09	4.376933488962022e-07
TTGGG	0.0001767673153464958	0.0045532096104569314	0.8802088539328384	0.9999999476037473
TTGGT	0.00015570136352246284	-0.28034434532795327	2.812954272892131e-21	1.268642377074351e-18
TTGTA	4.9785166223083744e-05	-0.5223575878631284	6.767658810033373e-78	6.097660587840068e-75
TTGTC	0.0005277370201571669	0.3372589748134315	1.29861798789947e-30	7.038509494415128e-28
TTGTG	0.00047159412113972817	-0.7205444145161567	1.7710359106886114e-176	2.2580707861279797e-173
TTGTT	0.0003595184276605475	-0.5821503906350184	1.3269868738325408e-100	1.3508726375615266e-97
TTTAA	0.00044398759638415724	0.6074596307373556	1.0259274991644627e-111	1.099794279104304e-108
TTTAC	0.00023195622235452375	0.053670899669925276	0.07545329458454646	0.9944508395474573
TTTAG	0.0003023525552698771	0.5596021359059457	1.7058426654467415e-91	1.6666082841414664e-88
TTTAT	0.00037616354399335296	0.7396311099324231	1.0615554355544281e-190	1.3747142890429844e-187
TTTCA	0.00011914753090426623	-0.07523861304840422	0.01263806784035148	0.7468086144946459
TTTCC	0.00029205727965130794	0.37951158876280167	6.136746647330637e-39	3.804782921344995e-36
TTTCG	0.0002732299584902138	0.7790792607517665	1.7326721837858804e-224	2.295790643516291e-221
TTTCT	0.0003697069756939532	0.2867686563442027	3.1378090125343425e-22	1.4465299547783319e-19
TTTGA	0.00015398336723913687	0.39535061360598983	2.1542704010167254e-42	1.4067385718639217e-39
TTTGC	0.00015783216957451063	0.42896371089959384	2.2444410456457434e-50	1.6227308760018724e-47
TTTGG	0.0002489346275087055	0.08968353409238039	0.0029358941768966	0.32365247510634887
TTTGT	0.0010728057800118349	0.7128260456074473	4.644320957486597e-171	5.879710332178031e-168
TTTTA	0.0012286010190220007	0.7375095444333607	4.657460338023201e-189	6.0127812963879525e-186
TTTTC	9.010745828184312e-05	0.5391468775961423	8.14729602711954e-84	7.609574489329651e-81
TTTTG	0.0004077486727458276	0.3317773951547432	1.2684796174489367e-29	6.748311564828344e-27
TTTTT	0.0011892736645856738	0.7993061341167984	1.1621402687892199e-244	1.554943679639976e-241
